# R3 authored topology; reference 12-special-regions.png lower-right
v -1.7812 -3.422 0.77646 0.21553447503108406 0.2017769553482489 0.238463674502476
v -1.12704 -3.07475 0.99441 0.21553447503108406 0.2017769553482489 0.238463674502476
v -1.60691 -3.48578 0.6471 0.21553447503108406 0.2017769553482489 0.238463674502476
v -1.60691 -3.48578 0.6471 0.21536362478100976 0.20161701043328575 0.23827464869388315
v -0.95086 -3.12809 0.86224 0.21536362478100976 0.20161701043328575 0.23827464869388315
v -1.43661 -3.55821 0.51935 0.21536362478100976 0.20161701043328575 0.23827464869388315
v -1.12704 -3.07475 0.99441 0.2156907175825446 0.20192322497089285 0.23863653860196427
v -0.47988 -2.74657 1.21852 0.2156907175825446 0.20192322497089285 0.23863653860196427
v -0.95086 -3.12809 0.86224 0.2156907175825446 0.20192322497089285 0.23863653860196427
v -1.60691 -3.48578 0.6471 0.21615832278907712 0.20236098303658287 0.23915388904323429
v -1.12704 -3.07475 0.99441 0.21615832278907712 0.20236098303658287 0.23915388904323429
v -0.95086 -3.12809 0.86224 0.21615832278907712 0.20236098303658287 0.23915388904323429
v -1.43661 -3.55821 0.51935 0.21610251631341715 0.20230873867639051 0.23909214570846155
v -0.77926 -3.18954 0.74036 0.21610251631341715 0.20230873867639051 0.23909214570846155
v -1.25742 -3.61379 0.38769 0.21610251631341715 0.20230873867639051 0.23909214570846155
v -1.25742 -3.61379 0.38769 0.21821443542595081 0.20428585444131567 0.24142873706700943
v -0.59924 -3.26542 0.61582 0.21821443542595081 0.20428585444131567 0.24142873706700943
v -1.05528 -3.60343 0.24895 0.21821443542595081 0.20428585444131567 0.24142873706700943
v -0.77926 -3.18954 0.74036 0.21468934763621816 0.200985772255183 0.23752863993794354
v -0.12884 -2.84919 0.96794 0.21468934763621816 0.200985772255183 0.23752863993794354
v -0.59924 -3.26542 0.61582 0.21468934763621816 0.200985772255183 0.23752863993794354
v -1.25742 -3.61379 0.38769 0.21476618712532478 0.20105770709604875 0.2376136538407849
v -0.77926 -3.18954 0.74036 0.21476618712532478 0.20105770709604875 0.2376136538407849
v -0.59924 -3.26542 0.61582 0.21476618712532478 0.20105770709604875 0.2376136538407849
v -0.47988 -2.74657 1.21852 0.2168482952665824 0.20300691471765162 0.23991726284813372
v 0.15008 -2.41079 1.42765 0.2168482952665824 0.20300691471765162 0.23991726284813372
v -0.30228 -2.77875 1.08575 0.2168482952665824 0.20300691471765162 0.23991726284813372
v -0.30228 -2.77875 1.08575 0.21456504292976988 0.20086940189169947 0.2373911113265539
v 0.31965 -2.46101 1.30703 0.21456504292976988 0.20086940189169947 0.2373911113265539
v -0.12884 -2.84919 0.96794 0.21456504292976988 0.20086940189169947 0.2373911113265539
v 0.15008 -2.41079 1.42765 0.2121147796931952 0.19857553843618275 0.23468018178821598
v 0.79074 -2.24683 1.73853 0.2121147796931952 0.19857553843618275 0.23468018178821598
v 0.31965 -2.46101 1.30703 0.2121147796931952 0.19857553843618275 0.23468018178821598
v -0.30228 -2.77875 1.08575 0.21550510893409203 0.2017494636829798 0.23843118435261249
v 0.15008 -2.41079 1.42765 0.21550510893409203 0.2017494636829798 0.23843118435261249
v 0.31965 -2.46101 1.30703 0.21550510893409203 0.2017494636829798 0.23843118435261249
v -1.43661 -3.55821 0.51935 0.21563945281960809 0.20187523242686714 0.238579820140843
v -0.95086 -3.12809 0.86224 0.21563945281960809 0.20187523242686714 0.238579820140843
v -0.77926 -3.18954 0.74036 0.21563945281960809 0.20187523242686714 0.238579820140843
v -0.77926 -3.18954 0.74036 0.2147161554703644 0.20101086895097944 0.23755829966933936
v -0.30228 -2.77875 1.08575 0.2147161554703644 0.20101086895097944 0.23755829966933936
v -0.12884 -2.84919 0.96794 0.2147161554703644 0.20101086895097944 0.23755829966933936
v -0.95086 -3.12809 0.86224 0.21682390518519282 0.20298408144996774 0.23989027807723462
v -0.47988 -2.74657 1.21852 0.21682390518519282 0.20298408144996774 0.23989027807723462
v -0.30228 -2.77875 1.08575 0.21682390518519282 0.20298408144996774 0.23989027807723462
v -0.77926 -3.18954 0.74036 0.21539139918281688 0.20164301200093496 0.23830537781928676
v -0.95086 -3.12809 0.86224 0.21539139918281688 0.20164301200093496 0.23830537781928676
v -0.30228 -2.77875 1.08575 0.21539139918281688 0.20164301200093496 0.23830537781928676
v -1.7812 -3.422 0.77646 0.2155959513178605 0.20183450761672048 0.23853169081976058
v -1.8479 -3.24052 1.01708 0.2155959513178605 0.20183450761672048 0.23853169081976058
v -1.12704 -3.07475 0.99441 0.2155959513178605 0.20183450761672048 0.23853169081976058
v -1.12704 -3.07475 0.99441 0.21597488810576276 0.20218925695007578 0.23895094003190775
v -1.20728 -2.92097 1.24405 0.21597488810576276 0.20218925695007578 0.23895094003190775
v -0.47988 -2.74657 1.21852 0.21597488810576276 0.20218925695007578 0.23895094003190775
v -1.8479 -3.24052 1.01708 0.21589106060612584 0.20211078014190506 0.23885819471316053
v -1.93296 -3.09124 1.26781 0.21589106060612584 0.20211078014190506 0.23885819471316053
v -1.20728 -2.92097 1.24405 0.21589106060612584 0.20211078014190506 0.23885819471316053
v -1.12704 -3.07475 0.99441 0.21578032704915187 0.2020071146843124 0.23873568099055104
v -1.8479 -3.24052 1.01708 0.21578032704915187 0.2020071146843124 0.23873568099055104
v -1.20728 -2.92097 1.24405 0.21578032704915187 0.2020071146843124 0.23873568099055104
v -0.47988 -2.74657 1.21852 0.2170750186086735 0.20321916635705606 0.24016810569470262
v -0.54227 -2.60278 1.47799 0.2170750186086735 0.20321916635705606 0.24016810569470262
v 0.15008 -2.41079 1.42765 0.2170750186086735 0.20321916635705606 0.24016810569470262
v 0.15008 -2.41079 1.42765 0.21662461660766127 0.2027975134199382 0.23966978858719973
v 0.09896 -2.41897 1.78907 0.21662461660766127 0.2027975134199382 0.23966978858719973
v 0.79074 -2.24683 1.73853 0.21662461660766127 0.2027975134199382 0.23966978858719973
v -0.54227 -2.60278 1.47799 0.21227444948392962 0.1987250165381469 0.23485683772690089
v -0.59929 -2.4332 1.72282 0.21227444948392962 0.1987250165381469 0.23485683772690089
v 0.09896 -2.41897 1.78907 0.21227444948392962 0.1987250165381469 0.23485683772690089
v 0.15008 -2.41079 1.42765 0.21717388166848306 0.20331171900879266 0.24027748610130042
v -0.54227 -2.60278 1.47799 0.21717388166848306 0.20331171900879266 0.24027748610130042
v 0.09896 -2.41897 1.78907 0.21717388166848306 0.20331171900879266 0.24027748610130042
v -1.93296 -3.09124 1.26781 0.21333209952093285 0.19971515699832013 0.23602700372528743
v -1.90683 -2.77031 1.44138 0.21333209952093285 0.19971515699832013 0.23602700372528743
v -1.27165 -2.77428 1.50184 0.21333209952093285 0.19971515699832013 0.23602700372528743
v -1.27165 -2.77428 1.50184 0.21334311381838708 0.19972546825551132 0.2360391897565134
v -1.25288 -2.44067 1.6565 0.21334311381838708 0.19972546825551132 0.2360391897565134
v -0.59929 -2.4332 1.72282 0.21334311381838708 0.19972546825551132 0.2360391897565134
v -1.90683 -2.77031 1.44138 0.2157402518339735 0.20196959746159224 0.23869134245460902
v -1.98458 -2.6003 1.69346 0.2157402518339735 0.20196959746159224 0.23869134245460902
v -1.25288 -2.44067 1.6565 0.2157402518339735 0.20196959746159224 0.23869134245460902
v -1.27165 -2.77428 1.50184 0.21337802901705982 0.19975815482448153 0.23607781933802366
v -1.90683 -2.77031 1.44138 0.21337802901705982 0.19975815482448153 0.23607781933802366
v -1.25288 -2.44067 1.6565 0.21337802901705982 0.19975815482448153 0.23607781933802366
v -0.47988 -2.74657 1.21852 0.21609306390858501 0.20229988961654768 0.23908168772864727
v -1.20728 -2.92097 1.24405 0.21609306390858501 0.20229988961654768 0.23908168772864727
v -0.54227 -2.60278 1.47799 0.21609306390858501 0.20229988961654768 0.23908168772864727
v -0.54227 -2.60278 1.47799 0.2157970538700575 0.20202277383579853 0.23875418726048916
v -1.27165 -2.77428 1.50184 0.2157970538700575 0.20202277383579853 0.23875418726048916
v -0.59929 -2.4332 1.72282 0.2157970538700575 0.20202277383579853 0.23875418726048916
v -1.20728 -2.92097 1.24405 0.21596084844345234 0.2021761134364235 0.2389354067885005
v -1.93296 -3.09124 1.26781 0.21596084844345234 0.2021761134364235 0.2389354067885005
v -1.27165 -2.77428 1.50184 0.21596084844345234 0.2021761134364235 0.2389354067885005
v -0.54227 -2.60278 1.47799 0.215968796636431 0.20218355429793544 0.2389442005339237
v -1.20728 -2.92097 1.24405 0.215968796636431 0.20218355429793544 0.2389442005339237
v -1.27165 -2.77428 1.50184 0.215968796636431 0.20218355429793544 0.2389442005339237
v -1.7812 -3.422 0.77646 0.22343780157712984 0.20917581424241943 0.24720778046831388
v -1.60691 -3.48578 0.6471 0.22343780157712984 0.20917581424241943 0.24720778046831388
v -1.81477 -3.25807 0.53311 0.22343780157712984 0.20917581424241943 0.24720778046831388
v -1.81477 -3.25807 0.53311 0.2166438782662746 0.2028155456109805 0.2396910993584315
v -1.64486 -3.32067 0.40727 0.2166438782662746 0.2028155456109805 0.2396910993584315
v -1.94054 -3.25965 0.31685 0.2166438782662746 0.2028155456109805 0.2396910993584315
v -1.60691 -3.48578 0.6471 0.22403684287035508 0.2097366188573537 0.24787054955869076
v -1.43661 -3.55821 0.51935 0.22403684287035508 0.2097366188573537 0.24787054955869076
v -1.64486 -3.32067 0.40727 0.22403684287035508 0.2097366188573537 0.24787054955869076
v -1.81477 -3.25807 0.53311 0.22344904446652789 0.20918633950057933 0.24722021940977557
v -1.60691 -3.48578 0.6471 0.22344904446652789 0.20918633950057933 0.24722021940977557
v -1.64486 -3.32067 0.40727 0.22344904446652789 0.20918633950057933 0.24722021940977557
v -1.94054 -3.25965 0.31685 0.21506881576511755 0.2013410190141526 0.23794847701672583
v -1.71282 -3.21438 0.1812 0.21506881576511755 0.2013410190141526 0.23794847701672583
v -2.07969 -3.27309 0.09077 0.21506881576511755 0.2013410190141526 0.23794847701672583
v -2.07969 -3.27309 0.09077 0.21827510937160563 0.20434265558192868 0.24149586568773393
v -1.87287 -3.27816 -0.04366 0.21827510937160563 0.20434265558192868 0.24149586568773393
v -2.11893 -3.1293 -0.13966 0.21827510937160563 0.20434265558192868 0.24149586568773393
v -1.71282 -3.21438 0.1812 0.21652966031542034 0.20270861816762759 0.23956473056174168
v -1.56321 -3.31568 0.05382 0.21652966031542034 0.20270861816762759 0.23956473056174168
v -1.87287 -3.27816 -0.04366 0.21652966031542034 0.20270861816762759 0.23956473056174168
v -2.07969 -3.27309 0.09077 0.21375125639402914 0.20010755917738898 0.2364907517550961
v -1.71282 -3.21438 0.1812 0.21375125639402914 0.20010755917738898 0.2364907517550961
v -1.87287 -3.27816 -0.04366 0.21375125639402914 0.20010755917738898 0.2364907517550961
v -1.43661 -3.55821 0.51935 0.22336006784732884 0.20910304224005255 0.24712177719278938
v -1.25742 -3.61379 0.38769 0.22336006784732884 0.20910304224005255 0.24712177719278938
v -1.46788 -3.36356 0.28047 0.22336006784732884 0.20910304224005255 0.24712177719278938
v -1.46788 -3.36356 0.28047 0.21932179876571745 0.2053225350147142 0.24265390501738954
v -1.29659 -3.42611 0.14992 0.21932179876571745 0.2053225350147142 0.24265390501738954
v -1.56321 -3.31568 0.05382 0.21932179876571745 0.2053225350147142 0.24265390501738954
v -1.25742 -3.61379 0.38769 0.21863183305058312 0.2046766096643757 0.2418905386942622
v -1.05528 -3.60343 0.24895 0.21863183305058312 0.2046766096643757 0.2418905386942622
v -1.29659 -3.42611 0.14992 0.21863183305058312 0.2046766096643757 0.2418905386942622
v -1.46788 -3.36356 0.28047 0.22386737886892405 0.20957797170707784 0.24768305747200112
v -1.25742 -3.61379 0.38769 0.22386737886892405 0.20957797170707784 0.24768305747200112
v -1.29659 -3.42611 0.14992 0.22386737886892405 0.20957797170707784 0.24768305747200112
v -1.94054 -3.25965 0.31685 0.21282705170067043 0.19924234627296808 0.23546822741350773
v -1.64486 -3.32067 0.40727 0.21282705170067043 0.19924234627296808 0.23546822741350773
v -1.71282 -3.21438 0.1812 0.21282705170067043 0.19924234627296808 0.23546822741350773
v -1.71282 -3.21438 0.1812 0.2227742409855012 0.20855460858217134 0.24647362832438433
v -1.46788 -3.36356 0.28047 0.2227742409855012 0.20855460858217134 0.24647362832438433
v -1.56321 -3.31568 0.05382 0.2227742409855012 0.20855460858217134 0.24647362832438433
v -1.64486 -3.32067 0.40727 0.22256860106297907 0.20836209461215063 0.24624611181435985
v -1.43661 -3.55821 0.51935 0.22256860106297907 0.20836209461215063 0.24624611181435985
v -1.46788 -3.36356 0.28047 0.22256860106297907 0.20836209461215063 0.24624611181435985
v -1.71282 -3.21438 0.1812 0.2202267885833058 0.20616975952479694 0.2436551703474873
v -1.64486 -3.32067 0.40727 0.2202267885833058 0.20616975952479694 0.2436551703474873
v -1.46788 -3.36356 0.28047 0.2202267885833058 0.20616975952479694 0.2436551703474873
v -1.7812 -3.422 0.77646 0.2317775047846636 0.21698319596862126 0.25643468614473425
v -1.81477 -3.25807 0.53311 0.2317775047846636 0.21698319596862126 0.25643468614473425
v -1.8479 -3.24052 1.01708 0.2317775047846636 0.21698319596862126 0.25643468614473425
v -1.8479 -3.24052 1.01708 0.22084250367822061 0.20674617365620654 0.24433638704824412
v -1.9841 -3.25308 0.8117 0.22084250367822061 0.20674617365620654 0.24433638704824412
v -1.93296 -3.09124 1.26781 0.22084250367822061 0.20674617365620654 0.24433638704824412
v -1.81477 -3.25807 0.53311 0.21168934201186773 0.19817725635153577 0.2342094847790877
v -1.94054 -3.25965 0.31685 0.21168934201186773 0.19817725635153577 0.2342094847790877
v -1.9841 -3.25308 0.8117 0.21168934201186773 0.19817725635153577 0.2342094847790877
v -1.8479 -3.24052 1.01708 0.21221782925501298 0.19867201036639515 0.23479419406937607
v -1.81477 -3.25807 0.53311 0.21221782925501298 0.19867201036639515 0.23479419406937607
v -1.9841 -3.25308 0.8117 0.21221782925501298 0.19867201036639515 0.23479419406937607
v -1.93296 -3.09124 1.26781 0.23242743396370394 0.21759164030644626 0.2571537567258001
v -1.96966 -2.94688 1.01453 0.23242743396370394 0.21759164030644626 0.2571537567258001
v -1.90683 -2.77031 1.44138 0.23242743396370394 0.21759164030644626 0.2571537567258001
v -1.90683 -2.77031 1.44138 0.2315393416496959 0.21676023473588554 0.25617118650604653
v -1.93422 -2.61772 1.19024 0.2315393416496959 0.21676023473588554 0.25617118650604653
v -1.98458 -2.6003 1.69346 0.2315393416496959 0.21676023473588554 0.25617118650604653
v -1.96966 -2.94688 1.01453 0.23247173617524533 0.21763311471725094 0.25720277193856933
v -1.99506 -2.78564 0.75544 0.23247173617524533 0.21763311471725094 0.25720277193856933
v -1.93422 -2.61772 1.19024 0.23247173617524533 0.21763311471725094 0.25720277193856933
v -1.90683 -2.77031 1.44138 0.23245447328878055 0.21761695371715625 0.25718367257482105
v -1.96966 -2.94688 1.01453 0.23245447328878055 0.21761695371715625 0.25718367257482105
v -1.93422 -2.61772 1.19024 0.23245447328878055 0.21761695371715625 0.25718367257482105
v -1.94054 -3.25965 0.31685 0.22208902273192657 0.20791312766393127 0.24571551451191878
v -2.07969 -3.27309 0.09077 0.22208902273192657 0.20791312766393127 0.24571551451191878
v -2.02061 -3.10376 0.55053 0.22208902273192657 0.20791312766393127 0.24571551451191878
v -2.02061 -3.10376 0.55053 0.2323761892407144 0.217543666523222 0.2570970604365351
v -2.0627 -2.96568 0.30874 0.2323761892407144 0.217543666523222 0.2570970604365351
v -1.99506 -2.78564 0.75544 0.2323761892407144 0.217543666523222 0.2570970604365351
v -2.07969 -3.27309 0.09077 0.23241891597129039 0.21758366601567614 0.2571443325639809
v -2.11893 -3.1293 -0.13966 0.23241891597129039 0.21758366601567614 0.2571443325639809
v -2.0627 -2.96568 0.30874 0.23241891597129039 0.21758366601567614 0.2571443325639809
v -2.02061 -3.10376 0.55053 0.23240287926518882 0.21756865292911295 0.25712658982531533
v -2.07969 -3.27309 0.09077 0.23240287926518882 0.21756865292911295 0.25712658982531533
v -2.0627 -2.96568 0.30874 0.23240287926518882 0.21756865292911295 0.25712658982531533
v -1.93296 -3.09124 1.26781 0.23247453859129766 0.21763573825568294 0.25720587248398896
v -1.9841 -3.25308 0.8117 0.23247453859129766 0.21763573825568294 0.25720587248398896
v -1.96966 -2.94688 1.01453 0.23247453859129766 0.21763573825568294 0.25720587248398896
v -1.96966 -2.94688 1.01453 0.23253134576205686 0.2176889194368192 0.25726872297078635
v -2.02061 -3.10376 0.55053 0.23253134576205686 0.2176889194368192 0.25726872297078635
v -1.99506 -2.78564 0.75544 0.23253134576205686 0.2176889194368192 0.25726872297078635
v -1.9841 -3.25308 0.8117 0.23114981895040207 0.21639557518761046 0.25574022522172146
v -1.94054 -3.25965 0.31685 0.23114981895040207 0.21639557518761046 0.25574022522172146
v -2.02061 -3.10376 0.55053 0.23114981895040207 0.21639557518761046 0.25574022522172146
v -1.96966 -2.94688 1.01453 0.23248576292396447 0.21764624614158376 0.257218290894599
v -1.9841 -3.25308 0.8117 0.23248576292396447 0.21764624614158376 0.257218290894599
v -2.02061 -3.10376 0.55053 0.23248576292396447 0.21764624614158376 0.257218290894599
v 0.79074 -2.24683 1.73853 0.22717348750228328 0.21267305212979712 0.2513408797897603
v 1.48416 -1.47351 1.55123 0.22717348750228328 0.21267305212979712 0.2513408797897603
v 1.49862 -1.44494 1.23258 0.22717348750228328 0.21267305212979712 0.2513408797897603
v 1.49862 -1.44494 1.23258 0.2250317638768387 0.2106680342676788 0.2489713132254386
v 2.33293 -0.75256 1.131 0.2250317638768387 0.2106680342676788 0.2489713132254386
v 2.32996 -0.76208 0.82818 0.2250317638768387 0.2106680342676788 0.2489713132254386
v 1.48416 -1.47351 1.55123 0.22548979569198205 0.21109683000951512 0.24947807182942697
v 2.16532 -0.68803 1.35113 0.22548979569198205 0.21109683000951512 0.24947807182942697
v 2.33293 -0.75256 1.131 0.22548979569198205 0.21109683000951512 0.24947807182942697
v 1.49862 -1.44494 1.23258 0.22493409995885819 0.21057660421680344 0.24886325952894953
v 1.48416 -1.47351 1.55123 0.22493409995885819 0.21057660421680344 0.24886325952894953
v 2.33293 -0.75256 1.131 0.22493409995885819 0.21057660421680344 0.24886325952894953
v 2.32996 -0.76208 0.82818 0.22612764713670508 0.21169396753223457 0.2501837798108227
v 3.04722 0.01424 0.63574 0.22612764713670508 0.21169396753223457 0.2501837798108227
v 3.20158 -0.02357 0.38765 0.22612764713670508 0.21169396753223457 0.2501837798108227
v 3.20158 -0.02357 0.38765 0.2272781674778494 0.21277105040479521 0.2514566959329398
v 3.71803 0.74954 0.16421 0.2272781674778494 0.21277105040479521 0.2514566959329398
v 3.88866 0.7163 -0.07524 0.2272781674778494 0.21277105040479521 0.2514566959329398
v 3.04722 0.01424 0.63574 0.22788220599920736 0.2133365332758537 0.2521249938714635
v 3.5818 0.7897 0.40518 0.22788220599920736 0.2133365332758537 0.2521249938714635
v 3.71803 0.74954 0.16421 0.22788220599920736 0.2133365332758537 0.2521249938714635
v 3.20158 -0.02357 0.38765 0.2277234847910008 0.21318794320859652 0.25194938742834133
v 3.04722 0.01424 0.63574 0.2277234847910008 0.21318794320859652 0.25194938742834133
v 3.71803 0.74954 0.16421 0.2277234847910008 0.21318794320859652 0.25194938742834133
v 2.16532 -0.68803 1.35113 0.22817650327130085 0.2136120456156859 0.25245059936399245
v 2.73531 0.1037 1.09981 0.22817650327130085 0.2136120456156859 0.25245059936399245
v 2.83698 0.05019 0.86698 0.22817650327130085 0.2136120456156859 0.25245059936399245
v 2.83698 0.05019 0.86698 0.22753434724786525 0.21301087827459728 0.2517401288699786
v 3.48287 0.8378 0.6493 0.22753434724786525 0.21301087827459728 0.2517401288699786
v 3.5818 0.7897 0.40518 0.22753434724786525 0.21301087827459728 0.2517401288699786
v 2.73531 0.1037 1.09981 0.22739813367660375 0.21288335918660778 0.25158942449326377
v 3.44562 0.90074 0.90491 0.22739813367660375 0.21288335918660778 0.25158942449326377
v 3.48287 0.8378 0.6493 0.22739813367660375 0.21288335918660778 0.25158942449326377
v 2.83698 0.05019 0.86698 0.2273617650670289 0.2128493119776441 0.2515491868826703
v 2.73531 0.1037 1.09981 0.2273617650670289 0.2128493119776441 0.2515491868826703
v 3.48287 0.8378 0.6493 0.2273617650670289 0.2128493119776441 0.2515491868826703
v 2.32996 -0.76208 0.82818 0.22706972688550037 0.21257591453110675 0.25122608080948977
v 2.33293 -0.75256 1.131 0.22706972688550037 0.21257591453110675 0.25122608080948977
v 3.04722 0.01424 0.63574 0.22706972688550037 0.21257591453110675 0.25122608080948977
v 3.04722 0.01424 0.63574 0.22608049961080334 0.21164982942287974 0.25013161659067606
v 2.83698 0.05019 0.86698 0.22608049961080334 0.21164982942287974 0.25013161659067606
v 3.5818 0.7897 0.40518 0.22608049961080334 0.21164982942287974 0.25013161659067606
v 2.33293 -0.75256 1.131 0.22699888374406216 0.2125095932923135 0.25114770116364327
v 2.16532 -0.68803 1.35113 0.22699888374406216 0.2125095932923135 0.25114770116364327
v 2.83698 0.05019 0.86698 0.22699888374406216 0.2125095932923135 0.25114770116364327
v 3.04722 0.01424 0.63574 0.22639842639307234 0.2119474630062805 0.25048336537105875
v 2.33293 -0.75256 1.131 0.22639842639307234 0.2119474630062805 0.25048336537105875
v 2.83698 0.05019 0.86698 0.22639842639307234 0.2119474630062805 0.25048336537105875
v 0.79074 -2.24683 1.73853 0.22696918102186722 0.21248178648855656 0.25111483857738504
v 1.20925 -1.67029 1.78561 0.22696918102186722 0.21248178648855656 0.25111483857738504
v 1.48416 -1.47351 1.55123 0.22696918102186722 0.21248178648855656 0.25111483857738504
v 1.48416 -1.47351 1.55123 0.22445101647532345 0.21012435584923897 0.24832878418546425
v 1.84724 -0.85649 1.54267 0.22445101647532345 0.21012435584923897 0.24832878418546425
v 2.16532 -0.68803 1.35113 0.22445101647532345 0.21012435584923897 0.24832878418546425
v 1.20925 -1.67029 1.78561 0.22810381362520302 0.2135439957342326 0.2523701767768204
v 1.60261 -1.059 1.79555 0.22810381362520302 0.2135439957342326 0.2523701767768204
v 1.84724 -0.85649 1.54267 0.22810381362520302 0.2135439957342326 0.2523701767768204
v 1.48416 -1.47351 1.55123 0.22723416771009675 0.21272985913285652 0.25140801533883045
v 1.20925 -1.67029 1.78561 0.22723416771009675 0.21272985913285652 0.25140801533883045
v 1.84724 -0.85649 1.54267 0.22723416771009675 0.21272985913285652 0.25140801533883045
v 2.16532 -0.68803 1.35113 0.22869979580074792 0.21410193649431722 0.2530295613114658
v 2.61235 -0.06266 1.37906 0.22869979580074792 0.21410193649431722 0.2530295613114658
v 2.73531 0.1037 1.09981 0.22869979580074792 0.21410193649431722 0.2530295613114658
v 2.73531 0.1037 1.09981 0.22349327813950237 0.20922774974761923 0.24726915879264094
v 3.0937 0.7121 1.08835 0.22349327813950237 0.20922774974761923 0.24726915879264094
v 3.44562 0.90074 0.90491 0.22349327813950237 0.20922774974761923 0.24726915879264094
v 2.61235 -0.06266 1.37906 0.22950059046037913 0.21485161660120602 0.25391554689233437
v 2.92615 0.56591 1.33665 0.22950059046037913 0.21485161660120602 0.25391554689233437
v 3.0937 0.7121 1.08835 0.22950059046037913 0.21485161660120602 0.25391554689233437
v 2.73531 0.1037 1.09981 0.2296816959641428 0.21502116217919753 0.25411591893905167
v 2.61235 -0.06266 1.37906 0.2296816959641428 0.21502116217919753 0.25411591893905167
v 3.0937 0.7121 1.08835 0.2296816959641428 0.21502116217919753 0.25411591893905167
v 1.60261 -1.059 1.79555 0.22901526188718044 0.21439726644757318 0.2533785876198592
v 2.00999 -0.43852 1.81208 0.22901526188718044 0.21439726644757318 0.2533785876198592
v 2.18667 -0.23809 1.51236 0.22901526188718044 0.21439726644757318 0.2533785876198592
v 2.18667 -0.23809 1.51236 0.2218158015105752 0.20765734609500658 0.24541322720318962
v 2.55492 0.37939 1.49459 0.2218158015105752 0.20765734609500658 0.24541322720318962
v 2.92615 0.56591 1.33665 0.2218158015105752 0.20765734609500658 0.24541322720318962
v 2.00999 -0.43852 1.81208 0.22646913137631677 0.21201365490548804 0.25056159216103135
v 2.29299 0.2091 1.71646 0.22646913137631677 0.21201365490548804 0.25056159216103135
v 2.55492 0.37939 1.49459 0.22646913137631677 0.21201365490548804 0.25056159216103135
v 2.18667 -0.23809 1.51236 0.2294598176799771 0.21481344633870197 0.25387043658210234
v 2.00999 -0.43852 1.81208 0.2294598176799771 0.21481344633870197 0.25387043658210234
v 2.55492 0.37939 1.49459 0.2294598176799771 0.21481344633870197 0.25387043658210234
v 2.16532 -0.68803 1.35113 0.22471257720913612 0.2103692212170636 0.24861817052925703
v 1.84724 -0.85649 1.54267 0.22471257720913612 0.2103692212170636 0.24861817052925703
v 2.61235 -0.06266 1.37906 0.22471257720913612 0.2103692212170636 0.24861817052925703
v 2.61235 -0.06266 1.37906 0.21861143745109055 0.20465751591165923 0.24186797335014273
v 2.18667 -0.23809 1.51236 0.21861143745109055 0.20465751591165923 0.24186797335014273
v 2.92615 0.56591 1.33665 0.21861143745109055 0.20465751591165923 0.24186797335014273
v 1.84724 -0.85649 1.54267 0.22835681293856042 0.21378084615524806 0.2526500909107477
v 1.60261 -1.059 1.79555 0.22835681293856042 0.21378084615524806 0.2526500909107477
v 2.18667 -0.23809 1.51236 0.22835681293856042 0.21378084615524806 0.2526500909107477
v 2.61235 -0.06266 1.37906 0.21890716971574195 0.20493437164877973 0.2421951664940124
v 1.84724 -0.85649 1.54267 0.21890716971574195 0.20493437164877973 0.2421951664940124
v 2.18667 -0.23809 1.51236 0.21890716971574195 0.20493437164877973 0.2421951664940124
v 0.79074 -2.24683 1.73853 0.21583464290339535 0.2020579635691361 0.23879577512716085
v 1.04876 -2.35536 1.10674 0.21583464290339535 0.2020579635691361 0.23879577512716085
v 0.31965 -2.46101 1.30703 0.21583464290339535 0.2020579635691361 0.23879577512716085
v 0.31965 -2.46101 1.30703 0.21713794896556624 0.20327807988265775 0.24023773077041372
v 0.61156 -2.75257 0.74867 0.21713794896556624 0.20327807988265775 0.24023773077041372
v -0.12884 -2.84919 0.96794 0.21713794896556624 0.20327807988265775 0.24023773077041372
v 1.04876 -2.35536 1.10674 0.22118139741958237 0.20706343588216225 0.24471133331528266
v 1.31176 -2.47508 0.4802 0.22118139741958237 0.20706343588216225 0.24471133331528266
v 0.61156 -2.75257 0.74867 0.22118139741958237 0.20706343588216225 0.24471133331528266
v 0.31965 -2.46101 1.30703 0.217128259868983 0.20326900923904792 0.2402270109188748
v 1.04876 -2.35536 1.10674 0.217128259868983 0.20326900923904792 0.2402270109188748
v 0.61156 -2.75257 0.74867 0.217128259868983 0.20326900923904792 0.2402270109188748
v -0.12884 -2.84919 0.96794 0.22142719942153102 0.2072935483946248 0.24498328446637477
v 0.11783 -2.9604 0.35599 0.22142719942153102 0.2072935483946248 0.24498328446637477
v -0.59924 -3.26542 0.61582 0.22142719942153102 0.2072935483946248 0.24498328446637477
v -0.59924 -3.26542 0.61582 0.22123703983035506 0.2071155266496941 0.24477289513145667
v -0.34333 -3.28757 -0.00609 0.22123703983035506 0.2071155266496941 0.24477289513145667
v -1.05528 -3.60343 0.24895 0.22123703983035506 0.2071155266496941 0.24477289513145667
v 0.11783 -2.9604 0.35599 0.22027132339743327 0.20621145169121416 0.24370444290779855
v 0.36276 -3.0278 -0.26123 0.22027132339743327 0.20621145169121416 0.24370444290779855
v -0.34333 -3.28757 -0.00609 0.22027132339743327 0.20621145169121416 0.24370444290779855
v -0.59924 -3.26542 0.61582 0.22095820610395817 0.20685449082072682 0.24446439824267716
v 0.11783 -2.9604 0.35599 0.22095820610395817 0.20685449082072682 0.24446439824267716
v -0.34333 -3.28757 -0.00609 0.22095820610395817 0.20685449082072682 0.24446439824267716
v 1.31176 -2.47508 0.4802 0.2170171457675119 0.20316498752703244 0.2401040761683111
v 1.52349 -2.50556 -0.15072 0.2170171457675119 0.20316498752703244 0.2401040761683111
v 0.81069 -2.66413 0.10601 0.2170171457675119 0.20316498752703244 0.2401040761683111
v 0.81069 -2.66413 0.10601 0.2178536157732599 0.20394806583028588 0.2410295323448833
v 1.11129 -2.91135 -0.53826 0.2178536157732599 0.20394806583028588 0.2410295323448833
v 0.36276 -3.0278 -0.26123 0.2178536157732599 0.20394806583028588 0.2410295323448833
v 1.52349 -2.50556 -0.15072 0.22087316824515604 0.20677488091035887 0.24437031380315138
v 1.80449 -2.64995 -0.78848 0.22087316824515604 0.20677488091035887 0.24437031380315138
v 1.11129 -2.91135 -0.53826 0.22087316824515604 0.20677488091035887 0.24437031380315138
v 0.81069 -2.66413 0.10601 0.2189094063090057 0.20493646548077132 0.24219764102272973
v 1.52349 -2.50556 -0.15072 0.2189094063090057 0.20493646548077132 0.24219764102272973
v 1.11129 -2.91135 -0.53826 0.2189094063090057 0.20493646548077132 0.24219764102272973
v -0.12884 -2.84919 0.96794 0.2156930640689554 0.20192542168157526 0.23863913471458897
v 0.61156 -2.75257 0.74867 0.2156930640689554 0.20192542168157526 0.23863913471458897
v 0.11783 -2.9604 0.35599 0.2156930640689554 0.20192542168157526 0.23863913471458897
v 0.11783 -2.9604 0.35599 0.22123207346251803 0.20711087728405944 0.2447674004266157
v 0.81069 -2.66413 0.10601 0.22123207346251803 0.20711087728405944 0.2447674004266157
v 0.36276 -3.0278 -0.26123 0.22123207346251803 0.20711087728405944 0.2447674004266157
v 0.61156 -2.75257 0.74867 0.21918130017223855 0.20519100441656377 0.2424984597650299
v 1.31176 -2.47508 0.4802 0.21918130017223855 0.20519100441656377 0.2424984597650299
v 0.81069 -2.66413 0.10601 0.21918130017223855 0.20519100441656377 0.2424984597650299
v 0.11783 -2.9604 0.35599 0.21978127155529747 0.20575267975389552 0.24316225789096743
v 0.61156 -2.75257 0.74867 0.21978127155529747 0.20575267975389552 0.24316225789096743
v 0.81069 -2.66413 0.10601 0.21978127155529747 0.20575267975389552 0.24316225789096743
v 0.79074 -2.24683 1.73853 0.21600035077535693 0.20221309434288737 0.2389791114961396
v 0.09896 -2.41897 1.78907 0.21600035077535693 0.20221309434288737 0.2389791114961396
v 0.43777 -1.89229 2.14546 0.21600035077535693 0.20221309434288737 0.2389791114961396
v 0.43777 -1.89229 2.14546 0.21360371743259116 0.19996943759646835 0.2363275171594626
v -0.27079 -1.90892 2.05148 0.21360371743259116 0.19996943759646835 0.2363275171594626
v 0.05455 -1.40697 2.40413 0.21360371743259116 0.19996943759646835 0.2363275171594626
v 0.09896 -2.41897 1.78907 0.21302107542073426 0.19942398550026186 0.23568289195485492
v -0.59929 -2.4332 1.72282 0.21302107542073426 0.19942398550026186 0.23568289195485492
v -0.27079 -1.90892 2.05148 0.21302107542073426 0.19942398550026186 0.23568289195485492
v 0.43777 -1.89229 2.14546 0.21363847746718842 0.200001978905453 0.2363659750700808
v 0.09896 -2.41897 1.78907 0.21363847746718842 0.200001978905453 0.2363659750700808
v -0.27079 -1.90892 2.05148 0.21363847746718842 0.200001978905453 0.2363659750700808
v 0.05455 -1.40697 2.40413 0.21159525805065393 0.19808917774954837 0.2341053918858299
v -0.63242 -1.47579 2.36124 0.21159525805065393 0.19808917774954837 0.2341053918858299
v -0.30484 -0.97889 2.69608 0.21159525805065393 0.19808917774954837 0.2341053918858299
v -0.30484 -0.97889 2.69608 0.21788622864038218 0.20397859702503865 0.24106561466595477
v -1.04439 -1.14475 2.86433 0.21788622864038218 0.20397859702503865 0.24106561466595477
v -0.68028 -0.60235 3.12995 0.21788622864038218 0.20397859702503865 0.24106561466595477
v -0.63242 -1.47579 2.36124 0.21648328835575154 0.20266520612027805 0.23951342541487405
v -1.35563 -1.62921 2.45371 0.21648328835575154 0.20266520612027805 0.23951342541487405
v -1.04439 -1.14475 2.86433 0.21648328835575154 0.20266520612027805 0.23951342541487405
v -0.30484 -0.97889 2.69608 0.2179358550759862 0.2040250558158169 0.24112052050960178
v -0.63242 -1.47579 2.36124 0.2179358550759862 0.2040250558158169 0.24112052050960178
v -1.04439 -1.14475 2.86433 0.2179358550759862 0.2040250558158169 0.24112052050960178
v -0.59929 -2.4332 1.72282 0.21308891400290236 0.1994874939601639 0.23575794740746644
v -1.25288 -2.44067 1.6565 0.21308891400290236 0.1994874939601639 0.23575794740746644
v -0.94849 -1.971 2.02636 0.21308891400290236 0.1994874939601639 0.23575794740746644
v -0.94849 -1.971 2.02636 0.21624900218390364 0.20244587438493108 0.23925421518219128
v -1.6933 -2.14413 2.10239 0.21624900218390364 0.20244587438493108 0.23925421518219128
v -1.35563 -1.62921 2.45371 0.21624900218390364 0.20244587438493108 0.23925421518219128
v -1.25288 -2.44067 1.6565 0.2155349182297921 0.20177737025767772 0.23846416484998276
v -1.98458 -2.6003 1.69346 0.2155349182297921 0.20177737025767772 0.23846416484998276
v -1.6933 -2.14413 2.10239 0.2155349182297921 0.20177737025767772 0.23846416484998276
v -0.94849 -1.971 2.02636 0.21637291703519101 0.20256187977762563 0.23939131246446665
v -1.25288 -2.44067 1.6565 0.21637291703519101 0.20256187977762563 0.23939131246446665
v -1.6933 -2.14413 2.10239 0.21637291703519101 0.20256187977762563 0.23939131246446665
v 0.05455 -1.40697 2.40413 0.21164686677616437 0.19813749230109007 0.23416249090128827
v -0.27079 -1.90892 2.05148 0.21164686677616437 0.19813749230109007 0.23416249090128827
v -0.63242 -1.47579 2.36124 0.21164686677616437 0.19813749230109007 0.23416249090128827
v -0.63242 -1.47579 2.36124 0.21635758563610288 0.2025475269784793 0.23937435006547556
v -0.94849 -1.971 2.02636 0.21635758563610288 0.2025475269784793 0.23937435006547556
v -1.35563 -1.62921 2.45371 0.21635758563610288 0.2025475269784793 0.23937435006547556
v -0.27079 -1.90892 2.05148 0.21188471774095122 0.19836016128940115 0.23442564516020137
v -0.59929 -2.4332 1.72282 0.21188471774095122 0.19836016128940115 0.23442564516020137
v -0.94849 -1.971 2.02636 0.21188471774095122 0.19836016128940115 0.23442564516020137
v -0.63242 -1.47579 2.36124 0.21195932179026625 0.1984300033781216 0.23450818581050736
v -0.27079 -1.90892 2.05148 0.21195932179026625 0.1984300033781216 0.23450818581050736
v -0.94849 -1.971 2.02636 0.21195932179026625 0.1984300033781216 0.23450818581050736
v 0.79074 -2.24683 1.73853 0.22836152203071625 0.2137852546670535 0.25265530097015415
v 1.49862 -1.44494 1.23258 0.22836152203071625 0.2137852546670535 0.25265530097015415
v 1.04876 -2.35536 1.10674 0.22836152203071625 0.2137852546670535 0.25265530097015415
v 1.04876 -2.35536 1.10674 0.2260840533360766 0.2116531563146249 0.25013554837182944
v 1.889 -1.67915 0.67867 0.2260840533360766 0.2116531563146249 0.25013554837182944
v 1.31176 -2.47508 0.4802 0.2260840533360766 0.2116531563146249 0.25013554837182944
v 1.49862 -1.44494 1.23258 0.22526557744336262 0.21088692356399905 0.24923000057563524
v 2.32996 -0.76208 0.82818 0.22526557744336262 0.21088692356399905 0.24923000057563524
v 1.889 -1.67915 0.67867 0.22526557744336262 0.21088692356399905 0.24923000057563524
v 1.04876 -2.35536 1.10674 0.22533673327325945 0.21095353753241314 0.24930872617467006
v 1.49862 -1.44494 1.23258 0.22533673327325945 0.21095353753241314 0.24930872617467006
v 1.889 -1.67915 0.67867 0.22533673327325945 0.21095353753241314 0.24930872617467006
v 1.31176 -2.47508 0.4802 0.2285704158071984 0.21398081479822828 0.25288641748881524
v 1.9911 -1.66358 0.02834 0.2285704158071984 0.21398081479822828 0.25288641748881524
v 1.52349 -2.50556 -0.15072 0.2285704158071984 0.21398081479822828 0.25288641748881524
v 1.52349 -2.50556 -0.15072 0.2265329282681646 0.21207337965530304 0.25063217595626724
v 2.33384 -1.82943 -0.61604 0.2265329282681646 0.21207337965530304 0.25063217595626724
v 1.80449 -2.64995 -0.78848 0.2265329282681646 0.21207337965530304 0.25063217595626724
v 1.9911 -1.66358 0.02834 0.22673527591614895 0.21226281149596926 0.25085604994978183
v 2.78116 -0.94461 -0.42194 0.22673527591614895 0.21226281149596926 0.25085604994978183
v 2.33384 -1.82943 -0.61604 0.22673527591614895 0.21226281149596926 0.25085604994978183
v 1.52349 -2.50556 -0.15072 0.22641890854823282 0.21196663778983502 0.2505060264788959
v 1.9911 -1.66358 0.02834 0.22641890854823282 0.21196663778983502 0.2505060264788959
v 2.33384 -1.82943 -0.61604 0.22641890854823282 0.21196663778983502 0.2505060264788959
v 2.32996 -0.76208 0.82818 0.22632427901042224 0.2118780484352889 0.2504013299689778
v 3.20158 -0.02357 0.38765 0.22632427901042224 0.2118780484352889 0.2504013299689778
v 2.61013 -0.87156 0.20746 0.22632427901042224 0.2118780484352889 0.2504013299689778
v 2.61013 -0.87156 0.20746 0.22847559706284631 0.213892048314154 0.2527815116440002
v 3.26594 -0.11179 -0.24345 0.22847559706284631 0.213892048314154 0.2527815116440002
v 2.78116 -0.94461 -0.42194 0.22847559706284631 0.213892048314154 0.2527815116440002
v 3.20158 -0.02357 0.38765 0.22782765235988828 0.2132854617837252 0.25206463665349343
v 3.88866 0.7163 -0.07524 0.22782765235988828 0.2132854617837252 0.25206463665349343
v 3.26594 -0.11179 -0.24345 0.22782765235988828 0.2132854617837252 0.25206463665349343
v 2.61013 -0.87156 0.20746 0.2282647448754913 0.2136946547770557 0.25254822837288404
v 3.20158 -0.02357 0.38765 0.2282647448754913 0.2136946547770557 0.25254822837288404
v 3.26594 -0.11179 -0.24345 0.2282647448754913 0.2136946547770557 0.25254822837288404
v 1.31176 -2.47508 0.4802 0.22823810214225185 0.21366971264381024 0.2525187513063212
v 1.889 -1.67915 0.67867 0.22823810214225185 0.21366971264381024 0.2525187513063212
v 1.9911 -1.66358 0.02834 0.22823810214225185 0.21366971264381024 0.2525187513063212
v 1.9911 -1.66358 0.02834 0.22689211154015249 0.21240963633546192 0.2510295702146368
v 2.61013 -0.87156 0.20746 0.22689211154015249 0.21240963633546192 0.2510295702146368
v 2.78116 -0.94461 -0.42194 0.22689211154015249 0.21240963633546192 0.2510295702146368
v 1.889 -1.67915 0.67867 0.22806288961332252 0.21350568389332322 0.25232489914665474
v 2.32996 -0.76208 0.82818 0.22806288961332252 0.21350568389332322 0.25232489914665474
v 2.61013 -0.87156 0.20746 0.22806288961332252 0.21350568389332322 0.25232489914665474
v 1.9911 -1.66358 0.02834 0.22782055048888733 0.21327881322363923 0.2520567792643009
v 1.889 -1.67915 0.67867 0.22782055048888733 0.21327881322363923 0.2520567792643009
v 2.61013 -0.87156 0.20746 0.22782055048888733 0.21327881322363923 0.2520567792643009
v 0.79074 -2.24683 1.73853 0.22164868881422514 0.20750090016650866 0.24522833656041934
v 0.43777 -1.89229 2.14546 0.22164868881422514 0.20750090016650866 0.24522833656041934
v 1.20925 -1.67029 1.78561 0.22164868881422514 0.20750090016650866 0.24522833656041934
v 1.20925 -1.67029 1.78561 0.22190280752652655 0.2077387985354717 0.24550948917828472
v 0.85442 -1.27143 2.16532 0.22190280752652655 0.2077387985354717 0.24550948917828472
v 1.60261 -1.059 1.79555 0.22190280752652655 0.2077387985354717 0.24550948917828472
v 0.43777 -1.89229 2.14546 0.21816008245157067 0.20423497080572575 0.24136860186131226
v 0.05455 -1.40697 2.40413 0.21816008245157067 0.20423497080572575 0.24136860186131226
v 0.85442 -1.27143 2.16532 0.21816008245157067 0.20423497080572575 0.24136860186131226
v 1.20925 -1.67029 1.78561 0.22157831454002916 0.20743501786726137 0.24515047566130888
v 0.43777 -1.89229 2.14546 0.22157831454002916 0.20743501786726137 0.24515047566130888
v 0.85442 -1.27143 2.16532 0.22157831454002916 0.20743501786726137 0.24515047566130888
v 1.60261 -1.059 1.79555 0.21789832894037 0.2039899249654528 0.24107900223189874
v 1.17498 -0.61592 2.04194 0.21789832894037 0.2039899249654528 0.24107900223189874
v 2.00999 -0.43852 1.81208 0.21789832894037 0.2039899249654528 0.24107900223189874
v 2.00999 -0.43852 1.81208 0.21724426622186707 0.2033776109311096 0.24035535837312955
v 1.4766 0.00898 1.95178 0.21724426622186707 0.2033776109311096 0.24035535837312955
v 2.29299 0.2091 1.71646 0.21724426622186707 0.2033776109311096 0.24035535837312955
v 1.17498 -0.61592 2.04194 0.22243160801851702 0.20823384580456916 0.24609454504176353
v 0.78086 -0.1904 2.34658 0.22243160801851702 0.20823384580456916 0.24609454504176353
v 1.4766 0.00898 1.95178 0.22243160801851702 0.20823384580456916 0.24609454504176353
v 2.00999 -0.43852 1.81208 0.2170616935462758 0.2032066918305561 0.24015336307247537
v 1.17498 -0.61592 2.04194 0.2170616935462758 0.2032066918305561 0.24015336307247537
v 1.4766 0.00898 1.95178 0.2170616935462758 0.2032066918305561 0.24015336307247537
v 0.05455 -1.40697 2.40413 0.22270434802438305 0.2084891768738905 0.24639629994187062
v -0.30484 -0.97889 2.69608 0.22270434802438305 0.2084891768738905 0.24639629994187062
v 0.4013 -0.76732 2.28206 0.22270434802438305 0.2084891768738905 0.24639629994187062
v 0.4013 -0.76732 2.28206 0.22310639488752204 0.20886556117129723 0.24684111774789674
v 0.05104 -0.40226 2.77891 0.22310639488752204 0.20886556117129723 0.24684111774789674
v 0.78086 -0.1904 2.34658 0.22310639488752204 0.20886556117129723 0.24684111774789674
v -0.30484 -0.97889 2.69608 0.22172432684283533 0.20757171023584584 0.24531202118781784
v -0.68028 -0.60235 3.12995 0.22172432684283533 0.20757171023584584 0.24531202118781784
v 0.05104 -0.40226 2.77891 0.22172432684283533 0.20757171023584584 0.24531202118781784
v 0.4013 -0.76732 2.28206 0.22310324196606268 0.20886260950014382 0.24683762940926088
v -0.30484 -0.97889 2.69608 0.22310324196606268 0.20886260950014382 0.24683762940926088
v 0.05104 -0.40226 2.77891 0.22310324196606268 0.20886260950014382 0.24683762940926088
v 1.60261 -1.059 1.79555 0.22112187501357786 0.20700771277866864 0.2446454787384266
v 0.85442 -1.27143 2.16532 0.22112187501357786 0.20700771277866864 0.2446454787384266
v 1.17498 -0.61592 2.04194 0.22112187501357786 0.20700771277866864 0.2446454787384266
v 1.17498 -0.61592 2.04194 0.21863724830470577 0.2046816792639799 0.24189653003924896
v 0.4013 -0.76732 2.28206 0.21863724830470577 0.2046816792639799 0.24189653003924896
v 0.78086 -0.1904 2.34658 0.21863724830470577 0.2046816792639799 0.24189653003924896
v 0.85442 -1.27143 2.16532 0.2174471206594394 0.20356751721309221 0.2405797930700181
v 0.05455 -1.40697 2.40413 0.2174471206594394 0.20356751721309221 0.2405797930700181
v 0.4013 -0.76732 2.28206 0.2174471206594394 0.20356751721309221 0.2405797930700181
v 1.17498 -0.61592 2.04194 0.21761887709686561 0.20372831047366144 0.24076982146887263
v 0.85442 -1.27143 2.16532 0.21761887709686561 0.20372831047366144 0.24076982146887263
v 0.4013 -0.76732 2.28206 0.21761887709686561 0.20372831047366144 0.24076982146887263
v 3.44562 0.90074 0.90491 0.23179768896679925 0.2170020917987057 0.25645701758028855
v 3.40754 1.17648 0.38071 0.23179768896679925 0.2170020917987057 0.25645701758028855
v 3.48287 0.8378 0.6493 0.23179768896679925 0.2170020917987057 0.25645701758028855
v 3.48287 0.8378 0.6493 0.2261034158891687 0.21167128296007287 0.2501569707709952
v 3.34325 1.07743 0.12315 0.2261034158891687 0.21167128296007287 0.2501569707709952
v 3.5818 0.7897 0.40518 0.2261034158891687 0.21167128296007287 0.2501569707709952
v 3.40754 1.17648 0.38071 0.2320798049027244 0.2172662003344654 0.25676914584982274
v 3.29413 1.42621 -0.15191 0.2320798049027244 0.2172662003344654 0.25676914584982274
v 3.34325 1.07743 0.12315 0.2320798049027244 0.2172662003344654 0.25676914584982274
v 3.48287 0.8378 0.6493 0.23198179402612598 0.2171744454712669 0.25666070828422455
v 3.40754 1.17648 0.38071 0.23198179402612598 0.2171744454712669 0.25666070828422455
v 3.34325 1.07743 0.12315 0.23198179402612598 0.2171744454712669 0.25666070828422455
v 3.5818 0.7897 0.40518 0.22565312940992105 0.21124973817098994 0.24965878147480627
v 3.51331 1.05242 -0.11611 0.22565312940992105 0.21124973817098994 0.24965878147480627
v 3.71803 0.74954 0.16421 0.22565312940992105 0.21124973817098994 0.24965878147480627
v 3.71803 0.74954 0.16421 0.2254151376556923 0.21102693737979705 0.24939547144885107
v 3.73642 1.03595 -0.36046 0.2254151376556923 0.21102693737979705 0.24939547144885107
v 3.88866 0.7163 -0.07524 0.2254151376556923 0.21102693737979705 0.24939547144885107
v 3.51331 1.05242 -0.11611 0.22242351619700257 0.20822627048230027 0.24608559238817307
v 3.52636 1.33956 -0.6401 0.22242351619700257 0.20822627048230027 0.24608559238817307
v 3.73642 1.03595 -0.36046 0.22242351619700257 0.20822627048230027 0.24608559238817307
v 3.71803 0.74954 0.16421 0.22247048526999552 0.20827024152935752 0.2461375581710589
v 3.51331 1.05242 -0.11611 0.22247048526999552 0.20827024152935752 0.2461375581710589
v 3.73642 1.03595 -0.36046 0.22247048526999552 0.20827024152935752 0.2461375581710589
v 3.29413 1.42621 -0.15191 0.23037466311575328 0.2156698973849605 0.2548826060004079
v 3.16005 1.65581 -0.66344 0.23037466311575328 0.2156698973849605 0.2548826060004079
v 3.32504 1.34833 -0.38611 0.23037466311575328 0.2156698973849605 0.2548826060004079
v 3.32504 1.34833 -0.38611 0.22296418339702173 0.20873242700997782 0.24668377737542832
v 3.32449 1.63899 -0.91518 0.22296418339702173 0.20873242700997782 0.24668377737542832
v 3.52636 1.33956 -0.6401 0.22296418339702173 0.20873242700997782 0.24668377737542832
v 3.16005 1.65581 -0.66344 0.22592449232671882 0.2115037800505453 0.24995901278700808
v 3.19914 1.97614 -1.21133 0.22592449232671882 0.2115037800505453 0.24995901278700808
v 3.32449 1.63899 -0.91518 0.22592449232671882 0.2115037800505453 0.24995901278700808
v 3.32504 1.34833 -0.38611 0.22496746676271762 0.21060784122467183 0.248900175992794
v 3.16005 1.65581 -0.66344 0.22496746676271762 0.21060784122467183 0.248900175992794
v 3.32449 1.63899 -0.91518 0.22496746676271762 0.21060784122467183 0.248900175992794
v 3.5818 0.7897 0.40518 0.22325769965304207 0.20900720818582663 0.24700851876506785
v 3.34325 1.07743 0.12315 0.22325769965304207 0.20900720818582663 0.24700851876506785
v 3.51331 1.05242 -0.11611 0.22325769965304207 0.20900720818582663 0.24700851876506785
v 3.51331 1.05242 -0.11611 0.22315141523135815 0.20890770787616508 0.2468909274900133
v 3.32504 1.34833 -0.38611 0.22315141523135815 0.20890770787616508 0.2468909274900133
v 3.52636 1.33956 -0.6401 0.22315141523135815 0.20890770787616508 0.2468909274900133
v 3.34325 1.07743 0.12315 0.23221744976973832 0.217395059358904 0.25692143378779564
v 3.29413 1.42621 -0.15191 0.23221744976973832 0.217395059358904 0.25692143378779564
v 3.32504 1.34833 -0.38611 0.23221744976973832 0.217395059358904 0.25692143378779564
v 3.51331 1.05242 -0.11611 0.22432055968543077 0.2100022260884884 0.2481844490136681
v 3.34325 1.07743 0.12315 0.22432055968543077 0.2100022260884884 0.2481844490136681
v 3.32504 1.34833 -0.38611 0.22432055968543077 0.2100022260884884 0.2481844490136681
v 3.44562 0.90074 0.90491 0.2248997791165873 0.21054447406659235 0.24882528753324554
v 2.8566 1.43675 0.89407 0.2248997791165873 0.21054447406659235 0.24882528753324554
v 3.40754 1.17648 0.38071 0.2248997791165873 0.21054447406659235 0.24882528753324554
v 3.40754 1.17648 0.38071 0.22665426822586174 0.21218697450931737 0.2507664244201024
v 2.86772 1.74496 0.38986 0.22665426822586174 0.21218697450931737 0.2507664244201024
v 3.29413 1.42621 -0.15191 0.22665426822586174 0.21218697450931737 0.2507664244201024
v 2.8566 1.43675 0.89407 0.22761242687595323 0.2130839740966371 0.2518265148414802
v 2.40755 2.04316 0.92705 0.22761242687595323 0.2130839740966371 0.2518265148414802
v 2.86772 1.74496 0.38986 0.22761242687595323 0.2130839740966371 0.2518265148414802
v 3.40754 1.17648 0.38071 0.22563296074195352 0.21123085686480758 0.2496364672038635
v 2.8566 1.43675 0.89407 0.22563296074195352 0.21123085686480758 0.2496364672038635
v 2.86772 1.74496 0.38986 0.22563296074195352 0.21123085686480758 0.2496364672038635
v 3.29413 1.42621 -0.15191 0.22800528479897417 0.21345175598201838 0.2522611661605672
v 2.8251 2.01492 -0.14505 0.22800528479897417 0.21345175598201838 0.2522611661605672
v 3.16005 1.65581 -0.66344 0.22800528479897417 0.21345175598201838 0.2522611661605672
v 3.16005 1.65581 -0.66344 0.22747015819628966 0.21295078639652648 0.25166911119589497
v 2.73322 2.26149 -0.6781 0.22747015819628966 0.21295078639652648 0.25166911119589497
v 3.19914 1.97614 -1.21133 0.22747015819628966 0.21295078639652648 0.25166911119589497
v 2.8251 2.01492 -0.14505 0.2242617642651469 0.2099471835673716 0.24811939876143915
v 2.21016 2.49956 -0.1307 0.2242617642651469 0.2099471835673716 0.24811939876143915
v 2.73322 2.26149 -0.6781 0.2242617642651469 0.2099471835673716 0.24811939876143915
v 3.16005 1.65581 -0.66344 0.22862079434207228 0.21402797768194 0.25294215544229276
v 2.8251 2.01492 -0.14505 0.22862079434207228 0.21402797768194 0.25294215544229276
v 2.73322 2.26149 -0.6781 0.22862079434207228 0.21402797768194 0.25294215544229276
v 2.40755 2.04316 0.92705 0.22768678268424283 0.21315358378950394 0.251908780842141
v 1.90584 2.64327 0.94774 0.22768678268424283 0.21315358378950394 0.251908780842141
v 2.23833 2.20198 0.38601 0.22768678268424283 0.21315358378950394 0.251908780842141
v 2.23833 2.20198 0.38601 0.22917921965325538 0.2145507588243242 0.2535599877014741
v 1.81954 2.89661 0.41459 0.22917921965325538 0.2145507588243242 0.2535599877014741
v 2.21016 2.49956 -0.1307 0.22917921965325538 0.2145507588243242 0.2535599877014741
v 1.90584 2.64327 0.94774 0.2256634666809069 0.21125941561616815 0.24967021845547147
v 1.3514 3.17025 0.94222 0.2256634666809069 0.21125941561616815 0.24967021845547147
v 1.81954 2.89661 0.41459 0.2256634666809069 0.21125941561616815 0.24967021845547147
v 2.23833 2.20198 0.38601 0.22955404750416813 0.21490166149326378 0.25397469085567537
v 1.90584 2.64327 0.94774 0.22955404750416813 0.21490166149326378 0.25397469085567537
v 1.81954 2.89661 0.41459 0.22955404750416813 0.21490166149326378 0.25397469085567537
v 3.29413 1.42621 -0.15191 0.22757288729196556 0.2130469583158827 0.25178276891877044
v 2.86772 1.74496 0.38986 0.22757288729196556 0.2130469583158827 0.25178276891877044
v 2.8251 2.01492 -0.14505 0.22757288729196556 0.2130469583158827 0.25178276891877044
v 2.8251 2.01492 -0.14505 0.22370588788533632 0.20942678865861272 0.24750438659654234
v 2.23833 2.20198 0.38601 0.22370588788533632 0.20942678865861272 0.24750438659654234
v 2.21016 2.49956 -0.1307 0.22370588788533632 0.20942678865861272 0.24750438659654234
v 2.86772 1.74496 0.38986 0.2239044418849137 0.20961266899864262 0.2477240633620322
v 2.40755 2.04316 0.92705 0.2239044418849137 0.20961266899864262 0.2477240633620322
v 2.23833 2.20198 0.38601 0.2239044418849137 0.20961266899864262 0.2477240633620322
v 2.8251 2.01492 -0.14505 0.22315525071933612 0.2089112985457615 0.2468951710086272
v 2.86772 1.74496 0.38986 0.22315525071933612 0.2089112985457615 0.2468951710086272
v 2.23833 2.20198 0.38601 0.22315525071933612 0.2089112985457615 0.2468951710086272
v 3.44562 0.90074 0.90491 0.22484046436401525 0.21048894536205684 0.24875966270061264
v 2.85908 1.29687 1.18158 0.22484046436401525 0.21048894536205684 0.24875966270061264
v 2.8566 1.43675 0.89407 0.22484046436401525 0.21048894536205684 0.24875966270061264
v 2.8566 1.43675 0.89407 0.22535127205081873 0.21096714830289415 0.2493248116306931
v 2.31311 1.84365 1.1781 0.22535127205081873 0.21096714830289415 0.2493248116306931
v 2.40755 2.04316 0.92705 0.22535127205081873 0.21096714830289415 0.2493248116306931
v 2.85908 1.29687 1.18158 0.22532507950943256 0.21094262762585178 0.24929583264873392
v 2.28976 1.70081 1.46536 0.22532507950943256 0.21094262762585178 0.24929583264873392
v 2.31311 1.84365 1.1781 0.22532507950943256 0.21094262762585178 0.24929583264873392
v 2.8566 1.43675 0.89407 0.22565582386616378 0.21125226064066396 0.24966176257533015
v 2.85908 1.29687 1.18158 0.22565582386616378 0.21125226064066396 0.24966176257533015
v 2.31311 1.84365 1.1781 0.22565582386616378 0.21125226064066396 0.24966176257533015
v 2.40755 2.04316 0.92705 0.22665339029642276 0.2121861526179277 0.25076545309391457
v 1.88163 2.48831 1.23339 0.22665339029642276 0.2121861526179277 0.25076545309391457
v 1.90584 2.64327 0.94774 0.22665339029642276 0.2121861526179277 0.25076545309391457
v 1.90584 2.64327 0.94774 0.22185244795074663 0.20769165340069898 0.2454537722008261
v 1.27353 2.92268 1.18198 0.22185244795074663 0.20769165340069898 0.2454537722008261
v 1.3514 3.17025 0.94222 0.22185244795074663 0.20769165340069898 0.2454537722008261
v 1.88163 2.48831 1.23339 0.2221666603715765 0.20798580970956101 0.24580141147493575
v 1.24366 2.78528 1.46628 0.2221666603715765 0.20798580970956101 0.24580141147493575
v 1.27353 2.92268 1.18198 0.2221666603715765 0.20798580970956101 0.24580141147493575
v 1.90584 2.64327 0.94774 0.22196559473906707 0.20779757805359472 0.24557895588152104
v 1.88163 2.48831 1.23339 0.22196559473906707 0.20779757805359472 0.24557895588152104
v 1.27353 2.92268 1.18198 0.22196559473906707 0.20779757805359472 0.24557895588152104
v 2.28976 1.70081 1.46536 0.22750387495026614 0.21298235101727042 0.25170641483859235
v 1.79603 2.1867 1.81774 0.22750387495026614 0.21298235101727042 0.25170641483859235
v 1.80101 2.2866 1.49429 0.22750387495026614 0.21298235101727042 0.25170641483859235
v 1.80101 2.2866 1.49429 0.22460651827515207 0.21026993200227004 0.24850082872995552
v 1.22183 2.66467 1.76555 0.22460651827515207 0.21026993200227004 0.24850082872995552
v 1.24366 2.78528 1.46628 0.22460651827515207 0.21026993200227004 0.24850082872995552
v 1.79603 2.1867 1.81774 0.2240265742105769 0.20972700564394434 0.24785918848829788
v 1.20412 2.55304 2.07076 0.2240265742105769 0.20972700564394434 0.24785918848829788
v 1.22183 2.66467 1.76555 0.2240265742105769 0.20972700564394434 0.24785918848829788
v 1.80101 2.2866 1.49429 0.2243478771505473 0.21002779988561876 0.2482146725920949
v 1.79603 2.1867 1.81774 0.2243478771505473 0.21002779988561876 0.2482146725920949
v 1.22183 2.66467 1.76555 0.2243478771505473 0.21002779988561876 0.2482146725920949
v 2.40755 2.04316 0.92705 0.22617028956688442 0.2117338881051684 0.2502309586697445
v 2.31311 1.84365 1.1781 0.22617028956688442 0.2117338881051684 0.2502309586697445
v 1.88163 2.48831 1.23339 0.22617028956688442 0.2117338881051684 0.2502309586697445
v 1.88163 2.48831 1.23339 0.22219369320741875 0.2080111170452431 0.24583132014437822
v 1.80101 2.2866 1.49429 0.22219369320741875 0.2080111170452431 0.24583132014437822
v 1.24366 2.78528 1.46628 0.22219369320741875 0.2080111170452431 0.24583132014437822
v 2.31311 1.84365 1.1781 0.22687910881673148 0.21239746357311035 0.25101518422276675
v 2.28976 1.70081 1.46536 0.22687910881673148 0.21239746357311035 0.25101518422276675
v 1.80101 2.2866 1.49429 0.22687910881673148 0.21239746357311035 0.25101518422276675
v 1.88163 2.48831 1.23339 0.2265912632608335 0.2121279911378016 0.25069671679922007
v 2.31311 1.84365 1.1781 0.2265912632608335 0.2121279911378016 0.25069671679922007
v 1.80101 2.2866 1.49429 0.2265912632608335 0.2121279911378016 0.25069671679922007
v 3.44562 0.90074 0.90491 0.22094205959447188 0.2068393749395056 0.24444653401941574
v 3.0937 0.7121 1.08835 0.22094205959447188 0.2068393749395056 0.24444653401941574
v 2.85908 1.29687 1.18158 0.22094205959447188 0.2068393749395056 0.24444653401941574
v 2.85908 1.29687 1.18158 0.22347425780188335 0.20920994347410357 0.2472481150148497
v 2.61667 1.13715 1.40569 0.22347425780188335 0.20920994347410357 0.2472481150148497
v 2.28976 1.70081 1.46536 0.22347425780188335 0.20920994347410357 0.2472481150148497
v 3.0937 0.7121 1.08835 0.2262885733573814 0.21184462186648473 0.25036182584220923
v 2.92615 0.56591 1.33665 0.2262885733573814 0.21184462186648473 0.25036182584220923
v 2.61667 1.13715 1.40569 0.2262885733573814 0.21184462186648473 0.25036182584220923
v 2.85908 1.29687 1.18158 0.2247435489003092 0.21039821599177883 0.24865243708119317
v 3.0937 0.7121 1.08835 0.2247435489003092 0.21039821599177883 0.24865243708119317
v 2.61667 1.13715 1.40569 0.2247435489003092 0.21039821599177883 0.24865243708119317
v 2.28976 1.70081 1.46536 0.2250775047125216 0.21071085547555216 0.24902192010747073
v 2.04357 1.55877 1.69221 0.2250775047125216 0.21071085547555216 0.24902192010747073
v 1.79603 2.1867 1.81774 0.2250775047125216 0.21071085547555216 0.24902192010747073
v 1.79603 2.1867 1.81774 0.2188572830295243 0.20488766921912915 0.24213997271351628
v 1.43186 1.9236 1.93003 0.2188572830295243 0.20488766921912915 0.24213997271351628
v 1.20412 2.55304 2.07076 0.2188572830295243 0.20488766921912915 0.24213997271351628
v 2.04357 1.55877 1.69221 0.2191673429604948 0.205177938090676 0.2424830177435262
v 1.68974 1.33462 1.82992 0.2191673429604948 0.205177938090676 0.2424830177435262
v 1.43186 1.9236 1.93003 0.2191673429604948 0.205177938090676 0.2424830177435262
v 1.79603 2.1867 1.81774 0.21851817698925602 0.20457020824526098 0.24176479156258115
v 2.04357 1.55877 1.69221 0.21851817698925602 0.20457020824526098 0.24176479156258115
v 1.43186 1.9236 1.93003 0.21851817698925602 0.20457020824526098 0.24176479156258115
v 2.92615 0.56591 1.33665 0.22025672260645765 0.20619778286561996 0.2436882888411872
v 2.55492 0.37939 1.49459 0.22025672260645765 0.20619778286561996 0.2436882888411872
v 2.36004 0.97171 1.61902 0.22025672260645765 0.20619778286561996 0.2436882888411872
v 2.36004 0.97171 1.61902 0.21676929034799863 0.2029329526662115 0.23982985315097724
v 1.91968 0.74408 1.70936 0.21676929034799863 0.2029329526662115 0.23982985315097724
v 1.68974 1.33462 1.82992 0.21676929034799863 0.2029329526662115 0.23982985315097724
v 2.55492 0.37939 1.49459 0.22144200109020384 0.20730740527593552 0.24499966078065108
v 2.29299 0.2091 1.71646 0.22144200109020384 0.20730740527593552 0.24499966078065108
v 1.91968 0.74408 1.70936 0.22144200109020384 0.20730740527593552 0.24499966078065108
v 2.36004 0.97171 1.61902 0.21694014541660517 0.20309290209214104 0.24001888429071214
v 2.55492 0.37939 1.49459 0.21694014541660517 0.20309290209214104 0.24001888429071214
v 1.91968 0.74408 1.70936 0.21694014541660517 0.20309290209214104 0.24001888429071214
v 2.28976 1.70081 1.46536 0.22363945085390372 0.20936459228876092 0.24743088179580838
v 2.61667 1.13715 1.40569 0.22363945085390372 0.20936459228876092 0.24743088179580838
v 2.04357 1.55877 1.69221 0.22363945085390372 0.20936459228876092 0.24743088179580838
v 2.04357 1.55877 1.69221 0.21845638808740594 0.2045123633158694 0.24169642937330021
v 2.36004 0.97171 1.61902 0.21845638808740594 0.2045123633158694 0.24169642937330021
v 1.68974 1.33462 1.82992 0.21845638808740594 0.2045123633158694 0.24169642937330021
v 2.61667 1.13715 1.40569 0.22308387400780796 0.20884447779454365 0.24681620102991522
v 2.92615 0.56591 1.33665 0.22308387400780796 0.20884447779454365 0.24681620102991522
v 2.36004 0.97171 1.61902 0.22308387400780796 0.20884447779454365 0.24681620102991522
v 2.04357 1.55877 1.69221 0.22312400653749548 0.20888204867340002 0.24686060297765458
v 2.61667 1.13715 1.40569 0.22312400653749548 0.20888204867340002 0.24686060297765458
v 2.36004 0.97171 1.61902 0.22312400653749548 0.20888204867340002 0.24686060297765458
v 3.19914 1.97614 -1.21133 0.2160129951669674 0.20222493164567162 0.23899310103579374
v 2.69789 2.5185 -1.04738 0.2160129951669674 0.20222493164567162 0.23899310103579374
v 2.18597 1.70586 -1.60533 0.2160129951669674 0.20222493164567162 0.23899310103579374
v 2.18597 1.70586 -1.60533 0.21512792283152735 0.20139635328908945 0.23801387206892388
v 1.64401 2.21662 -1.42554 0.21512792283152735 0.20139635328908945 0.23801387206892388
v 1.14444 1.41345 -1.9785 0.21512792283152735 0.20139635328908945 0.23801387206892388
v 2.69789 2.5185 -1.04738 0.214691187977981 0.20098749512832267 0.237530676060745
v 2.1232 2.99231 -0.85492 0.214691187977981 0.20098749512832267 0.237530676060745
v 1.64401 2.21662 -1.42554 0.214691187977981 0.20098749512832267 0.237530676060745
v 2.18597 1.70586 -1.60533 0.21509504613738265 0.20136557510733696 0.2379774978541255
v 2.69789 2.5185 -1.04738 0.21509504613738265 0.20136557510733696 0.2379774978541255
v 1.64401 2.21662 -1.42554 0.21509504613738265 0.20136557510733696 0.2379774978541255
v 1.14444 1.41345 -1.9785 0.2119374610844211 0.19840953803647934 0.2344839994976574
v 0.54185 1.79503 -1.69434 0.2119374610844211 0.19840953803647934 0.2344839994976574
v 0.07783 1.04549 -2.21082 0.2119374610844211 0.19840953803647934 0.2344839994976574
v 0.07783 1.04549 -2.21082 0.21596632265888394 0.2021812382338488 0.23894146336727587
v -0.50276 1.54384 -2.08846 0.21596632265888394 0.2021812382338488 0.23894146336727587
v -0.98252 0.76152 -2.62076 0.21596632265888394 0.2021812382338488 0.23894146336727587
v 0.54185 1.79503 -1.69434 0.21588534624965267 0.20210543053158975 0.23885187244642425
v -0.01915 2.31434 -1.54019 0.21588534624965267 0.20210543053158975 0.23885187244642425
v -0.50276 1.54384 -2.08846 0.21588534624965267 0.20210543053158975 0.23885187244642425
v 0.07783 1.04549 -2.21082 0.21602844552249484 0.20223939580829306 0.23901019504616453
v 0.54185 1.79503 -1.69434 0.21602844552249484 0.20223939580829306 0.23901019504616453
v -0.50276 1.54384 -2.08846 0.21602844552249484 0.20223939580829306 0.23901019504616453
v 2.1232 2.99231 -0.85492 0.21186315221067176 0.19833997228233102 0.23440178542457302
v 1.49349 3.33788 -0.63877 0.21186315221067176 0.19833997228233102 0.23440178542457302
v 1.01818 2.56797 -1.15903 0.21186315221067176 0.19833997228233102 0.23440178542457302
v 1.01818 2.56797 -1.15903 0.21566856163766485 0.20190248323526072 0.23861202564167178
v 0.462 3.08515 -0.99743 0.21566856163766485 0.20190248323526072 0.23861202564167178
v -0.01915 2.31434 -1.54019 0.21566856163766485 0.20190248323526072 0.23861202564167178
v 1.49349 3.33788 -0.63877 0.21529260976678044 0.2015505282923051 0.23819607889090605
v 0.94424 3.86328 -0.45703 0.21529260976678044 0.2015505282923051 0.23819607889090605
v 0.462 3.08515 -0.99743 0.21529260976678044 0.2015505282923051 0.23819607889090605
v 1.01818 2.56797 -1.15903 0.21541916874463116 0.20166900903752705 0.2383361015898047
v 1.49349 3.33788 -0.63877 0.21541916874463116 0.20166900903752705 0.2383361015898047
v 0.462 3.08515 -0.99743 0.21541916874463116 0.20166900903752705 0.2383361015898047
v 1.14444 1.41345 -1.9785 0.2119416536957781 0.19841346303434548 0.2344886381314992
v 1.64401 2.21662 -1.42554 0.2119416536957781 0.19841346303434548 0.2344886381314992
v 0.54185 1.79503 -1.69434 0.2119416536957781 0.19841346303434548 0.2344886381314992
v 0.54185 1.79503 -1.69434 0.21573712886738078 0.20196667383329264 0.23868788725752768
v 1.01818 2.56797 -1.15903 0.21573712886738078 0.20196667383329264 0.23868788725752768
v -0.01915 2.31434 -1.54019 0.21573712886738078 0.20196667383329264 0.23868788725752768
v 1.64401 2.21662 -1.42554 0.21166214346622417 0.1981517938832737 0.23417939277114166
v 2.1232 2.99231 -0.85492 0.21166214346622417 0.1981517938832737 0.23417939277114166
v 1.01818 2.56797 -1.15903 0.21166214346622417 0.1981517938832737 0.23417939277114166
v 0.54185 1.79503 -1.69434 0.21197459452527193 0.1984443012577014 0.2345250833045562
v 1.64401 2.21662 -1.42554 0.21197459452527193 0.1984443012577014 0.2345250833045562
v 1.01818 2.56797 -1.15903 0.21197459452527193 0.1984443012577014 0.2345250833045562
v 3.19914 1.97614 -1.21133 0.21632847857813656 0.20252027781782997 0.23934214651198088
v 2.18597 1.70586 -1.60533 0.21632847857813656 0.20252027781782997 0.23934214651198088
v 2.59366 1.58429 -1.5578 0.21632847857813656 0.20252027781782997 0.23934214651198088
v 2.59366 1.58429 -1.5578 0.21327574050029888 0.19966239536198194 0.23596464906416048
v 1.4764 1.23612 -1.85299 0.21327574050029888 0.19966239536198194 0.23596464906416048
v 1.91348 1.1468 -1.8594 0.21327574050029888 0.19966239536198194 0.23596464906416048
v 2.18597 1.70586 -1.60533 0.21875174554760896 0.20478886817222966 0.2420232078399078
v 1.14444 1.41345 -1.9785 0.21875174554760896 0.20478886817222966 0.2420232078399078
v 1.4764 1.23612 -1.85299 0.21875174554760896 0.20478886817222966 0.2420232078399078
v 2.59366 1.58429 -1.5578 0.215316636103703 0.20157302103325386 0.2382226612211182
v 2.18597 1.70586 -1.60533 0.215316636103703 0.20157302103325386 0.2382226612211182
v 1.4764 1.23612 -1.85299 0.215316636103703 0.20157302103325386 0.2382226612211182
v 1.91348 1.1468 -1.8594 0.21536376971468787 0.20161714611587803 0.23827480904603768
v 0.84347 0.81391 -2.12645 0.21536376971468787 0.20161714611587803 0.23827480904603768
v 1.19485 0.68749 -2.08445 0.21536376971468787 0.20161714611587803 0.23827480904603768
v 1.19485 0.68749 -2.08445 0.21845080036432277 0.20450713225596176 0.24169024721159116
v 0.17142 0.39567 -2.52436 0.21845080036432277 0.20450713225596176 0.24169024721159116
v 0.54182 0.26592 -2.42391 0.21845080036432277 0.20450713225596176 0.24169024721159116
v 0.84347 0.81391 -2.12645 0.21151355921188528 0.19801269373027558 0.2340150016812348
v -0.21224 0.49482 -2.42955 0.21151355921188528 0.19801269373027558 0.2340150016812348
v 0.17142 0.39567 -2.52436 0.21151355921188528 0.19801269373027558 0.2340150016812348
v 1.19485 0.68749 -2.08445 0.2168929850030762 0.20304875191777347 0.2399667068119141
v 0.84347 0.81391 -2.12645 0.2168929850030762 0.20304875191777347 0.2399667068119141
v 0.17142 0.39567 -2.52436 0.2168929850030762 0.20304875191777347 0.2399667068119141
v 1.14444 1.41345 -1.9785 0.2122988901394727 0.1987478971518468 0.2348838784521826
v 0.07783 1.04549 -2.21082 0.2122988901394727 0.1987478971518468 0.2348838784521826
v 0.48138 0.98542 -2.27629 0.2122988901394727 0.1987478971518468 0.2348838784521826
v 0.48138 0.98542 -2.27629 0.2172283075190837 0.20336267086892942 0.2403377019360075
v -0.60381 0.63493 -2.55231 0.2172283075190837 0.20336267086892942 0.2403377019360075
v -0.21224 0.49482 -2.42955 0.2172283075190837 0.20336267086892942 0.2403377019360075
v 0.07783 1.04549 -2.21082 0.21718695500411653 0.20332395787619423 0.24029195021732044
v -0.98252 0.76152 -2.62076 0.21718695500411653 0.20332395787619423 0.24029195021732044
v -0.60381 0.63493 -2.55231 0.21718695500411653 0.20332395787619423 0.24029195021732044
v 0.48138 0.98542 -2.27629 0.21198863157974082 0.19845744232997015 0.234540613662692
v 0.07783 1.04549 -2.21082 0.21198863157974082 0.19845744232997015 0.234540613662692
v -0.60381 0.63493 -2.55231 0.21198863157974082 0.19845744232997015 0.234540613662692
v 1.91348 1.1468 -1.8594 0.21319009763994573 0.19958221906718324 0.23586989526121657
v 1.4764 1.23612 -1.85299 0.21319009763994573 0.19958221906718324 0.23586989526121657
v 0.84347 0.81391 -2.12645 0.21319009763994573 0.19958221906718324 0.23586989526121657
v 0.84347 0.81391 -2.12645 0.2181653737542774 0.2042399243657065 0.24137445606856223
v 0.48138 0.98542 -2.27629 0.2181653737542774 0.2042399243657065 0.24137445606856223
v -0.21224 0.49482 -2.42955 0.2181653737542774 0.2042399243657065 0.24137445606856223
v 1.4764 1.23612 -1.85299 0.21951505757042172 0.2055034581510331 0.24286772326940276
v 1.14444 1.41345 -1.9785 0.21951505757042172 0.2055034581510331 0.24286772326940276
v 0.48138 0.98542 -2.27629 0.21951505757042172 0.2055034581510331 0.24286772326940276
v 0.84347 0.81391 -2.12645 0.21971218978382953 0.20568800745720212 0.24308582699487524
v 1.4764 1.23612 -1.85299 0.21971218978382953 0.20568800745720212 0.24308582699487524
v 0.48138 0.98542 -2.27629 0.21971218978382953 0.20568800745720212 0.24308582699487524
v 3.19914 1.97614 -1.21133 0.22785510637404152 0.21331116341399634 0.2520950113074502
v 2.95089 1.12279 -1.20243 0.22785510637404152 0.21331116341399634 0.2520950113074502
v 3.32449 1.63899 -0.91518 0.22785510637404152 0.21331116341399634 0.2520950113074502
v 3.32449 1.63899 -0.91518 0.22683230427146167 0.21235364655200667 0.2509634004705533
v 3.15921 0.81796 -0.93174 0.22683230427146167 0.21235364655200667 0.2509634004705533
v 3.52636 1.33956 -0.6401 0.22683230427146167 0.21235364655200667 0.2509634004705533
v 2.95089 1.12279 -1.20243 0.2258325951237377 0.21141774862647789 0.2498573392858375
v 2.7336 0.28122 -1.20615 0.2258325951237377 0.21141774862647789 0.2498573392858375
v 3.15921 0.81796 -0.93174 0.2258325951237377 0.21141774862647789 0.2498573392858375
v 3.32449 1.63899 -0.91518 0.2265229233258372 0.2120640133263157 0.2506211066583731
v 2.95089 1.12279 -1.20243 0.2265229233258372 0.2120640133263157 0.2506211066583731
v 3.15921 0.81796 -0.93174 0.2265229233258372 0.2120640133263157 0.2506211066583731
v 3.52636 1.33956 -0.6401 0.22667551919486773 0.2122068690334932 0.250789936130492
v 3.36856 0.49552 -0.6412 0.22667551919486773 0.2122068690334932 0.250789936130492
v 3.73642 1.03595 -0.36046 0.22667551919486773 0.2122068690334932 0.250789936130492
v 3.73642 1.03595 -0.36046 0.22812477356385566 0.21356361780446065 0.25239336649618077
v 3.56775 0.17834 -0.35452 0.22812477356385566 0.21356361780446065 0.25239336649618077
v 3.88866 0.7163 -0.07524 0.22812477356385566 0.21356361780446065 0.25239336649618077
v 3.36856 0.49552 -0.6412 0.22530394441533408 0.21092284158031277 0.24927244914036964
v 3.07799 -0.36806 -0.61702 0.22530394441533408 0.21092284158031277 0.24927244914036964
v 3.56775 0.17834 -0.35452 0.22530394441533408 0.21092284158031277 0.24927244914036964
v 3.73642 1.03595 -0.36046 0.22689799919003903 0.2124151481779089 0.25103608421025597
v 3.36856 0.49552 -0.6412 0.22689799919003903 0.2124151481779089 0.25103608421025597
v 3.56775 0.17834 -0.35452 0.22689799919003903 0.2124151481779089 0.25103608421025597
v 2.7336 0.28122 -1.20615 0.2242973386900227 0.20998048728427657 0.2481587576995996
v 2.4916 -0.5938 -1.20272 0.2242973386900227 0.20998048728427657 0.2481587576995996
v 2.9875 -0.04464 -0.93722 0.2242973386900227 0.20998048728427657 0.2481587576995996
v 2.9875 -0.04464 -0.93722 0.22765436679799195 0.21312323700237545 0.2518729164573528
v 2.64071 -0.91896 -0.88899 0.22765436679799195 0.21312323700237545 0.2518729164573528
v 3.07799 -0.36806 -0.61702 0.22765436679799195 0.21312323700237545 0.2518729164573528
v 2.4916 -0.5938 -1.20272 0.22492812044870386 0.21057100637751003 0.24885664390069367
v 2.09359 -1.43164 -1.12399 0.22492812044870386 0.21057100637751003 0.24885664390069367
v 2.64071 -0.91896 -0.88899 0.22492812044870386 0.21057100637751003 0.24885664390069367
v 2.9875 -0.04464 -0.93722 0.22614740327056074 0.21171246263626964 0.2502056376610459
v 2.4916 -0.5938 -1.20272 0.22614740327056074 0.21171246263626964 0.2502056376610459
v 2.64071 -0.91896 -0.88899 0.22614740327056074 0.21171246263626964 0.2502056376610459
v 3.52636 1.33956 -0.6401 0.22687114806944572 0.21239001095863005 0.2510063765874719
v 3.15921 0.81796 -0.93174 0.22687114806944572 0.21239001095863005 0.2510063765874719
v 3.36856 0.49552 -0.6412 0.22687114806944572 0.21239001095863005 0.2510063765874719
v 3.36856 0.49552 -0.6412 0.22856560635933407 0.21397631233639788 0.2528810963975611
v 2.9875 -0.04464 -0.93722 0.22856560635933407 0.21397631233639788 0.2528810963975611
v 3.07799 -0.36806 -0.61702 0.22856560635933407 0.21397631233639788 0.2528810963975611
v 3.15921 0.81796 -0.93174 0.22509481841261092 0.21072706404584854 0.24904107569054826
v 2.7336 0.28122 -1.20615 0.22509481841261092 0.21072706404584854 0.24904107569054826
v 2.9875 -0.04464 -0.93722 0.22509481841261092 0.21072706404584854 0.24904107569054826
v 3.36856 0.49552 -0.6412 0.22679844585367087 0.21232194930981957 0.2509259400934231
v 3.15921 0.81796 -0.93174 0.22679844585367087 0.21232194930981957 0.2509259400934231
v 2.9875 -0.04464 -0.93722 0.22679844585367087 0.21232194930981957 0.2509259400934231
v 3.19914 1.97614 -1.21133 0.22359274216428118 0.209320865004859 0.24737920409665154
v 2.59366 1.58429 -1.5578 0.22359274216428118 0.209320865004859 0.24737920409665154
v 2.95089 1.12279 -1.20243 0.22359274216428118 0.209320865004859 0.24737920409665154
v 2.95089 1.12279 -1.20243 0.22495960984376587 0.21060048581118507 0.24889148323140053
v 2.40119 0.73788 -1.584 0.22495960984376587 0.21060048581118507 0.24889148323140053
v 2.7336 0.28122 -1.20615 0.22495960984376587 0.21060048581118507 0.24889148323140053
v 2.59366 1.58429 -1.5578 0.2208735076855789 0.20677519868437175 0.24437068935425751
v 1.91348 1.1468 -1.8594 0.2208735076855789 0.20677519868437175 0.24437068935425751
v 2.40119 0.73788 -1.584 0.2208735076855789 0.20677519868437175 0.24437068935425751
v 2.95089 1.12279 -1.20243 0.22461992787837187 0.2102824856733694 0.24851566488670931
v 2.59366 1.58429 -1.5578 0.22461992787837187 0.2102824856733694 0.24851566488670931
v 2.40119 0.73788 -1.584 0.22461992787837187 0.2102824856733694 0.24851566488670931
v 2.7336 0.28122 -1.20615 0.22086822238049358 0.20677025073918548 0.24436484178267376
v 2.04783 -0.14161 -1.48834 0.22086822238049358 0.20677025073918548 0.24436484178267376
v 2.4916 -0.5938 -1.20272 0.22086822238049358 0.20677025073918548 0.24436484178267376
v 2.4916 -0.5938 -1.20272 0.2173090729779059 0.20343828108569914 0.2404270594649172
v 1.62814 -0.96563 -1.36924 0.2173090729779059 0.20343828108569914 0.2404270594649172
v 2.09359 -1.43164 -1.12399 0.2173090729779059 0.20343828108569914 0.2404270594649172
v 2.04783 -0.14161 -1.48834 0.21993709337527298 0.20589855550025557 0.24333465650030203
v 1.26012 -0.55739 -1.69643 0.21993709337527298 0.20589855550025557 0.24333465650030203
v 1.62814 -0.96563 -1.36924 0.21993709337527298 0.20589855550025557 0.24333465650030203
v 2.4916 -0.5938 -1.20272 0.21779964327262086 0.20389753838287913 0.24096981808885715
v 2.04783 -0.14161 -1.48834 0.21779964327262086 0.20389753838287913 0.24096981808885715
v 1.62814 -0.96563 -1.36924 0.21779964327262086 0.20389753838287913 0.24096981808885715
v 1.91348 1.1468 -1.8594 0.2206124434678367 0.20653079814010245 0.24408185234739382
v 1.19485 0.68749 -2.08445 0.2206124434678367 0.20653079814010245 0.24408185234739382
v 1.58618 0.29459 -1.77722 0.2206124434678367 0.20653079814010245 0.24408185234739382
v 1.58618 0.29459 -1.77722 0.21960243172918886 0.2055852552358364 0.242964392551443
v 0.86348 -0.13967 -1.97444 0.21960243172918886 0.2055852552358364 0.242964392551443
v 1.26012 -0.55739 -1.69643 0.21960243172918886 0.2055852552358364 0.242964392551443
v 1.19485 0.68749 -2.08445 0.22410423922638176 0.20979971331831485 0.24794511573982667
v 0.54182 0.26592 -2.42391 0.22410423922638176 0.20979971331831485 0.24794511573982667
v 0.86348 -0.13967 -1.97444 0.22410423922638176 0.20979971331831485 0.24794511573982667
v 1.58618 0.29459 -1.77722 0.22006122949465245 0.20601476803754698 0.24347199858982826
v 1.19485 0.68749 -2.08445 0.22006122949465245 0.20601476803754698 0.24347199858982826
v 0.86348 -0.13967 -1.97444 0.22006122949465245 0.20601476803754698 0.24347199858982826
v 2.7336 0.28122 -1.20615 0.22235113617945007 0.20815851046586817 0.2460055123687533
v 2.40119 0.73788 -1.584 0.22235113617945007 0.20815851046586817 0.2460055123687533
v 2.04783 -0.14161 -1.48834 0.22235113617945007 0.20815851046586817 0.2460055123687533
v 2.04783 -0.14161 -1.48834 0.2190544151851917 0.20507221847124332 0.24235807637510573
v 1.58618 0.29459 -1.77722 0.2190544151851917 0.20507221847124332 0.24235807637510573
v 1.26012 -0.55739 -1.69643 0.2190544151851917 0.20507221847124332 0.24235807637510573
v 2.40119 0.73788 -1.584 0.21859515490544124 0.20464227267743434 0.24184995861878605
v 1.91348 1.1468 -1.8594 0.21859515490544124 0.20464227267743434 0.24184995861878605
v 1.58618 0.29459 -1.77722 0.21859515490544124 0.20464227267743434 0.24184995861878605
v 2.04783 -0.14161 -1.48834 0.21878288569516172 0.2048180206507897 0.2420576607691151
v 2.40119 0.73788 -1.584 0.21878288569516172 0.2048180206507897 0.2420576607691151
v 1.58618 0.29459 -1.77722 0.21878288569516172 0.2048180206507897 0.2420576607691151
v 3.19914 1.97614 -1.21133 0.22715711020035056 0.21265772018756224 0.2513227602216645
v 2.73322 2.26149 -0.6781 0.22715711020035056 0.21265772018756224 0.2513227602216645
v 2.69789 2.5185 -1.04738 0.22715711020035056 0.21265772018756224 0.2513227602216645
v 2.69789 2.5185 -1.04738 0.22550366432808783 0.21110981341352902 0.24949341585235252
v 2.16767 2.74718 -0.49304 0.22550366432808783 0.21110981341352902 0.24949341585235252
v 2.1232 2.99231 -0.85492 0.22550366432808783 0.21110981341352902 0.24949341585235252
v 2.73322 2.26149 -0.6781 0.22572678519704997 0.21131869252489788 0.24974027298397022
v 2.21016 2.49956 -0.1307 0.22572678519704997 0.21131869252489788 0.24974027298397022
v 2.16767 2.74718 -0.49304 0.22572678519704997 0.21131869252489788 0.24974027298397022
v 2.69789 2.5185 -1.04738 0.22569465761874527 0.21128861564308068 0.2497047275781863
v 2.73322 2.26149 -0.6781 0.22569465761874527 0.21128861564308068 0.2497047275781863
v 2.16767 2.74718 -0.49304 0.22569465761874527 0.21128861564308068 0.2497047275781863
v 2.1232 2.99231 -0.85492 0.22083898133352703 0.2067428761420253 0.2443324899860299
v 1.65616 3.3066 -0.30595 0.22083898133352703 0.2067428761420253 0.2443324899860299
v 1.49349 3.33788 -0.63877 0.22083898133352703 0.2067428761420253 0.2443324899860299
v 1.49349 3.33788 -0.63877 0.2253242701477204 0.21094186992552552 0.249294937184712
v 1.08333 3.81678 -0.10777 0.2253242701477204 0.21094186992552552 0.249294937184712
v 0.94424 3.86328 -0.45703 0.2253242701477204 0.21094186992552552 0.249294937184712
v 1.65616 3.3066 -0.30595 0.22610773731119738 0.21167532854665286 0.2501617519187716
v 1.16814 3.57902 0.24689 0.22610773731119738 0.21167532854665286 0.2501617519187716
v 1.08333 3.81678 -0.10777 0.22610773731119738 0.21167532854665286 0.2501617519187716
v 1.49349 3.33788 -0.63877 0.22427610144539187 0.20996060560845198 0.24813526117362505
v 1.65616 3.3066 -0.30595 0.22427610144539187 0.20996060560845198 0.24813526117362505
v 1.08333 3.81678 -0.10777 0.22427610144539187 0.20996060560845198 0.24813526117362505
v 2.21016 2.49956 -0.1307 0.22694548345461726 0.21245960153198215 0.25108861999234255
v 1.81954 2.89661 0.41459 0.22694548345461726 0.21245960153198215 0.25108861999234255
v 1.69279 3.04583 0.05822 0.22694548345461726 0.21245960153198215 0.25108861999234255
v 1.69279 3.04583 0.05822 0.22682731893658442 0.21234897942999392 0.2509578847809019
v 1.22938 3.29322 0.58021 0.22682731893658442 0.21234897942999392 0.2509578847809019
v 1.16814 3.57902 0.24689 0.22682731893658442 0.21234897942999392 0.2509578847809019
v 1.81954 2.89661 0.41459 0.2235976167053936 0.20932542840504936 0.24738459720596742
v 1.3514 3.17025 0.94222 0.2235976167053936 0.20932542840504936 0.24738459720596742
v 1.22938 3.29322 0.58021 0.2235976167053936 0.20932542840504936 0.24738459720596742
v 1.69279 3.04583 0.05822 0.22372682642169267 0.20944639069264848 0.24752755263676637
v 1.81954 2.89661 0.41459 0.22372682642169267 0.20944639069264848 0.24752755263676637
v 1.22938 3.29322 0.58021 0.22372682642169267 0.20944639069264848 0.24752755263676637
v 2.1232 2.99231 -0.85492 0.2273942830677683 0.212879754361315 0.25158516424519045
v 2.16767 2.74718 -0.49304 0.2273942830677683 0.212879754361315 0.25158516424519045
v 1.65616 3.3066 -0.30595 0.2273942830677683 0.212879754361315 0.25158516424519045
v 1.65616 3.3066 -0.30595 0.22686834265687153 0.21238738461494358 0.2510032727267515
v 1.69279 3.04583 0.05822 0.22686834265687153 0.21238738461494358 0.2510032727267515
v 1.16814 3.57902 0.24689 0.22686834265687153 0.21238738461494358 0.2510032727267515
v 2.16767 2.74718 -0.49304 0.2271690545541024 0.21266890213575548 0.2513359752513474
v 2.21016 2.49956 -0.1307 0.2271690545541024 0.21266890213575548 0.2513359752513474
v 1.69279 3.04583 0.05822 0.2271690545541024 0.21266890213575548 0.2513359752513474
v 1.65616 3.3066 -0.30595 0.22733093455798092 0.21282044937342898 0.25151507653223426
v 2.16767 2.74718 -0.49304 0.22733093455798092 0.21282044937342898 0.25151507653223426
v 1.69279 3.04583 0.05822 0.22733093455798092 0.21282044937342898 0.25151507653223426
v -0.98252 0.76152 -2.62076 0.2256318409500188 0.2112298085489538 0.24963522828512724
v -1.38558 1.13073 -2.06481 0.2256318409500188 0.2112298085489538 0.24963522828512724
v -1.42849 0.04972 -2.49427 0.2256318409500188 0.2112298085489538 0.24963522828512724
v -1.42849 0.04972 -2.49427 0.22548927849586942 0.21109634582592032 0.24947749961245128
v -1.81854 0.44438 -1.94664 0.22548927849586942 0.21109634582592032 0.24947749961245128
v -1.87742 -0.66197 -2.37297 0.22548927849586942 0.21109634582592032 0.24947749961245128
v -1.38558 1.13073 -2.06481 0.2223581533334753 0.20816507971644496 0.24601327602852588
v -1.88989 1.58255 -1.65972 0.2223581533334753 0.20816507971644496 0.24601327602852588
v -1.81854 0.44438 -1.94664 0.2223581533334753 0.20816507971644496 0.24601327602852588
v -1.42849 0.04972 -2.49427 0.22550089589570155 0.21110722168959295 0.2494903529058826
v -1.38558 1.13073 -2.06481 0.22550089589570155 0.21110722168959295 0.2494903529058826
v -1.81854 0.44438 -1.94664 0.22550089589570155 0.21110722168959295 0.2494903529058826
v -1.87742 -0.66197 -2.37297 0.22650619465253422 0.21204835244067033 0.250602598338974
v -2.2124 -0.24273 -1.79158 0.22650619465253422 0.21204835244067033 0.250602598338974
v -2.31869 -1.38019 -2.23049 0.22650619465253422 0.21204835244067033 0.250602598338974
v -2.31869 -1.38019 -2.23049 0.2275489022897276 0.21302450427123434 0.2517562323205497
v -2.65369 -0.93427 -1.65095 0.2275489022897276 0.21302450427123434 0.2517562323205497
v -2.68868 -2.05598 -2.01945 0.2275489022897276 0.21302450427123434 0.2517562323205497
v -2.2124 -0.24273 -1.79158 0.2237282652445192 0.2094477376757201 0.24752914452585104
v -2.69604 0.1602 -1.33057 0.2237282652445192 0.2094477376757201 0.24752914452585104
v -2.65369 -0.93427 -1.65095 0.2237282652445192 0.2094477376757201 0.24752914452585104
v -2.31869 -1.38019 -2.23049 0.22624604158960215 0.2118048048923935 0.25031476941828323
v -2.2124 -0.24273 -1.79158 0.22624604158960215 0.2118048048923935 0.25031476941828323
v -2.65369 -0.93427 -1.65095 0.22624604158960215 0.2118048048923935 0.25031476941828323
v -1.88989 1.58255 -1.65972 0.22427332893883312 0.20995801007039697 0.24813219371956008
v -2.39382 2.03599 -1.19913 0.22427332893883312 0.20995801007039697 0.24813219371956008
v -2.27323 0.86387 -1.48227 0.22427332893883312 0.20995801007039697 0.24813219371956008
v -2.27323 0.86387 -1.48227 0.22312894297194605 0.20888667001628994 0.24686606456470628
v -2.81842 1.31007 -1.03385 0.22312894297194605 0.20888667001628994 0.24686606456470628
v -2.69604 0.1602 -1.33057 0.22312894297194605 0.20888667001628994 0.24686606456470628
v -2.39382 2.03599 -1.19913 0.22627274379980705 0.21182980270620236 0.2503443122891483
v -2.76946 2.3803 -0.67428 0.22627274379980705 0.21182980270620236 0.2503443122891483
v -2.81842 1.31007 -1.03385 0.22627274379980705 0.21182980270620236 0.2503443122891483
v -2.27323 0.86387 -1.48227 0.22330214182180622 0.20904881362041433 0.24705768882412604
v -2.39382 2.03599 -1.19913 0.22330214182180622 0.20904881362041433 0.24705768882412604
v -2.81842 1.31007 -1.03385 0.22330214182180622 0.20904881362041433 0.24705768882412604
v -1.87742 -0.66197 -2.37297 0.22696838590606805 0.21248104212482968 0.2511139588747987
v -1.81854 0.44438 -1.94664 0.22696838590606805 0.21248104212482968 0.2511139588747987
v -2.2124 -0.24273 -1.79158 0.22696838590606805 0.21248104212482968 0.2511139588747987
v -2.2124 -0.24273 -1.79158 0.22401918155283515 0.20972008485797333 0.24785100937760485
v -2.27323 0.86387 -1.48227 0.22401918155283515 0.20972008485797333 0.24785100937760485
v -2.69604 0.1602 -1.33057 0.22401918155283515 0.20972008485797333 0.24785100937760485
v -1.81854 0.44438 -1.94664 0.22491984334467147 0.21056325759926692 0.24884748625367908
v -1.88989 1.58255 -1.65972 0.22491984334467147 0.21056325759926692 0.24884748625367908
v -2.27323 0.86387 -1.48227 0.22491984334467147 0.21056325759926692 0.24884748625367908
v -2.2124 -0.24273 -1.79158 0.22453709106673347 0.21020493631779305 0.24842401564830088
v -1.81854 0.44438 -1.94664 0.22453709106673347 0.21020493631779305 0.24842401564830088
v -2.27323 0.86387 -1.48227 0.22453709106673347 0.21020493631779305 0.24842401564830088
v -0.98252 0.76152 -2.62076 0.21355326470441158 0.19992220525519383 0.23627169711977453
v -1.42849 0.04972 -2.49427 0.21355326470441158 0.19992220525519383 0.23627169711977453
v -0.60381 0.63493 -2.55231 0.21355326470441158 0.19992220525519383 0.23627169711977453
v -0.60381 0.63493 -2.55231 0.21571287652254492 0.20194396951046759 0.23866105487600717
v -1.06341 -0.08506 -2.44396 0.21571287652254492 0.20194396951046759 0.23866105487600717
v -0.21224 0.49482 -2.42955 0.21571287652254492 0.20194396951046759 0.23866105487600717
v -1.42849 0.04972 -2.49427 0.21275549930691998 0.1991753610532868 0.2353890630629753
v -1.87742 -0.66197 -2.37297 0.21275549930691998 0.1991753610532868 0.2353890630629753
v -1.06341 -0.08506 -2.44396 0.21275549930691998 0.1991753610532868 0.2353890630629753
v -0.60381 0.63493 -2.55231 0.21287953514902877 0.1992914797139844 0.23552629420743612
v -1.42849 0.04972 -2.49427 0.21287953514902877 0.1992914797139844 0.23552629420743612
v -1.06341 -0.08506 -2.44396 0.21287953514902877 0.1992914797139844 0.23552629420743612
v -0.21224 0.49482 -2.42955 0.2168928285441555 0.2030486054455924 0.23996653370842738
v -0.62371 -0.1877 -2.27552 0.2168928285441555 0.2030486054455924 0.23996653370842738
v 0.17142 0.39567 -2.52436 0.2168928285441555 0.2030486054455924 0.23996653370842738
v 0.17142 0.39567 -2.52436 0.21488097307766207 0.20116516628547088 0.23774065106464742
v -0.26353 -0.3164 -2.38947 0.21488097307766207 0.20116516628547088 0.23774065106464742
v 0.54182 0.26592 -2.42391 0.21488097307766207 0.20116516628547088 0.23774065106464742
v -0.62371 -0.1877 -2.27552 0.21764929577247416 0.20375678753167795 0.24080347617380124
v -1.04847 -0.87422 -2.17003 0.21764929577247416 0.20375678753167795 0.24080347617380124
v -0.26353 -0.3164 -2.38947 0.21764929577247416 0.20375678753167795 0.24080347617380124
v 0.17142 0.39567 -2.52436 0.21785918780023072 0.20395328219596068 0.24103569714068082
v -0.62371 -0.1877 -2.27552 0.21785918780023072 0.20395328219596068 0.24103569714068082
v -0.26353 -0.3164 -2.38947 0.21785918780023072 0.20395328219596068 0.24103569714068082
v -1.87742 -0.66197 -2.37297 0.21487123104358544 0.20115604608335658 0.2377298726439669
v -2.31869 -1.38019 -2.23049 0.21487123104358544 0.20115604608335658 0.2377298726439669
v -1.46263 -0.76793 -2.27101 0.21487123104358544 0.20115604608335658 0.2377298726439669
v -1.46263 -0.76793 -2.27101 0.21417667095320214 0.20050581961576372 0.23696142318226623
v -1.82635 -1.43199 -2.0474 0.21417667095320214 0.20050581961576372 0.23696142318226623
v -1.04847 -0.87422 -2.17003 0.21417667095320214 0.20050581961576372 0.23696142318226623
v -2.31869 -1.38019 -2.23049 0.2173553137211335 0.20348157029212502 0.24047821943614775
v -2.68868 -2.05598 -2.01945 0.2173553137211335 0.20348157029212502 0.24047821943614775
v -1.82635 -1.43199 -2.0474 0.2173553137211335 0.20348157029212502 0.24047821943614775
v -1.46263 -0.76793 -2.27101 0.21726452908926447 0.20339658042399228 0.24037777686471817
v -2.31869 -1.38019 -2.23049 0.21726452908926447 0.20339658042399228 0.24037777686471817
v -1.82635 -1.43199 -2.0474 0.21726452908926447 0.20339658042399228 0.24037777686471817
v -0.21224 0.49482 -2.42955 0.21699211424912868 0.20314155376514176 0.24007638172244025
v -1.06341 -0.08506 -2.44396 0.21699211424912868 0.20314155376514176 0.24007638172244025
v -0.62371 -0.1877 -2.27552 0.21699211424912868 0.20314155376514176 0.24007638172244025
v -0.62371 -0.1877 -2.27552 0.21505655477246524 0.20132954063805258 0.23793491166315306
v -1.46263 -0.76793 -2.27101 0.21505655477246524 0.20132954063805258 0.23793491166315306
v -1.04847 -0.87422 -2.17003 0.21505655477246524 0.20132954063805258 0.23793491166315306
v -1.06341 -0.08506 -2.44396 0.2146158386782526 0.20091695535836415 0.23744731087806673
v -1.87742 -0.66197 -2.37297 0.2146158386782526 0.20091695535836415 0.23744731087806673
v -1.46263 -0.76793 -2.27101 0.2146158386782526 0.20091695535836415 0.23744731087806673
v -0.62371 -0.1877 -2.27552 0.21687629386225563 0.2030331261689202 0.23994824001781476
v -1.06341 -0.08506 -2.44396 0.21687629386225563 0.2030331261689202 0.23994824001781476
v -1.46263 -0.76793 -2.27101 0.21687629386225563 0.2030331261689202 0.23994824001781476
v -0.98252 0.76152 -2.62076 0.2184197219800679 0.20447803759836145 0.24165586261624536
v -0.50276 1.54384 -2.08846 0.2184197219800679 0.20447803759836145 0.24165586261624536
v -1.38558 1.13073 -2.06481 0.2184197219800679 0.20447803759836145 0.24165586261624536
v -1.38558 1.13073 -2.06481 0.21336337910249167 0.19974444001084327 0.2360616109219057
v -0.91939 1.87674 -1.54108 0.21336337910249167 0.19974444001084327 0.2360616109219057
v -1.88989 1.58255 -1.65972 0.21336337910249167 0.19974444001084327 0.2360616109219057
v -0.50276 1.54384 -2.08846 0.2184322226349152 0.20448974033906958 0.2416696931279913
v -0.01915 2.31434 -1.54019 0.2184322226349152 0.20448974033906958 0.2416696931279913
v -0.91939 1.87674 -1.54108 0.2184322226349152 0.20448974033906958 0.2416696931279913
v -1.38558 1.13073 -2.06481 0.21852724395423406 0.20457869646779359 0.24177482309830153
v -0.50276 1.54384 -2.08846 0.21852724395423406 0.20457869646779359 0.24177482309830153
v -0.91939 1.87674 -1.54108 0.21852724395423406 0.20457869646779359 0.24177482309830153
v -1.88989 1.58255 -1.65972 0.21480691197647292 0.20109583248861296 0.23765871112290624
v -1.41445 2.38288 -1.12232 0.21480691197647292 0.20109583248861296 0.23765871112290624
v -2.39382 2.03599 -1.19913 0.21480691197647292 0.20109583248861296 0.23765871112290624
v -2.39382 2.03599 -1.19913 0.21844151219127364 0.20449843694502215 0.24167997093502616
v -1.89745 2.845 -0.64038 0.21844151219127364 0.20449843694502215 0.24167997093502616
v -2.76946 2.3803 -0.67428 0.21844151219127364 0.20449843694502215 0.24167997093502616
v -1.41445 2.38288 -1.12232 0.214643364527739 0.2009427242387344 0.2374777650094134
v -0.92236 3.15514 -0.5717 0.214643364527739 0.2009427242387344 0.2374777650094134
v -1.89745 2.845 -0.64038 0.214643364527739 0.2009427242387344 0.2374777650094134
v -2.39382 2.03599 -1.19913 0.21492531056938324 0.201206673724529 0.237789705310807
v -1.41445 2.38288 -1.12232 0.21492531056938324 0.201206673724529 0.237789705310807
v -1.89745 2.845 -0.64038 0.21492531056938324 0.201206673724529 0.237789705310807
v -0.01915 2.31434 -1.54019 0.21796252348173262 0.20405002198289865 0.24115002597978932
v 0.462 3.08515 -0.99743 0.21796252348173262 0.20405002198289865 0.24115002597978932
v -0.4549 2.64264 -1.02038 0.21796252348173262 0.20405002198289865 0.24115002597978932
v -0.4549 2.64264 -1.02038 0.21368571313957607 0.2000461995349223 0.2364182358139991
v 0.01063 3.41067 -0.49992 0.21368571313957607 0.2000461995349223 0.2364182358139991
v -0.92236 3.15514 -0.5717 0.21368571313957607 0.2000461995349223 0.2364182358139991
v 0.462 3.08515 -0.99743 0.21759627199265713 0.203707148248445 0.24074481156634409
v 0.94424 3.86328 -0.45703 0.21759627199265713 0.203707148248445 0.24074481156634409
v 0.01063 3.41067 -0.49992 0.21759627199265713 0.203707148248445 0.24074481156634409
v -0.4549 2.64264 -1.02038 0.21779208220043553 0.20389045993232263 0.2409614526472904
v 0.462 3.08515 -0.99743 0.21779208220043553 0.20389045993232263 0.2409614526472904
v 0.01063 3.41067 -0.49992 0.21779208220043553 0.20389045993232263 0.2409614526472904
v -1.88989 1.58255 -1.65972 0.21318815476458924 0.1995804002051474 0.23586774569699237
v -0.91939 1.87674 -1.54108 0.21318815476458924 0.1995804002051474 0.23586774569699237
v -1.41445 2.38288 -1.12232 0.21318815476458924 0.1995804002051474 0.23586774569699237
v -1.41445 2.38288 -1.12232 0.21324317793110428 0.19963191125465085 0.23592862239186008
v -0.4549 2.64264 -1.02038 0.21324317793110428 0.19963191125465085 0.23592862239186008
v -0.92236 3.15514 -0.5717 0.21324317793110428 0.19963191125465085 0.23592862239186008
v -0.91939 1.87674 -1.54108 0.21824540502625617 0.2043148472586228 0.24146300130564513
v -0.01915 2.31434 -1.54019 0.21824540502625617 0.2043148472586228 0.24146300130564513
v -0.4549 2.64264 -1.02038 0.21824540502625617 0.2043148472586228 0.24146300130564513
v -1.41445 2.38288 -1.12232 0.21308111230337448 0.199480190241457 0.2357493157399037
v -0.91939 1.87674 -1.54108 0.21308111230337448 0.199480190241457 0.2357493157399037
v -0.4549 2.64264 -1.02038 0.21308111230337448 0.199480190241457 0.2357493157399037
v -1.05528 -3.60343 0.24895 0.21430509497913952 0.20062604636344977 0.23710350933862248
v -0.34333 -3.28757 -0.00609 0.21430509497913952 0.20062604636344977 0.23710350933862248
v -1.47833 -3.23232 -0.32751 0.21430509497913952 0.20062604636344977 0.23710350933862248
v -1.47833 -3.23232 -0.32751 0.21459395370929138 0.20089646730231536 0.23742309772091816
v -0.76904 -2.92796 -0.57733 0.21459395370929138 0.20089646730231536 0.23742309772091816
v -1.92054 -2.9031 -0.90821 0.21459395370929138 0.20089646730231536 0.23742309772091816
v -0.34333 -3.28757 -0.00609 0.2133984996588099 0.19977731882952418 0.23610046770761947
v 0.36276 -3.0278 -0.26123 0.2133984996588099 0.19977731882952418 0.23610046770761947
v -0.76904 -2.92796 -0.57733 0.2133984996588099 0.19977731882952418 0.23610046770761947
v -1.47833 -3.23232 -0.32751 0.21425305897768493 0.20057733180889653 0.23704593759233228
v -0.34333 -3.28757 -0.00609 0.21425305897768493 0.20057733180889653 0.23704593759233228
v -0.76904 -2.92796 -0.57733 0.21425305897768493 0.20057733180889653 0.23704593759233228
v -1.92054 -2.9031 -0.90821 0.21349865534764517 0.19987108160205083 0.23621127825696916
v -1.17795 -2.59623 -1.13556 0.21349865534764517 0.19987108160205083 0.23621127825696916
v -2.27739 -2.45025 -1.44654 0.21349865534764517 0.19987108160205083 0.23621127825696916
v -2.27739 -2.45025 -1.44654 0.2124074567947832 0.19884953402064812 0.23500399475167508
v -1.59273 -2.21169 -1.72497 0.2124074567947832 0.19884953402064812 0.23500399475167508
v -2.68868 -2.05598 -2.01945 0.2124074567947832 0.19884953402064812 0.23500399475167508
v -1.17795 -2.59623 -1.13556 0.2148181491563677 0.20110635240170596 0.23767114374747067
v -0.42646 -2.26974 -1.35431 0.2148181491563677 0.20110635240170596 0.23767114374747067
v -1.59273 -2.21169 -1.72497 0.2148181491563677 0.20110635240170596 0.23767114374747067
v -2.27739 -2.45025 -1.44654 0.21261929623476314 0.19904785179424636 0.23523837030229114
v -1.17795 -2.59623 -1.13556 0.21261929623476314 0.19904785179424636 0.23523837030229114
v -1.59273 -2.21169 -1.72497 0.21261929623476314 0.19904785179424636 0.23523837030229114
v 0.36276 -3.0278 -0.26123 0.21285805531307458 0.19927137093138897 0.2355025292825506
v 1.11129 -2.91135 -0.53826 0.21285805531307458 0.19927137093138897 0.2355025292825506
v -0.03192 -2.65487 -0.80964 0.21285805531307458 0.19927137093138897 0.2355025292825506
v -0.03192 -2.65487 -0.80964 0.2137431010864934 0.2000999244213981 0.23648172886165228
v 0.66587 -2.37722 -1.03541 0.2137431010864934 0.2000999244213981 0.23648172886165228
v -0.42646 -2.26974 -1.35431 0.2137431010864934 0.2000999244213981 0.23648172886165228
v 1.11129 -2.91135 -0.53826 0.21161728980652292 0.19810980322312785 0.23412976744551475
v 1.80449 -2.64995 -0.78848 0.21161728980652292 0.19810980322312785 0.23412976744551475
v 0.66587 -2.37722 -1.03541 0.21161728980652292 0.19810980322312785 0.23412976744551475
v -0.03192 -2.65487 -0.80964 0.2120518251046593 0.19851660222563852 0.23461052990302733
v 1.11129 -2.91135 -0.53826 0.2120518251046593 0.19851660222563852 0.23461052990302733
v 0.66587 -2.37722 -1.03541 0.2120518251046593 0.19851660222563852 0.23461052990302733
v -1.92054 -2.9031 -0.90821 0.21468674155419692 0.20098333251882267 0.23752575661315406
v -0.76904 -2.92796 -0.57733 0.21468674155419692 0.20098333251882267 0.23752575661315406
v -1.17795 -2.59623 -1.13556 0.21468674155419692 0.20098333251882267 0.23752575661315406
v -1.17795 -2.59623 -1.13556 0.21452069678760644 0.20082788635435497 0.23734204750969226
v -0.03192 -2.65487 -0.80964 0.21452069678760644 0.20082788635435497 0.23734204750969226
v -0.42646 -2.26974 -1.35431 0.21452069678760644 0.20082788635435497 0.23734204750969226
v -0.76904 -2.92796 -0.57733 0.21362077444322003 0.1999854058617379 0.23634638874569028
v 0.36276 -3.0278 -0.26123 0.21362077444322003 0.1999854058617379 0.23634638874569028
v -0.03192 -2.65487 -0.80964 0.21362077444322003 0.1999854058617379 0.23634638874569028
v -1.17795 -2.59623 -1.13556 0.2140560200366119 0.200392869821509 0.23682793706178337
v -0.76904 -2.92796 -0.57733 0.2140560200366119 0.200392869821509 0.23682793706178337
v -0.03192 -2.65487 -0.80964 0.2140560200366119 0.200392869821509 0.23682793706178337
v -1.05528 -3.60343 0.24895 0.22322483313840863 0.20897643953382936 0.24697215581270743
v -1.47833 -3.23232 -0.32751 0.22322483313840863 0.20897643953382936 0.24697215581270743
v -1.29659 -3.42611 0.14992 0.22322483313840863 0.20897643953382936 0.24697215581270743
v -1.29659 -3.42611 0.14992 0.2189787007932191 0.20500133691280087 0.24227430726058286
v -1.78415 -3.18485 -0.43756 0.2189787007932191 0.20500133691280087 0.24227430726058286
v -1.56321 -3.31568 0.05382 0.2189787007932191 0.20500133691280087 0.24227430726058286
v -1.47833 -3.23232 -0.32751 0.21270734550084894 0.1991302808944118 0.23533578651157758
v -1.92054 -2.9031 -0.90821 0.21270734550084894 0.1991302808944118 0.23533578651157758
v -1.78415 -3.18485 -0.43756 0.21270734550084894 0.1991302808944118 0.23533578651157758
v -1.29659 -3.42611 0.14992 0.2117080932576989 0.19819481070933517 0.23423023083830521
v -1.47833 -3.23232 -0.32751 0.2117080932576989 0.19819481070933517 0.23423023083830521
v -1.78415 -3.18485 -0.43756 0.2117080932576989 0.19819481070933517 0.23423023083830521
v -1.56321 -3.31568 0.05382 0.21266807187355294 0.19909351409439 0.23529233483882456
v -2.01367 -3.00905 -0.51605 0.21266807187355294 0.19909351409439 0.23529233483882456
v -1.87287 -3.27816 -0.04366 0.21266807187355294 0.19909351409439 0.23529233483882456
v -1.87287 -3.27816 -0.04366 0.2175734625321952 0.20368579471099127 0.24071957556753512
v -2.21439 -2.80589 -0.59275 0.2175734625321952 0.20368579471099127 0.24071957556753512
v -2.11893 -3.1293 -0.13966 0.2175734625321952 0.20368579471099127 0.24071957556753512
v -2.01367 -3.00905 -0.51605 0.22532977605413468 0.21094702439110483 0.24930102882585115
v -2.35661 -2.54173 -1.05836 0.22532977605413468 0.21094702439110483 0.24930102882585115
v -2.21439 -2.80589 -0.59275 0.22532977605413468 0.21094702439110483 0.24930102882585115
v -1.87287 -3.27816 -0.04366 0.2252736339388213 0.21089446581506677 0.2492389141450789
v -2.01367 -3.00905 -0.51605 0.2252736339388213 0.21089446581506677 0.2492389141450789
v -2.21439 -2.80589 -0.59275 0.2252736339388213 0.21089446581506677 0.2492389141450789
v -1.92054 -2.9031 -0.90821 0.22836344304655323 0.21378705306485837 0.2526574263493781
v -2.27739 -2.45025 -1.44654 0.22836344304655323 0.21378705306485837 0.2526574263493781
v -2.0979 -2.67063 -0.96458 0.22836344304655323 0.21378705306485837 0.2526574263493781
v -2.0979 -2.67063 -0.96458 0.2179412837886358 0.20403013801489311 0.24112652674487367
v -2.51225 -2.28939 -1.53257 0.2179412837886358 0.20403013801489311 0.24112652674487367
v -2.35661 -2.54173 -1.05836 0.2179412837886358 0.20403013801489311 0.24112652674487367
v -2.27739 -2.45025 -1.44654 0.22193784367906158 0.2077715983378449 0.24554825258108945
v -2.68868 -2.05598 -2.01945 0.22193784367906158 0.2077715983378449 0.24554825258108945
v -2.51225 -2.28939 -1.53257 0.22193784367906158 0.2077715983378449 0.24554825258108945
v -2.0979 -2.67063 -0.96458 0.22215729304865875 0.20797704030087205 0.24579104762830334
v -2.27739 -2.45025 -1.44654 0.22215729304865875 0.20797704030087205 0.24579104762830334
v -2.51225 -2.28939 -1.53257 0.22215729304865875 0.20797704030087205 0.24579104762830334
v -1.56321 -3.31568 0.05382 0.2246529994901365 0.21031344633119162 0.24855225475504467
v -1.78415 -3.18485 -0.43756 0.2246529994901365 0.21031344633119162 0.24855225475504467
v -2.01367 -3.00905 -0.51605 0.2246529994901365 0.21031344633119162 0.24855225475504467
v -2.01367 -3.00905 -0.51605 0.21558265610155716 0.201822061031245 0.2385169812187441
v -2.0979 -2.67063 -0.96458 0.21558265610155716 0.201822061031245 0.2385169812187441
v -2.35661 -2.54173 -1.05836 0.21558265610155716 0.201822061031245 0.2385169812187441
v -1.78415 -3.18485 -0.43756 0.22774679124497776 0.21320976201657496 0.25197517329231583
v -1.92054 -2.9031 -0.90821 0.22774679124497776 0.21320976201657496 0.25197517329231583
v -2.0979 -2.67063 -0.96458 0.22774679124497776 0.21320976201657496 0.25197517329231583
v -2.01367 -3.00905 -0.51605 0.22025254089933669 0.20619386807597478 0.24368366227160657
v -1.78415 -3.18485 -0.43756 0.22025254089933669 0.20619386807597478 0.24368366227160657
v -2.0979 -2.67063 -0.96458 0.22025254089933669 0.20619386807597478 0.24368366227160657
v -1.98458 -2.6003 1.69346 0.23110234090609033 0.21635112765676542 0.2556876963216319
v -2.11654 -2.27476 1.36063 0.23110234090609033 0.21635112765676542 0.2556876963216319
v -1.88607 -1.61628 1.91543 0.23110234090609033 0.21635112765676542 0.2556876963216319
v -1.88607 -1.61628 1.91543 0.2312859288375309 0.2165229972096034 0.2558908148840768
v -2.03556 -1.31846 1.60648 0.2312859288375309 0.2165229972096034 0.2558908148840768
v -1.89262 -0.72229 2.24409 0.2312859288375309 0.2165229972096034 0.2558908148840768
v -2.11654 -2.27476 1.36063 0.2306778081678209 0.21595369275285364 0.2552180005260998
v -2.27369 -1.97629 1.04399 0.2306778081678209 0.21595369275285364 0.2552180005260998
v -2.03556 -1.31846 1.60648 0.2306778081678209 0.21595369275285364 0.2552180005260998
v -1.88607 -1.61628 1.91543 0.23075598315644605 0.21602687784858782 0.2553044920028765
v -2.11654 -2.27476 1.36063 0.23075598315644605 0.21602687784858782 0.2553044920028765
v -2.03556 -1.31846 1.60648 0.23075598315644605 0.21602687784858782 0.2553044920028765
v -1.89262 -0.72229 2.24409 0.22746267938886222 0.21294378495978594 0.2516608367706561
v -2.12274 -0.42083 1.97888 0.22746267938886222 0.21294378495978594 0.2516608367706561
v -1.75325 0.23639 2.40295 0.22746267938886222 0.21294378495978594 0.2516608367706561
v -1.75325 0.23639 2.40295 0.23100911023584267 0.21626384788036335 0.2555845474949749
v -1.90105 0.54333 2.06777 0.23100911023584267 0.21626384788036335 0.2555845474949749
v -1.67573 1.20341 2.64658 0.23100911023584267 0.21626384788036335 0.2555845474949749
v -2.12274 -0.42083 1.97888 0.23087914154226283 0.21614217506084182 0.25544075234463126
v -2.21372 -0.09179 1.58396 0.23087914154226283 0.21614217506084182 0.25544075234463126
v -1.90105 0.54333 2.06777 0.23087914154226283 0.21614217506084182 0.25544075234463126
v -1.75325 0.23639 2.40295 0.22943023397734222 0.21478575095751187 0.2538377056770595
v -2.12274 -0.42083 1.97888 0.22943023397734222 0.21478575095751187 0.2538377056770595
v -1.90105 0.54333 2.06777 0.22943023397734222 0.21478575095751187 0.2538377056770595
v -2.27369 -1.97629 1.04399 0.2314576596703382 0.2166837664998911 0.25608081495441676
v -2.39309 -1.64985 0.71435 0.2314576596703382 0.2166837664998911 0.25608081495441676
v -2.19943 -1.01363 1.28805 0.2314576596703382 0.2166837664998911 0.25608081495441676
v -2.19943 -1.01363 1.28805 0.2311146037321767 0.21636260774927182 0.2557012637036849
v -2.3574 -0.72172 0.97717 0.2311146037321767 0.21636260774927182 0.2557012637036849
v -2.21372 -0.09179 1.58396 0.2311146037321767 0.21636260774927182 0.2557012637036849
v -2.39309 -1.64985 0.71435 0.22987279454378526 0.21520006297716068 0.25432734715482624
v -2.59528 -1.3805 0.40943 0.22987279454378526 0.21520006297716068 0.25432734715482624
v -2.3574 -0.72172 0.97717 0.22987279454378526 0.21520006297716068 0.25432734715482624
v -2.19943 -1.01363 1.28805 0.23087361981150553 0.2161370057809839 0.2554346431957083
v -2.39309 -1.64985 0.71435 0.23087361981150553 0.2161370057809839 0.2554346431957083
v -2.3574 -0.72172 0.97717 0.23087361981150553 0.2161370057809839 0.2554346431957083
v -1.89262 -0.72229 2.24409 0.22962723148503203 0.2149701741562002 0.25405566036641847
v -2.03556 -1.31846 1.60648 0.22962723148503203 0.2149701741562002 0.25405566036641847
v -2.12274 -0.42083 1.97888 0.22962723148503203 0.2149701741562002 0.25405566036641847
v -2.12274 -0.42083 1.97888 0.23229518820289044 0.2174678357644081 0.25700744226702776
v -2.19943 -1.01363 1.28805 0.23229518820289044 0.2174678357644081 0.25700744226702776
v -2.21372 -0.09179 1.58396 0.23229518820289044 0.2174678357644081 0.25700744226702776
v -2.03556 -1.31846 1.60648 0.23060087791549616 0.21588167294216662 0.25513288620437874
v -2.27369 -1.97629 1.04399 0.23060087791549616 0.21588167294216662 0.25513288620437874
v -2.19943 -1.01363 1.28805 0.23060087791549616 0.21588167294216662 0.25513288620437874
v -2.12274 -0.42083 1.97888 0.23130451000900176 0.21654039234885272 0.25591137277591686
v -2.03556 -1.31846 1.60648 0.23130451000900176 0.21654039234885272 0.25591137277591686
v -2.19943 -1.01363 1.28805 0.23130451000900176 0.21654039234885272 0.25591137277591686
v -1.98458 -2.6003 1.69346 0.22796175357297796 0.21341100334491556 0.252213003953082
v -1.88607 -1.61628 1.91543 0.22796175357297796 0.21341100334491556 0.252213003953082
v -1.6933 -2.14413 2.10239 0.22796175357297796 0.21341100334491556 0.252213003953082
v -1.6933 -2.14413 2.10239 0.22611331417544608 0.21168054944084316 0.250167922066451
v -1.57197 -1.13799 2.27346 0.22611331417544608 0.21168054944084316 0.250167922066451
v -1.35563 -1.62921 2.45371 0.22611331417544608 0.21168054944084316 0.250167922066451
v -1.88607 -1.61628 1.91543 0.2215160453352552 0.20737672329257936 0.24508158207304834
v -1.89262 -0.72229 2.24409 0.2215160453352552 0.20737672329257936 0.24508158207304834
v -1.57197 -1.13799 2.27346 0.2215160453352552 0.20737672329257936 0.24508158207304834
v -1.6933 -2.14413 2.10239 0.22700734698802638 0.2125175163292162 0.25115706475271005
v -1.88607 -1.61628 1.91543 0.22700734698802638 0.2125175163292162 0.25115706475271005
v -1.57197 -1.13799 2.27346 0.22700734698802638 0.2125175163292162 0.25115706475271005
v -1.35563 -1.62921 2.45371 0.22814690827312883 0.2135843396599504 0.2524178559617596
v -1.24258 -0.63948 2.62524 0.22814690827312883 0.2135843396599504 0.2524178559617596
v -1.04439 -1.14475 2.86433 0.22814690827312883 0.2135843396599504 0.2524178559617596
v -1.04439 -1.14475 2.86433 0.2240349775602523 0.20973487260959792 0.24786848581134302
v -0.91607 -0.14227 2.95449 0.2240349775602523 0.20973487260959792 0.24786848581134302
v -0.68028 -0.60235 3.12995 0.2240349775602523 0.20973487260959792 0.24786848581134302
v -1.24258 -0.63948 2.62524 0.22030788051612907 0.2062456753768017 0.24374488908167474
v -1.2102 0.30875 2.9672 0.22030788051612907 0.2062456753768017 0.24374488908167474
v -0.91607 -0.14227 2.95449 0.22030788051612907 0.2062456753768017 0.24374488908167474
v -1.04439 -1.14475 2.86433 0.22702667233610702 0.21253560814444064 0.2511784459888844
v -1.24258 -0.63948 2.62524 0.22702667233610702 0.21253560814444064 0.2511784459888844
v -0.91607 -0.14227 2.95449 0.22702667233610702 0.21253560814444064 0.2511784459888844
v -1.89262 -0.72229 2.24409 0.22955139006909978 0.21489917368171044 0.2539717507147487
v -1.75325 0.23639 2.40295 0.22955139006909978 0.21489917368171044 0.2539717507147487
v -1.60006 -0.21325 2.68736 0.22955139006909978 0.21489917368171044 0.2539717507147487
v -1.60006 -0.21325 2.68736 0.2251403796636582 0.21076971713193535 0.24909148388319632
v -1.41465 0.74124 2.75182 0.2251403796636582 0.21076971713193535 0.24909148388319632
v -1.2102 0.30875 2.9672 0.2251403796636582 0.21076971713193535 0.24909148388319632
v -1.75325 0.23639 2.40295 0.2239724029430641 0.20967629211691108 0.2477992543199858
v -1.67573 1.20341 2.64658 0.2239724029430641 0.20967629211691108 0.2477992543199858
v -1.41465 0.74124 2.75182 0.2239724029430641 0.20967629211691108 0.2477992543199858
v -1.60006 -0.21325 2.68736 0.2281982995513387 0.21363245064380645 0.2524747143972258
v -1.75325 0.23639 2.40295 0.2281982995513387 0.21363245064380645 0.2524747143972258
v -1.41465 0.74124 2.75182 0.2281982995513387 0.21363245064380645 0.2524747143972258
v -1.35563 -1.62921 2.45371 0.22624302095569518 0.21180197706490614 0.2503114274403436
v -1.57197 -1.13799 2.27346 0.22624302095569518 0.21180197706490614 0.2503114274403436
v -1.24258 -0.63948 2.62524 0.22624302095569518 0.21180197706490614 0.2503114274403436
v -1.24258 -0.63948 2.62524 0.2162834620839239 0.20247813471686493 0.2392923410290222
v -1.60006 -0.21325 2.68736 0.2162834620839239 0.20247813471686493 0.2392923410290222
v -1.2102 0.30875 2.9672 0.2162834620839239 0.20247813471686493 0.2392923410290222
v -1.57197 -1.13799 2.27346 0.22281548194441073 0.20859321713944834 0.24651925661934804
v -1.89262 -0.72229 2.24409 0.22281548194441073 0.20859321713944834 0.24651925661934804
v -1.60006 -0.21325 2.68736 0.22281548194441073 0.20859321713944834 0.24651925661934804
v -1.24258 -0.63948 2.62524 0.2182966663508921 0.2043628365838139 0.24151971596268915
v -1.57197 -1.13799 2.27346 0.2182966663508921 0.2043628365838139 0.24151971596268915
v -1.60006 -0.21325 2.68736 0.2182966663508921 0.2043628365838139 0.24151971596268915
v -1.98458 -2.6003 1.69346 0.23043739170403935 0.2157286220208028 0.25495200784276695
v -1.93422 -2.61772 1.19024 0.23043739170403935 0.2157286220208028 0.25495200784276695
v -2.11654 -2.27476 1.36063 0.23043739170403935 0.2157286220208028 0.25495200784276695
v -2.11654 -2.27476 1.36063 0.22979335519946617 0.2151256942292875 0.2542394568164307
v -2.07177 -2.31112 0.87332 0.22979335519946617 0.2151256942292875 0.2542394568164307
v -2.27369 -1.97629 1.04399 0.22979335519946617 0.2151256942292875 0.2542394568164307
v -1.93422 -2.61772 1.19024 0.2316904884908759 0.2169017339063519 0.2563384127984159
v -1.99506 -2.78564 0.75544 0.2316904884908759 0.2169017339063519 0.2563384127984159
v -2.07177 -2.31112 0.87332 0.2316904884908759 0.2169017339063519 0.2563384127984159
v -2.11654 -2.27476 1.36063 0.23035963653847905 0.21565582995091656 0.25486598085108325
v -1.93422 -2.61772 1.19024 0.23035963653847905 0.21565582995091656 0.25486598085108325
v -2.07177 -2.31112 0.87332 0.23035963653847905 0.21565582995091656 0.25486598085108325
v -2.27369 -1.97629 1.04399 0.23077251865135082 0.216042357886371 0.2553227865929839
v -2.21564 -2.02307 0.57036 0.23077251865135082 0.216042357886371 0.2553227865929839
v -2.39309 -1.64985 0.71435 0.23077251865135082 0.216042357886371 0.2553227865929839
v -2.39309 -1.64985 0.71435 0.2290438659668178 0.2144240447348933 0.2534102346866921
v -2.37007 -1.73267 0.26218 0.2290438659668178 0.2144240447348933 0.2534102346866921
v -2.59528 -1.3805 0.40943 0.2290438659668178 0.2144240447348933 0.2534102346866921
v -2.21564 -2.02307 0.57036 0.23136990703337837 0.21660161509507764 0.25598372693054633
v -2.29112 -2.19177 0.13111 0.23136990703337837 0.21660161509507764 0.25598372693054633
v -2.37007 -1.73267 0.26218 0.23136990703337837 0.21660161509507764 0.25598372693054633
v -2.39309 -1.64985 0.71435 0.23047738506489915 0.21576606261394815 0.25499625581648416
v -2.21564 -2.02307 0.57036 0.23047738506489915 0.21576606261394815 0.25499625581648416
v -2.37007 -1.73267 0.26218 0.23047738506489915 0.21576606261394815 0.25499625581648416
v -1.99506 -2.78564 0.75544 0.23135875871123449 0.2165911783679642 0.255971392616685
v -2.0627 -2.96568 0.30874 0.23135875871123449 0.2165911783679642 0.255971392616685
v -2.15027 -2.49705 0.44476 0.23135875871123449 0.2165911783679642 0.255971392616685
v -2.15027 -2.49705 0.44476 0.23162870605764152 0.2168438950326857 0.2562700577659013
v -2.22239 -2.6815 -0.00431 0.23162870605764152 0.2168438950326857 0.2562700577659013
v -2.29112 -2.19177 0.13111 0.23162870605764152 0.2168438950326857 0.2562700577659013
v -2.0627 -2.96568 0.30874 0.2312488553529506 0.21648829011765588 0.25584979741177516
v -2.11893 -3.1293 -0.13966 0.2312488553529506 0.21648829011765588 0.25584979741177516
v -2.22239 -2.6815 -0.00431 0.2312488553529506 0.21648829011765588 0.25584979741177516
v -2.15027 -2.49705 0.44476 0.23128380359918083 0.21652100762476506 0.25588846355654055
v -2.0627 -2.96568 0.30874 0.23128380359918083 0.21652100762476506 0.25588846355654055
v -2.22239 -2.6815 -0.00431 0.23128380359918083 0.21652100762476506 0.25588846355654055
v -2.27369 -1.97629 1.04399 0.2298501831145897 0.21517889483067973 0.2543023302544397
v -2.07177 -2.31112 0.87332 0.2298501831145897 0.21517889483067973 0.2543023302544397
v -2.21564 -2.02307 0.57036 0.2298501831145897 0.21517889483067973 0.2543023302544397
v -2.21564 -2.02307 0.57036 0.23162602015242448 0.2168413805682272 0.2562670861260867
v -2.15027 -2.49705 0.44476 0.23162602015242448 0.2168413805682272 0.2562670861260867
v -2.29112 -2.19177 0.13111 0.23162602015242448 0.2168413805682272 0.2562670861260867
v -2.07177 -2.31112 0.87332 0.23135653956032165 0.21658910086498198 0.25596893738588783
v -1.99506 -2.78564 0.75544 0.23135653956032165 0.21658910086498198 0.25596893738588783
v -2.15027 -2.49705 0.44476 0.23135653956032165 0.21658910086498198 0.25596893738588783
v -2.21564 -2.02307 0.57036 0.23148679977004763 0.2167110465932361 0.2561130550647336
v -2.07177 -2.31112 0.87332 0.23148679977004763 0.2167110465932361 0.2561130550647336
v -2.15027 -2.49705 0.44476 0.23148679977004763 0.2167110465932361 0.2561130550647336
v -2.73429 0.88923 -0.23883 0.23240206381319453 0.21756788952724596 0.2571256876231089
v -2.86097 0.1483 -0.72621 0.23240206381319453 0.21756788952724596 0.2571256876231089
v -2.71659 1.24565 -0.34312 0.23240206381319453 0.21756788952724596 0.2571256876231089
v -2.71659 1.24565 -0.34312 0.23240234562667964 0.21756815335263627 0.25712599941675196
v -2.67351 0.48488 -0.78513 0.23240234562667964 0.21756815335263627 0.25712599941675196
v -2.68999 1.598 -0.44629 0.23240234562667964 0.21756815335263627 0.25712599941675196
v -2.86097 0.1483 -0.72621 0.22695573617520082 0.21246919982359228 0.25109996342788177
v -2.79975 -0.60236 -1.1659 0.22695573617520082 0.21246919982359228 0.25109996342788177
v -2.67351 0.48488 -0.78513 0.22695573617520082 0.21246919982359228 0.25109996342788177
v -2.71659 1.24565 -0.34312 0.22713112456874715 0.21263339321329522 0.2512940101611671
v -2.86097 0.1483 -0.72621 0.22713112456874715 0.21263339321329522 0.2512940101611671
v -2.67351 0.48488 -0.78513 0.22713112456874715 0.21263339321329522 0.2512940101611671
v -2.68999 1.598 -0.44629 0.23183113184539994 0.21703340002548083 0.2564940182119319
v -2.62198 0.85591 -0.86499 0.23183113184539994 0.21703340002548083 0.2564940182119319
v -2.80784 2.04607 -0.57631 0.23183113184539994 0.21703340002548083 0.2564940182119319
v -2.80784 2.04607 -0.57631 0.23245313546723703 0.21761570128847724 0.25718219243183676
v -2.81842 1.31007 -1.03385 0.23245313546723703 0.21761570128847724 0.25718219243183676
v -2.76946 2.3803 -0.67428 0.23245313546723703 0.21761570128847724 0.25718219243183676
v -2.62198 0.85591 -0.86499 0.22986919520324986 0.21519669338176584 0.25432336490572327
v -2.69604 0.1602 -1.33057 0.22986919520324986 0.21519669338176584 0.25432336490572327
v -2.81842 1.31007 -1.03385 0.22986919520324986 0.21519669338176584 0.25432336490572327
v -2.80784 2.04607 -0.57631 0.23024731511645716 0.21555067798136418 0.2547417103416122
v -2.62198 0.85591 -0.86499 0.23024731511645716 0.21555067798136418 0.2547417103416122
v -2.81842 1.31007 -1.03385 0.23024731511645716 0.21555067798136418 0.2547417103416122
v -2.79975 -0.60236 -1.1659 0.23033860147642116 0.21563613755239427 0.25484270801646597
v -2.80626 -1.35922 -1.62869 0.23033860147642116 0.21563613755239427 0.25484270801646597
v -2.67332 -0.21508 -1.21435 0.23033860147642116 0.21563613755239427 0.25484270801646597
v -2.67332 -0.21508 -1.21435 0.23261045189867893 0.21776297624557178 0.2573562446538576
v -2.65369 -0.93427 -1.65095 0.23261045189867893 0.21776297624557178 0.2573562446538576
v -2.69604 0.1602 -1.33057 0.23261045189867893 0.21776297624557178 0.2573562446538576
v -2.80626 -1.35922 -1.62869 0.22709527586609451 0.2125998327257055 0.2512543477667429
v -2.68868 -2.05598 -2.01945 0.22709527586609451 0.2125998327257055 0.2512543477667429
v -2.65369 -0.93427 -1.65095 0.22709527586609451 0.2125998327257055 0.2512543477667429
v -2.67332 -0.21508 -1.21435 0.22905846997835244 0.21443771657547891 0.25342639231647507
v -2.80626 -1.35922 -1.62869 0.22905846997835244 0.21443771657547891 0.25342639231647507
v -2.65369 -0.93427 -1.65095 0.22905846997835244 0.21443771657547891 0.25342639231647507
v -2.68999 1.598 -0.44629 0.23172925303111092 0.2169380241142315 0.25638130122590996
v -2.67351 0.48488 -0.78513 0.23172925303111092 0.2169380241142315 0.25638130122590996
v -2.62198 0.85591 -0.86499 0.23172925303111092 0.2169380241142315 0.25638130122590996
v -2.62198 0.85591 -0.86499 0.23234811388301915 0.21751738320963498 0.2570659983386595
v -2.67332 -0.21508 -1.21435 0.23234811388301915 0.21751738320963498 0.2570659983386595
v -2.69604 0.1602 -1.33057 0.23234811388301915 0.21751738320963498 0.2570659983386595
v -2.67351 0.48488 -0.78513 0.2302726763772608 0.2155744204382867 0.2547697696088843
v -2.79975 -0.60236 -1.1659 0.2302726763772608 0.2155744204382867 0.2547697696088843
v -2.67332 -0.21508 -1.21435 0.2302726763772608 0.2155744204382867 0.2547697696088843
v -2.62198 0.85591 -0.86499 0.23225170695794117 0.21742712991807261 0.2569593353577222
v -2.67351 0.48488 -0.78513 0.23225170695794117 0.21742712991807261 0.2569593353577222
v -2.67332 -0.21508 -1.21435 0.23225170695794117 0.21742712991807261 0.2569593353577222
v -2.73429 0.88923 -0.23883 0.23241134474577405 0.21757657805987357 0.2571359558889415
v -2.7663 0.32794 -0.07815 0.23241134474577405 0.21757657805987357 0.2571359558889415
v -2.86097 0.1483 -0.72621 0.23241134474577405 0.21757657805987357 0.2571359558889415
v -2.86097 0.1483 -0.72621 0.23259562314789334 0.21774909401079376 0.2573398383763926
v -2.83758 -0.4398 -0.55913 0.23259562314789334 0.21774909401079376 0.2573398383763926
v -2.79975 -0.60236 -1.1659 0.23259562314789334 0.21774909401079376 0.2573398383763926
v -2.7663 0.32794 -0.07815 0.2319022602099837 0.21709998828168686 0.25657271342381177
v -2.68155 -0.24718 0.08584 0.2319022602099837 0.21709998828168686 0.25657271342381177
v -2.83758 -0.4398 -0.55913 0.2319022602099837 0.21709998828168686 0.25657271342381177
v -2.86097 0.1483 -0.72621 0.23242916778370068 0.21759326345708152 0.2571556749947327
v -2.7663 0.32794 -0.07815 0.23242916778370068 0.21759326345708152 0.2571556749947327
v -2.83758 -0.4398 -0.55913 0.23242916778370068 0.21759326345708152 0.2571556749947327
v -2.79975 -0.60236 -1.1659 0.2326376259244823 0.21778841575908983 0.2573863095334698
v -2.8177 -1.20691 -1.01916 0.2326376259244823 0.21778841575908983 0.2573863095334698
v -2.80626 -1.35922 -1.62869 0.2326376259244823 0.21778841575908983 0.2573863095334698
v -2.80626 -1.35922 -1.62869 0.23240113052820296 0.21756701581363683 0.2571246550524799
v -2.76308 -1.95494 -1.45867 0.23240113052820296 0.21756701581363683 0.2571246550524799
v -2.68868 -2.05598 -2.01945 0.23240113052820296 0.21756701581363683 0.2571246550524799
v -2.8177 -1.20691 -1.01916 0.23203536096032704 0.21722459323945512 0.25671997382844697
v -2.68822 -1.74831 -0.8191 0.23203536096032704 0.21722459323945512 0.25671997382844697
v -2.76308 -1.95494 -1.45867 0.23203536096032704 0.21722459323945512 0.25671997382844697
v -2.80626 -1.35922 -1.62869 0.2325943816039942 0.21774793171437756 0.2573384647533553
v -2.8177 -1.20691 -1.01916 0.2325943816039942 0.21774793171437756 0.2573384647533553
v -2.76308 -1.95494 -1.45867 0.2325943816039942 0.21774793171437756 0.2573384647533553
v -2.68155 -0.24718 0.08584 0.23213063265932418 0.21731378376617583 0.25682538081457146
v -2.62785 -0.81058 0.24664 0.23213063265932418 0.21731378376617583 0.25682538081457146
v -2.76049 -1.02584 -0.37696 0.23213063265932418 0.21731378376617583 0.25682538081457146
v -2.76049 -1.02584 -0.37696 0.23246415350919383 0.2176260160511602 0.2571943826059166
v -2.68217 -1.58834 -0.20797 0.23246415350919383 0.2176260160511602 0.2571943826059166
v -2.68822 -1.74831 -0.8191 0.23246415350919383 0.2176260160511602 0.2571943826059166
v -2.62785 -0.81058 0.24664 0.23242589869838343 0.2175902030367845 0.2571520581343817
v -2.59528 -1.3805 0.40943 0.23242589869838343 0.2175902030367845 0.2571520581343817
v -2.68217 -1.58834 -0.20797 0.23242589869838343 0.2175902030367845 0.2571520581343817
v -2.76049 -1.02584 -0.37696 0.2320379839504027 0.21722704880463234 0.25672287586002
v -2.62785 -0.81058 0.24664 0.2320379839504027 0.21722704880463234 0.25672287586002
v -2.68217 -1.58834 -0.20797 0.2320379839504027 0.21722704880463234 0.25672287586002
v -2.79975 -0.60236 -1.1659 0.23260210182284227 0.21775515915329915 0.25734700627208085
v -2.83758 -0.4398 -0.55913 0.23260210182284227 0.21775515915329915 0.25734700627208085
v -2.8177 -1.20691 -1.01916 0.23260210182284227 0.21775515915329915 0.25734700627208085
v -2.8177 -1.20691 -1.01916 0.23209157675196562 0.21727722078907422 0.25678217002345133
v -2.76049 -1.02584 -0.37696 0.23209157675196562 0.21727722078907422 0.25678217002345133
v -2.68822 -1.74831 -0.8191 0.23209157675196562 0.21727722078907422 0.25678217002345133
v -2.83758 -0.4398 -0.55913 0.23195730880151047 0.21715152313332894 0.2566336182484797
v -2.68155 -0.24718 0.08584 0.23195730880151047 0.21715152313332894 0.2566336182484797
v -2.76049 -1.02584 -0.37696 0.23195730880151047 0.21715152313332894 0.2566336182484797
v -2.8177 -1.20691 -1.01916 0.23241527952905108 0.21758026168677122 0.2571403092661842
v -2.83758 -0.4398 -0.55913 0.23241527952905108 0.21758026168677122 0.2571403092661842
v -2.76049 -1.02584 -0.37696 0.23241527952905108 0.21758026168677122 0.2571403092661842
v -2.73429 0.88923 -0.23883 0.23070369578663177 0.2159779279704638 0.2552466421469118
v -2.71659 1.24565 -0.34312 0.23070369578663177 0.2159779279704638 0.2552466421469118
v -2.415 0.94924 0.48408 0.23070369578663177 0.2159779279704638 0.2552466421469118
v -2.415 0.94924 0.48408 0.23167434633301376 0.21688662209899162 0.2563205533897174
v -2.52516 1.36169 0.40522 0.23167434633301376 0.21688662209899162 0.2563205533897174
v -2.27745 1.08069 1.24343 0.23167434633301376 0.21688662209899162 0.2563205533897174
v -2.71659 1.24565 -0.34312 0.23189681606738685 0.21709489163755366 0.25656669011710886
v -2.68999 1.598 -0.44629 0.23189681606738685 0.21709489163755366 0.25656669011710886
v -2.52516 1.36169 0.40522 0.23189681606738685 0.21709489163755366 0.25656669011710886
v -2.415 0.94924 0.48408 0.23141196567078312 0.2166409891386055 0.2560302598910792
v -2.71659 1.24565 -0.34312 0.23141196567078312 0.2166409891386055 0.2560302598910792
v -2.52516 1.36169 0.40522 0.23141196567078312 0.2166409891386055 0.2560302598910792
v -2.27745 1.08069 1.24343 0.2289154626702105 0.2143038373933886 0.2532681714649138
v -2.19169 1.40088 1.08532 0.2289154626702105 0.2143038373933886 0.2532681714649138
v -1.94149 1.12177 1.91046 0.2289154626702105 0.2143038373933886 0.2532681714649138
v -1.94149 1.12177 1.91046 0.23104915348501917 0.21630133517746478 0.25562885066427654
v -2.02383 1.55545 1.88026 0.23104915348501917 0.21630133517746478 0.25562885066427654
v -1.67573 1.20341 2.64658 0.23104915348501917 0.21630133517746478 0.25562885066427654
v -2.19169 1.40088 1.08532 0.23206104749384587 0.21724864020700466 0.2567483929719146
v -2.24517 1.81005 0.99616 0.23206104749384587 0.21724864020700466 0.2567483929719146
v -2.02383 1.55545 1.88026 0.23206104749384587 0.21724864020700466 0.2567483929719146
v -1.94149 1.12177 1.91046 0.23176005857315604 0.21696686334508225 0.256415383953279
v -2.19169 1.40088 1.08532 0.23176005857315604 0.21696686334508225 0.256415383953279
v -2.02383 1.55545 1.88026 0.23176005857315604 0.21696686334508225 0.256415383953279
v -2.68999 1.598 -0.44629 0.23149942385833103 0.21672286488865034 0.2561270221411322
v -2.80784 2.04607 -0.57631 0.23149942385833103 0.21672286488865034 0.2561270221411322
v -2.49906 1.72576 0.27845 0.23149942385833103 0.21672286488865034 0.2561270221411322
v -2.49906 1.72576 0.27845 0.23077241726309788 0.2160422629697087 0.2553226744187466
v -2.43707 2.03648 0.15644 0.23077241726309788 0.2160422629697087 0.2553226744187466
v -2.24517 1.81005 0.99616 0.23077241726309788 0.2160422629697087 0.2553226744187466
v -2.80784 2.04607 -0.57631 0.22984424007762919 0.21517333113650391 0.25429575497950463
v -2.76946 2.3803 -0.67428 0.22984424007762919 0.21517333113650391 0.25429575497950463
v -2.43707 2.03648 0.15644 0.22984424007762919 0.21517333113650391 0.25429575497950463
v -2.49906 1.72576 0.27845 0.22923911570983396 0.2146068317283552 0.25362625567896524
v -2.80784 2.04607 -0.57631 0.22923911570983396 0.2146068317283552 0.25362625567896524
v -2.43707 2.03648 0.15644 0.22923911570983396 0.2146068317283552 0.25362625567896524
v -2.27745 1.08069 1.24343 0.2290093545615677 0.21439173618529744 0.25337205185535155
v -2.52516 1.36169 0.40522 0.2290093545615677 0.21439173618529744 0.25337205185535155
v -2.19169 1.40088 1.08532 0.2290093545615677 0.21439173618529744 0.25337205185535155
v -2.19169 1.40088 1.08532 0.2313764801146423 0.216607768617963 0.25599099927577446
v -2.49906 1.72576 0.27845 0.2313764801146423 0.216607768617963 0.25599099927577446
v -2.24517 1.81005 0.99616 0.2313764801146423 0.216607768617963 0.25599099927577446
v -2.52516 1.36169 0.40522 0.2318558322613143 0.21705652381910273 0.2565213463316669
v -2.68999 1.598 -0.44629 0.2318558322613143 0.21705652381910273 0.2565213463316669
v -2.49906 1.72576 0.27845 0.2318558322613143 0.21705652381910273 0.2565213463316669
v -2.19169 1.40088 1.08532 0.230167516906168 0.21547597327385942 0.2546534229600157
v -2.52516 1.36169 0.40522 0.230167516906168 0.21547597327385942 0.2546534229600157
v -2.49906 1.72576 0.27845 0.230167516906168 0.21547597327385942 0.2546534229600157
v -2.73429 0.88923 -0.23883 0.23069350280784987 0.21596838560734882 0.255235364808685
v -2.415 0.94924 0.48408 0.23069350280784987 0.21596838560734882 0.255235364808685
v -2.7663 0.32794 -0.07815 0.23069350280784987 0.21596838560734882 0.255235364808685
v -2.7663 0.32794 -0.07815 0.23025783675530548 0.21556052802624343 0.2547533513037422
v -2.39159 0.40198 0.64107 0.23025783675530548 0.21556052802624343 0.2547533513037422
v -2.68155 -0.24718 0.08584 0.23025783675530548 0.21556052802624343 0.2547533513037422
v -2.415 0.94924 0.48408 0.23231604114046525 0.2174873576634143 0.2570305136022169
v -2.27745 1.08069 1.24343 0.23231604114046525 0.2174873576634143 0.2570305136022169
v -2.39159 0.40198 0.64107 0.23231604114046525 0.2174873576634143 0.2570305136022169
v -2.7663 0.32794 -0.07815 0.23025889111011444 0.2155615150818093 0.2547545178239564
v -2.415 0.94924 0.48408 0.23025889111011444 0.2155615150818093 0.2547545178239564
v -2.39159 0.40198 0.64107 0.23025889111011444 0.2155615150818093 0.2547545178239564
v -2.68155 -0.24718 0.08584 0.23090730496077808 0.21616854081434544 0.25547191187149915
v -2.36726 -0.16392 0.80748 0.23090730496077808 0.21616854081434544 0.25547191187149915
v -2.62785 -0.81058 0.24664 0.23090730496077808 0.21616854081434544 0.25547191187149915
v -2.62785 -0.81058 0.24664 0.23135179270262538 0.21658465699820248 0.2559636855433302
v -2.3574 -0.72172 0.97717 0.23135179270262538 0.21658465699820248 0.2559636855433302
v -2.59528 -1.3805 0.40943 0.23135179270262538 0.21658465699820248 0.2559636855433302
v -2.36726 -0.16392 0.80748 0.23224621425685002 0.21742198781492342 0.2569532583267277
v -2.21372 -0.09179 1.58396 0.23224621425685002 0.21742198781492342 0.2569532583267277
v -2.3574 -0.72172 0.97717 0.23224621425685002 0.21742198781492342 0.2569532583267277
v -2.62785 -0.81058 0.24664 0.2313321316407821 0.21656625089775344 0.25594193287916317
v -2.36726 -0.16392 0.80748 0.2313321316407821 0.21656625089775344 0.25594193287916317
v -2.3574 -0.72172 0.97717 0.2313321316407821 0.21656625089775344 0.25594193287916317
v -2.27745 1.08069 1.24343 0.22996496549925538 0.215286350680154 0.2544293235310911
v -1.94149 1.12177 1.91046 0.22996496549925538 0.215286350680154 0.2544293235310911
v -2.32571 0.5121 1.46414 0.22996496549925538 0.215286350680154 0.2544293235310911
v -2.32571 0.5121 1.46414 0.2287671033807039 0.2141649478457654 0.2531040292722682
v -1.90105 0.54333 2.06777 0.2287671033807039 0.2141649478457654 0.2531040292722682
v -2.21372 -0.09179 1.58396 0.2287671033807039 0.2141649478457654 0.2531040292722682
v -1.94149 1.12177 1.91046 0.23140587935860898 0.21663529131444245 0.25602352609888657
v -1.67573 1.20341 2.64658 0.23140587935860898 0.21663529131444245 0.25602352609888657
v -1.90105 0.54333 2.06777 0.23140587935860898 0.21663529131444245 0.25602352609888657
v -2.32571 0.5121 1.46414 0.22876546317939464 0.2141634123381567 0.25310221458145793
v -1.94149 1.12177 1.91046 0.22876546317939464 0.2141634123381567 0.25310221458145793
v -1.90105 0.54333 2.06777 0.22876546317939464 0.2141634123381567 0.25310221458145793
v -2.68155 -0.24718 0.08584 0.23090228854887648 0.2161638445989482 0.255466361798757
v -2.39159 0.40198 0.64107 0.23090228854887648 0.2161638445989482 0.255466361798757
v -2.36726 -0.16392 0.80748 0.23090228854887648 0.2161638445989482 0.255466361798757
v -2.36726 -0.16392 0.80748 0.23199280658008414 0.21718475509624902 0.2566728923864761
v -2.32571 0.5121 1.46414 0.23199280658008414 0.21718475509624902 0.2566728923864761
v -2.21372 -0.09179 1.58396 0.23199280658008414 0.21718475509624902 0.2566728923864761
v -2.39159 0.40198 0.64107 0.2324785683826479 0.2176395108263087 0.25721033097654666
v -2.27745 1.08069 1.24343 0.2324785683826479 0.2176395108263087 0.25721033097654666
v -2.32571 0.5121 1.46414 0.2324785683826479 0.2176395108263087 0.25721033097654666
v -2.36726 -0.16392 0.80748 0.23257465170510877 0.21772946117074016 0.25731663592905657
v -2.39159 0.40198 0.64107 0.23257465170510877 0.21772946117074016 0.25731663592905657
v -2.32571 0.5121 1.46414 0.23257465170510877 0.21772946117074016 0.25731663592905657
v 2.09359 -1.43164 -1.12399 0.22306526973843577 0.20882706103172713 0.24679561758295024
v 2.05912 -1.76373 -1.0602 0.22306526973843577 0.20882706103172713 0.24679561758295024
v 2.64071 -0.91896 -0.88899 0.22306526973843577 0.20882706103172713 0.24679561758295024
v 2.64071 -0.91896 -0.88899 0.22870938464589008 0.21411091328551413 0.2530401702465167
v 2.49543 -1.18119 -0.77641 0.22870938464589008 0.21411091328551413 0.2530401702465167
v 3.07799 -0.36806 -0.61702 0.22870938464589008 0.21411091328551413 0.2530401702465167
v 2.05912 -1.76373 -1.0602 0.22852638633301461 0.21393959571601368 0.2528377040280162
v 1.89786 -1.9872 -0.93112 0.22852638633301461 0.21393959571601368 0.2528377040280162
v 2.49543 -1.18119 -0.77641 0.22852638633301461 0.21393959571601368 0.2528377040280162
v 2.64071 -0.91896 -0.88899 0.22899349037415762 0.21437688460559437 0.25335449998842974
v 2.05912 -1.76373 -1.0602 0.22899349037415762 0.21437688460559437 0.25335449998842974
v 2.49543 -1.18119 -0.77641 0.22899349037415762 0.21437688460559437 0.25335449998842974
v 3.07799 -0.36806 -0.61702 0.2279416744210575 0.21339220584099 0.25219078872117
v 2.89944 -0.64958 -0.51414 0.2279416744210575 0.21339220584099 0.25219078872117
v 3.56775 0.17834 -0.35452 0.2279416744210575 0.21339220584099 0.25219078872117
v 3.56775 0.17834 -0.35452 0.22657739104642796 0.21211500438389003 0.25068136881732456
v 3.26594 -0.11179 -0.24345 0.22657739104642796 0.21211500438389003 0.25068136881732456
v 3.88866 0.7163 -0.07524 0.22657739104642796 0.21211500438389003 0.25068136881732456
v 2.89944 -0.64958 -0.51414 0.2295253930842677 0.21487483607888894 0.2539429880932324
v 2.78116 -0.94461 -0.42194 0.2295253930842677 0.21487483607888894 0.2539429880932324
v 3.26594 -0.11179 -0.24345 0.2295253930842677 0.21487483607888894 0.2539429880932324
v 3.56775 0.17834 -0.35452 0.22665530188035965 0.21218794218586862 0.2507675680378447
v 2.89944 -0.64958 -0.51414 0.22665530188035965 0.21218794218586862 0.2507675680378447
v 3.26594 -0.11179 -0.24345 0.22665530188035965 0.21218794218586862 0.2507675680378447
v 1.89786 -1.9872 -0.93112 0.2279715580025758 0.2134201819598582 0.2522238514071051
v 1.86048 -2.33024 -0.86413 0.2279715580025758 0.2134201819598582 0.2522238514071051
v 2.25782 -1.41472 -0.65291 0.2279715580025758 0.2134201819598582 0.2522238514071051
v 2.25782 -1.41472 -0.65291 0.220139009829217 0.2060875836699053 0.24355805342806988
v 2.33384 -1.82943 -0.61604 0.220139009829217 0.2060875836699053 0.24355805342806988
v 2.78116 -0.94461 -0.42194 0.220139009829217 0.2060875836699053 0.24355805342806988
v 1.86048 -2.33024 -0.86413 0.22548701320772954 0.21109422513064044 0.24947499333621143
v 1.80449 -2.64995 -0.78848 0.22548701320772954 0.21109422513064044 0.24947499333621143
v 2.33384 -1.82943 -0.61604 0.22548701320772954 0.21109422513064044 0.24947499333621143
v 2.25782 -1.41472 -0.65291 0.2212243938598147 0.2071036878687627 0.2447589038449014
v 1.86048 -2.33024 -0.86413 0.2212243938598147 0.2071036878687627 0.2447589038449014
v 2.33384 -1.82943 -0.61604 0.2212243938598147 0.2071036878687627 0.2447589038449014
v 3.07799 -0.36806 -0.61702 0.22880110926554273 0.21419678314221025 0.2531416528044303
v 2.49543 -1.18119 -0.77641 0.22880110926554273 0.21419678314221025 0.2531416528044303
v 2.89944 -0.64958 -0.51414 0.22880110926554273 0.21419678314221025 0.2531416528044303
v 2.89944 -0.64958 -0.51414 0.225616375022834 0.21121532980861057 0.24961811704653977
v 2.25782 -1.41472 -0.65291 0.225616375022834 0.21121532980861057 0.24961811704653977
v 2.78116 -0.94461 -0.42194 0.225616375022834 0.21121532980861057 0.24961811704653977
v 2.49543 -1.18119 -0.77641 0.22721711573027292 0.2127138955772768 0.25138914931859985
v 1.89786 -1.9872 -0.93112 0.22721711573027292 0.2127138955772768 0.25138914931859985
v 2.25782 -1.41472 -0.65291 0.22721711573027292 0.2127138955772768 0.25138914931859985
v 2.89944 -0.64958 -0.51414 0.22706919875845957 0.2125754201143026 0.2512254964987213
v 2.49543 -1.18119 -0.77641 0.22706919875845957 0.2125754201143026 0.2512254964987213
v 2.25782 -1.41472 -0.65291 0.22706919875845957 0.2125754201143026 0.2512254964987213
v 2.09359 -1.43164 -1.12399 0.21749895644383022 0.20361604433039426 0.24063714329955685
v 1.62814 -0.96563 -1.36924 0.21749895644383022 0.20361604433039426 0.24063714329955685
v 2.05912 -1.76373 -1.0602 0.21749895644383022 0.20361604433039426 0.24063714329955685
v 2.05912 -1.76373 -1.0602 0.21282755668178702 0.19924281902124744 0.2354687861160197
v 1.64424 -1.32488 -1.36807 0.21282755668178702 0.19924281902124744 0.2354687861160197
v 1.89786 -1.9872 -0.93112 0.21282755668178702 0.19924281902124744 0.2354687861160197
v 1.62814 -0.96563 -1.36924 0.2259124012754681 0.21149246076852335 0.2499456354537094
v 1.26012 -0.55739 -1.69643 0.2259124012754681 0.21149246076852335 0.2499456354537094
v 1.64424 -1.32488 -1.36807 0.2259124012754681 0.21149246076852335 0.2499456354537094
v 2.05912 -1.76373 -1.0602 0.22445612968554815 0.21012914268434296 0.2483344413542235
v 1.62814 -0.96563 -1.36924 0.22445612968554815 0.21012914268434296 0.2483344413542235
v 1.64424 -1.32488 -1.36807 0.22445612968554815 0.21012914268434296 0.2483344413542235
v 1.89786 -1.9872 -0.93112 0.22174369841019126 0.20758984532017905 0.24533345356021163
v 1.51668 -1.57 -1.25649 0.22174369841019126 0.20758984532017905 0.24533345356021163
v 1.86048 -2.33024 -0.86413 0.22174369841019126 0.20758984532017905 0.24533345356021163
v 1.86048 -2.33024 -0.86413 0.21956795547590877 0.20555297959446778 0.24292624861164375
v 1.45974 -1.88176 -1.17745 0.21956795547590877 0.20555297959446778 0.24292624861164375
v 1.80449 -2.64995 -0.78848 0.21956795547590877 0.20555297959446778 0.24292624861164375
v 1.51668 -1.57 -1.25649 0.22297020738996268 0.20873806649273105 0.24669044221868214
v 1.18582 -1.20489 -1.62355 0.22297020738996268 0.20873806649273105 0.24669044221868214
v 1.45974 -1.88176 -1.17745 0.22297020738996268 0.20873806649273105 0.24669044221868214
v 1.86048 -2.33024 -0.86413 0.21923320046468547 0.2052395919243864 0.24255588136518394
v 1.51668 -1.57 -1.25649 0.21923320046468547 0.2052395919243864 0.24255588136518394
v 1.45974 -1.88176 -1.17745 0.21923320046468547 0.2052395919243864 0.24255588136518394
v 1.26012 -0.55739 -1.69643 0.22415646367105233 0.2098486042877937 0.24800289597648345
v 0.86348 -0.13967 -1.97444 0.22415646367105233 0.2098486042877937 0.24800289597648345
v 1.26088 -0.90845 -1.71144 0.22415646367105233 0.2098486042877937 0.24800289597648345
v 1.26088 -0.90845 -1.71144 0.21828333196599484 0.20435035332986753 0.24150496302620708
v 0.86466 -0.46994 -2.0257 0.21828333196599484 0.20435035332986753 0.24150496302620708
v 1.18582 -1.20489 -1.62355 0.21828333196599484 0.20435035332986753 0.24150496302620708
v 0.86348 -0.13967 -1.97444 0.22937123567607604 0.2147305185052627 0.253772430960765
v 0.54182 0.26592 -2.42391 0.22937123567607604 0.2147305185052627 0.253772430960765
v 0.86466 -0.46994 -2.0257 0.22937123567607604 0.2147305185052627 0.253772430960765
v 1.26088 -0.90845 -1.71144 0.22612184071118807 0.21168853172962288 0.2501773556804634
v 0.86348 -0.13967 -1.97444 0.22612184071118807 0.21168853172962288 0.2501773556804634
v 0.86466 -0.46994 -2.0257 0.22612184071118807 0.21168853172962288 0.2501773556804634
v 1.89786 -1.9872 -0.93112 0.21557700088190895 0.20181676678306373 0.2385107243799844
v 1.64424 -1.32488 -1.36807 0.21557700088190895 0.20181676678306373 0.2385107243799844
v 1.51668 -1.57 -1.25649 0.21557700088190895 0.20181676678306373 0.2385107243799844
v 1.51668 -1.57 -1.25649 0.22179586995699185 0.2076386867682477 0.24539117527156548
v 1.26088 -0.90845 -1.71144 0.22179586995699185 0.2076386867682477 0.24539117527156548
v 1.18582 -1.20489 -1.62355 0.22179586995699185 0.2076386867682477 0.24539117527156548
v 1.64424 -1.32488 -1.36807 0.22601329532344883 0.21158691477088826 0.2500572629110498
v 1.26012 -0.55739 -1.69643 0.22601329532344883 0.21158691477088826 0.2500572629110498
v 1.26088 -0.90845 -1.71144 0.22601329532344883 0.21158691477088826 0.2500572629110498
v 1.51668 -1.57 -1.25649 0.2160620392056582 0.20227084521380767 0.2390473625254091
v 1.64424 -1.32488 -1.36807 0.2160620392056582 0.20227084521380767 0.2390473625254091
v 1.26088 -0.90845 -1.71144 0.2160620392056582 0.20227084521380767 0.2390473625254091
v 0.33071 0.21786 2.69779 0.22160100665088397 0.20745626154550842 0.24517558182650995
v 0.08311 0.01646 2.83358 0.22160100665088397 0.20745626154550842 0.24517558182650995
v 0.55238 0.80254 2.57382 0.22160100665088397 0.20745626154550842 0.24517558182650995
v 0.55238 0.80254 2.57382 0.22463753782491414 0.2102989715807707 0.24853514823181994
v 0.27993 0.56329 2.49336 0.22463753782491414 0.2102989715807707 0.24853514823181994
v 0.74509 1.34515 2.31492 0.22463753782491414 0.2102989715807707 0.24853514823181994
v 0.08311 0.01646 2.83358 0.22223766532377526 0.20805228243076834 0.24587997014545349
v -0.16896 -0.18583 2.81669 0.22223766532377526 0.20805228243076834 0.24587997014545349
v 0.27993 0.56329 2.49336 0.22223766532377526 0.20805228243076834 0.24587997014545349
v 0.55238 0.80254 2.57382 0.22512596874953403 0.21075622606339356 0.2490755398931015
v 0.08311 0.01646 2.83358 0.22512596874953403 0.21075622606339356 0.2490755398931015
v 0.27993 0.56329 2.49336 0.22512596874953403 0.21075622606339356 0.2490755398931015
v 0.74509 1.34515 2.31492 0.22648153083435213 0.2120252629087552 0.25057531071034705
v 0.51311 1.18412 2.51067 0.22648153083435213 0.2120252629087552 0.25057531071034705
v 0.9956 1.9911 2.24009 0.22648153083435213 0.2120252629087552 0.25057531071034705
v 0.9956 1.9911 2.24009 0.21284692940391012 0.19926095518663928 0.23549021976602824
v 0.72697 1.75121 2.32427 0.21284692940391012 0.19926095518663928 0.23549021976602824
v 1.20412 2.55304 2.07076 0.21284692940391012 0.19926095518663928 0.23549021976602824
v 0.51311 1.18412 2.51067 0.21698178576624386 0.20313188454712192 0.24006495446478046
v 0.26431 0.98425 2.62407 0.21698178576624386 0.20313188454712192 0.24006495446478046
v 0.72697 1.75121 2.32427 0.21698178576624386 0.20313188454712192 0.24006495446478046
v 0.9956 1.9911 2.24009 0.21210272325311996 0.19856425155611232 0.23466684274813274
v 0.51311 1.18412 2.51067 0.21210272325311996 0.19856425155611232 0.23466684274813274
v 0.72697 1.75121 2.32427 0.21210272325311996 0.19856425155611232 0.23466684274813274
v -0.16896 -0.18583 2.81669 0.22343764288237997 0.2091756656771217 0.24720760489114382
v -0.42263 -0.39224 2.95938 0.22343764288237997 0.2091756656771217 0.24720760489114382
v 0.04838 0.4051 2.76055 0.22343764288237997 0.2091756656771217 0.24720760489114382
v 0.04838 0.4051 2.76055 0.22282622501480442 0.2086032744819446 0.24653114256957087
v -0.21147 0.19415 2.92516 0.22282622501480442 0.2086032744819446 0.24653114256957087
v 0.26431 0.98425 2.62407 0.22282622501480442 0.2086032744819446 0.24653114256957087
v -0.42263 -0.39224 2.95938 0.22513079590495302 0.21076074510250922 0.24908088057569275
v -0.68028 -0.60235 3.12995 0.22513079590495302 0.21076074510250922 0.24908088057569275
v -0.21147 0.19415 2.92516 0.22513079590495302 0.21076074510250922 0.24908088057569275
v 0.04838 0.4051 2.76055 0.22476635209150567 0.21041956366013298 0.24867766614379352
v -0.42263 -0.39224 2.95938 0.22476635209150567 0.21041956366013298 0.24867766614379352
v -0.21147 0.19415 2.92516 0.22476635209150567 0.21041956366013298 0.24867766614379352
v 0.74509 1.34515 2.31492 0.2268719502465075 0.21239076193290066 0.25100726410251895
v 0.27993 0.56329 2.49336 0.2268719502465075 0.21239076193290066 0.25100726410251895
v 0.51311 1.18412 2.51067 0.2268719502465075 0.21239076193290066 0.25100726410251895
v 0.51311 1.18412 2.51067 0.21899122526720685 0.20501306195227875 0.24228816412542037
v 0.04838 0.4051 2.76055 0.21899122526720685 0.20501306195227875 0.24228816412542037
v 0.26431 0.98425 2.62407 0.21899122526720685 0.20501306195227875 0.24228816412542037
v 0.27993 0.56329 2.49336 0.2284108486455521 0.21383143277455943 0.2527098750972066
v -0.16896 -0.18583 2.81669 0.2284108486455521 0.21383143277455943 0.2527098750972066
v 0.04838 0.4051 2.76055 0.2284108486455521 0.21383143277455943 0.2527098750972066
v 0.51311 1.18412 2.51067 0.22845349414721347 0.21387135622292325 0.2527570573543638
v 0.27993 0.56329 2.49336 0.22845349414721347 0.21387135622292325 0.2527570573543638
v 0.04838 0.4051 2.76055 0.22845349414721347 0.21387135622292325 0.2527570573543638
v 0.33071 0.21786 2.69779 0.22232408194282485 0.2081331830954105 0.2459755800218488
v 0.55238 0.80254 2.57382 0.22232408194282485 0.2081331830954105 0.2459755800218488
v 0.81011 0.2122 2.4121 0.22232408194282485 0.2081331830954105 0.2459755800218488
v 0.81011 0.2122 2.4121 0.2185052836631388 0.20455813789740654 0.24175052660602592
v 1.00358 0.75728 2.20355 0.2185052836631388 0.20455813789740654 0.24175052660602592
v 1.32284 0.21527 2.22562 0.2185052836631388 0.20455813789740654 0.24175052660602592
v 0.55238 0.80254 2.57382 0.22496390958105614 0.21060451109715897 0.2488962403875515
v 0.74509 1.34515 2.31492 0.22496390958105614 0.21060451109715897 0.2488962403875515
v 1.00358 0.75728 2.20355 0.22496390958105614 0.21060451109715897 0.2488962403875515
v 0.81011 0.2122 2.4121 0.224971834631475 0.21061193029329575 0.24890500852844044
v 0.55238 0.80254 2.57382 0.224971834631475 0.21061193029329575 0.24890500852844044
v 1.00358 0.75728 2.20355 0.224971834631475 0.21061193029329575 0.24890500852844044
v 1.32284 0.21527 2.22562 0.2218098845808201 0.20765180684161882 0.24540668081282227
v 1.56082 0.803 2.10119 0.2218098845808201 0.20765180684161882 0.24540668081282227
v 1.79801 0.21102 1.96025 0.2218098845808201 0.20765180684161882 0.24540668081282227
v 1.79801 0.21102 1.96025 0.2204181246904061 0.20634888268889082 0.24386686135959826
v 1.91968 0.74408 1.70936 0.2204181246904061 0.20634888268889082 0.24386686135959826
v 2.29299 0.2091 1.71646 0.2204181246904061 0.20634888268889082 0.24386686135959826
v 1.56082 0.803 2.10119 0.22715223174960583 0.21265315312729058 0.25131736278679795
v 1.68974 1.33462 1.82992 0.22715223174960583 0.21265315312729058 0.25131736278679795
v 1.91968 0.74408 1.70936 0.22715223174960583 0.21265315312729058 0.25131736278679795
v 1.79801 0.21102 1.96025 0.2271632082853239 0.2126634290330692 0.2513295070390818
v 1.56082 0.803 2.10119 0.2271632082853239 0.2126634290330692 0.2513295070390818
v 1.91968 0.74408 1.70936 0.2271632082853239 0.2126634290330692 0.2513295070390818
v 0.74509 1.34515 2.31492 0.21965991671393473 0.20563907096623676 0.243027992960098
v 0.9956 1.9911 2.24009 0.21965991671393473 0.20563907096623676 0.243027992960098
v 1.23892 1.36356 2.10904 0.21965991671393473 0.20563907096623676 0.243027992960098
v 1.23892 1.36356 2.10904 0.2226767103136626 0.20846330327236498 0.24636572204915863
v 1.43186 1.9236 1.93003 0.2226767103136626 0.20846330327236498 0.24636572204915863
v 1.68974 1.33462 1.82992 0.2226767103136626 0.20846330327236498 0.24636572204915863
v 0.9956 1.9911 2.24009 0.2238099778703276 0.20952423460200884 0.24761954998419228
v 1.20412 2.55304 2.07076 0.2238099778703276 0.20952423460200884 0.24761954998419228
v 1.43186 1.9236 1.93003 0.2238099778703276 0.20952423460200884 0.24761954998419228
v 1.23892 1.36356 2.10904 0.2238566986824241 0.20956797323460982 0.24767124109544797
v 0.9956 1.9911 2.24009 0.2238566986824241 0.20956797323460982 0.24767124109544797
v 1.43186 1.9236 1.93003 0.2238566986824241 0.20956797323460982 0.24767124109544797
v 1.32284 0.21527 2.22562 0.21505138098470578 0.201324697092065 0.23792918747244046
v 1.00358 0.75728 2.20355 0.21505138098470578 0.201324697092065 0.23792918747244046
v 1.56082 0.803 2.10119 0.21505138098470578 0.201324697092065 0.23792918747244046
v 1.56082 0.803 2.10119 0.22244799398672216 0.20824918585991012 0.24611267419807561
v 1.23892 1.36356 2.10904 0.22244799398672216 0.20824918585991012 0.24611267419807561
v 1.68974 1.33462 1.82992 0.22244799398672216 0.20824918585991012 0.24611267419807561
v 1.00358 0.75728 2.20355 0.21964222682528628 0.20562251021941694 0.24300842116840185
v 0.74509 1.34515 2.31492 0.21964222682528628 0.20562251021941694 0.24300842116840185
v 1.23892 1.36356 2.10904 0.21964222682528628 0.20562251021941694 0.24300842116840185
v 1.56082 0.803 2.10119 0.2151632124604267 0.2014293903884846 0.2380529159136636
v 1.00358 0.75728 2.20355 0.2151632124604267 0.2014293903884846 0.2380529159136636
v 1.23892 1.36356 2.10904 0.2151632124604267 0.2014293903884846 0.2380529159136636
v 0.33071 0.21786 2.69779 0.22230472036428628 0.2081150573623106 0.2459541587009125
v 0.81011 0.2122 2.4121 0.22230472036428628 0.2081150573623106 0.2459541587009125
v 0.08311 0.01646 2.83358 0.22230472036428628 0.2081150573623106 0.2459541587009125
v 0.08311 0.01646 2.83358 0.22167983316192885 0.2075300565771249 0.24526279413660215
v 0.55894 0.01426 2.44249 0.22167983316192885 0.2075300565771249 0.24526279413660215
v -0.16896 -0.18583 2.81669 0.22167983316192885 0.2075300565771249 0.24526279413660215
v 0.81011 0.2122 2.4121 0.2184714872603285 0.20452649871179693 0.24171313484121454
v 1.32284 0.21527 2.22562 0.2184714872603285 0.20452649871179693 0.24171313484121454
v 0.55894 0.01426 2.44249 0.2184714872603285 0.20452649871179693 0.24171313484121454
v 0.08311 0.01646 2.83358 0.22254898636112108 0.20834373191253888 0.24622441044209142
v 0.81011 0.2122 2.4121 0.22254898636112108 0.20834373191253888 0.24622441044209142
v 0.55894 0.01426 2.44249 0.22254898636112108 0.20834373191253888 0.24622441044209142
v -0.16896 -0.18583 2.81669 0.2190924156985569 0.20510779341992563 0.24240011949627574
v 0.31157 -0.19158 2.6291 0.2190924156985569 0.20510779341992563 0.24240011949627574
v -0.42263 -0.39224 2.95938 0.2190924156985569 0.20510779341992563 0.24240011949627574
v -0.42263 -0.39224 2.95938 0.21880289207982648 0.204836750032178 0.242079795492574
v 0.05104 -0.40226 2.77891 0.21880289207982648 0.204836750032178 0.242079795492574
v -0.68028 -0.60235 3.12995 0.21880289207982648 0.204836750032178 0.242079795492574
v 0.31157 -0.19158 2.6291 0.22240525035601144 0.20820917054605328 0.24606538337260841
v 0.78086 -0.1904 2.34658 0.22240525035601144 0.20820917054605328 0.24606538337260841
v 0.05104 -0.40226 2.77891 0.22240525035601144 0.20820917054605328 0.24606538337260841
v -0.42263 -0.39224 2.95938 0.2189405153917797 0.2049655888774108 0.24223205958239458
v 0.31157 -0.19158 2.6291 0.2189405153917797 0.2049655888774108 0.24223205958239458
v 0.05104 -0.40226 2.77891 0.2189405153917797 0.2049655888774108 0.24223205958239458
v 1.32284 0.21527 2.22562 0.2217974519032647 0.20764016773922653 0.245392925509995
v 1.79801 0.21102 1.96025 0.2217974519032647 0.20764016773922653 0.245392925509995
v 1.0911 0.0129 2.37141 0.2217974519032647 0.20764016773922653 0.245392925509995
v 1.0911 0.0129 2.37141 0.22140190707441063 0.20726987045263975 0.2449553014440288
v 1.4766 0.00898 1.95178 0.22140190707441063 0.20726987045263975 0.2449553014440288
v 0.78086 -0.1904 2.34658 0.22140190707441063 0.20726987045263975 0.2449553014440288
v 1.79801 0.21102 1.96025 0.21898379991756362 0.20500611056112342 0.24227994884496404
v 2.29299 0.2091 1.71646 0.21898379991756362 0.20500611056112342 0.24227994884496404
v 1.4766 0.00898 1.95178 0.21898379991756362 0.20500611056112342 0.24227994884496404
v 1.0911 0.0129 2.37141 0.22143830454267652 0.2073039446782504 0.2449955709833868
v 1.79801 0.21102 1.96025 0.22143830454267652 0.2073039446782504 0.2449955709833868
v 1.4766 0.00898 1.95178 0.22143830454267652 0.2073039446782504 0.2449955709833868
v -0.16896 -0.18583 2.81669 0.21872041773474654 0.20475954000699678 0.2419885472809962
v 0.55894 0.01426 2.44249 0.21872041773474654 0.20475954000699678 0.2419885472809962
v 0.31157 -0.19158 2.6291 0.21872041773474654 0.20475954000699678 0.2419885472809962
v 0.31157 -0.19158 2.6291 0.21965785425005155 0.20563714014898446 0.24302571108516344
v 1.0911 0.0129 2.37141 0.21965785425005155 0.20563714014898446 0.24302571108516344
v 0.78086 -0.1904 2.34658 0.21965785425005155 0.20563714014898446 0.24302571108516344
v 0.55894 0.01426 2.44249 0.21396823055871972 0.20031068392731208 0.23673080827773246
v 1.32284 0.21527 2.22562 0.21396823055871972 0.20031068392731208 0.23673080827773246
v 1.0911 0.0129 2.37141 0.21396823055871972 0.20031068392731208 0.23673080827773246
v 0.31157 -0.19158 2.6291 0.21378542449487822 0.2001395463356307 0.23652855476029083
v 0.55894 0.01426 2.44249 0.21378542449487822 0.2001395463356307 0.23652855476029083
v 1.0911 0.0129 2.37141 0.21378542449487822 0.2001395463356307 0.23652855476029083
v 1.80449 -2.64995 -0.78848 0.21354943241196955 0.199918617577163 0.23626745713664718
v 1.45974 -1.88176 -1.17745 0.21354943241196955 0.199918617577163 0.23626745713664718
v 0.66587 -2.37722 -1.03541 0.21354943241196955 0.199918617577163 0.23626745713664718
v 0.66587 -2.37722 -1.03541 0.21492903265917856 0.2012101582341246 0.23779382336760183
v 0.39597 -1.81185 -1.55281 0.21492903265917856 0.2012101582341246 0.23779382336760183
v -0.42646 -2.26974 -1.35431 0.21492903265917856 0.2012101582341246 0.23779382336760183
v 1.45974 -1.88176 -1.17745 0.21722029957741734 0.2033551740724758 0.24032884208565325
v 1.18582 -1.20489 -1.62355 0.21722029957741734 0.2033551740724758 0.24032884208565325
v 0.39597 -1.81185 -1.55281 0.21722029957741734 0.2033551740724758 0.24032884208565325
v 0.66587 -2.37722 -1.03541 0.2164229220013223 0.2026086929374081 0.23944663710784594
v 1.45974 -1.88176 -1.17745 0.2164229220013223 0.2026086929374081 0.23944663710784594
v 0.39597 -1.81185 -1.55281 0.2164229220013223 0.2026086929374081 0.23944663710784594
v -0.42646 -2.26974 -1.35431 0.2170758924640667 0.20321998443444544 0.24016907251343553
v -0.73066 -1.55747 -1.7459 0.2170758924640667 0.20321998443444544 0.24016907251343553
v -1.59273 -2.21169 -1.72497 0.2170758924640667 0.20321998443444544 0.24016907251343553
v -1.59273 -2.21169 -1.72497 0.21578939438475447 0.2020156032538127 0.23874571293632413
v -1.82635 -1.43199 -2.0474 0.21578939438475447 0.2020156032538127 0.23874571293632413
v -2.68868 -2.05598 -2.01945 0.21578939438475447 0.2020156032538127 0.23874571293632413
v -0.73066 -1.55747 -1.7459 0.21547219379564186 0.20171864951081367 0.2383947676036889
v -1.04847 -0.87422 -2.17003 0.21547219379564186 0.20171864951081367 0.2383947676036889
v -1.82635 -1.43199 -2.0474 0.21547219379564186 0.20171864951081367 0.2383947676036889
v -1.59273 -2.21169 -1.72497 0.21610641233437666 0.20231238601516116 0.2390964561997359
v -0.73066 -1.55747 -1.7459 0.21610641233437666 0.20231238601516116 0.2390964561997359
v -1.82635 -1.43199 -2.0474 0.21610641233437666 0.20231238601516116 0.2390964561997359
v 1.18582 -1.20489 -1.62355 0.21276589094144 0.1991850893919864 0.23540056019052938
v 0.86466 -0.46994 -2.0257 0.21276589094144 0.1991850893919864 0.23540056019052938
v 0.06552 -0.99174 -1.80954 0.21276589094144 0.1991850893919864 0.23540056019052938
v 0.06552 -0.99174 -1.80954 0.21559900270861068 0.20183736423784832 0.23853506682654801
v -0.26353 -0.3164 -2.38947 0.21559900270861068 0.20183736423784832 0.23853506682654801
v -1.04847 -0.87422 -2.17003 0.21559900270861068 0.20183736423784832 0.23853506682654801
v 0.86466 -0.46994 -2.0257 0.2165036842850605 0.2026843001817588 0.23953599112389676
v 0.54182 0.26592 -2.42391 0.2165036842850605 0.2026843001817588 0.23953599112389676
v -0.26353 -0.3164 -2.38947 0.2165036842850605 0.2026843001817588 0.23953599112389676
v 0.06552 -0.99174 -1.80954 0.21516609649639437 0.20143209033705006 0.23805610676196826
v 0.86466 -0.46994 -2.0257 0.21516609649639437 0.20143209033705006 0.23805610676196826
v -0.26353 -0.3164 -2.38947 0.21516609649639437 0.20143209033705006 0.23805610676196826
v -0.42646 -2.26974 -1.35431 0.212477436399391 0.1989150468419831 0.23508141899507093
v 0.39597 -1.81185 -1.55281 0.212477436399391 0.1989150468419831 0.23508141899507093
v -0.73066 -1.55747 -1.7459 0.212477436399391 0.1989150468419831 0.23508141899507093
v -0.73066 -1.55747 -1.7459 0.21650034189542658 0.20268117113614406 0.23953229316089752
v 0.06552 -0.99174 -1.80954 0.21650034189542658 0.20268117113614406 0.23953229316089752
v -1.04847 -0.87422 -2.17003 0.21650034189542658 0.20268117113614406 0.23953229316089752
v 0.39597 -1.81185 -1.55281 0.21384170719418352 0.20019223652221438 0.2365908249807988
v 1.18582 -1.20489 -1.62355 0.21384170719418352 0.20019223652221438 0.2365908249807988
v 0.06552 -0.99174 -1.80954 0.21384170719418352 0.20019223652221438 0.2365908249807988
v -0.73066 -1.55747 -1.7459 0.21375029425820385 0.20010665845448875 0.2364896872643958
v 0.39597 -1.81185 -1.55281 0.21375029425820385 0.20010665845448875 0.2364896872643958
v 0.06552 -0.99174 -1.80954 0.21375029425820385 0.20010665845448875 0.2364896872643958
v -2.68868 -2.05598 -2.01945 0.22841569879995494 0.21383597334463866 0.25271524122548206
v -2.76308 -1.95494 -1.45867 0.22841569879995494 0.21383597334463866 0.25271524122548206
v -2.51225 -2.28939 -1.53257 0.22841569879995494 0.21383597334463866 0.25271524122548206
v -2.51225 -2.28939 -1.53257 0.23107718547239936 0.21632757788905474 0.25565986477797376
v -2.50284 -2.12838 -0.93145 0.23107718547239936 0.21632757788905474 0.25565986477797376
v -2.35661 -2.54173 -1.05836 0.23107718547239936 0.21632757788905474 0.25565986477797376
v -2.76308 -1.95494 -1.45867 0.2292132207837864 0.21458258966992771 0.25359760597355097
v -2.68822 -1.74831 -0.8191 0.2292132207837864 0.21458258966992771 0.25359760597355097
v -2.50284 -2.12838 -0.93145 0.2292132207837864 0.21458258966992771 0.25359760597355097
v -2.51225 -2.28939 -1.53257 0.227748693123797 0.2132115424988738 0.25197727749866905
v -2.76308 -1.95494 -1.45867 0.227748693123797 0.2132115424988738 0.25197727749866905
v -2.50284 -2.12838 -0.93145 0.227748693123797 0.2132115424988738 0.25197727749866905
v -2.35661 -2.54173 -1.05836 0.23181833839455765 0.21702142317788375 0.2564798637556808
v -2.29801 -2.34043 -0.45847 0.23181833839455765 0.21702142317788375 0.2564798637556808
v -2.21439 -2.80589 -0.59275 0.23181833839455765 0.21702142317788375 0.2564798637556808
v -2.21439 -2.80589 -0.59275 0.2320408489933732 0.2172297309725196 0.2567260456947959
v -2.22239 -2.6815 -0.00431 0.2320408489933732 0.2172297309725196 0.2567260456947959
v -2.11893 -3.1293 -0.13966 0.2320408489933732 0.2172297309725196 0.2567260456947959
v -2.29801 -2.34043 -0.45847 0.2323764551773828 0.21754391548520946 0.2570973546643385
v -2.29112 -2.19177 0.13111 0.2323764551773828 0.21754391548520946 0.2570973546643385
v -2.22239 -2.6815 -0.00431 0.2323764551773828 0.21754391548520946 0.2570973546643385
v -2.21439 -2.80589 -0.59275 0.23228230863379626 0.21745577829546883 0.25699319253100866
v -2.29801 -2.34043 -0.45847 0.23228230863379626 0.21745577829546883 0.25699319253100866
v -2.22239 -2.6815 -0.00431 0.23228230863379626 0.21745577829546883 0.25699319253100866
v -2.68822 -1.74831 -0.8191 0.22729103442281695 0.21278309605540313 0.2514709317018401
v -2.68217 -1.58834 -0.20797 0.22729103442281695 0.21278309605540313 0.2514709317018401
v -2.42678 -1.92027 -0.33531 0.22729103442281695 0.21278309605540313 0.2514709317018401
v -2.42678 -1.92027 -0.33531 0.2319029720893877 0.21710065472198 0.25657350103506726
v -2.37007 -1.73267 0.26218 0.2319029720893877 0.21710065472198 0.25657350103506726
v -2.29112 -2.19177 0.13111 0.2319029720893877 0.21710065472198 0.25657350103506726
v -2.68217 -1.58834 -0.20797 0.2271250915150671 0.21262774524814795 0.25128733529326575
v -2.59528 -1.3805 0.40943 0.2271250915150671 0.21262774524814795 0.25128733529326575
v -2.37007 -1.73267 0.26218 0.2271250915150671 0.21262774524814795 0.25128733529326575
v -2.42678 -1.92027 -0.33531 0.22650910844522146 0.21205108024659033 0.25060582210960675
v -2.68217 -1.58834 -0.20797 0.22650910844522146 0.21205108024659033 0.25060582210960675
v -2.37007 -1.73267 0.26218 0.22650910844522146 0.21205108024659033 0.25060582210960675
v -2.35661 -2.54173 -1.05836 0.23048370681880911 0.21577198085165109 0.2550032500974058
v -2.50284 -2.12838 -0.93145 0.23048370681880911 0.21577198085165109 0.2550032500974058
v -2.29801 -2.34043 -0.45847 0.23048370681880911 0.21577198085165109 0.2550032500974058
v -2.29801 -2.34043 -0.45847 0.23147413402727074 0.2166991893021258 0.2560990419025123
v -2.42678 -1.92027 -0.33531 0.23147413402727074 0.2166991893021258 0.2560990419025123
v -2.29112 -2.19177 0.13111 0.23147413402727074 0.2166991893021258 0.2560990419025123
v -2.50284 -2.12838 -0.93145 0.22904218798310627 0.21442247385652502 0.253408378194075
v -2.68822 -1.74831 -0.8191 0.22904218798310627 0.21442247385652502 0.253408378194075
v -2.42678 -1.92027 -0.33531 0.22904218798310627 0.21442247385652502 0.253408378194075
v -2.29801 -2.34043 -0.45847 0.23068745062711854 0.21596271973602588 0.2552286687789397
v -2.50284 -2.12838 -0.93145 0.23068745062711854 0.21596271973602588 0.2552286687789397
v -2.42678 -1.92027 -0.33531 0.23068745062711854 0.21596271973602588 0.2552286687789397
v 0.94424 3.86328 -0.45703 0.21521880045272798 0.2014814302110645 0.23811441752216714
v 1.05166 3.67645 0.19122 0.21521880045272798 0.2014814302110645 0.23811441752216714
v 0.56825 3.6423 0.0143 0.21521880045272798 0.2014814302110645 0.23811441752216714
v 0.56825 3.6423 0.0143 0.21607349739757092 0.20228157203176853 0.23906003967390826
v 0.62828 3.23728 0.65238 0.21607349739757092 0.20228157203176853 0.23906003967390826
v 0.16147 3.22395 0.48485 0.21607349739757092 0.20228157203176853 0.23906003967390826
v 1.05166 3.67645 0.19122 0.2176752556171606 0.20378109036500144 0.24083219770409262
v 1.10434 3.29824 0.82952 0.2176752556171606 0.20378109036500144 0.24083219770409262
v 0.62828 3.23728 0.65238 0.2176752556171606 0.20378109036500144 0.24083219770409262
v 0.56825 3.6423 0.0143 0.21684787335696074 0.20300651973843134 0.23991679605450977
v 1.05166 3.67645 0.19122 0.21684787335696074 0.20300651973843134 0.23991679605450977
v 0.62828 3.23728 0.65238 0.21684787335696074 0.20300651973843134 0.23991679605450977
v 0.16147 3.22395 0.48485 0.21820244068439973 0.20427462532156573 0.24141546628912314
v 0.22049 2.82913 1.08509 0.21820244068439973 0.20427462532156573 0.24141546628912314
v -0.22558 2.7634 0.91884 0.21820244068439973 0.20427462532156573 0.24141546628912314
v -0.22558 2.7634 0.91884 0.2126120359173377 0.19904105490133744 0.23523033761067152
v -0.16876 2.38716 1.50493 0.2126120359173377 0.19904105490133744 0.23523033761067152
v -0.62676 2.47587 1.41037 0.2126120359173377 0.19904105490133744 0.23523033761067152
v 0.22049 2.82913 1.08509 0.2179045435464995 0.20399574289459527 0.24108587796633987
v 0.27957 2.43512 1.68564 0.2179045435464995 0.20399574289459527 0.24108587796633987
v -0.16876 2.38716 1.50493 0.2179045435464995 0.20399574289459527 0.24108587796633987
v -0.22558 2.7634 0.91884 0.21815602909482187 0.20423117617387582 0.24136411729639867
v 0.22049 2.82913 1.08509 0.21815602909482187 0.20423117617387582 0.24136411729639867
v -0.16876 2.38716 1.50493 0.21815602909482187 0.20423117617387582 0.24136411729639867
v 1.10434 3.29824 0.82952 0.21712869367203455 0.203269415352543 0.24022749087118717
v 1.14071 2.89138 1.43315 0.21712869367203455 0.203269415352543 0.24022749087118717
v 0.69112 2.86322 1.25606 0.21712869367203455 0.203269415352543 0.24022749087118717
v 0.69112 2.86322 1.25606 0.21759600283560515 0.20370689627163036 0.24074451377556316
v 0.73788 2.48077 1.86817 0.21759600283560515 0.20370689627163036 0.24074451377556316
v 0.27957 2.43512 1.68564 0.21759600283560515 0.20370689627163036 0.24074451377556316
v 1.14071 2.89138 1.43315 0.21848703249792856 0.20454105170018844 0.24173033382749542
v 1.20412 2.55304 2.07076 0.21848703249792856 0.20454105170018844 0.24173033382749542
v 0.73788 2.48077 1.86817 0.21848703249792856 0.20454105170018844 0.24173033382749542
v 0.69112 2.86322 1.25606 0.21695597556569599 0.20310772180618347 0.24003639849821684
v 1.14071 2.89138 1.43315 0.21695597556569599 0.20310772180618347 0.24003639849821684
v 0.73788 2.48077 1.86817 0.21695597556569599 0.20310772180618347 0.24003639849821684
v 0.16147 3.22395 0.48485 0.21616906505374356 0.2023710396247812 0.23916577410201417
v 0.62828 3.23728 0.65238 0.21616906505374356 0.2023710396247812 0.23916577410201417
v 0.22049 2.82913 1.08509 0.21616906505374356 0.2023710396247812 0.23916577410201417
v 0.22049 2.82913 1.08509 0.21692812128345157 0.2030816454568483 0.2400055809944571
v 0.69112 2.86322 1.25606 0.21692812128345157 0.2030816454568483 0.2400055809944571
v 0.27957 2.43512 1.68564 0.21692812128345157 0.2030816454568483 0.2400055809944571
v 0.62828 3.23728 0.65238 0.21779125910002228 0.20388968937023363 0.2409605419830034
v 1.10434 3.29824 0.82952 0.21779125910002228 0.20388968937023363 0.2409605419830034
v 0.69112 2.86322 1.25606 0.21779125910002228 0.20388968937023363 0.2409605419830034
v 0.22049 2.82913 1.08509 0.21680389000490238 0.20296534383437673 0.23986813362244522
v 0.62828 3.23728 0.65238 0.21680389000490238 0.20296534383437673 0.23986813362244522
v 0.69112 2.86322 1.25606 0.21680389000490238 0.20296534383437673 0.23986813362244522
v 0.94424 3.86328 -0.45703 0.22075896886034901 0.20666797084798633 0.2442439655476202
v 0.56825 3.6423 0.0143 0.22075896886034901 0.20666797084798633 0.2442439655476202
v 0.01063 3.41067 -0.49992 0.22075896886034901 0.20666797084798633 0.2442439655476202
v 0.01063 3.41067 -0.49992 0.21727768677678025 0.20340889825911346 0.24039233430622498
v -0.38135 3.19714 -0.04353 0.21727768677678025 0.20340889825911346 0.24039233430622498
v -0.92236 3.15514 -0.5717 0.21727768677678025 0.20340889825911346 0.24039233430622498
v 0.56825 3.6423 0.0143 0.2202012260630095 0.2061458286547323 0.2436268884101382
v 0.16147 3.22395 0.48485 0.2202012260630095 0.2061458286547323 0.2436268884101382
v -0.38135 3.19714 -0.04353 0.2202012260630095 0.2061458286547323 0.2436268884101382
v 0.01063 3.41067 -0.49992 0.2205222130836956 0.2064463271421831 0.24398202298621643
v 0.56825 3.6423 0.0143 0.2205222130836956 0.2064463271421831 0.24398202298621643
v -0.38135 3.19714 -0.04353 0.2205222130836956 0.2064463271421831 0.24398202298621643
v -0.92236 3.15514 -0.5717 0.21754943050328648 0.2036632966413746 0.24069298693980634
v -1.25608 2.69052 -0.10362 0.21754943050328648 0.2036632966413746 0.24069298693980634
v -1.89745 2.845 -0.64038 0.21754943050328648 0.2036632966413746 0.24069298693980634
v -1.89745 2.845 -0.64038 0.22102186324082368 0.20691408473609027 0.2445348274153794
v -2.26775 2.43317 -0.16156 0.22102186324082368 0.20691408473609027 0.2445348274153794
v -2.76946 2.3803 -0.67428 0.22102186324082368 0.20691408473609027 0.2445348274153794
v -1.25608 2.69052 -0.10362 0.2167317786786879 0.20289783535877168 0.23978835087854836
v -1.65627 2.36826 0.35898 0.2167317786786879 0.20289783535877168 0.23978835087854836
v -2.26775 2.43317 -0.16156 0.2167317786786879 0.20289783535877168 0.23978835087854836
v -1.89745 2.845 -0.64038 0.2165412513176404 0.2027194693186421 0.2395775546493043
v -1.25608 2.69052 -0.10362 0.2165412513176404 0.2027194693186421 0.2395775546493043
v -2.26775 2.43317 -0.16156 0.2165412513176404 0.2027194693186421 0.2395775546493043
v 0.16147 3.22395 0.48485 0.21822315618232244 0.20429401855366355 0.2414383855634206
v -0.22558 2.7634 0.91884 0.21822315618232244 0.20429401855366355 0.2414383855634206
v -0.76948 2.8787 0.43437 0.21822315618232244 0.20429401855366355 0.2414383855634206
v -0.76948 2.8787 0.43437 0.2220757408423431 0.20790069355453397 0.24570081965535834
v -1.17862 2.5008 0.91343 0.2220757408423431 0.20790069355453397 0.24570081965535834
v -1.65627 2.36826 0.35898 0.2220757408423431 0.20790069355453397 0.24570081965535834
v -0.22558 2.7634 0.91884 0.21684678609817196 0.2030055018791397 0.2399155931298924
v -0.62676 2.47587 1.41037 0.21684678609817196 0.2030055018791397 0.2399155931298924
v -1.17862 2.5008 0.91343 0.21684678609817196 0.2030055018791397 0.2399155931298924
v -0.76948 2.8787 0.43437 0.21651505785456088 0.20269494777873784 0.2395485746475993
v -0.22558 2.7634 0.91884 0.21651505785456088 0.20269494777873784 0.2395485746475993
v -1.17862 2.5008 0.91343 0.21651505785456088 0.20269494777873784 0.2395485746475993
v -0.92236 3.15514 -0.5717 0.22155146504368337 0.20740988216855466 0.24512076983556458
v -0.38135 3.19714 -0.04353 0.22155146504368337 0.20740988216855466 0.24512076983556458
v -1.25608 2.69052 -0.10362 0.22155146504368337 0.20740988216855466 0.24512076983556458
v -1.25608 2.69052 -0.10362 0.22213136679185677 0.2079527689115255 0.2457623632590756
v -0.76948 2.8787 0.43437 0.22213136679185677 0.2079527689115255 0.2457623632590756
v -1.65627 2.36826 0.35898 0.22213136679185677 0.2079527689115255 0.2457623632590756
v -0.38135 3.19714 -0.04353 0.2188035696940753 0.20483738439445348 0.24208054519344505
v 0.16147 3.22395 0.48485 0.2188035696940753 0.20483738439445348 0.24208054519344505
v -0.76948 2.8787 0.43437 0.2188035696940753 0.20483738439445348 0.24208054519344505
v -1.25608 2.69052 -0.10362 0.2221384346665438 0.20795938564527505 0.24577018303532505
v -0.38135 3.19714 -0.04353 0.2221384346665438 0.20795938564527505 0.24577018303532505
v -0.76948 2.8787 0.43437 0.2221384346665438 0.20795938564527505 0.24577018303532505
v 0.94424 3.86328 -0.45703 0.22263723240512168 0.2084263452303267 0.24632204436311336
v 1.08333 3.81678 -0.10777 0.22263723240512168 0.2084263452303267 0.24632204436311336
v 1.05166 3.67645 0.19122 0.22263723240512168 0.2084263452303267 0.24632204436311336
v 1.05166 3.67645 0.19122 0.22781278172667022 0.2132715403398615 0.25204818403801815
v 1.12689 3.41032 0.53377 0.22781278172667022 0.2132715403398615 0.25204818403801815
v 1.10434 3.29824 0.82952 0.22781278172667022 0.2132715403398615 0.25204818403801815
v 1.08333 3.81678 -0.10777 0.21530492383771563 0.20156205635871252 0.2382097029693875
v 1.16814 3.57902 0.24689 0.21530492383771563 0.20156205635871252 0.2382097029693875
v 1.12689 3.41032 0.53377 0.21530492383771563 0.20156205635871252 0.2382097029693875
v 1.05166 3.67645 0.19122 0.22492031526663958 0.21056369939855624 0.2488480083801119
v 1.08333 3.81678 -0.10777 0.22492031526663958 0.21056369939855624 0.2488480083801119
v 1.12689 3.41032 0.53377 0.22492031526663958 0.21056369939855624 0.2488480083801119
v 1.10434 3.29824 0.82952 0.22147526038846746 0.20733854164026744 0.24503645830213425
v 1.17657 3.04842 1.15042 0.22147526038846746 0.20733854164026744 0.24503645830213425
v 1.14071 2.89138 1.43315 0.22147526038846746 0.20733854164026744 0.24503645830213425
v 1.14071 2.89138 1.43315 0.226171061394318 0.21173461066702112 0.25023181260647953
v 1.22183 2.66467 1.76555 0.226171061394318 0.21173461066702112 0.25023181260647953
v 1.20412 2.55304 2.07076 0.226171061394318 0.21173461066702112 0.25023181260647953
v 1.17657 3.04842 1.15042 0.2284553583282505 0.21387310141368132 0.25275911985253247
v 1.24366 2.78528 1.46628 0.2284553583282505 0.21387310141368132 0.25275911985253247
v 1.22183 2.66467 1.76555 0.2284553583282505 0.21387310141368132 0.25275911985253247
v 1.14071 2.89138 1.43315 0.21744473670595318 0.20356528542684982 0.24057715550445888
v 1.17657 3.04842 1.15042 0.21744473670595318 0.20356528542684982 0.24057715550445888
v 1.22183 2.66467 1.76555 0.21744473670595318 0.20356528542684982 0.24057715550445888
v 1.16814 3.57902 0.24689 0.2294610873717191 0.21481463498629025 0.2538718413474339
v 1.22938 3.29322 0.58021 0.2294610873717191 0.21481463498629025 0.2538718413474339
v 1.20775 3.18703 0.8579 0.2294610873717191 0.21481463498629025 0.2538718413474339
v 1.20775 3.18703 0.8579 0.22587512567185772 0.21145756445876043 0.24990439436035325
v 1.27353 2.92268 1.18198 0.22587512567185772 0.21145756445876043 0.24990439436035325
v 1.24366 2.78528 1.46628 0.22587512567185772 0.21145756445876043 0.24990439436035325
v 1.22938 3.29322 0.58021 0.2252963646882702 0.21091574566561466 0.24926406305936277
v 1.3514 3.17025 0.94222 0.2252963646882702 0.21091574566561466 0.24926406305936277
v 1.27353 2.92268 1.18198 0.2252963646882702 0.21091574566561466 0.24926406305936277
v 1.20775 3.18703 0.8579 0.2286187014587251 0.2140260183868916 0.252939839911781
v 1.22938 3.29322 0.58021 0.2286187014587251 0.2140260183868916 0.252939839911781
v 1.27353 2.92268 1.18198 0.2286187014587251 0.2140260183868916 0.252939839911781
v 1.10434 3.29824 0.82952 0.2277209709734322 0.21318558984746847 0.25194660618337184
v 1.12689 3.41032 0.53377 0.2277209709734322 0.21318558984746847 0.25194660618337184
v 1.17657 3.04842 1.15042 0.2277209709734322 0.21318558984746847 0.25194660618337184
v 1.17657 3.04842 1.15042 0.2262125252968049 0.2117734279374344 0.25027768756242247
v 1.20775 3.18703 0.8579 0.2262125252968049 0.2117734279374344 0.25027768756242247
v 1.24366 2.78528 1.46628 0.2262125252968049 0.2117734279374344 0.25027768756242247
v 1.12689 3.41032 0.53377 0.2159956416640543 0.20220868581315724 0.23897390141554944
v 1.16814 3.57902 0.24689 0.2159956416640543 0.20220868581315724 0.23897390141554944
v 1.20775 3.18703 0.8579 0.2159956416640543 0.20220868581315724 0.23897390141554944
v 1.17657 3.04842 1.15042 0.2214316731143544 0.20729773653258712 0.2449882340839666
v 1.12689 3.41032 0.53377 0.2214316731143544 0.20729773653258712 0.2449882340839666
v 1.20775 3.18703 0.8579 0.2214316731143544 0.20729773653258712 0.2449882340839666
v -0.62676 2.47587 1.41037 0.2124432220055326 0.19888301634560498 0.23504356477207863
v -0.16876 2.38716 1.50493 0.2124432220055326 0.19888301634560498 0.23504356477207863
v -0.92501 2.23674 1.78732 0.2124432220055326 0.19888301634560498 0.23504356477207863
v -0.92501 2.23674 1.78732 0.21174676149023927 0.19823101075681976 0.23427301271260517
v -0.44366 2.14328 1.86586 0.21174676149023927 0.19823101075681976 0.23427301271260517
v -1.17098 1.87117 2.06324 0.21174676149023927 0.19823101075681976 0.23427301271260517
v -0.16876 2.38716 1.50493 0.21690270195513747 0.2030578486388521 0.23997745748227978
v 0.27957 2.43512 1.68564 0.21690270195513747 0.2030578486388521 0.23997745748227978
v -0.44366 2.14328 1.86586 0.21690270195513747 0.2030578486388521 0.23997745748227978
v -0.92501 2.23674 1.78732 0.21277128187560831 0.19919013622397377 0.23540652462833264
v -0.16876 2.38716 1.50493 0.21277128187560831 0.19919013622397377 0.23540652462833264
v -0.44366 2.14328 1.86586 0.21277128187560831 0.19919013622397377 0.23540652462833264
v -1.17098 1.87117 2.06324 0.21876862093963512 0.2048046664115733 0.24204187848640482
v -0.70835 1.90788 2.25238 0.21876862093963512 0.2048046664115733 0.24204187848640482
v -1.37823 1.48856 2.28026 0.21876862093963512 0.2048046664115733 0.24204187848640482
v -1.37823 1.48856 2.28026 0.21669510190173807 0.20286349965269096 0.2397477723168166
v -0.92896 1.52073 2.45931 0.21669510190173807 0.20286349965269096 0.2397477723168166
v -1.67573 1.20341 2.64658 0.21669510190173807 0.20286349965269096 0.2397477723168166
v -0.70835 1.90788 2.25238 0.2184360194265186 0.20449329478227274 0.24167389383359505
v -0.24333 1.93815 2.43392 0.2184360194265186 0.20449329478227274 0.24167389383359505
v -0.92896 1.52073 2.45931 0.2184360194265186 0.20449329478227274 0.24167389383359505
v -1.37823 1.48856 2.28026 0.21860491718425504 0.20465141183206856 0.24186075943789923
v -0.70835 1.90788 2.25238 0.21860491718425504 0.20465141183206856 0.24186075943789923
v -0.92896 1.52073 2.45931 0.21860491718425504 0.20465141183206856 0.24186075943789923
v 0.27957 2.43512 1.68564 0.2169256306533554 0.20307931380314123 0.24000282540371237
v 0.73788 2.48077 1.86817 0.2169256306533554 0.20307931380314123 0.24000282540371237
v 0.01805 2.17755 2.05122 0.2169256306533554 0.20307931380314123 0.24000282540371237
v 0.01805 2.17755 2.05122 0.2182703100827908 0.20433816263069776 0.24149055583627918
v 0.48414 2.26312 2.26991 0.2182703100827908 0.20433816263069776 0.24149055583627918
v -0.24333 1.93815 2.43392 0.2182703100827908 0.20433816263069776 0.24149055583627918
v 0.73788 2.48077 1.86817 0.2173777580153132 0.2035025819717826 0.2405030514211976
v 1.20412 2.55304 2.07076 0.2173777580153132 0.2035025819717826 0.2405030514211976
v 0.48414 2.26312 2.26991 0.2173777580153132 0.2035025819717826 0.2405030514211976
v 0.01805 2.17755 2.05122 0.2179614662958016 0.20404903227692064 0.24114885632726987
v 0.73788 2.48077 1.86817 0.2179614662958016 0.20404903227692064 0.24114885632726987
v 0.48414 2.26312 2.26991 0.2179614662958016 0.20404903227692064 0.24114885632726987
v -1.17098 1.87117 2.06324 0.21634553440119217 0.20253624497132885 0.23936101678429775
v -0.44366 2.14328 1.86586 0.21634553440119217 0.20253624497132885 0.23936101678429775
v -0.70835 1.90788 2.25238 0.21634553440119217 0.20253624497132885 0.23936101678429775
v -0.70835 1.90788 2.25238 0.2160828108834462 0.20229029103982196 0.23907034395615326
v 0.01805 2.17755 2.05122 0.2160828108834462 0.20229029103982196 0.23907034395615326
v -0.24333 1.93815 2.43392 0.2160828108834462 0.20229029103982196 0.23907034395615326
v -0.44366 2.14328 1.86586 0.2165814490887582 0.20275710127458216 0.23962202877905167
v 0.27957 2.43512 1.68564 0.2165814490887582 0.20275710127458216 0.23962202877905167
v 0.01805 2.17755 2.05122 0.2165814490887582 0.20275710127458216 0.23962202877905167
v -0.70835 1.90788 2.25238 0.2162211750350694 0.20241982343708628 0.2392234276983747
v -0.44366 2.14328 1.86586 0.2162211750350694 0.20241982343708628 0.2392234276983747
v 0.01805 2.17755 2.05122 0.2162211750350694 0.20241982343708628 0.2392234276983747
v -0.62676 2.47587 1.41037 0.21731669373451498 0.20344541541103534 0.24043549094031447
v -0.92501 2.23674 1.78732 0.21731669373451498 0.20344541541103534 0.24043549094031447
v -1.17862 2.5008 0.91343 0.21731669373451498 0.20344541541103534 0.24043549094031447
v -1.17862 2.5008 0.91343 0.22594980272570545 0.2115274748921498 0.24998701578163157
v -1.37418 2.06057 1.17732 0.22594980272570545 0.2115274748921498 0.24998701578163157
v -1.65627 2.36826 0.35898 0.22594980272570545 0.2115274748921498 0.24998701578163157
v -0.92501 2.23674 1.78732 0.22570919290020386 0.2113022231406164 0.24972080916618303
v -1.17098 1.87117 2.06324 0.22570919290020386 0.2113022231406164 0.24972080916618303
v -1.37418 2.06057 1.17732 0.22570919290020386 0.2113022231406164 0.24972080916618303
v -1.17862 2.5008 0.91343 0.22709811579897962 0.2126024913862788 0.2512574898201477
v -0.92501 2.23674 1.78732 0.22709811579897962 0.2126024913862788 0.2512574898201477
v -1.37418 2.06057 1.17732 0.22709811579897962 0.2126024913862788 0.2512574898201477
v -1.65627 2.36826 0.35898 0.21626656669879343 0.2024623177605726 0.2392736482624949
v -1.99954 2.14144 0.69453 0.21626656669879343 0.2024623177605726 0.2392736482624949
v -2.26775 2.43317 -0.16156 0.21626656669879343 0.2024623177605726 0.2392736482624949
v -2.26775 2.43317 -0.16156 0.22371775076975195 0.20943789433764012 0.24751751148993834
v -2.43707 2.03648 0.15644 0.22371775076975195 0.20943789433764012 0.24751751148993834
v -2.76946 2.3803 -0.67428 0.22371775076975195 0.20943789433764012 0.24751751148993834
v -1.99954 2.14144 0.69453 0.22390935574317086 0.20961726920637272 0.24772949997116778
v -2.24517 1.81005 0.99616 0.22390935574317086 0.20961726920637272 0.24772949997116778
v -2.43707 2.03648 0.15644 0.22390935574317086 0.20961726920637272 0.24772949997116778
v -2.26775 2.43317 -0.16156 0.22554245987610563 0.21114613264997123 0.24953633858632965
v -1.99954 2.14144 0.69453 0.22554245987610563 0.21114613264997123 0.24953633858632965
v -2.43707 2.03648 0.15644 0.22554245987610563 0.21114613264997123 0.24953633858632965
v -1.17098 1.87117 2.06324 0.22387113855184526 0.20958149141023813 0.24768721712119052
v -1.37823 1.48856 2.28026 0.22387113855184526 0.20958149141023813 0.24768721712119052
v -1.70002 1.83194 1.5225 0.22387113855184526 0.20958149141023813 0.24768721712119052
v -1.70002 1.83194 1.5225 0.21919414959755681 0.20520303366579787 0.2425126761504884
v -2.02383 1.55545 1.88026 0.21919414959755681 0.20520303366579787 0.2425126761504884
v -2.24517 1.81005 0.99616 0.21919414959755681 0.20520303366579787 0.2425126761504884
v -1.37823 1.48856 2.28026 0.21601470149580773 0.20222652905990512 0.2389949888889788
v -1.67573 1.20341 2.64658 0.21601470149580773 0.20222652905990512 0.2389949888889788
v -2.02383 1.55545 1.88026 0.21601470149580773 0.20222652905990512 0.2389949888889788
v -1.70002 1.83194 1.5225 0.2158503552106206 0.2020726729631342 0.23881315895643132
v -1.37823 1.48856 2.28026 0.2158503552106206 0.2020726729631342 0.23881315895643132
v -2.02383 1.55545 1.88026 0.2158503552106206 0.2020726729631342 0.23881315895643132
v -1.65627 2.36826 0.35898 0.21564572087772613 0.20188110039616916 0.23858675501365445
v -1.37418 2.06057 1.17732 0.21564572087772613 0.20188110039616916 0.23858675501365445
v -1.99954 2.14144 0.69453 0.21564572087772613 0.20188110039616916 0.23858675501365445
v -1.99954 2.14144 0.69453 0.22139340443424968 0.20726191053419118 0.24494589426768051
v -1.70002 1.83194 1.5225 0.22139340443424968 0.20726191053419118 0.24494589426768051
v -2.24517 1.81005 0.99616 0.22139340443424968 0.20726191053419118 0.24494589426768051
v -1.37418 2.06057 1.17732 0.21876985563268278 0.20480582229442643 0.2420432445297767
v -1.17098 1.87117 2.06324 0.21876985563268278 0.20480582229442643 0.2420432445297767
v -1.70002 1.83194 1.5225 0.21876985563268278 0.20480582229442643 0.2420432445297767
v -1.99954 2.14144 0.69453 0.21567271400599383 0.20190637055880276 0.23861661975131235
v -1.37418 2.06057 1.17732 0.21567271400599383 0.20190637055880276 0.23861661975131235
v -1.70002 1.83194 1.5225 0.21567271400599383 0.20190637055880276 0.23861661975131235
v 1.20412 2.55304 2.07076 0.2154991755888196 0.20174390906187367 0.23842461980039617
v 0.72697 1.75121 2.32427 0.2154991755888196 0.20174390906187367 0.23842461980039617
v 0.48414 2.26312 2.26991 0.2154991755888196 0.20174390906187367 0.23842461980039617
v 0.48414 2.26312 2.26991 0.2137345439700415 0.20009191350386862 0.23647226141366293
v 0.01049 1.4615 2.52951 0.2137345439700415 0.20009191350386862 0.23647226141366293
v -0.24333 1.93815 2.43392 0.2137345439700415 0.20009191350386862 0.23647226141366293
v 0.72697 1.75121 2.32427 0.21490599085641338 0.20118858718472743 0.23776833030922334
v 0.26431 0.98425 2.62407 0.21490599085641338 0.20118858718472743 0.23776833030922334
v 0.01049 1.4615 2.52951 0.21490599085641338 0.20118858718472743 0.23776833030922334
v 0.48414 2.26312 2.26991 0.21565264530908657 0.20188758284254912 0.23859441608664897
v 0.72697 1.75121 2.32427 0.21565264530908657 0.20188758284254912 0.23859441608664897
v 0.01049 1.4615 2.52951 0.21565264530908657 0.20188758284254912 0.23859441608664897
v -0.24333 1.93815 2.43392 0.21767512649398715 0.20378096948373267 0.24083205484441134
v -0.74554 1.15248 2.77034 0.21767512649398715 0.20378096948373267 0.24083205484441134
v -0.92896 1.52073 2.45931 0.21767512649398715 0.20378096948373267 0.24083205484441134
v -0.92896 1.52073 2.45931 0.21399974318156198 0.20034018510614313 0.2367656733072601
v -1.41465 0.74124 2.75182 0.21399974318156198 0.20034018510614313 0.2367656733072601
v -1.67573 1.20341 2.64658 0.21399974318156198 0.20034018510614313 0.2367656733072601
v -0.74554 1.15248 2.77034 0.2164761772502994 0.20265854891517393 0.23950555780884192
v -1.2102 0.30875 2.9672 0.2164761772502994 0.20265854891517393 0.23950555780884192
v -1.41465 0.74124 2.75182 0.2164761772502994 0.20265854891517393 0.23950555780884192
v -0.92896 1.52073 2.45931 0.21854400893352305 0.2045943913420216 0.2417933715860255
v -0.74554 1.15248 2.77034 0.21854400893352305 0.2045943913420216 0.2417933715860255
v -1.41465 0.74124 2.75182 0.21854400893352305 0.2045943913420216 0.2417933715860255
v 0.26431 0.98425 2.62407 0.21283936647421509 0.19925387499713754 0.23548185226934437
v -0.21147 0.19415 2.92516 0.21283936647421509 0.19925387499713754 0.23548185226934437
v -0.4608 0.6299 2.72385 0.21283936647421509 0.19925387499713754 0.23548185226934437
v -0.4608 0.6299 2.72385 0.2168328282376158 0.2029924349458531 0.23990015039055368
v -0.91607 -0.14227 2.95449 0.2168328282376158 0.2029924349458531 0.23990015039055368
v -1.2102 0.30875 2.9672 0.2168328282376158 0.2029924349458531 0.23990015039055368
v -0.21147 0.19415 2.92516 0.2137578078348786 0.20011369244116295 0.23649800015773803
v -0.68028 -0.60235 3.12995 0.2137578078348786 0.20011369244116295 0.23649800015773803
v -0.91607 -0.14227 2.95449 0.2137578078348786 0.20011369244116295 0.23649800015773803
v -0.4608 0.6299 2.72385 0.2142536107868867 0.20057784839623438 0.23704654810464063
v -0.21147 0.19415 2.92516 0.2142536107868867 0.20057784839623438 0.23704654810464063
v -0.91607 -0.14227 2.95449 0.2142536107868867 0.20057784839623438 0.23704654810464063
v -0.24333 1.93815 2.43392 0.2153652364784009 0.20161851925637533 0.23827643184844358
v 0.01049 1.4615 2.52951 0.2153652364784009 0.20161851925637533 0.23827643184844358
v -0.74554 1.15248 2.77034 0.2153652364784009 0.20161851925637533 0.23827643184844358
v -0.74554 1.15248 2.77034 0.2174546431580238 0.2035745595521925 0.2405881158344093
v -0.4608 0.6299 2.72385 0.2174546431580238 0.2035745595521925 0.2405881158344093
v -1.2102 0.30875 2.9672 0.2174546431580238 0.2035745595521925 0.2405881158344093
v 0.01049 1.4615 2.52951 0.2121689908777361 0.19862628933234872 0.23474016012004847
v 0.26431 0.98425 2.62407 0.2121689908777361 0.19862628933234872 0.23474016012004847
v -0.4608 0.6299 2.72385 0.2121689908777361 0.19862628933234872 0.23474016012004847
v -0.74554 1.15248 2.77034 0.2173826694468963 0.20350717990773273 0.24050848534550232
v 0.01049 1.4615 2.52951 0.2173826694468963 0.20350717990773273 0.24050848534550232
v -0.4608 0.6299 2.72385 0.2173826694468963 0.20350717990773273 0.24050848534550232
f 1 2 3
f 4 5 6
f 7 8 9
f 10 11 12
f 13 14 15
f 16 17 18
f 19 20 21
f 22 23 24
f 25 26 27
f 28 29 30
f 31 32 33
f 34 35 36
f 37 38 39
f 40 41 42
f 43 44 45
f 46 47 48
f 49 50 51
f 52 53 54
f 55 56 57
f 58 59 60
f 61 62 63
f 64 65 66
f 67 68 69
f 70 71 72
f 73 74 75
f 76 77 78
f 79 80 81
f 82 83 84
f 85 86 87
f 88 89 90
f 91 92 93
f 94 95 96
f 97 98 99
f 100 101 102
f 103 104 105
f 106 107 108
f 109 110 111
f 112 113 114
f 115 116 117
f 118 119 120
f 121 122 123
f 124 125 126
f 127 128 129
f 130 131 132
f 133 134 135
f 136 137 138
f 139 140 141
f 142 143 144
f 145 146 147
f 148 149 150
f 151 152 153
f 154 155 156
f 157 158 159
f 160 161 162
f 163 164 165
f 166 167 168
f 169 170 171
f 172 173 174
f 175 176 177
f 178 179 180
f 181 182 183
f 184 185 186
f 187 188 189
f 190 191 192
f 193 194 195
f 196 197 198
f 199 200 201
f 202 203 204
f 205 206 207
f 208 209 210
f 211 212 213
f 214 215 216
f 217 218 219
f 220 221 222
f 223 224 225
f 226 227 228
f 229 230 231
f 232 233 234
f 235 236 237
f 238 239 240
f 241 242 243
f 244 245 246
f 247 248 249
f 250 251 252
f 253 254 255
f 256 257 258
f 259 260 261
f 262 263 264
f 265 266 267
f 268 269 270
f 271 272 273
f 274 275 276
f 277 278 279
f 280 281 282
f 283 284 285
f 286 287 288
f 289 290 291
f 292 293 294
f 295 296 297
f 298 299 300
f 301 302 303
f 304 305 306
f 307 308 309
f 310 311 312
f 313 314 315
f 316 317 318
f 319 320 321
f 322 323 324
f 325 326 327
f 328 329 330
f 331 332 333
f 334 335 336
f 337 338 339
f 340 341 342
f 343 344 345
f 346 347 348
f 349 350 351
f 352 353 354
f 355 356 357
f 358 359 360
f 361 362 363
f 364 365 366
f 367 368 369
f 370 371 372
f 373 374 375
f 376 377 378
f 379 380 381
f 382 383 384
f 385 386 387
f 388 389 390
f 391 392 393
f 394 395 396
f 397 398 399
f 400 401 402
f 403 404 405
f 406 407 408
f 409 410 411
f 412 413 414
f 415 416 417
f 418 419 420
f 421 422 423
f 424 425 426
f 427 428 429
f 430 431 432
f 433 434 435
f 436 437 438
f 439 440 441
f 442 443 444
f 445 446 447
f 448 449 450
f 451 452 453
f 454 455 456
f 457 458 459
f 460 461 462
f 463 464 465
f 466 467 468
f 469 470 471
f 472 473 474
f 475 476 477
f 478 479 480
f 481 482 483
f 484 485 486
f 487 488 489
f 490 491 492
f 493 494 495
f 496 497 498
f 499 500 501
f 502 503 504
f 505 506 507
f 508 509 510
f 511 512 513
f 514 515 516
f 517 518 519
f 520 521 522
f 523 524 525
f 526 527 528
f 529 530 531
f 532 533 534
f 535 536 537
f 538 539 540
f 541 542 543
f 544 545 546
f 547 548 549
f 550 551 552
f 553 554 555
f 556 557 558
f 559 560 561
f 562 563 564
f 565 566 567
f 568 569 570
f 571 572 573
f 574 575 576
f 577 578 579
f 580 581 582
f 583 584 585
f 586 587 588
f 589 590 591
f 592 593 594
f 595 596 597
f 598 599 600
f 601 602 603
f 604 605 606
f 607 608 609
f 610 611 612
f 613 614 615
f 616 617 618
f 619 620 621
f 622 623 624
f 625 626 627
f 628 629 630
f 631 632 633
f 634 635 636
f 637 638 639
f 640 641 642
f 643 644 645
f 646 647 648
f 649 650 651
f 652 653 654
f 655 656 657
f 658 659 660
f 661 662 663
f 664 665 666
f 667 668 669
f 670 671 672
f 673 674 675
f 676 677 678
f 679 680 681
f 682 683 684
f 685 686 687
f 688 689 690
f 691 692 693
f 694 695 696
f 697 698 699
f 700 701 702
f 703 704 705
f 706 707 708
f 709 710 711
f 712 713 714
f 715 716 717
f 718 719 720
f 721 722 723
f 724 725 726
f 727 728 729
f 730 731 732
f 733 734 735
f 736 737 738
f 739 740 741
f 742 743 744
f 745 746 747
f 748 749 750
f 751 752 753
f 754 755 756
f 757 758 759
f 760 761 762
f 763 764 765
f 766 767 768
f 769 770 771
f 772 773 774
f 775 776 777
f 778 779 780
f 781 782 783
f 784 785 786
f 787 788 789
f 790 791 792
f 793 794 795
f 796 797 798
f 799 800 801
f 802 803 804
f 805 806 807
f 808 809 810
f 811 812 813
f 814 815 816
f 817 818 819
f 820 821 822
f 823 824 825
f 826 827 828
f 829 830 831
f 832 833 834
f 835 836 837
f 838 839 840
f 841 842 843
f 844 845 846
f 847 848 849
f 850 851 852
f 853 854 855
f 856 857 858
f 859 860 861
f 862 863 864
f 865 866 867
f 868 869 870
f 871 872 873
f 874 875 876
f 877 878 879
f 880 881 882
f 883 884 885
f 886 887 888
f 889 890 891
f 892 893 894
f 895 896 897
f 898 899 900
f 901 902 903
f 904 905 906
f 907 908 909
f 910 911 912
f 913 914 915
f 916 917 918
f 919 920 921
f 922 923 924
f 925 926 927
f 928 929 930
f 931 932 933
f 934 935 936
f 937 938 939
f 940 941 942
f 943 944 945
f 946 947 948
f 949 950 951
f 952 953 954
f 955 956 957
f 958 959 960
f 961 962 963
f 964 965 966
f 967 968 969
f 970 971 972
f 973 974 975
f 976 977 978
f 979 980 981
f 982 983 984
f 985 986 987
f 988 989 990
f 991 992 993
f 994 995 996
f 997 998 999
f 1000 1001 1002
f 1003 1004 1005
f 1006 1007 1008
f 1009 1010 1011
f 1012 1013 1014
f 1015 1016 1017
f 1018 1019 1020
f 1021 1022 1023
f 1024 1025 1026
f 1027 1028 1029
f 1030 1031 1032
f 1033 1034 1035
f 1036 1037 1038
f 1039 1040 1041
f 1042 1043 1044
f 1045 1046 1047
f 1048 1049 1050
f 1051 1052 1053
f 1054 1055 1056
f 1057 1058 1059
f 1060 1061 1062
f 1063 1064 1065
f 1066 1067 1068
f 1069 1070 1071
f 1072 1073 1074
f 1075 1076 1077
f 1078 1079 1080
f 1081 1082 1083
f 1084 1085 1086
f 1087 1088 1089
f 1090 1091 1092
f 1093 1094 1095
f 1096 1097 1098
f 1099 1100 1101
f 1102 1103 1104
f 1105 1106 1107
f 1108 1109 1110
f 1111 1112 1113
f 1114 1115 1116
f 1117 1118 1119
f 1120 1121 1122
f 1123 1124 1125
f 1126 1127 1128
f 1129 1130 1131
f 1132 1133 1134
f 1135 1136 1137
f 1138 1139 1140
f 1141 1142 1143
f 1144 1145 1146
f 1147 1148 1149
f 1150 1151 1152
f 1153 1154 1155
f 1156 1157 1158
f 1159 1160 1161
f 1162 1163 1164
f 1165 1166 1167
f 1168 1169 1170
f 1171 1172 1173
f 1174 1175 1176
f 1177 1178 1179
f 1180 1181 1182
f 1183 1184 1185
f 1186 1187 1188
f 1189 1190 1191
f 1192 1193 1194
f 1195 1196 1197
f 1198 1199 1200
f 1201 1202 1203
f 1204 1205 1206
f 1207 1208 1209
f 1210 1211 1212
f 1213 1214 1215
f 1216 1217 1218
f 1219 1220 1221
f 1222 1223 1224
f 1225 1226 1227
f 1228 1229 1230
f 1231 1232 1233
f 1234 1235 1236
f 1237 1238 1239
f 1240 1241 1242
f 1243 1244 1245
f 1246 1247 1248
f 1249 1250 1251
f 1252 1253 1254
f 1255 1256 1257
f 1258 1259 1260
f 1261 1262 1263
f 1264 1265 1266
f 1267 1268 1269
f 1270 1271 1272
f 1273 1274 1275
f 1276 1277 1278
f 1279 1280 1281
f 1282 1283 1284
f 1285 1286 1287
f 1288 1289 1290
f 1291 1292 1293
f 1294 1295 1296
f 1297 1298 1299
f 1300 1301 1302
f 1303 1304 1305
f 1306 1307 1308
f 1309 1310 1311
f 1312 1313 1314
f 1315 1316 1317
f 1318 1319 1320
f 1321 1322 1323
f 1324 1325 1326
f 1327 1328 1329
f 1330 1331 1332
f 1333 1334 1335
f 1336 1337 1338
f 1339 1340 1341
f 1342 1343 1344
f 1345 1346 1347
f 1348 1349 1350
f 1351 1352 1353
f 1354 1355 1356
f 1357 1358 1359
f 1360 1361 1362
f 1363 1364 1365
f 1366 1367 1368
f 1369 1370 1371
f 1372 1373 1374
f 1375 1376 1377
f 1378 1379 1380
f 1381 1382 1383
f 1384 1385 1386
f 1387 1388 1389
f 1390 1391 1392
f 1393 1394 1395
f 1396 1397 1398
f 1399 1400 1401
f 1402 1403 1404
f 1405 1406 1407
f 1408 1409 1410
f 1411 1412 1413
f 1414 1415 1416
f 1417 1418 1419
f 1420 1421 1422
f 1423 1424 1425
f 1426 1427 1428
f 1429 1430 1431
f 1432 1433 1434
f 1435 1436 1437
f 1438 1439 1440
f 1441 1442 1443
f 1444 1445 1446
f 1447 1448 1449
f 1450 1451 1452
f 1453 1454 1455
f 1456 1457 1458
f 1459 1460 1461
f 1462 1463 1464
f 1465 1466 1467
f 1468 1469 1470
f 1471 1472 1473
f 1474 1475 1476
f 1477 1478 1479
f 1480 1481 1482
f 1483 1484 1485
f 1486 1487 1488
f 1489 1490 1491
f 1492 1493 1494
f 1495 1496 1497
f 1498 1499 1500
f 1501 1502 1503
f 1504 1505 1506
f 1507 1508 1509
f 1510 1511 1512
f 1513 1514 1515
f 1516 1517 1518
f 1519 1520 1521
f 1522 1523 1524
f 1525 1526 1527
f 1528 1529 1530
f 1531 1532 1533
f 1534 1535 1536
f 1537 1538 1539
f 1540 1541 1542
f 1543 1544 1545
f 1546 1547 1548
f 1549 1550 1551
f 1552 1553 1554
f 1555 1556 1557
f 1558 1559 1560
f 1561 1562 1563
f 1564 1565 1566
f 1567 1568 1569
f 1570 1571 1572
f 1573 1574 1575
f 1576 1577 1578
f 1579 1580 1581
f 1582 1583 1584
f 1585 1586 1587
f 1588 1589 1590
f 1591 1592 1593
f 1594 1595 1596
f 1597 1598 1599
f 1600 1601 1602
f 1603 1604 1605
f 1606 1607 1608
f 1609 1610 1611
f 1612 1613 1614
f 1615 1616 1617
f 1618 1619 1620
f 1621 1622 1623
f 1624 1625 1626
f 1627 1628 1629
f 1630 1631 1632
f 1633 1634 1635
f 1636 1637 1638
f 1639 1640 1641
f 1642 1643 1644
f 1645 1646 1647
f 1648 1649 1650
f 1651 1652 1653
f 1654 1655 1656
f 1657 1658 1659
f 1660 1661 1662
f 1663 1664 1665
f 1666 1667 1668
f 1669 1670 1671
f 1672 1673 1674
f 1675 1676 1677
f 1678 1679 1680
f 1681 1682 1683
f 1684 1685 1686
f 1687 1688 1689
f 1690 1691 1692
f 1693 1694 1695
f 1696 1697 1698
f 1699 1700 1701
f 1702 1703 1704
f 1705 1706 1707
f 1708 1709 1710
f 1711 1712 1713
f 1714 1715 1716
f 1717 1718 1719
f 1720 1721 1722
f 1723 1724 1725
f 1726 1727 1728
f 1729 1730 1731
f 1732 1733 1734
f 1735 1736 1737
f 1738 1739 1740
f 1741 1742 1743
f 1744 1745 1746
f 1747 1748 1749
f 1750 1751 1752
f 1753 1754 1755
f 1756 1757 1758
f 1759 1760 1761
f 1762 1763 1764
f 1765 1766 1767
f 1768 1769 1770
f 1771 1772 1773
f 1774 1775 1776
f 1777 1778 1779
f 1780 1781 1782
f 1783 1784 1785
f 1786 1787 1788
f 1789 1790 1791
f 1792 1793 1794
f 1795 1796 1797
f 1798 1799 1800
f 1801 1802 1803
f 1804 1805 1806
f 1807 1808 1809
f 1810 1811 1812
f 1813 1814 1815
f 1816 1817 1818
f 1819 1820 1821
f 1822 1823 1824
f 1825 1826 1827
f 1828 1829 1830
f 1831 1832 1833
f 1834 1835 1836
f 1837 1838 1839
f 1840 1841 1842
f 1843 1844 1845
f 1846 1847 1848
f 1849 1850 1851
f 1852 1853 1854
f 1855 1856 1857
f 1858 1859 1860
f 1861 1862 1863
f 1864 1865 1866
f 1867 1868 1869
f 1870 1871 1872
f 1873 1874 1875
f 1876 1877 1878
f 1879 1880 1881
f 1882 1883 1884
f 1885 1886 1887
f 1888 1889 1890
f 1891 1892 1893
f 1894 1895 1896
f 1897 1898 1899
f 1900 1901 1902
f 1903 1904 1905
f 1906 1907 1908
f 1909 1910 1911
f 1912 1913 1914
f 1915 1916 1917
f 1918 1919 1920
f 1921 1922 1923
f 1924 1925 1926
f 1927 1928 1929
f 1930 1931 1932
f 1933 1934 1935
f 1936 1937 1938
f 1939 1940 1941
f 1942 1943 1944
f 1945 1946 1947
f 1948 1949 1950
f 1951 1952 1953
f 1954 1955 1956
f 1957 1958 1959
f 1960 1961 1962
f 1963 1964 1965
f 1966 1967 1968
f 1969 1970 1971
f 1972 1973 1974
f 1975 1976 1977
f 1978 1979 1980
f 1981 1982 1983
f 1984 1985 1986
f 1987 1988 1989
f 1990 1991 1992
f 1993 1994 1995
f 1996 1997 1998
f 1999 2000 2001
f 2002 2003 2004
f 2005 2006 2007
f 2008 2009 2010
f 2011 2012 2013
f 2014 2015 2016
f 2017 2018 2019
f 2020 2021 2022
f 2023 2024 2025
f 2026 2027 2028
f 2029 2030 2031
f 2032 2033 2034
f 2035 2036 2037
f 2038 2039 2040
f 2041 2042 2043
f 2044 2045 2046
f 2047 2048 2049
f 2050 2051 2052
f 2053 2054 2055
f 2056 2057 2058
f 2059 2060 2061
f 2062 2063 2064
f 2065 2066 2067
f 2068 2069 2070
f 2071 2072 2073
f 2074 2075 2076
f 2077 2078 2079
f 2080 2081 2082
f 2083 2084 2085
f 2086 2087 2088
f 2089 2090 2091
f 2092 2093 2094
f 2095 2096 2097
f 2098 2099 2100
f 2101 2102 2103
f 2104 2105 2106
f 2107 2108 2109
f 2110 2111 2112
