# R3 authored topology; reference 03-basin-to-plains.png;09-natural-ecotones.png
v -0.71407 -0.07 -0.11152 0.25773674701932187 0.2945562823077964 0.16568790879813547
v -0.78034 0.17271 -0.09319 0.25773674701932187 0.2945562823077964 0.16568790879813547
v -0.73051 -0.07 -0.12762 0.25773674701932187 0.2945562823077964 0.16568790879813547
v -0.71407 -0.07 -0.11152 0.25773674701932187 0.2945562823077964 0.16568790879813547
v -0.74745 0.17271 -0.06099 0.25773674701932187 0.2945562823077964 0.16568790879813547
v -0.78034 0.17271 -0.09319 0.25773674701932187 0.2945562823077964 0.16568790879813547
v -0.74745 0.17271 -0.06099 0.2863483514354679 0.32725525878339184 0.1840810830656579
v -0.8994 0.41543 0.0399 0.2863483514354679 0.32725525878339184 0.1840810830656579
v -0.78034 0.17271 -0.09319 0.2863483514354679 0.32725525878339184 0.1840810830656579
v -0.74745 0.17271 -0.06099 0.2863483514354679 0.32725525878339184 0.1840810830656579
v -0.87803 0.41543 0.06083 0.2863483514354679 0.32725525878339184 0.1840810830656579
v -0.8994 0.41543 0.0399 0.2863483514354679 0.32725525878339184 0.1840810830656579
v -0.87803 0.41543 0.06083 0.25160266963308214 0.28754590815209385 0.16174457333555278
v -1.06193 0.62347 0.22724 0.25160266963308214 0.28754590815209385 0.16174457333555278
v -0.8994 0.41543 0.0399 0.25160266963308214 0.28754590815209385 0.16174457333555278
v 1.66296 -0.07 -1.13791 0.298054962339694 0.34063424267393594 0.19160676150408895
v 1.70413 0.04536 -1.1609 0.298054962339694 0.34063424267393594 0.19160676150408895
v 1.6879 -0.07 -1.13456 0.298054962339694 0.34063424267393594 0.19160676150408895
v 1.66296 -0.07 -1.13791 0.298054962339694 0.34063424267393594 0.19160676150408895
v 1.65425 0.04536 -1.1676 0.298054962339694 0.34063424267393594 0.19160676150408895
v 1.70413 0.04536 -1.1609 0.298054962339694 0.34063424267393594 0.19160676150408895
v 1.65425 0.04536 -1.1676 0.31006914136751945 0.35436473299145077 0.19933016230769104
v 1.70669 0.16073 -1.24611 0.31006914136751945 0.35436473299145077 0.19933016230769104
v 1.70413 0.04536 -1.1609 0.31006914136751945 0.35436473299145077 0.19933016230769104
v 1.65425 0.04536 -1.1676 0.31006914136751945 0.35436473299145077 0.19933016230769104
v 1.67427 0.16073 -1.25047 0.31006914136751945 0.35436473299145077 0.19933016230769104
v 1.70669 0.16073 -1.24611 0.31006914136751945 0.35436473299145077 0.19933016230769104
v 1.67427 0.16073 -1.25047 0.24818470712823454 0.28363966528941087 0.1595473117252936
v 1.70615 0.25961 -1.36491 0.24818470712823454 0.28363966528941087 0.1595473117252936
v 1.70669 0.16073 -1.24611 0.24818470712823454 0.28363966528941087 0.1595473117252936
v 0.73351 -0.07 0.47155 0.32110582815099525 0.36697808931542314 0.20642517523992548
v 0.69037 0.1581 0.51914 0.32110582815099525 0.36697808931542314 0.20642517523992548
v 0.71291 -0.07 0.46692 0.32110582815099525 0.36697808931542314 0.20642517523992548
v 0.73351 -0.07 0.47155 0.32110582815099525 0.36697808931542314 0.20642517523992548
v 0.73156 0.1581 0.52839 0.32110582815099525 0.36697808931542314 0.20642517523992548
v 0.69037 0.1581 0.51914 0.32110582815099525 0.36697808931542314 0.20642517523992548
v 0.73156 0.1581 0.52839 0.30791107733228945 0.35189837409404506 0.19794283542790034
v 0.66084 0.3862 0.68434 0.30791107733228945 0.35189837409404506 0.19794283542790034
v 0.69037 0.1581 0.51914 0.30791107733228945 0.35189837409404506 0.19794283542790034
v 0.73156 0.1581 0.52839 0.30791107733228945 0.35189837409404506 0.19794283542790034
v 0.68761 0.3862 0.69035 0.30791107733228945 0.35189837409404506 0.19794283542790034
v 0.66084 0.3862 0.68434 0.30791107733228945 0.35189837409404506 0.19794283542790034
v 0.68761 0.3862 0.69035 0.23223124462579192 0.2654071367151908 0.1492915144022948
v 0.62324 0.58172 0.91435 0.23223124462579192 0.2654071367151908 0.1492915144022948
v 0.66084 0.3862 0.68434 0.23223124462579192 0.2654071367151908 0.1492915144022948
v -1.21741 -0.07 -0.50523 0.289160360297267 0.33046898319687656 0.18588880304824307
v -1.24851 0.0544 -0.46933 0.289160360297267 0.33046898319687656 0.18588880304824307
v -1.24139 -0.07 -0.50135 0.289160360297267 0.33046898319687656 0.18588880304824307
v -1.21741 -0.07 -0.50523 0.289160360297267 0.33046898319687656 0.18588880304824307
v -1.20055 0.0544 -0.47709 0.289160360297267 0.33046898319687656 0.18588880304824307
v -1.24851 0.0544 -0.46933 0.289160360297267 0.33046898319687656 0.18588880304824307
v -1.20055 0.0544 -0.47709 0.2925146923937955 0.33430250559290914 0.18804515939601138
v -1.22551 0.17879 -0.38043 0.2925146923937955 0.33430250559290914 0.18804515939601138
v -1.24851 0.0544 -0.46933 0.2925146923937955 0.33430250559290914 0.18804515939601138
v -1.20055 0.0544 -0.47709 0.2925146923937955 0.33430250559290914 0.18804515939601138
v -1.19433 0.17879 -0.38547 0.2925146923937955 0.33430250559290914 0.18804515939601138
v -1.22551 0.17879 -0.38043 0.2925146923937955 0.33430250559290914 0.18804515939601138
v -1.19433 0.17879 -0.38547 0.2877161423821768 0.32881844843677344 0.18496037724568504
v -1.18965 0.28542 -0.2577 0.2877161423821768 0.32881844843677344 0.18496037724568504
v -1.22551 0.17879 -0.38043 0.2877161423821768 0.32881844843677344 0.18496037724568504
v 0.35273 -0.07 -0.00989 0.2590378674949727 0.29604327713711165 0.1665243433896253
v 0.36418 0.03826 0.03933 0.2590378674949727 0.29604327713711165 0.1665243433896253
v 0.3436 -0.07 0.0173 0.2590378674949727 0.29604327713711165 0.1665243433896253
v 0.35273 -0.07 -0.00989 0.2590378674949727 0.29604327713711165 0.1665243433896253
v 0.38243 0.03826 -0.01504 0.2590378674949727 0.29604327713711165 0.1665243433896253
v 0.36418 0.03826 0.03933 0.2590378674949727 0.29604327713711165 0.1665243433896253
v 0.38243 0.03826 -0.01504 0.272614565264695 0.3115595031596514 0.1752522205273039
v 0.44281 0.14651 0.05514 0.272614565264695 0.3115595031596514 0.1752522205273039
v 0.36418 0.03826 0.03933 0.272614565264695 0.3115595031596514 0.1752522205273039
v 0.38243 0.03826 -0.01504 0.272614565264695 0.3115595031596514 0.1752522205273039
v 0.45467 0.14651 0.0198 0.272614565264695 0.3115595031596514 0.1752522205273039
v 0.44281 0.14651 0.05514 0.272614565264695 0.3115595031596514 0.1752522205273039
v 0.45467 0.14651 0.0198 0.28304101998643777 0.3234754514130717 0.18195494141985283
v 0.55342 0.2393 0.07261 0.28304101998643777 0.3234754514130717 0.18195494141985283
v 0.44281 0.14651 0.05514 0.28304101998643777 0.3234754514130717 0.18195494141985283
v -0.25314 -0.07 0.22383 0.2692429817609519 0.3077062648696593 0.17308477398918334
v -0.21255 0.13181 0.27104 0.2692429817609519 0.3077062648696593 0.17308477398918334
v -0.25833 -0.07 0.24851 0.2692429817609519 0.3077062648696593 0.17308477398918334
v -0.25314 -0.07 0.22383 0.2692429817609519 0.3077062648696593 0.17308477398918334
v -0.20216 0.13181 0.22169 0.2692429817609519 0.3077062648696593 0.17308477398918334
v -0.21255 0.13181 0.27104 0.2692429817609519 0.3077062648696593 0.17308477398918334
v -0.20216 0.13181 0.22169 0.23944244512042265 0.27364850870905444 0.1539272861488431
v -0.06558 0.33362 0.29297 0.23944244512042265 0.27364850870905444 0.1539272861488431
v -0.21255 0.13181 0.27104 0.23944244512042265 0.27364850870905444 0.1539272861488431
v -0.20216 0.13181 0.22169 0.23944244512042265 0.27364850870905444 0.1539272861488431
v -0.05883 0.33362 0.26089 0.23944244512042265 0.27364850870905444 0.1539272861488431
v -0.06558 0.33362 0.29297 0.23944244512042265 0.27364850870905444 0.1539272861488431
v -0.05883 0.33362 0.26089 0.2689129794556528 0.30732911937788887 0.17287262965006248
v 0.13922 0.5066 0.31935 0.2689129794556528 0.30732911937788887 0.17287262965006248
v -0.06558 0.33362 0.29297 0.2689129794556528 0.30732911937788887 0.17287262965006248
v -1.42175 -0.07 0.16019 0.28214071660395906 0.3224465332616675 0.18137617495968794
v -1.40408 0.1745 0.0931 0.28214071660395906 0.3224465332616675 0.18137617495968794
v -1.39926 -0.07 0.15393 0.28214071660395906 0.3224465332616675 0.18137617495968794
v -1.42175 -0.07 0.16019 0.28214071660395906 0.3224465332616675 0.18137617495968794
v -1.44906 0.1745 0.10562 0.28214071660395906 0.3224465332616675 0.18137617495968794
v -1.40408 0.1745 0.0931 0.28214071660395906 0.3224465332616675 0.18137617495968794
v -1.44906 0.1745 0.10562 0.23861980851936915 0.2727083525935647 0.15339844833388014
v -1.46015 0.419 -0.07784 0.23861980851936915 0.2727083525935647 0.15339844833388014
v -1.40408 0.1745 0.0931 0.23861980851936915 0.2727083525935647 0.15339844833388014
v -1.44906 0.1745 0.10562 0.23861980851936915 0.2727083525935647 0.15339844833388014
v -1.48938 0.419 -0.0697 0.23861980851936915 0.2727083525935647 0.15339844833388014
v -1.46015 0.419 -0.07784 0.23861980851936915 0.2727083525935647 0.15339844833388014
v -1.48938 0.419 -0.0697 0.232727325802427 0.26597408663134514 0.14961042373013161
v -1.54164 0.62857 -0.31402 0.232727325802427 0.26597408663134514 0.14961042373013161
v -1.46015 0.419 -0.07784 0.232727325802427 0.26597408663134514 0.14961042373013161
v 1.35756 -0.07 -0.6853 0.27374900483000436 0.312856005520005 0.17598150310500277
v 1.37202 0.1771 -0.61969 0.27374900483000436 0.312856005520005 0.17598150310500277
v 1.34228 -0.07 -0.67331 0.27374900483000436 0.312856005520005 0.17598150310500277
v 1.35756 -0.07 -0.6853 0.27374900483000436 0.312856005520005 0.17598150310500277
v 1.40257 0.1771 -0.64366 0.27374900483000436 0.312856005520005 0.17598150310500277
v 1.37202 0.1771 -0.61969 0.27374900483000436 0.312856005520005 0.17598150310500277
v 1.40257 0.1771 -0.64366 0.2438963890239541 0.2787387303130904 0.15679053580111332
v 1.48948 0.4242 -0.481 0.2438963890239541 0.2787387303130904 0.15679053580111332
v 1.37202 0.1771 -0.61969 0.2438963890239541 0.2787387303130904 0.15679053580111332
v 1.40257 0.1771 -0.64366 0.2438963890239541 0.2787387303130904 0.15679053580111332
v 1.50933 0.4242 -0.49658 0.2438963890239541 0.2787387303130904 0.15679053580111332
v 1.48948 0.4242 -0.481 0.2438963890239541 0.2787387303130904 0.15679053580111332
v 1.50933 0.4242 -0.49658 0.26880894449176196 0.30721022227629935 0.17280575003041837
v 1.65499 0.636 -0.2905 0.26880894449176196 0.30721022227629935 0.17280575003041837
v 1.48948 0.4242 -0.481 0.26880894449176196 0.30721022227629935 0.17280575003041837
v 0.04273 -0.07 0.65062 0.23638589205568036 0.27015530520649184 0.15196235917865164
v 0.00736 0.03216 0.6591 0.23638589205568036 0.27015530520649184 0.15196235917865164
v 0.0275 -0.07 0.64183 0.23638589205568036 0.27015530520649184 0.15196235917865164
v 0.04273 -0.07 0.65062 0.23638589205568036 0.27015530520649184 0.15196235917865164
v 0.03782 0.03216 0.6767 0.23638589205568036 0.27015530520649184 0.15196235917865164
v 0.00736 0.03216 0.6591 0.23638589205568036 0.27015530520649184 0.15196235917865164
v 0.03782 0.03216 0.6767 0.2560350119743362 0.2926114422563842 0.1645939362692161
v -0.02487 0.13433 0.7272 0.2560350119743362 0.2926114422563842 0.1645939362692161
v 0.00736 0.03216 0.6591 0.2560350119743362 0.2926114422563842 0.1645939362692161
v 0.03782 0.03216 0.6767 0.2560350119743362 0.2926114422563842 0.1645939362692161
v -0.00507 0.13433 0.73864 0.2560350119743362 0.2926114422563842 0.1645939362692161
v -0.02487 0.13433 0.7272 0.2560350119743362 0.2926114422563842 0.1645939362692161
v -0.00507 0.13433 0.73864 0.2564098520307206 0.2930398308922521 0.16483490487689179
v -0.0671 0.2219 0.82315 0.2564098520307206 0.2930398308922521 0.16483490487689179
v -0.02487 0.13433 0.7272 0.2564098520307206 0.2930398308922521 0.16483490487689179
v 0.41717 -0.07 -1.32568 0.2661949524552149 0.30422280280595987 0.17112532657835242
v 0.47781 0.13405 -1.3566 0.2661949524552149 0.30422280280595987 0.17112532657835242
v 0.44607 -0.07 -1.31503 0.2661949524552149 0.30422280280595987 0.17112532657835242
v 0.41717 -0.07 -1.32568 0.2661949524552149 0.30422280280595987 0.17112532657835242
v 0.42001 0.13405 -1.37791 0.2661949524552149 0.30422280280595987 0.17112532657835242
v 0.47781 0.13405 -1.3566 0.2661949524552149 0.30422280280595987 0.17112532657835242
v 0.42001 0.13405 -1.37791 0.29479775536711966 0.3369117204195653 0.18951284273600547
v 0.51958 0.33811 -1.50105 0.29479775536711966 0.3369117204195653 0.18951284273600547
v 0.47781 0.13405 -1.3566 0.29479775536711966 0.3369117204195653 0.18951284273600547
v 0.42001 0.13405 -1.37791 0.29479775536711966 0.3369117204195653 0.18951284273600547
v 0.48201 0.33811 -1.5149 0.29479775536711966 0.3369117204195653 0.18951284273600547
v 0.51958 0.33811 -1.50105 0.29479775536711966 0.3369117204195653 0.18951284273600547
v 0.48201 0.33811 -1.5149 0.2606082323316861 0.29783797980764126 0.1675338636417982
v 0.57279 0.51301 -1.70326 0.2606082323316861 0.29783797980764126 0.1675338636417982
v 0.51958 0.33811 -1.50105 0.2606082323316861 0.29783797980764126 0.1675338636417982
v -1.51083 -0.07 1.61913 0.2644046434079131 0.3021767353233292 0.16997441361937268
v -1.57493 0.13099 1.60741 0.2644046434079131 0.3021767353233292 0.16997441361937268
v -1.52529 -0.07 1.59463 0.2644046434079131 0.3021767353233292 0.16997441361937268
v -1.51083 -0.07 1.61913 0.2644046434079131 0.3021767353233292 0.16997441361937268
v -1.54601 0.13099 1.6564 0.2644046434079131 0.3021767353233292 0.16997441361937268
v -1.57493 0.13099 1.60741 0.2644046434079131 0.3021767353233292 0.16997441361937268
v -1.54601 0.13099 1.6564 0.28041132765866006 0.3204700887527543 0.1802644249234243
v -1.69709 0.33199 1.69107 0.28041132765866006 0.3204700887527543 0.1802644249234243
v -1.57493 0.13099 1.60741 0.28041132765866006 0.3204700887527543 0.1802644249234243
v -1.54601 0.13099 1.6564 0.28041132765866006 0.3204700887527543 0.1802644249234243
v -1.67829 0.33199 1.72292 0.28041132765866006 0.3204700887527543 0.1802644249234243
v -1.69709 0.33199 1.69107 0.28041132765866006 0.3204700887527543 0.1802644249234243
v -1.67829 0.33199 1.72292 0.2374729762190138 0.27139768710744433 0.15266119899793743
v -1.86425 0.50427 1.8112 0.2374729762190138 0.27139768710744433 0.15266119899793743
v -1.69709 0.33199 1.69107 0.2374729762190138 0.27139768710744433 0.15266119899793743
v -0.18743 -0.07 0.43057 0.22886073518700814 0.2615551259280093 0.14712475833450522
v -0.25402 0.15807 0.42058 0.22886073518700814 0.2615551259280093 0.14712475833450522
v -0.19817 -0.07 0.40794 0.22886073518700814 0.2615551259280093 0.14712475833450522
v -0.18743 -0.07 0.43057 0.22886073518700814 0.2615551259280093 0.14712475833450522
v -0.23254 0.15807 0.46584 0.22886073518700814 0.2615551259280093 0.14712475833450522
v -0.25402 0.15807 0.42058 0.22886073518700814 0.2615551259280093 0.14712475833450522
v -0.23254 0.15807 0.46584 0.24359882192742688 0.27839865363134497 0.15659924266763153
v -0.4017 0.38614 0.50037 0.24359882192742688 0.27839865363134497 0.15659924266763153
v -0.25402 0.15807 0.42058 0.24359882192742688 0.27839865363134497 0.15659924266763153
v -0.23254 0.15807 0.46584 0.24359882192742688 0.27839865363134497 0.15659924266763153
v -0.38774 0.38614 0.52978 0.24359882192742688 0.27839865363134497 0.15659924266763153
v -0.4017 0.38614 0.50037 0.24359882192742688 0.27839865363134497 0.15659924266763153
v -0.38774 0.38614 0.52978 0.24779942132759328 0.2831993386601066 0.15929962799630995
v -0.60489 0.58163 0.61481 0.24779942132759328 0.2831993386601066 0.15929962799630995
v -0.4017 0.38614 0.50037 0.24779942132759328 0.2831993386601066 0.15929962799630995
v -0.29004 -0.07 0.50616 0.2565683734132051 0.2932209981865201 0.16493681147991754
v -0.28685 0.16075 0.57631 0.2565683734132051 0.2932209981865201 0.16493681147991754
v -0.31162 -0.07 0.52363 0.2565683734132051 0.2932209981865201 0.16493681147991754
v -0.29004 -0.07 0.50616 0.2565683734132051 0.2932209981865201 0.16493681147991754
v -0.24368 0.16075 0.54137 0.2565683734132051 0.2932209981865201 0.16493681147991754
v -0.28685 0.16075 0.57631 0.2565683734132051 0.2932209981865201 0.16493681147991754
v -0.24368 0.16075 0.54137 0.2641713308553214 0.30191009240608163 0.1698244269784209
v -0.17259 0.39149 0.70202 0.2641713308553214 0.30191009240608163 0.1698244269784209
v -0.28685 0.16075 0.57631 0.2641713308553214 0.30191009240608163 0.1698244269784209
v -0.24368 0.16075 0.54137 0.2641713308553214 0.30191009240608163 0.1698244269784209
v -0.14453 0.39149 0.67931 0.2641713308553214 0.30191009240608163 0.1698244269784209
v -0.17259 0.39149 0.70202 0.2641713308553214 0.30191009240608163 0.1698244269784209
v -0.14453 0.39149 0.67931 0.29939633193927684 0.3421672365020307 0.19246907053239223
v -0.01049 0.58927 0.87361 0.29939633193927684 0.3421672365020307 0.19246907053239223
v -0.17259 0.39149 0.70202 0.29939633193927684 0.3421672365020307 0.19246907053239223
v -0.18353 -0.07 1.42241 0.29518474780397624 0.3373539974902585 0.18976162358827042
v -0.16131 0.14399 1.48614 0.29518474780397624 0.3373539974902585 0.18976162358827042
v -0.19844 -0.07 1.4465 0.29518474780397624 0.3373539974902585 0.18976162358827042
v -0.18353 -0.07 1.42241 0.29518474780397624 0.3373539974902585 0.18976162358827042
v -0.13149 0.14399 1.43797 0.29518474780397624 0.3373539974902585 0.18976162358827042
v -0.16131 0.14399 1.48614 0.29518474780397624 0.3373539974902585 0.18976162358827042
v -0.13149 0.14399 1.43797 0.2531019368978623 0.2892593564546998 0.16270838800576862
v -0.02236 0.35799 1.56049 0.2531019368978623 0.2892593564546998 0.16270838800576862
v -0.16131 0.14399 1.48614 0.2531019368978623 0.2892593564546998 0.16270838800576862
v -0.13149 0.14399 1.43797 0.2531019368978623 0.2892593564546998 0.16270838800576862
v -0.00298 0.35799 1.52918 0.2531019368978623 0.2892593564546998 0.16270838800576862
v -0.02236 0.35799 1.56049 0.2531019368978623 0.2892593564546998 0.16270838800576862
v -0.00298 0.35799 1.52918 0.24853346404148627 0.2840382446188414 0.1597715125980983
v 0.17292 0.54141 1.65973 0.24853346404148627 0.2840382446188414 0.1597715125980983
v -0.02236 0.35799 1.56049 0.24853346404148627 0.2840382446188414 0.1597715125980983
v -1.21634 -0.07 0.0102 0.2793272357149602 0.319231126531383 0.17956750867390295
v -1.27135 0.06585 0.00974 0.2793272357149602 0.319231126531383 0.17956750867390295
v -1.23945 -0.07 -0.00766 0.2793272357149602 0.319231126531383 0.17956750867390295
v -1.21634 -0.07 0.0102 0.2793272357149602 0.319231126531383 0.17956750867390295
v -1.22515 0.06585 0.04546 0.2793272357149602 0.319231126531383 0.17956750867390295
v -1.27135 0.06585 0.00974 0.2793272357149602 0.319231126531383 0.17956750867390295
v -1.22515 0.06585 0.04546 0.30176861927824317 0.34487842203227786 0.19399411239315628
v -1.32435 0.20171 0.09498 0.30176861927824317 0.34487842203227786 0.19399411239315628
v -1.27135 0.06585 0.00974 0.30176861927824317 0.34487842203227786 0.19399411239315628
v -1.22515 0.06585 0.04546 0.30176861927824317 0.34487842203227786 0.19399411239315628
v -1.29431 0.20171 0.1182 0.30176861927824317 0.34487842203227786 0.19399411239315628
v -1.32435 0.20171 0.09498 0.30176861927824317 0.34487842203227786 0.19399411239315628
v -1.29431 0.20171 0.1182 0.3217193147338012 0.36767921683863 0.20681955947172934
v -1.39409 0.31816 0.21622 0.3217193147338012 0.36767921683863 0.20681955947172934
v -1.32435 0.20171 0.09498 0.3217193147338012 0.36767921683863 0.20681955947172934
v 0.03278 -0.07 0.14099 0.2203055439464696 0.2517777645102509 0.14162499253701613
v 0.07365 0.12117 0.08603 0.2203055439464696 0.2517777645102509 0.14162499253701613
v 0.06557 -0.07 0.13508 0.2203055439464696 0.2517777645102509 0.14162499253701613
v 0.03278 -0.07 0.14099 0.2203055439464696 0.2517777645102509 0.14162499253701613
v 0.00809 0.12117 0.09784 0.2203055439464696 0.2517777645102509 0.14162499253701613
v 0.07365 0.12117 0.08603 0.2203055439464696 0.2517777645102509 0.14162499253701613
v 0.00809 0.12117 0.09784 0.2540390663154332 0.29033036150335223 0.16331082834563562
v 0.03727 0.31234 -0.05019 0.2540390663154332 0.29033036150335223 0.16331082834563562
v 0.07365 0.12117 0.08603 0.2540390663154332 0.29033036150335223 0.16331082834563562
v 0.00809 0.12117 0.09784 0.2540390663154332 0.29033036150335223 0.16331082834563562
v -0.00535 0.31234 -0.04251 0.2540390663154332 0.29033036150335223 0.16331082834563562
v 0.03727 0.31234 -0.05019 0.2540390663154332 0.29033036150335223 0.16331082834563562
v -0.00535 0.31234 -0.04251 0.25607876902154636 0.2926614503103387 0.1646220657995655
v -0.01861 0.4762 -0.23825 0.25607876902154636 0.2926614503103387 0.1646220657995655
v 0.03727 0.31234 -0.05019 0.25607876902154636 0.2926614503103387 0.1646220657995655
v 1.64053 -0.07 -0.10659 0.223162915701262 0.25504333223001374 0.1434618743793827
v 1.58688 0.02137 -0.10243 0.223162915701262 0.25504333223001374 0.1434618743793827
v 1.6099 -0.07 -0.11783 0.223162915701262 0.25504333223001374 0.1434618743793827
v 1.64053 -0.07 -0.10659 0.223162915701262 0.25504333223001374 0.1434618743793827
v 1.64813 0.02137 -0.07996 0.223162915701262 0.25504333223001374 0.1434618743793827
v 1.58688 0.02137 -0.10243 0.223162915701262 0.25504333223001374 0.1434618743793827
v 1.64813 0.02137 -0.07996 0.31416733648796996 0.35904838455767996 0.20196471631369495
v 1.57446 0.11275 -0.03545 0.31416733648796996 0.35904838455767996 0.20196471631369495
v 1.58688 0.02137 -0.10243 0.31416733648796996 0.35904838455767996 0.20196471631369495
v 1.64813 0.02137 -0.07996 0.31416733648796996 0.35904838455767996 0.20196471631369495
v 1.61428 0.11275 -0.02084 0.31416733648796996 0.35904838455767996 0.20196471631369495
v 1.57446 0.11275 -0.03545 0.31416733648796996 0.35904838455767996 0.20196471631369495
v 1.61428 0.11275 -0.02084 0.22519173148567417 0.2573619788407705 0.14476611309793339
v 1.56227 0.19107 0.05935 0.22519173148567417 0.2573619788407705 0.14476611309793339
v 1.57446 0.11275 -0.03545 0.22519173148567417 0.2573619788407705 0.14476611309793339
v -1.04213 -0.07 0.74914 0.29738309950203123 0.3398663994308928 0.1911748496798772
v -0.97929 0.1604 0.72856 0.29738309950203123 0.3398663994308928 0.1911748496798772
v -1.02467 -0.07 0.76405 0.29738309950203123 0.3398663994308928 0.1911748496798772
v -1.04213 -0.07 0.74914 0.29738309950203123 0.3398663994308928 0.1911748496798772
v -1.01422 0.1604 0.69875 0.29738309950203123 0.3398663994308928 0.1911748496798772
v -0.97929 0.1604 0.72856 0.29738309950203123 0.3398663994308928 0.1911748496798772
v -1.01422 0.1604 0.69875 0.29245010152410544 0.3342286874561205 0.18800363669406778
v -0.87546 0.3908 0.59454 0.29245010152410544 0.3342286874561205 0.18800363669406778
v -0.97929 0.1604 0.72856 0.29245010152410544 0.3342286874561205 0.18800363669406778
v -1.01422 0.1604 0.69875 0.29245010152410544 0.3342286874561205 0.18800363669406778
v -0.89817 0.3908 0.57517 0.29245010152410544 0.3342286874561205 0.18800363669406778
v -0.87546 0.3908 0.59454 0.29245010152410544 0.3342286874561205 0.18800363669406778
v -0.89817 0.3908 0.57517 0.2880892370323931 0.32924484232273493 0.1852002238065384
v -0.73425 0.58828 0.40611 0.2880892370323931 0.32924484232273493 0.1852002238065384
v -0.87546 0.3908 0.59454 0.2880892370323931 0.32924484232273493 0.1852002238065384
v -1.1128 -0.07 -0.24581 0.22283790871301143 0.25467189567201304 0.1432529413155073
v -1.14226 0.11757 -0.30166 0.22283790871301143 0.25467189567201304 0.1432529413155073
v -1.10345 -0.07 -0.27313 0.22283790871301143 0.25467189567201304 0.1432529413155073
v -1.1128 -0.07 -0.24581 0.22283790871301143 0.25467189567201304 0.1432529413155073
v -1.16095 0.11757 -0.24704 0.22283790871301143 0.25467189567201304 0.1432529413155073
v -1.14226 0.11757 -0.30166 0.22283790871301143 0.25467189567201304 0.1432529413155073
v -1.16095 0.11757 -0.24704 0.2332806013178426 0.2666064015061058 0.1499661008471845
v -1.27597 0.30514 -0.33674 0.2332806013178426 0.2666064015061058 0.1499661008471845
v -1.14226 0.11757 -0.30166 0.2332806013178426 0.2666064015061058 0.1499661008471845
v -1.16095 0.11757 -0.24704 0.2332806013178426 0.2666064015061058 0.1499661008471845
v -1.28812 0.30514 -0.30123 0.2332806013178426 0.2666064015061058 0.1499661008471845
v -1.27597 0.30514 -0.33674 0.2332806013178426 0.2666064015061058 0.1499661008471845
v -1.28812 0.30514 -0.30123 0.24313116338172608 0.27786418672197266 0.1562986050311096
v -1.46306 0.46592 -0.38093 0.24313116338172608 0.27786418672197266 0.1562986050311096
v -1.27597 0.30514 -0.33674 0.24313116338172608 0.27786418672197266 0.1562986050311096
v -1.46316 -0.07 1.09686 0.24909210481832392 0.2846766912209416 0.16013063881177964
v -1.50216 0.04337 1.06023 0.24909210481832392 0.2846766912209416 0.16013063881177964
v -1.47132 -0.07 1.06748 0.24909210481832392 0.2846766912209416 0.16013063881177964
v -1.46316 -0.07 1.09686 0.24909210481832392 0.2846766912209416 0.16013063881177964
v -1.48583 0.04337 1.11898 0.24909210481832392 0.2846766912209416 0.16013063881177964
v -1.50216 0.04337 1.06023 0.24909210481832392 0.2846766912209416 0.16013063881177964
v -1.48583 0.04337 1.11898 0.2980729272376003 0.34065477398582894 0.19161831036702875
v -1.57959 0.15674 1.09282 0.2980729272376003 0.34065477398582894 0.19161831036702875
v -1.50216 0.04337 1.06023 0.2980729272376003 0.34065477398582894 0.19161831036702875
v -1.48583 0.04337 1.11898 0.2980729272376003 0.34065477398582894 0.19161831036702875
v -1.56897 0.15674 1.13102 0.2980729272376003 0.34065477398582894 0.19161831036702875
v -1.57959 0.15674 1.09282 0.2980729272376003 0.34065477398582894 0.19161831036702875
v -1.56897 0.15674 1.13102 0.29047508149360796 0.33197152170698047 0.18673398096017652
v -1.68569 0.25391 1.14289 0.29047508149360796 0.33197152170698047 0.18673398096017652
v -1.57959 0.15674 1.09282 0.29047508149360796 0.33197152170698047 0.18673398096017652
v -0.14998 -0.07 1.3035 0.2526527777111683 0.2887460316699066 0.16241964281432245
v -0.20062 0.12275 1.25473 0.2526527777111683 0.2887460316699066 0.16241964281432245
v -0.15233 -0.07 1.26885 0.2526527777111683 0.2887460316699066 0.16241964281432245
v -0.14998 -0.07 1.3035 0.2526527777111683 0.2887460316699066 0.16241964281432245
v -0.19592 0.12275 1.32402 0.2526527777111683 0.2887460316699066 0.16241964281432245
v -0.20062 0.12275 1.25473 0.2526527777111683 0.2887460316699066 0.16241964281432245
v -0.19592 0.12275 1.32402 0.21114196299933533 0.24130510057066892 0.13573411907100127
v -0.34114 0.3155 1.27646 0.21114196299933533 0.24130510057066892 0.13573411907100127
v -0.20062 0.12275 1.25473 0.21114196299933533 0.24130510057066892 0.13573411907100127
v -0.19592 0.12275 1.32402 0.21114196299933533 0.24130510057066892 0.13573411907100127
v -0.33809 0.3155 1.3215 0.21114196299933533 0.24130510057066892 0.13573411907100127
v -0.34114 0.3155 1.27646 0.21114196299933533 0.24130510057066892 0.13573411907100127
v -0.33809 0.3155 1.3215 0.27280330390107815 0.31177520445837503 0.17537355250783593
v -0.53577 0.48071 1.3123 0.27280330390107815 0.31177520445837503 0.17537355250783593
v -0.34114 0.3155 1.27646 0.27280330390107815 0.31177520445837503 0.17537355250783593
v 1.23579 -0.07 1.05699 0.3128600628533164 0.35755435754664733 0.2011243261199891
v 1.19089 0.04066 1.02815 0.3128600628533164 0.35755435754664733 0.2011243261199891
v 1.222 -0.07 1.02963 0.3128600628533164 0.35755435754664733 0.2011243261199891
v 1.23579 -0.07 1.05699 0.3128600628533164 0.35755435754664733 0.2011243261199891
v 1.21847 0.04066 1.08288 0.3128600628533164 0.35755435754664733 0.2011243261199891
v 1.19089 0.04066 1.02815 0.3128600628533164 0.35755435754664733 0.2011243261199891
v 1.21847 0.04066 1.08288 0.21672660615640793 0.24768754989303762 0.13932424681483366
v 1.12309 0.15132 1.07434 0.21672660615640793 0.24768754989303762 0.13932424681483366
v 1.19089 0.04066 1.02815 0.21672660615640793 0.24768754989303762 0.13932424681483366
v 1.21847 0.04066 1.08288 0.21672660615640793 0.24768754989303762 0.13932424681483366
v 1.14102 0.15132 1.10991 0.21672660615640793 0.24768754989303762 0.13932424681483366
v 1.12309 0.15132 1.07434 0.21672660615640793 0.24768754989303762 0.13932424681483366
v 1.14102 0.15132 1.10991 0.24889724646077563 0.2844539959551721 0.16000537272478432
v 1.03126 0.24617 1.14292 0.24889724646077563 0.2844539959551721 0.16000537272478432
v 1.12309 0.15132 1.07434 0.24889724646077563 0.2844539959551721 0.16000537272478432
v 1.58747 -0.07 0.5255 0.2552030677816702 0.2916606488933373 0.16405911500250223
v 1.57121 0.12071 0.58821 0.2552030677816702 0.2916606488933373 0.16405911500250223
v 1.56138 -0.07 0.54014 0.2552030677816702 0.2916606488933373 0.16405911500250223
v 1.58747 -0.07 0.5255 0.2552030677816702 0.2916606488933373 0.16405911500250223
v 1.62338 0.12071 0.55892 0.2552030677816702 0.2916606488933373 0.16405911500250223
v 1.57121 0.12071 0.58821 0.2552030677816702 0.2916606488933373 0.16405911500250223
v 1.62338 0.12071 0.55892 0.3207158476666802 0.3665323973333488 0.20617447350000867
v 1.64896 0.31142 0.70531 0.3207158476666802 0.3665323973333488 0.20617447350000867
v 1.57121 0.12071 0.58821 0.3207158476666802 0.3665323973333488 0.20617447350000867
v 1.62338 0.12071 0.55892 0.3207158476666802 0.3665323973333488 0.20617447350000867
v 1.68287 0.31142 0.68627 0.3207158476666802 0.3665323973333488 0.20617447350000867
v 1.64896 0.31142 0.70531 0.3207158476666802 0.3665323973333488 0.20617447350000867
v 1.68287 0.31142 0.68627 0.2266631478356669 0.25904359752647643 0.145712023608643
v 1.76114 0.47489 0.86541 0.2266631478356669 0.25904359752647643 0.145712023608643
v 1.64896 0.31142 0.70531 0.2266631478356669 0.25904359752647643 0.145712023608643
v -0.04244 -0.07 -0.68825 0.26921974800988174 0.3076797120112934 0.17306983800635253
v 0.00621 0.07688 -0.69132 0.26921974800988174 0.3076797120112934 0.17306983800635253
v -0.02666 -0.07 -0.67303 0.26921974800988174 0.3076797120112934 0.17306983800635253
v -0.04244 -0.07 -0.68825 0.26921974800988174 0.3076797120112934 0.17306983800635253
v -0.02535 0.07688 -0.72176 0.26921974800988174 0.3076797120112934 0.17306983800635253
v 0.00621 0.07688 -0.69132 0.26921974800988174 0.3076797120112934 0.17306983800635253
v -0.02535 0.07688 -0.72176 0.2223468683985351 0.25411070674118297 0.1429372725419154
v 0.07562 0.22375 -0.77435 0.2223468683985351 0.25411070674118297 0.1429372725419154
v 0.00621 0.07688 -0.69132 0.2223468683985351 0.25411070674118297 0.1429372725419154
v -0.02535 0.07688 -0.72176 0.2223468683985351 0.25411070674118297 0.1429372725419154
v 0.05511 0.22375 -0.79414 0.2223468683985351 0.25411070674118297 0.1429372725419154
v 0.07562 0.22375 -0.77435 0.2223468683985351 0.25411070674118297 0.1429372725419154
v 0.05511 0.22375 -0.79414 0.27493802589846783 0.31421488674110604 0.17674587379187215
v 0.16937 0.34965 -0.89208 0.27493802589846783 0.31421488674110604 0.17674587379187215
v 0.07562 0.22375 -0.77435 0.27493802589846783 0.31421488674110604 0.17674587379187215
v -0.42123 -0.07 -0.02322 0.28455136392061425 0.32520155876641627 0.18292587680610914
v -0.36683 0.17162 -0.06841 0.28455136392061425 0.32520155876641627 0.18292587680610914
v -0.39659 -0.07 -0.01563 0.28455136392061425 0.32520155876641627 0.18292587680610914
v -0.42123 -0.07 -0.02322 0.28455136392061425 0.32520155876641627 0.18292587680610914
v -0.41613 0.17162 -0.08359 0.28455136392061425 0.32520155876641627 0.18292587680610914
v -0.36683 0.17162 -0.06841 0.28455136392061425 0.32520155876641627 0.18292587680610914
v -0.41613 0.17162 -0.08359 0.2313670486881858 0.26441948421506944 0.14873595987097657
v -0.32317 0.41324 -0.24078 0.2313670486881858 0.26441948421506944 0.14873595987097657
v -0.36683 0.17162 -0.06841 0.2313670486881858 0.26441948421506944 0.14873595987097657
v -0.41613 0.17162 -0.08359 0.2313670486881858 0.26441948421506944 0.14873595987097657
v -0.35521 0.41324 -0.25065 0.2313670486881858 0.26441948421506944 0.14873595987097657
v -0.32317 0.41324 -0.24078 0.2313670486881858 0.26441948421506944 0.14873595987097657
v -0.35521 0.41324 -0.25065 0.25661867810465855 0.29327848926246686 0.1649691502101376
v -0.26663 0.62034 -0.48124 0.25661867810465855 0.29327848926246686 0.1649691502101376
v -0.32317 0.41324 -0.24078 0.25661867810465855 0.29327848926246686 0.1649691502101376
v 0.74668 -0.07 1.748 0.2905674198241238 0.3320770512275701 0.18679334131550815
v 0.68605 0.15658 1.703 0.2905674198241238 0.3320770512275701 0.18679334131550815
v 0.74306 -0.07 1.71407 0.2905674198241238 0.3320770512275701 0.18679334131550815
v 0.74668 -0.07 1.748 0.2905674198241238 0.3320770512275701 0.18679334131550815
v 0.6933 0.15658 1.77087 0.2905674198241238 0.3320770512275701 0.18679334131550815
v 0.68605 0.15658 1.703 0.2905674198241238 0.3320770512275701 0.18679334131550815
v 0.6933 0.15658 1.77087 0.25772274740142903 0.2945402827444903 0.16567890904377577
v 0.52173 0.38316 1.73256 0.25772274740142903 0.2945402827444903 0.16567890904377577
v 0.68605 0.15658 1.703 0.25772274740142903 0.2945402827444903 0.16567890904377577
v 0.6933 0.15658 1.77087 0.25772274740142903 0.2945402827444903 0.16567890904377577
v 0.52644 0.38316 1.77668 0.25772274740142903 0.2945402827444903 0.16567890904377577
v 0.52173 0.38316 1.73256 0.25772274740142903 0.2945402827444903 0.16567890904377577
v 0.52644 0.38316 1.77668 0.24977061327913377 0.28545212946186715 0.16056682282230028
v 0.29428 0.57737 1.77917 0.24977061327913377 0.28545212946186715 0.16056682282230028
v 0.52173 0.38316 1.73256 0.24977061327913377 0.28545212946186715 0.16056682282230028
v -1.46174 -0.07 -1.47952 0.2365144964567208 0.27030228166482373 0.15204503343646333
v -1.42716 0.15555 -1.53676 0.2365144964567208 0.27030228166482373 0.15204503343646333
v -1.43667 -0.07 -1.4809 0.2365144964567208 0.27030228166482373 0.15204503343646333
v -1.46174 -0.07 -1.47952 0.2365144964567208 0.27030228166482373 0.15204503343646333
v -1.4773 0.15555 -1.53401 0.2365144964567208 0.27030228166482373 0.15204503343646333
v -1.42716 0.15555 -1.53676 0.2365144964567208 0.27030228166482373 0.15204503343646333
v -1.4773 0.15555 -1.53401 0.279822527182514 0.31979717392287316 0.17988591033161613
v -1.44502 0.38109 -1.70181 0.279822527182514 0.31979717392287316 0.17988591033161613
v -1.42716 0.15555 -1.53676 0.279822527182514 0.31979717392287316 0.17988591033161613
v -1.4773 0.15555 -1.53401 0.279822527182514 0.31979717392287316 0.17988591033161613
v -1.4776 0.38109 -1.70002 0.279822527182514 0.31979717392287316 0.17988591033161613
v -1.44502 0.38109 -1.70181 0.279822527182514 0.31979717392287316 0.17988591033161613
v -1.4776 0.38109 -1.70002 0.2479058445397673 0.28332096518830546 0.15936804291842183
v -1.47391 0.57442 -1.93063 0.2479058445397673 0.28332096518830546 0.15936804291842183
v -1.44502 0.38109 -1.70181 0.2479058445397673 0.28332096518830546 0.15936804291842183
v -0.24086 -0.07 -0.35653 0.2375624816785872 0.2714999790612425 0.1527187382219489
v -0.23649 0.08531 -0.40672 0.2375624816785872 0.2714999790612425 0.1527187382219489
v -0.22305 -0.07 -0.36946 0.2375624816785872 0.2714999790612425 0.1527187382219489
v -0.24086 -0.07 -0.35653 0.2375624816785872 0.2714999790612425 0.1527187382219489
v -0.27211 0.08531 -0.38087 0.2375624816785872 0.2714999790612425 0.1527187382219489
v -0.23649 0.08531 -0.40672 0.2375624816785872 0.2714999790612425 0.1527187382219489
v -0.27211 0.08531 -0.38087 0.29446683714891475 0.3365335281701883 0.1893001095957309
v -0.30976 0.24061 -0.49458 0.29446683714891475 0.3365335281701883 0.1893001095957309
v -0.23649 0.08531 -0.40672 0.29446683714891475 0.3365335281701883 0.1893001095957309
v -0.27211 0.08531 -0.38087 0.29446683714891475 0.3365335281701883 0.1893001095957309
v -0.33292 0.24061 -0.47778 0.29446683714891475 0.3365335281701883 0.1893001095957309
v -0.30976 0.24061 -0.49458 0.29446683714891475 0.3365335281701883 0.1893001095957309
v -0.33292 0.24061 -0.47778 0.25788608766801 0.2947269573348686 0.16578391350086358
v -0.41438 0.37373 -0.61439 0.25788608766801 0.2947269573348686 0.16578391350086358
v -0.30976 0.24061 -0.49458 0.25788608766801 0.2947269573348686 0.16578391350086358
v 1.16184 -0.07 -1.73824 0.2966751288207962 0.33905729008090996 0.19071972567051182
v 1.16684 0.14235 -1.80245 0.2966751288207962 0.33905729008090996 0.19071972567051182
v 1.18338 -0.07 -1.75152 0.2966751288207962 0.33905729008090996 0.19071972567051182
v 1.16184 -0.07 -1.73824 0.2966751288207962 0.33905729008090996 0.19071972567051182
v 1.12376 0.14235 -1.77589 0.2966751288207962 0.33905729008090996 0.19071972567051182
v 1.16684 0.14235 -1.80245 0.2966751288207962 0.33905729008090996 0.19071972567051182
v 1.12376 0.14235 -1.77589 0.2210463030319262 0.2526243463222014 0.14210119480623826
v 1.07738 0.35471 -1.93065 0.2210463030319262 0.2526243463222014 0.14210119480623826
v 1.16684 0.14235 -1.80245 0.2210463030319262 0.2526243463222014 0.14210119480623826
v 1.12376 0.14235 -1.77589 0.2210463030319262 0.2526243463222014 0.14210119480623826
v 1.04938 0.35471 -1.91339 0.2210463030319262 0.2526243463222014 0.14210119480623826
v 1.07738 0.35471 -1.93065 0.2210463030319262 0.2526243463222014 0.14210119480623826
v 1.04938 0.35471 -1.91339 0.3121353181631437 0.3567260779007356 0.2006584188191638
v 0.9497 0.53672 -2.10639 0.3121353181631437 0.3567260779007356 0.2006584188191638
v 1.07738 0.35471 -1.93065 0.3121353181631437 0.3567260779007356 0.2006584188191638
v -0.59385 -0.07 1.15227 0.2261465222177523 0.2584531682488598 0.1453799071399836
v -0.54813 0.05832 1.17039 0.2261465222177523 0.2584531682488598 0.1453799071399836
v -0.58177 -0.07 1.17439 0.2261465222177523 0.2584531682488598 0.1453799071399836
v -0.59385 -0.07 1.15227 0.2261465222177523 0.2584531682488598 0.1453799071399836
v -0.57229 0.05832 1.12614 0.2261465222177523 0.2584531682488598 0.1453799071399836
v -0.54813 0.05832 1.17039 0.2261465222177523 0.2584531682488598 0.1453799071399836
v -0.57229 0.05832 1.12614 0.3198656291208779 0.365560718995289 0.20562790443485007
v -0.46958 0.18664 1.11745 0.3198656291208779 0.365560718995289 0.20562790443485007
v -0.54813 0.05832 1.17039 0.3198656291208779 0.365560718995289 0.20562790443485007
v -0.57229 0.05832 1.12614 0.3198656291208779 0.365560718995289 0.20562790443485007
v -0.48528 0.18664 1.08869 0.3198656291208779 0.365560718995289 0.20562790443485007
v -0.46958 0.18664 1.11745 0.3198656291208779 0.365560718995289 0.20562790443485007
v -0.48528 0.18664 1.08869 0.2390706531708923 0.2732236036238769 0.15368827703843074
v -0.36255 0.29663 1.04035 0.2390706531708923 0.2732236036238769 0.15368827703843074
v -0.46958 0.18664 1.11745 0.2390706531708923 0.2732236036238769 0.15368827703843074
v -0.32774 -0.07 0.93799 0.2112233942648512 0.24139816487411567 0.13578646774169004
v -0.26214 0.17771 0.98348 0.2112233942648512 0.24139816487411567 0.13578646774169004
v -0.32426 -0.07 0.97239 0.2112233942648512 0.24139816487411567 0.13578646774169004
v -0.32774 -0.07 0.93799 0.2112233942648512 0.24139816487411567 0.13578646774169004
v -0.2691 0.17771 0.91468 0.2112233942648512 0.24139816487411567 0.13578646774169004
v -0.26214 0.17771 0.98348 0.2112233942648512 0.24139816487411567 0.13578646774169004
v -0.2691 0.17771 0.91468 0.2981801800269219 0.34077734860219644 0.19168725858873548
v -0.08221 0.42543 0.9531 0.2981801800269219 0.34077734860219644 0.19168725858873548
v -0.26214 0.17771 0.98348 0.2981801800269219 0.34077734860219644 0.19168725858873548
v -0.2691 0.17771 0.91468 0.2981801800269219 0.34077734860219644 0.19168725858873548
v -0.08674 0.42543 0.90839 0.2981801800269219 0.34077734860219644 0.19168725858873548
v -0.08221 0.42543 0.9531 0.2981801800269219 0.34077734860219644 0.19168725858873548
v -0.08674 0.42543 0.90839 0.23329632773506367 0.26662437455435845 0.14997621068682662
v 0.16691 0.63776 0.9053 0.23329632773506367 0.26662437455435845 0.14997621068682662
v -0.08221 0.42543 0.9531 0.23329632773506367 0.26662437455435845 0.14997621068682662
v -0.41444 -0.07 0.2318 0.3117889188622093 0.35633019298538204 0.20043573355427738
v -0.39956 0.04586 0.28766 0.3117889188622093 0.35633019298538204 0.20043573355427738
v -0.42284 -0.07 0.2643 0.3117889188622093 0.35633019298538204 0.20043573355427738
v -0.41444 -0.07 0.2318 0.3117889188622093 0.35633019298538204 0.20043573355427738
v -0.38276 0.04586 0.22265 0.3117889188622093 0.35633019298538204 0.20043573355427738
v -0.39956 0.04586 0.28766 0.3117889188622093 0.35633019298538204 0.20043573355427738
v -0.38276 0.04586 0.22265 0.2764159776983187 0.31590397451236424 0.17769598566320488
v -0.31417 0.16172 0.29759 0.2764159776983187 0.31590397451236424 0.17769598566320488
v -0.39956 0.04586 0.28766 0.2764159776983187 0.31590397451236424 0.17769598566320488
v -0.38276 0.04586 0.22265 0.2764159776983187 0.31590397451236424 0.17769598566320488
v -0.30325 0.16172 0.25534 0.2764159776983187 0.31590397451236424 0.17769598566320488
v -0.31417 0.16172 0.29759 0.2764159776983187 0.31590397451236424 0.17769598566320488
v -0.30325 0.16172 0.25534 0.21185615983595785 0.24212132552680896 0.13619324560883003
v -0.19429 0.26103 0.30604 0.21185615983595785 0.24212132552680896 0.13619324560883003
v -0.31417 0.16172 0.29759 0.21185615983595785 0.24212132552680896 0.13619324560883003
v -1.65791 -0.07 -1.76334 0.31152422156527293 0.35602768178888333 0.20026557100624687
v -1.62092 0.07286 -1.72186 0.31152422156527293 0.35602768178888333 0.20026557100624687
v -1.65656 -0.07 -1.73459 0.31152422156527293 0.35602768178888333 0.20026557100624687
v -1.65791 -0.07 -1.76334 0.31152422156527293 0.35602768178888333 0.20026557100624687
v -1.62363 0.07286 -1.77937 0.31152422156527293 0.35602768178888333 0.20026557100624687
v -1.62092 0.07286 -1.72186 0.31152422156527293 0.35602768178888333 0.20026557100624687
v -1.62363 0.07286 -1.77937 0.27214590100724134 0.31102388686541865 0.17495093636179798
v -1.51651 0.21571 -1.73688 0.27214590100724134 0.31102388686541865 0.17495093636179798
v -1.62092 0.07286 -1.72186 0.27214590100724134 0.31102388686541865 0.17495093636179798
v -1.62363 0.07286 -1.77937 0.27214590100724134 0.31102388686541865 0.17495093636179798
v -1.51827 0.21571 -1.77426 0.27214590100724134 0.31102388686541865 0.17495093636179798
v -1.51651 0.21571 -1.73688 0.27214590100724134 0.31102388686541865 0.17495093636179798
v -1.51827 0.21571 -1.77426 0.3076462957854886 0.35159576661198694 0.19777261871924262
v -1.37184 0.33816 -1.76244 0.3076462957854886 0.35159576661198694 0.19777261871924262
v -1.51651 0.21571 -1.73688 0.3076462957854886 0.35159576661198694 0.19777261871924262
v 1.38366 -0.07 1.36865 0.2850385544606251 0.3257583479550001 0.18323907072468754
v 1.36722 0.1035 1.4184 0.2850385544606251 0.3257583479550001 0.18323907072468754
v 1.36418 -0.07 1.37479 0.2850385544606251 0.3257583479550001 0.18323907072468754
v 1.38366 -0.07 1.36865 0.2850385544606251 0.3257583479550001 0.18323907072468754
v 1.40619 0.1035 1.40612 0.2850385544606251 0.3257583479550001 0.18323907072468754
v 1.36722 0.1035 1.4184 0.2850385544606251 0.3257583479550001 0.18323907072468754
v 1.40619 0.1035 1.40612 0.28933757911296665 0.3306715189862476 0.18600272942976426
v 1.41238 0.277 1.53787 0.28933757911296665 0.3306715189862476 0.18600272942976426
v 1.36722 0.1035 1.4184 0.28933757911296665 0.3306715189862476 0.18600272942976426
v 1.40619 0.1035 1.40612 0.28933757911296665 0.3306715189862476 0.18600272942976426
v 1.43771 0.277 1.52989 0.28933757911296665 0.3306715189862476 0.18600272942976426
v 1.41238 0.277 1.53787 0.28933757911296665 0.3306715189862476 0.18600272942976426
v 1.43771 0.277 1.52989 0.2489237363225488 0.2844842700829129 0.1600224019216385
v 1.47825 0.42572 1.70266 0.2489237363225488 0.2844842700829129 0.1600224019216385
v 1.41238 0.277 1.53787 0.2489237363225488 0.2844842700829129 0.1600224019216385
v -1.54872 -0.07 -0.10426 0.30930297943046114 0.35348911934909844 0.19883762963386786
v -1.5856 0.05689 -0.12503 0.30930297943046114 0.35348911934909844 0.19883762963386786
v -1.55314 -0.07 -0.1229 0.30930297943046114 0.35348911934909844 0.19883762963386786
v -1.54872 -0.07 -0.10426 0.30930297943046114 0.35348911934909844 0.19883762963386786
v -1.57675 0.05689 -0.08776 0.30930297943046114 0.35348911934909844 0.19883762963386786
v -1.5856 0.05689 -0.12503 0.30930297943046114 0.35348911934909844 0.19883762963386786
v -1.57675 0.05689 -0.08776 0.2459905090471938 0.28113201033965 0.15813675581605313
v -1.67479 0.18378 -0.09697 0.2459905090471938 0.28113201033965 0.15813675581605313
v -1.5856 0.05689 -0.12503 0.2459905090471938 0.28113201033965 0.15813675581605313
v -1.57675 0.05689 -0.08776 0.2459905090471938 0.28113201033965 0.15813675581605313
v -1.66904 0.18378 -0.07274 0.2459905090471938 0.28113201033965 0.15813675581605313
v -1.67479 0.18378 -0.09697 0.2459905090471938 0.28113201033965 0.15813675581605313
v -1.66904 0.18378 -0.07274 0.28266313505938595 0.3230435829250125 0.1817120153953195
v -1.79785 0.29255 -0.05496 0.28266313505938595 0.3230435829250125 0.1817120153953195
v -1.67479 0.18378 -0.09697 0.28266313505938595 0.3230435829250125 0.1817120153953195
v 1.62783 -0.07 0.21228 0.23638431074543684 0.27015349799478494 0.1519613426220665
v 1.56956 0.10051 0.23758 0.23638431074543684 0.27015349799478494 0.1519613426220665
v 1.59743 -0.07 0.20261 0.23638431074543684 0.27015349799478494 0.1519613426220665
v 1.62783 -0.07 0.21228 0.23638431074543684 0.27015349799478494 0.1519613426220665
v 1.63036 0.10051 0.25693 0.23638431074543684 0.27015349799478494 0.1519613426220665
v 1.56956 0.10051 0.23758 0.23638431074543684 0.27015349799478494 0.1519613426220665
v 1.63036 0.10051 0.25693 0.25502079460142835 0.29145233668734666 0.16394193938663248
v 1.5422 0.27103 0.3604 0.25502079460142835 0.29145233668734666 0.16394193938663248
v 1.56956 0.10051 0.23758 0.25502079460142835 0.29145233668734666 0.16394193938663248
v 1.63036 0.10051 0.25693 0.25502079460142835 0.29145233668734666 0.16394193938663248
v 1.58172 0.27103 0.37297 0.25502079460142835 0.29145233668734666 0.16394193938663248
v 1.5422 0.27103 0.3604 0.25502079460142835 0.29145233668734666 0.16394193938663248
v 1.58172 0.27103 0.37297 0.2899282594711398 0.3313465822527312 0.1863824525171613
v 1.50922 0.41718 0.53242 0.2899282594711398 0.3313465822527312 0.1863824525171613
v 1.5422 0.27103 0.3604 0.2899282594711398 0.3313465822527312 0.1863824525171613
v 1.46552 -0.07 -0.5509 0.3085231839165529 0.3525979244760605 0.198336332517784
v 1.51758 0.16854 -0.50621 0.3085231839165529 0.3525979244760605 0.198336332517784
v 1.46175 -0.07 -0.52725 0.3085231839165529 0.3525979244760605 0.198336332517784
v 1.46552 -0.07 -0.5509 0.3085231839165529 0.3525979244760605 0.198336332517784
v 1.52512 0.16854 -0.55352 0.3085231839165529 0.3525979244760605 0.198336332517784
v 1.51758 0.16854 -0.50621 0.3085231839165529 0.3525979244760605 0.198336332517784
v 1.52512 0.16854 -0.55352 0.2841390038386806 0.32473029010134924 0.18266078818200893
v 1.69203 0.40708 -0.48686 0.2841390038386806 0.32473029010134924 0.18266078818200893
v 1.51758 0.16854 -0.50621 0.2841390038386806 0.32473029010134924 0.18266078818200893
v 1.52512 0.16854 -0.55352 0.2841390038386806 0.32473029010134924 0.18266078818200893
v 1.69694 0.40708 -0.51761 0.2841390038386806 0.32473029010134924 0.18266078818200893
v 1.69203 0.40708 -0.48686 0.2841390038386806 0.32473029010134924 0.18266078818200893
v 1.69694 0.40708 -0.51761 0.2947697251420463 0.3368796858766243 0.18949482330560116
v 1.93476 0.61154 -0.4639 0.2947697251420463 0.3368796858766243 0.18949482330560116
v 1.69203 0.40708 -0.48686 0.2947697251420463 0.3368796858766243 0.18949482330560116
v -0.18922 -0.07 1.5866 0.31275483186176795 0.3574340935563062 0.20105667762542223
v -0.24074 0.12042 1.55251 0.31275483186176795 0.3574340935563062 0.20105667762542223
v -0.19273 -0.07 1.55983 0.31275483186176795 0.3574340935563062 0.20105667762542223
v -0.18922 -0.07 1.5866 0.31275483186176795 0.3574340935563062 0.20105667762542223
v -0.23372 0.12042 1.60604 0.31275483186176795 0.3574340935563062 0.20105667762542223
v -0.24074 0.12042 1.55251 0.31275483186176795 0.3574340935563062 0.20105667762542223
v -0.23372 0.12042 1.60604 0.2154787388681883 0.24626141584935807 0.1385220464152639
v -0.37828 0.31083 1.58006 0.2154787388681883 0.24626141584935807 0.1385220464152639
v -0.24074 0.12042 1.55251 0.2154787388681883 0.24626141584935807 0.1385220464152639
v -0.23372 0.12042 1.60604 0.2154787388681883 0.24626141584935807 0.1385220464152639
v -0.37372 0.31083 1.61486 0.2154787388681883 0.24626141584935807 0.1385220464152639
v -0.37828 0.31083 1.58006 0.2154787388681883 0.24626141584935807 0.1385220464152639
v -0.37372 0.31083 1.61486 0.2627593038696909 0.3002963472796467 0.16891669534480125
v -0.56858 0.47405 1.6227 0.2627593038696909 0.3002963472796467 0.16891669534480125
v -0.37828 0.31083 1.58006 0.2627593038696909 0.3002963472796467 0.16891669534480125
v 0.73434 -0.07 -1.40348 0.27018629440705627 0.30878433646520714 0.173691189261679
v 0.73142 0.15643 -1.33994 0.27018629440705627 0.30878433646520714 0.173691189261679
v 0.7158 -0.07 -1.39417 0.27018629440705627 0.30878433646520714 0.173691189261679
v 0.73434 -0.07 -1.40348 0.27018629440705627 0.30878433646520714 0.173691189261679
v 0.7685 0.15643 -1.35856 0.27018629440705627 0.30878433646520714 0.173691189261679
v 0.73142 0.15643 -1.33994 0.27018629440705627 0.30878433646520714 0.173691189261679
v 0.7685 0.15643 -1.35856 0.31745369595354994 0.3628042239469142 0.20407737597013922
v 0.81257 0.38285 -1.19446 0.31745369595354994 0.3628042239469142 0.20407737597013922
v 0.73142 0.15643 -1.33994 0.31745369595354994 0.3628042239469142 0.20407737597013922
v 0.7685 0.15643 -1.35856 0.31745369595354994 0.3628042239469142 0.20407737597013922
v 0.83668 0.38285 -1.20656 0.31745369595354994 0.3628042239469142 0.20407737597013922
v 0.81257 0.38285 -1.19446 0.31745369595354994 0.3628042239469142 0.20407737597013922
v 0.83668 0.38285 -1.20656 0.2846729369706762 0.3253404993950585 0.1830040309097204
v 0.92823 0.57693 -0.99411 0.2846729369706762 0.3253404993950585 0.1830040309097204
v 0.81257 0.38285 -1.19446 0.2846729369706762 0.3253404993950585 0.1830040309097204
v 0.86826 -0.07 -0.25296 0.3115492793443348 0.35605631925066833 0.2002816795785009
v 0.85368 0.04331 -0.20272 0.3115492793443348 0.35605631925066833 0.2002816795785009
v 0.84621 -0.07 -0.23327 0.3115492793443348 0.35605631925066833 0.2002816795785009
v 0.86826 -0.07 -0.25296 0.3115492793443348 0.35605631925066833 0.2002816795785009
v 0.89778 0.04331 -0.2421 0.3115492793443348 0.35605631925066833 0.2002816795785009
v 0.85368 0.04331 -0.20272 0.3115492793443348 0.35605631925066833 0.2002816795785009
v 0.89778 0.04331 -0.2421 0.2611481988075609 0.29845508435149815 0.1678809849477177
v 0.91687 0.15663 -0.14749 0.2611481988075609 0.29845508435149815 0.1678809849477177
v 0.85368 0.04331 -0.20272 0.2611481988075609 0.29845508435149815 0.1678809849477177
v 0.89778 0.04331 -0.2421 0.2611481988075609 0.29845508435149815 0.1678809849477177
v 0.94553 0.15663 -0.17309 0.2611481988075609 0.29845508435149815 0.1678809849477177
v 0.91687 0.15663 -0.14749 0.2611481988075609 0.29845508435149815 0.1678809849477177
v 0.94553 0.15663 -0.17309 0.27109900951713317 0.3098274394481522 0.1742779346895856
v 1.00819 0.25375 -0.07408 0.27109900951713317 0.3098274394481522 0.1742779346895856
v 0.91687 0.15663 -0.14749 0.27109900951713317 0.3098274394481522 0.1742779346895856
v 0.22551 -0.07 0.61185 0.27923595492335224 0.31912680562668827 0.17950882816501212
v 0.2144 0.02896 0.57636 0.27923595492335224 0.31912680562668827 0.17950882816501212
v 0.23295 -0.07 0.59458 0.27923595492335224 0.31912680562668827 0.17950882816501212
v 0.22551 -0.07 0.61185 0.27923595492335224 0.31912680562668827 0.17950882816501212
v 0.19953 0.02896 0.61089 0.27923595492335224 0.31912680562668827 0.17950882816501212
v 0.2144 0.02896 0.57636 0.27923595492335224 0.31912680562668827 0.17950882816501212
v 0.19953 0.02896 0.61089 0.32029078132587746 0.3660466072295742 0.2059012165666355
v 0.14499 0.12793 0.55363 0.32029078132587746 0.3660466072295742 0.2059012165666355
v 0.2144 0.02896 0.57636 0.32029078132587746 0.3660466072295742 0.2059012165666355
v 0.19953 0.02896 0.61089 0.32029078132587746 0.3660466072295742 0.2059012165666355
v 0.13532 0.12793 0.57608 0.32029078132587746 0.3660466072295742 0.2059012165666355
v 0.14499 0.12793 0.55363 0.32029078132587746 0.3660466072295742 0.2059012165666355
v 0.13532 0.12793 0.57608 0.22772543292101832 0.26025763762402093 0.14639492116351177
v 0.04744 0.21275 0.52493 0.22772543292101832 0.26025763762402093 0.14639492116351177
v 0.14499 0.12793 0.55363 0.22772543292101832 0.26025763762402093 0.14639492116351177
v -1.32234 -0.07 1.7348 0.2609000285755931 0.2981714612292492 0.16772144694145266
v -1.30463 0.06379 1.67949 0.2609000285755931 0.2981714612292492 0.16772144694145266
v -1.29712 -0.07 1.71518 0.2609000285755931 0.2981714612292492 0.16772144694145266
v -1.32234 -0.07 1.7348 0.2609000285755931 0.2981714612292492 0.16772144694145266
v -1.35508 0.06379 1.71873 0.2609000285755931 0.2981714612292492 0.16772144694145266
v -1.30463 0.06379 1.67949 0.2609000285755931 0.2981714612292492 0.16772144694145266
v -1.35508 0.06379 1.71873 0.2977243949372808 0.3402564513568923 0.19139425388825193
v -1.37383 0.19758 1.60874 0.2977243949372808 0.3402564513568923 0.19139425388825193
v -1.30463 0.06379 1.67949 0.2977243949372808 0.3402564513568923 0.19139425388825193
v -1.35508 0.06379 1.71873 0.2977243949372808 0.3402564513568923 0.19139425388825193
v -1.40662 0.19758 1.63425 0.2977243949372808 0.3402564513568923 0.19139425388825193
v -1.37383 0.19758 1.60874 0.2977243949372808 0.3402564513568923 0.19139425388825193
v -1.40662 0.19758 1.63425 0.2234984962618269 0.2554268528706593 0.14367760473974583
v -1.47401 0.31226 1.51378 0.2234984962618269 0.2554268528706593 0.14367760473974583
v -1.37383 0.19758 1.60874 0.2234984962618269 0.2554268528706593 0.14367760473974583
v -1.63258 -0.07 1.0283 0.2856455840751103 0.3264520960858403 0.18362930404828517
v -1.6381 0.11799 0.96486 0.2856455840751103 0.3264520960858403 0.18362930404828517
v -1.61321 -0.07 1.0063 0.2856455840751103 0.3264520960858403 0.18362930404828517
v -1.63258 -0.07 1.0283 0.2856455840751103 0.3264520960858403 0.18362930404828517
v -1.67684 0.11799 1.00887 0.2856455840751103 0.3264520960858403 0.18362930404828517
v -1.6381 0.11799 0.96486 0.2856455840751103 0.3264520960858403 0.18362930404828517
v -1.67684 0.11799 1.00887 0.24629340194829302 0.281478173655192 0.1583314726810455
v -1.74859 0.30598 0.88126 0.24629340194829302 0.281478173655192 0.1583314726810455
v -1.6381 0.11799 0.96486 0.24629340194829302 0.281478173655192 0.1583314726810455
v -1.67684 0.11799 1.00887 0.24629340194829302 0.281478173655192 0.1583314726810455
v -1.77377 0.30598 0.90987 0.24629340194829302 0.281478173655192 0.1583314726810455
v -1.74859 0.30598 0.88126 0.24629340194829302 0.281478173655192 0.1583314726810455
v -1.77377 0.30598 0.90987 0.2550708063648745 0.291509492988428 0.16397408980599074
v -1.9051 0.46711 0.76887 0.2550708063648745 0.291509492988428 0.16397408980599074
v -1.74859 0.30598 0.88126 0.2550708063648745 0.291509492988428 0.16397408980599074
v 1.10088 -0.07 0.06193 0.3094171648548327 0.35361961697695166 0.1989110345495353
v 1.058 0.02374 0.05059 0.3094171648548327 0.35361961697695166 0.1989110345495353
v 1.0833 -0.07 0.04373 0.3094171648548327 0.35361961697695166 0.1989110345495353
v 1.10088 -0.07 0.06193 0.3094171648548327 0.35361961697695166 0.1989110345495353
v 1.09316 0.02374 0.08699 0.3094171648548327 0.35361961697695166 0.1989110345495353
v 1.058 0.02374 0.05059 0.3094171648548327 0.35361961697695166 0.1989110345495353
v 1.09316 0.02374 0.08699 0.31492489645164795 0.35991416737331194 0.20245171914748794
v 1.01459 0.11748 0.10482 0.31492489645164795 0.35991416737331194 0.20245171914748794
v 1.058 0.02374 0.05059 0.31492489645164795 0.35991416737331194 0.20245171914748794
v 1.09316 0.02374 0.08699 0.31492489645164795 0.35991416737331194 0.20245171914748794
v 1.03745 0.11748 0.12848 0.31492489645164795 0.35991416737331194 0.20245171914748794
v 1.01459 0.11748 0.10482 0.31492489645164795 0.35991416737331194 0.20245171914748794
v 1.03745 0.11748 0.12848 0.26713853160420115 0.3053011789762298 0.17173191317412928
v 0.95725 0.19782 0.18308 0.26713853160420115 0.3053011789762298 0.17173191317412928
v 1.01459 0.11748 0.10482 0.26713853160420115 0.3053011789762298 0.17173191317412928
v 0.53122 -0.07 -1.38809 0.2573540765705499 0.294118944652057 0.16544190636678205
v 0.47545 0.0892 -1.38885 0.2573540765705499 0.294118944652057 0.16544190636678205
v 0.51247 -0.07 -1.40693 0.2573540765705499 0.294118944652057 0.16544190636678205
v 0.53122 -0.07 -1.38809 0.2573540765705499 0.294118944652057 0.16544190636678205
v 0.51293 0.0892 -1.35116 0.2573540765705499 0.294118944652057 0.16544190636678205
v 0.47545 0.0892 -1.38885 0.2573540765705499 0.294118944652057 0.16544190636678205
v 0.51293 0.0892 -1.35116 0.2719243568172895 0.3107706935054737 0.17480851509682893
v 0.39904 0.2484 -1.29974 0.2719243568172895 0.3107706935054737 0.17480851509682893
v 0.47545 0.0892 -1.38885 0.2719243568172895 0.3107706935054737 0.17480851509682893
v 0.51293 0.0892 -1.35116 0.2719243568172895 0.3107706935054737 0.17480851509682893
v 0.42341 0.2484 -1.27524 0.2719243568172895 0.3107706935054737 0.17480851509682893
v 0.39904 0.2484 -1.29974 0.2719243568172895 0.3107706935054737 0.17480851509682893
v 0.42341 0.2484 -1.27524 0.27421081907773104 0.3133837932316926 0.17627838369282706
v 0.29609 0.38486 -1.17298 0.27421081907773104 0.3133837932316926 0.17627838369282706
v 0.39904 0.2484 -1.29974 0.27421081907773104 0.3133837932316926 0.17627838369282706
v 0.30634 -0.07 -1.74735 0.24978343101796494 0.2854667783062456 0.16057506279726314
v 0.25258 0.1261 -1.72506 0.24978343101796494 0.2854667783062456 0.16057506279726314
v 0.28801 -0.07 -1.75931 0.24978343101796494 0.2854667783062456 0.16057506279726314
v 0.30634 -0.07 -1.74735 0.24978343101796494 0.2854667783062456 0.16057506279726314
v 0.28925 0.1261 -1.70113 0.24978343101796494 0.2854667783062456 0.16057506279726314
v 0.25258 0.1261 -1.72506 0.24978343101796494 0.2854667783062456 0.16057506279726314
v 0.28925 0.1261 -1.70113 0.26220608108728427 0.29966409267118205 0.16856105212753988
v 0.18022 0.32221 -1.60017 0.26220608108728427 0.29966409267118205 0.16856105212753988
v 0.25258 0.1261 -1.72506 0.26220608108728427 0.29966409267118205 0.16856105212753988
v 0.28925 0.1261 -1.70113 0.26220608108728427 0.29966409267118205 0.16856105212753988
v 0.20405 0.32221 -1.58462 0.26220608108728427 0.29966409267118205 0.16856105212753988
v 0.18022 0.32221 -1.60017 0.26220608108728427 0.29966409267118205 0.16856105212753988
v 0.20405 0.32221 -1.58462 0.264442805567485 0.30222034921998286 0.16999894643624036
v 0.0828 0.4903 -1.42489 0.264442805567485 0.30222034921998286 0.16999894643624036
v 0.18022 0.32221 -1.60017 0.264442805567485 0.30222034921998286 0.16999894643624036
v -1.65925 -0.07 -0.99264 0.3109995373816911 0.3554280427219327 0.19992827403108712
v -1.64615 0.03131 -1.04544 0.3109995373816911 0.3554280427219327 0.19992827403108712
v -1.63804 -0.07 -1.01696 0.3109995373816911 0.3554280427219327 0.19992827403108712
v -1.65925 -0.07 -0.99264 0.3109995373816911 0.3554280427219327 0.19992827403108712
v -1.68856 0.03131 -0.99678 0.3109995373816911 0.3554280427219327 0.19992827403108712
v -1.64615 0.03131 -1.04544 0.3109995373816911 0.3554280427219327 0.19992827403108712
v -1.68856 0.03131 -0.99678 0.31186095683298687 0.3564125220948421 0.20048204367834865
v -1.7097 0.13261 -1.08585 0.31186095683298687 0.3564125220948421 0.20048204367834865
v -1.64615 0.03131 -1.04544 0.31186095683298687 0.3564125220948421 0.20048204367834865
v -1.68856 0.03131 -0.99678 0.31186095683298687 0.3564125220948421 0.20048204367834865
v -1.73727 0.13261 -1.05423 0.31186095683298687 0.3564125220948421 0.20048204367834865
v -1.7097 0.13261 -1.08585 0.31186095683298687 0.3564125220948421 0.20048204367834865
v -1.73727 0.13261 -1.05423 0.24817723361405827 0.2836311241303523 0.15954250732332315
v -1.80137 0.21945 -1.13794 0.24817723361405827 0.2836311241303523 0.15954250732332315
v -1.7097 0.13261 -1.08585 0.24817723361405827 0.2836311241303523 0.15954250732332315
v -1.17098 -0.07 -0.91347 0.27067864352122345 0.3093470211671125 0.17400769940650077
v -1.21752 0.11442 -0.88267 0.27067864352122345 0.3093470211671125 0.17400769940650077
v -1.19142 -0.07 -0.92114 0.27067864352122345 0.3093470211671125 0.17400769940650077
v -1.17098 -0.07 -0.91347 0.27067864352122345 0.3093470211671125 0.17400769940650077
v -1.17663 0.11442 -0.86733 0.27067864352122345 0.3093470211671125 0.17400769940650077
v -1.21752 0.11442 -0.88267 0.27067864352122345 0.3093470211671125 0.17400769940650077
v -1.17663 0.11442 -0.86733 0.21609063004472928 0.24696072005111916 0.13891540502875452
v -1.25799 0.29884 -0.75308 0.21609063004472928 0.24696072005111916 0.13891540502875452
v -1.21752 0.11442 -0.88267 0.21609063004472928 0.24696072005111916 0.13891540502875452
v -1.17663 0.11442 -0.86733 0.21609063004472928 0.24696072005111916 0.13891540502875452
v -1.23142 0.29884 -0.74311 0.21609063004472928 0.24696072005111916 0.13891540502875452
v -1.25799 0.29884 -0.75308 0.21609063004472928 0.24696072005111916 0.13891540502875452
v -1.23142 0.29884 -0.74311 0.21513139230974698 0.24586444835399654 0.13829875219912305
v -1.3108 0.45691 -0.57199 0.21513139230974698 0.24586444835399654 0.13829875219912305
v -1.25799 0.29884 -0.75308 0.21513139230974698 0.24586444835399654 0.13829875219912305
v -0.87121 -0.07 0.13043 0.3215642604317214 0.36750201192196735 0.2067198817061066
v -0.83321 0.16196 0.07942 0.3215642604317214 0.36750201192196735 0.2067198817061066
v -0.85245 -0.07 0.13373 0.3215642604317214 0.36750201192196735 0.2067198817061066
v -0.87121 -0.07 0.13043 0.3215642604317214 0.36750201192196735 0.2067198817061066
v -0.87072 0.16196 0.07281 0.3215642604317214 0.36750201192196735 0.2067198817061066
v -0.83321 0.16196 0.07942 0.3215642604317214 0.36750201192196735 0.2067198817061066
v -0.87072 0.16196 0.07281 0.2450351920579535 0.28004021949480395 0.1575226234658272
v -0.81019 0.39393 -0.08965 0.2450351920579535 0.28004021949480395 0.1575226234658272
v -0.83321 0.16196 0.07942 0.2450351920579535 0.28004021949480395 0.1575226234658272
v -0.87072 0.16196 0.07281 0.2450351920579535 0.28004021949480395 0.1575226234658272
v -0.83457 0.39393 -0.09394 0.2450351920579535 0.28004021949480395 0.1575226234658272
v -0.81019 0.39393 -0.08965 0.2450351920579535 0.28004021949480395 0.1575226234658272
v -0.83457 0.39393 -0.09394 0.2526152040640089 0.28870309035886726 0.16239548832686285
v -0.78131 0.59276 -0.32481 0.2526152040640089 0.28870309035886726 0.16239548832686285
v -0.81019 0.39393 -0.08965 0.2526152040640089 0.28870309035886726 0.16239548832686285
v -1.66758 -0.07 -1.34434 0.28350837135463036 0.32400956726243463 0.18225538158511947
v -1.63065 0.02614 -1.36374 0.28350837135463036 0.32400956726243463 0.18225538158511947
v -1.64478 -0.07 -1.34168 0.28350837135463036 0.32400956726243463 0.18225538158511947
v -1.66758 -0.07 -1.34434 0.28350837135463036 0.32400956726243463 0.18225538158511947
v -1.67625 0.02614 -1.36906 0.28350837135463036 0.32400956726243463 0.18225538158511947
v -1.63065 0.02614 -1.36374 0.28350837135463036 0.32400956726243463 0.18225538158511947
v -1.67625 0.02614 -1.36906 0.23471903387986154 0.26825032443412744 0.15089080749419667
v -1.63044 0.12228 -1.43486 0.23471903387986154 0.26825032443412744 0.15089080749419667
v -1.63065 0.02614 -1.36374 0.23471903387986154 0.26825032443412744 0.15089080749419667
v -1.67625 0.02614 -1.36906 0.23471903387986154 0.26825032443412744 0.15089080749419667
v -1.66008 0.12228 -1.43832 0.23471903387986154 0.26825032443412744 0.15089080749419667
v -1.63044 0.12228 -1.43486 0.23471903387986154 0.26825032443412744 0.15089080749419667
v -1.66008 0.12228 -1.43832 0.31352079050106735 0.3583094748583626 0.20154907960782897
v -1.63389 0.20468 -1.53399 0.31352079050106735 0.3583094748583626 0.20154907960782897
v -1.63044 0.12228 -1.43486 0.31352079050106735 0.3583094748583626 0.20154907960782897
v -0.51117 -0.07 1.75112 0.25217610989807465 0.2882012684549424 0.1621132135059051
v -0.48614 0.14278 1.69053 0.25217610989807465 0.2882012684549424 0.1621132135059051
v -0.48556 -0.07 1.74431 0.25217610989807465 0.2882012684549424 0.1621132135059051
v -0.51117 -0.07 1.75112 0.25217610989807465 0.2882012684549424 0.1621132135059051
v -0.53736 0.14278 1.70414 0.25217610989807465 0.2882012684549424 0.1621132135059051
v -0.48614 0.14278 1.69053 0.25217610989807465 0.2882012684549424 0.1621132135059051
v -0.53736 0.14278 1.70414 0.2695600392536046 0.3080686162898338 0.1732885966630315
v -0.53526 0.35556 1.54176 0.2695600392536046 0.3080686162898338 0.1732885966630315
v -0.48614 0.14278 1.69053 0.2695600392536046 0.3080686162898338 0.1732885966630315
v -0.53736 0.14278 1.70414 0.2695600392536046 0.3080686162898338 0.1732885966630315
v -0.56856 0.35556 1.55061 0.2695600392536046 0.3080686162898338 0.1732885966630315
v -0.53526 0.35556 1.54176 0.2695600392536046 0.3080686162898338 0.1732885966630315
v -0.56856 0.35556 1.55061 0.3094793201288208 0.35369065157579516 0.19895099151138476
v -0.60764 0.53794 1.33643 0.3094793201288208 0.35369065157579516 0.19895099151138476
v -0.53526 0.35556 1.54176 0.3094793201288208 0.35369065157579516 0.19895099151138476
v 0.02678 -0.07 -1.78089 0.24491761173979268 0.27990584198833446 0.15744703611843813
v -0.0015 0.06628 -1.82414 0.24491761173979268 0.27990584198833446 0.15744703611843813
v 0.03001 -0.07 -1.80699 0.24491761173979268 0.27990584198833446 0.15744703611843813
v 0.02678 -0.07 -1.78089 0.24491761173979268 0.27990584198833446 0.15744703611843813
v -0.00797 0.06628 -1.77194 0.24491761173979268 0.27990584198833446 0.15744703611843813
v -0.0015 0.06628 -1.82414 0.24491761173979268 0.27990584198833446 0.15744703611843813
v -0.00797 0.06628 -1.77194 0.31770421598761184 0.36309053255727064 0.20423842456346472
v -0.10204 0.20255 -1.82733 0.31770421598761184 0.36309053255727064 0.20423842456346472
v -0.0015 0.06628 -1.82414 0.31770421598761184 0.36309053255727064 0.20423842456346472
v -0.00797 0.06628 -1.77194 0.31770421598761184 0.36309053255727064 0.20423842456346472
v -0.10624 0.20255 -1.7934 0.31770421598761184 0.36309053255727064 0.20423842456346472
v -0.10204 0.20255 -1.82733 0.31770421598761184 0.36309053255727064 0.20423842456346472
v -0.10624 0.20255 -1.7934 0.2754340202985005 0.31478173748400057 0.17706472733475032
v -0.24209 0.31936 -1.82746 0.2754340202985005 0.31478173748400057 0.17706472733475032
v -0.10204 0.20255 -1.82733 0.2754340202985005 0.31478173748400057 0.17706472733475032
v -0.81169 -0.07 -1.71442 0.3035975175539413 0.34696859149021864 0.19516983271324798
v -0.81897 0.11904 -1.65875 0.3035975175539413 0.34696859149021864 0.19516983271324798
v -0.83054 -0.07 -1.70482 0.3035975175539413 0.34696859149021864 0.19516983271324798
v -0.81169 -0.07 -1.71442 0.3035975175539413 0.34696859149021864 0.19516983271324798
v -0.78126 0.11904 -1.67793 0.3035975175539413 0.34696859149021864 0.19516983271324798
v -0.81897 0.11904 -1.65875 0.3035975175539413 0.34696859149021864 0.19516983271324798
v -0.78126 0.11904 -1.67793 0.2307987910835101 0.26377004695258294 0.1483706514108279
v -0.74937 0.30808 -1.53826 0.2307987910835101 0.26377004695258294 0.1483706514108279
v -0.81897 0.11904 -1.65875 0.2307987910835101 0.26377004695258294 0.1483706514108279
v -0.78126 0.11904 -1.67793 0.2307987910835101 0.26377004695258294 0.1483706514108279
v -0.72485 0.30808 -1.55074 0.2307987910835101 0.26377004695258294 0.1483706514108279
v -0.74937 0.30808 -1.53826 0.2307987910835101 0.26377004695258294 0.1483706514108279
v -0.72485 0.30808 -1.55074 0.22252806755222462 0.2543177914882567 0.14305375771214437
v -0.64968 0.47011 -1.37264 0.22252806755222462 0.2543177914882567 0.14305375771214437
v -0.74937 0.30808 -1.53826 0.22252806755222462 0.2543177914882567 0.14305375771214437
v 0.24517 -0.07 1.1649 0.23971000447256785 0.2739542908257918 0.1540992885895079
v 0.23515 0.09154 1.22891 0.23971000447256785 0.2739542908257918 0.1540992885895079
v 0.22035 -0.07 1.18842 0.23971000447256785 0.2739542908257918 0.1540992885895079
v 0.24517 -0.07 1.1649 0.23971000447256785 0.2739542908257918 0.1540992885895079
v 0.2848 0.09154 1.18187 0.23971000447256785 0.2739542908257918 0.1540992885895079
v 0.23515 0.09154 1.22891 0.23971000447256785 0.2739542908257918 0.1540992885895079
v 0.2848 0.09154 1.18187 0.27157287106446903 0.31036899550225033 0.1745825599700158
v 0.32549 0.25308 1.30688 0.27157287106446903 0.31036899550225033 0.1745825599700158
v 0.23515 0.09154 1.22891 0.27157287106446903 0.31036899550225033 0.1745825599700158
v 0.2848 0.09154 1.18187 0.27157287106446903 0.31036899550225033 0.1745825599700158
v 0.35776 0.25308 1.27631 0.27157287106446903 0.31036899550225033 0.1745825599700158
v 0.32549 0.25308 1.30688 0.27157287106446903 0.31036899550225033 0.1745825599700158
v 0.35776 0.25308 1.27631 0.23547466681595655 0.26911390493252174 0.15137657152454348
v 0.45493 0.39154 1.41122 0.23547466681595655 0.26911390493252174 0.15137657152454348
v 0.32549 0.25308 1.30688 0.23547466681595655 0.26911390493252174 0.15137657152454348
v 0.96992 -0.07 -0.62688 0.244648342775228 0.279598106028832 0.157273934641218
v 0.99655 0.0523 -0.58535 0.244648342775228 0.279598106028832 0.157273934641218
v 0.96777 -0.07 -0.60084 0.244648342775228 0.279598106028832 0.157273934641218
v 0.96992 -0.07 -0.62688 0.244648342775228 0.279598106028832 0.157273934641218
v 1.00086 0.0523 -0.63744 0.244648342775228 0.279598106028832 0.157273934641218
v 0.99655 0.0523 -0.58535 0.244648342775228 0.279598106028832 0.157273934641218
v 1.00086 0.0523 -0.63744 0.2570623282171393 0.2937855179624449 0.16525435385387524
v 1.08689 0.17459 -0.58706 0.2570623282171393 0.2937855179624449 0.16525435385387524
v 0.99655 0.0523 -0.58535 0.2570623282171393 0.2937855179624449 0.16525435385387524
v 1.00086 0.0523 -0.63744 0.2570623282171393 0.2937855179624449 0.16525435385387524
v 1.08969 0.17459 -0.62092 0.2570623282171393 0.2937855179624449 0.16525435385387524
v 1.08689 0.17459 -0.58706 0.2570623282171393 0.2937855179624449 0.16525435385387524
v 1.08969 0.17459 -0.62092 0.23670642197854164 0.2705216251183333 0.15216841412906246
v 1.21261 0.27942 -0.59372 0.23670642197854164 0.2705216251183333 0.15216841412906246
v 1.08689 0.17459 -0.58706 0.23670642197854164 0.2705216251183333 0.15216841412906246
v 1.76295 -0.07 1.20272 0.2924119461307678 0.334185081292306 0.18797910822692213
v 1.81367 0.10948 1.17011 0.2924119461307678 0.334185081292306 0.18797910822692213
v 1.78963 -0.07 1.20941 0.2924119461307678 0.334185081292306 0.18797910822692213
v 1.76295 -0.07 1.20272 0.2924119461307678 0.334185081292306 0.18797910822692213
v 1.76032 0.10948 1.15672 0.2924119461307678 0.334185081292306 0.18797910822692213
v 1.81367 0.10948 1.17011 0.2924119461307678 0.334185081292306 0.18797910822692213
v 1.76032 0.10948 1.15672 0.2459840036195013 0.2811245755651443 0.15813257375539366
v 1.83645 0.28896 1.03982 0.2459840036195013 0.2811245755651443 0.15813257375539366
v 1.81367 0.10948 1.17011 0.2459840036195013 0.2811245755651443 0.15813257375539366
v 1.76032 0.10948 1.15672 0.2459840036195013 0.2811245755651443 0.15813257375539366
v 1.80177 0.28896 1.03112 0.2459840036195013 0.2811245755651443 0.15813257375539366
v 1.83645 0.28896 1.03982 0.2459840036195013 0.2811245755651443 0.15813257375539366
v 1.80177 0.28896 1.03112 0.32098137751963196 0.3668358600224365 0.20634517126262053
v 1.86368 0.44279 0.85791 0.32098137751963196 0.3668358600224365 0.20634517126262053
v 1.83645 0.28896 1.03982 0.32098137751963196 0.3668358600224365 0.20634517126262053
v -1.27622 -0.07 -0.61895 0.21386891898317092 0.24442162169505247 0.137487162203467
v -1.30164 0.04839 -0.64922 0.21386891898317092 0.24442162169505247 0.137487162203467
v -1.27398 -0.07 -0.63671 0.21386891898317092 0.24442162169505247 0.137487162203467
v -1.27622 -0.07 -0.61895 0.21386891898317092 0.24442162169505247 0.137487162203467
v -1.30612 0.04839 -0.61369 0.21386891898317092 0.24442162169505247 0.137487162203467
v -1.30164 0.04839 -0.64922 0.21386891898317092 0.24442162169505247 0.137487162203467
v -1.30612 0.04839 -0.61369 0.22191686501247918 0.25361927429997616 0.1426608417937366
v -1.38875 0.16677 -0.65389 0.22191686501247918 0.25361927429997616 0.1426608417937366
v -1.30164 0.04839 -0.64922 0.22191686501247918 0.25361927429997616 0.1426608417937366
v -1.30612 0.04839 -0.61369 0.22191686501247918 0.25361927429997616 0.1426608417937366
v -1.39166 0.16677 -0.63079 0.22191686501247918 0.25361927429997616 0.1426608417937366
v -1.38875 0.16677 -0.65389 0.22191686501247918 0.25361927429997616 0.1426608417937366
v -1.39166 0.16677 -0.63079 0.22959348566146018 0.26239255504166875 0.14759581221093865
v -1.51001 0.26825 -0.65745 0.22959348566146018 0.26239255504166875 0.14759581221093865
v -1.38875 0.16677 -0.65389 0.22959348566146018 0.26239255504166875 0.14759581221093865
v 0.40708 -0.07 -0.13597 0.3122905582455907 0.3569034951378179 0.20075821601502256
v 0.43036 0.03396 -0.09133 0.3122905582455907 0.3569034951378179 0.20075821601502256
v 0.40564 -0.07 -0.10705 0.3122905582455907 0.3569034951378179 0.20075821601502256
v 0.40708 -0.07 -0.13597 0.3122905582455907 0.3569034951378179 0.20075821601502256
v 0.43324 0.03396 -0.14916 0.3122905582455907 0.3569034951378179 0.20075821601502256
v 0.43036 0.03396 -0.09133 0.3122905582455907 0.3569034951378179 0.20075821601502256
v 0.43324 0.03396 -0.14916 0.21720521232129156 0.24823452836719032 0.13963192220654455
v 0.50718 0.13793 -0.09766 0.21720521232129156 0.24823452836719032 0.13963192220654455
v 0.43036 0.03396 -0.09133 0.21720521232129156 0.24823452836719032 0.13963192220654455
v 0.43324 0.03396 -0.14916 0.21720521232129156 0.24823452836719032 0.13963192220654455
v 0.50905 0.13793 -0.13525 0.21720521232129156 0.24823452836719032 0.13963192220654455
v 0.50718 0.13793 -0.09766 0.21720521232129156 0.24823452836719032 0.13963192220654455
v 0.50905 0.13793 -0.13525 0.2803563625906966 0.32040727153222465 0.18022909023687633
v 0.61403 0.22704 -0.11119 0.2803563625906966 0.32040727153222465 0.18022909023687633
v 0.50718 0.13793 -0.09766 0.2803563625906966 0.32040727153222465 0.18022909023687633
v 0.91009 -0.07 -0.23912 0.3107057944831167 0.35509233655213335 0.199739439310575
v 0.93152 0.03243 -0.19444 0.3107057944831167 0.35509233655213335 0.199739439310575
v 0.90771 -0.07 -0.21073 0.3107057944831167 0.35509233655213335 0.199739439310575
v 0.91009 -0.07 -0.23912 0.3107057944831167 0.35509233655213335 0.199739439310575
v 0.93629 0.03243 -0.25122 0.3107057944831167 0.35509233655213335 0.199739439310575
v 0.93152 0.03243 -0.19444 0.3107057944831167 0.35509233655213335 0.199739439310575
v 0.93629 0.03243 -0.25122 0.29362385394862406 0.33557011879842746 0.18875819182411543
v 1.00738 0.13486 -0.19808 0.29362385394862406 0.33557011879842746 0.18875819182411543
v 0.93152 0.03243 -0.19444 0.29362385394862406 0.33557011879842746 0.18875819182411543
v 0.93629 0.03243 -0.25122 0.29362385394862406 0.33557011879842746 0.18875819182411543
v 1.01048 0.13486 -0.23499 0.29362385394862406 0.33557011879842746 0.18875819182411543
v 1.00738 0.13486 -0.19808 0.29362385394862406 0.33557011879842746 0.18875819182411543
v 1.01048 0.13486 -0.23499 0.29845650036758764 0.341093143277243 0.19186489309344917
v 1.11304 0.22265 -0.2078 0.29845650036758764 0.341093143277243 0.19186489309344917
v 1.00738 0.13486 -0.19808 0.29845650036758764 0.341093143277243 0.19186489309344917
v 0.55634 -0.07 -1.37818 0.30450835622902694 0.3480095499760308 0.1957553718615173
v 0.56549 0.13725 -1.44171 0.30450835622902694 0.3480095499760308 0.1957553718615173
v 0.57912 -0.07 -1.39108 0.30450835622902694 0.3480095499760308 0.1957553718615173
v 0.55634 -0.07 -1.37818 0.30450835622902694 0.3480095499760308 0.1957553718615173
v 0.51994 0.13725 -1.41592 0.30450835622902694 0.3480095499760308 0.1957553718615173
v 0.56549 0.13725 -1.44171 0.30450835622902694 0.3480095499760308 0.1957553718615173
v 0.51994 0.13725 -1.41592 0.2961396580407453 0.3384453234751375 0.19037549445476482
v 0.48247 0.34449 -1.56975 0.2961396580407453 0.3384453234751375 0.19037549445476482
v 0.56549 0.13725 -1.44171 0.2961396580407453 0.3384453234751375 0.19037549445476482
v 0.51994 0.13725 -1.41592 0.2961396580407453 0.3384453234751375 0.19037549445476482
v 0.45286 0.34449 -1.55299 0.2961396580407453 0.3384453234751375 0.19037549445476482
v 0.48247 0.34449 -1.56975 0.2961396580407453 0.3384453234751375 0.19037549445476482
v 0.45286 0.34449 -1.55299 0.21189421562405653 0.24216481785606458 0.13621771004403632
v 0.36351 0.52213 -1.74532 0.21189421562405653 0.24216481785606458 0.13621771004403632
v 0.48247 0.34449 -1.56975 0.21189421562405653 0.24216481785606458 0.13621771004403632
v 0.13422 -0.07 -0.50279 0.2696003065812756 0.30811463609288636 0.17331448280224857
v 0.19211 0.12055 -0.47462 0.2696003065812756 0.30811463609288636 0.17331448280224857
v 0.14315 -0.07 -0.47461 0.2696003065812756 0.30811463609288636 0.17331448280224857
v 0.13422 -0.07 -0.50279 0.2696003065812756 0.30811463609288636 0.17331448280224857
v 0.17427 0.12055 -0.53097 0.2696003065812756 0.30811463609288636 0.17331448280224857
v 0.19211 0.12055 -0.47462 0.2696003065812756 0.30811463609288636 0.17331448280224857
v 0.17427 0.12055 -0.53097 0.28796593687232513 0.3291039278540858 0.18512095941792328
v 0.32251 0.3111 -0.52676 0.28796593687232513 0.3291039278540858 0.18512095941792328
v 0.19211 0.12055 -0.47462 0.28796593687232513 0.3291039278540858 0.18512095941792328
v 0.17427 0.12055 -0.53097 0.28796593687232513 0.3291039278540858 0.18512095941792328
v 0.31091 0.3111 -0.56339 0.28796593687232513 0.3291039278540858 0.18512095941792328
v 0.32251 0.3111 -0.52676 0.28796593687232513 0.3291039278540858 0.18512095941792328
v 0.31091 0.3111 -0.56339 0.2874531263678291 0.32851785870609035 0.18479129552217582
v 0.50201 0.47443 -0.60374 0.2874531263678291 0.32851785870609035 0.18479129552217582
v 0.32251 0.3111 -0.52676 0.2874531263678291 0.32851785870609035 0.18479129552217582
v 0.86967 -0.07 0.88891 0.2108390732872949 0.24095894089976558 0.13553940425611813
v 0.85011 0.10097 0.95177 0.2108390732872949 0.24095894089976558 0.13553940425611813
v 0.84134 -0.07 0.90745 0.2108390732872949 0.24095894089976558 0.13553940425611813
v 0.86967 -0.07 0.88891 0.2108390732872949 0.24095894089976558 0.13553940425611813
v 0.90677 0.10097 0.91468 0.2108390732872949 0.24095894089976558 0.13553940425611813
v 0.85011 0.10097 0.95177 0.2108390732872949 0.24095894089976558 0.13553940425611813
v 0.90677 0.10097 0.91468 0.25921123058777873 0.2962414063860328 0.16663579109214344
v 0.92885 0.27194 1.05042 0.25921123058777873 0.2962414063860328 0.16663579109214344
v 0.85011 0.10097 0.95177 0.25921123058777873 0.2962414063860328 0.16663579109214344
v 0.90677 0.10097 0.91468 0.25921123058777873 0.2962414063860328 0.16663579109214344
v 0.96567 0.27194 1.02632 0.25921123058777873 0.2962414063860328 0.16663579109214344
v 0.92885 0.27194 1.05042 0.25921123058777873 0.2962414063860328 0.16663579109214344
v 0.96567 0.27194 1.02632 0.21619170189087777 0.24707623073243173 0.13898037978699285
v 1.04277 0.41849 1.18429 0.21619170189087777 0.24707623073243173 0.13898037978699285
v 0.92885 0.27194 1.05042 0.21619170189087777 0.24707623073243173 0.13898037978699285
v -0.5661 -0.07 1.10666 0.22308857691775355 0.2549583736202898 0.143414085161413
v -0.55385 0.09346 1.05059 0.22308857691775355 0.2549583736202898 0.143414085161413
v -0.54323 -0.07 1.09157 0.22308857691775355 0.2549583736202898 0.143414085161413
v -0.5661 -0.07 1.10666 0.22308857691775355 0.2549583736202898 0.143414085161413
v -0.59959 0.09346 1.08078 0.22308857691775355 0.2549583736202898 0.143414085161413
v -0.55385 0.09346 1.05059 0.22308857691775355 0.2549583736202898 0.143414085161413
v -0.59959 0.09346 1.08078 0.29986524081866506 0.3427031323641886 0.19277051195485606
v -0.62803 0.25692 0.9556 0.29986524081866506 0.3427031323641886 0.19277051195485606
v -0.55385 0.09346 1.05059 0.29986524081866506 0.3427031323641886 0.19277051195485606
v -0.59959 0.09346 1.08078 0.29986524081866506 0.3427031323641886 0.19277051195485606
v -0.65776 0.25692 0.97522 0.29986524081866506 0.3427031323641886 0.19277051195485606
v -0.62803 0.25692 0.9556 0.29986524081866506 0.3427031323641886 0.19277051195485606
v -0.65776 0.25692 0.97522 0.25055533320967 0.28634895223962287 0.16107128563478784
v -0.73473 0.39703 0.82625 0.25055533320967 0.28634895223962287 0.16107128563478784
v -0.62803 0.25692 0.9556 0.25055533320967 0.28634895223962287 0.16107128563478784
v -1.04965 -0.07 0.68702 0.2132225869914451 0.24368295656165154 0.13707166306592897
v -1.03857 0.11818 0.74675 0.2132225869914451 0.24368295656165154 0.13707166306592897
v -1.06619 -0.07 0.70755 0.2132225869914451 0.24368295656165154 0.13707166306592897
v -1.04965 -0.07 0.68702 0.2132225869914451 0.24368295656165154 0.13707166306592897
v -1.00548 0.11818 0.7057 0.2132225869914451 0.24368295656165154 0.13707166306592897
v -1.03857 0.11818 0.74675 0.2132225869914451 0.24368295656165154 0.13707166306592897
v -1.00548 0.11818 0.7057 0.25467851866821034 0.2910611641922404 0.1637219048581352
v -0.9251 0.30636 0.82636 0.25467851866821034 0.2910611641922404 0.1637219048581352
v -1.03857 0.11818 0.74675 0.25467851866821034 0.2910611641922404 0.1637219048581352
v -1.00548 0.11818 0.7057 0.25467851866821034 0.2910611641922404 0.1637219048581352
v -0.90359 0.30636 0.79968 0.25467851866821034 0.2910611641922404 0.1637219048581352
v -0.9251 0.30636 0.82636 0.25467851866821034 0.2910611641922404 0.1637219048581352
v -0.90359 0.30636 0.79968 0.23200923239749405 0.2651534084542789 0.14914879225553188
v -0.76491 0.46766 0.93348 0.23200923239749405 0.2651534084542789 0.14914879225553188
v -0.9251 0.30636 0.82636 0.23200923239749405 0.2651534084542789 0.14914879225553188
v -1.04289 -0.07 -0.56485 0.22477479773724518 0.2568854831282802 0.1444980842596576
v -0.97613 0.16176 -0.57635 0.22477479773724518 0.2568854831282802 0.1444980842596576
v -1.02615 -0.07 -0.54678 0.22477479773724518 0.2568854831282802 0.1444980842596576
v -1.04289 -0.07 -0.56485 0.22477479773724518 0.2568854831282802 0.1444980842596576
v -1.00961 0.16176 -0.61247 0.22477479773724518 0.2568854831282802 0.1444980842596576
v -0.97613 0.16176 -0.57635 0.22477479773724518 0.2568854831282802 0.1444980842596576
v -1.00961 0.16176 -0.61247 0.24490229718078035 0.2798883396351775 0.15743719104478734
v -0.85705 0.39351 -0.69845 0.24490229718078035 0.2798883396351775 0.15743719104478734
v -0.97613 0.16176 -0.57635 0.24490229718078035 0.2798883396351775 0.15743719104478734
v -1.00961 0.16176 -0.61247 0.24490229718078035 0.2798883396351775 0.15743719104478734
v -0.87881 0.39351 -0.72193 0.24490229718078035 0.2798883396351775 0.15743719104478734
v -0.85705 0.39351 -0.69845 0.24490229718078035 0.2798883396351775 0.15743719104478734
v -0.87881 0.39351 -0.72193 0.269978798763082 0.3085471985863794 0.1735577992048384
v -0.69453 0.59216 -0.87086 0.269978798763082 0.3085471985863794 0.1735577992048384
v -0.85705 0.39351 -0.69845 0.269978798763082 0.3085471985863794 0.1735577992048384
v -0.31275 -0.07 0.88385 0.25674611796453045 0.29342413481660623 0.16505107583434098
v -0.26562 0.07904 0.87848 0.25674611796453045 0.29342413481660623 0.16505107583434098
v -0.29819 -0.07 0.89783 0.25674611796453045 0.29342413481660623 0.16505107583434098
v -0.31275 -0.07 0.88385 0.25674611796453045 0.29342413481660623 0.16505107583434098
v -0.29476 0.07904 0.85052 0.25674611796453045 0.29342413481660623 0.16505107583434098
v -0.26562 0.07904 0.87848 0.25674611796453045 0.29342413481660623 0.16505107583434098
v -0.29476 0.07904 0.85052 0.2650190550310188 0.30287892003545 0.17036939251994063
v -0.19488 0.22807 0.79455 0.2650190550310188 0.30287892003545 0.17036939251994063
v -0.26562 0.07904 0.87848 0.2650190550310188 0.30287892003545 0.17036939251994063
v -0.29476 0.07904 0.85052 0.2650190550310188 0.30287892003545 0.17036939251994063
v -0.21381 0.22807 0.77637 0.2650190550310188 0.30287892003545 0.17036939251994063
v -0.19488 0.22807 0.79455 0.2650190550310188 0.30287892003545 0.17036939251994063
v -0.21381 0.22807 0.77637 0.23200727160526136 0.26515116754887014 0.14914753174623943
v -0.09909 0.35582 0.67578 0.23200727160526136 0.26515116754887014 0.14914753174623943
v -0.19488 0.22807 0.79455 0.23200727160526136 0.26515116754887014 0.14914753174623943
v 1.76995 -0.07 -1.00998 0.2882399476594308 0.32941708303934947 0.18529710920963405
v 1.73634 0.09458 -1.05785 0.2882399476594308 0.32941708303934947 0.18529710920963405
v 1.77413 -0.07 -1.03792 0.2882399476594308 0.32941708303934947 0.18529710920963405
v 1.76995 -0.07 -1.00998 0.2882399476594308 0.32941708303934947 0.18529710920963405
v 1.72798 0.09458 -1.00198 0.2882399476594308 0.32941708303934947 0.18529710920963405
v 1.73634 0.09458 -1.05785 0.2882399476594308 0.32941708303934947 0.18529710920963405
v 1.72798 0.09458 -1.00198 0.2727546325172976 0.3117195800197686 0.17534226376111983
v 1.61524 0.25916 -1.06597 0.2727546325172976 0.3117195800197686 0.17534226376111983
v 1.73634 0.09458 -1.05785 0.2727546325172976 0.3117195800197686 0.17534226376111983
v 1.72798 0.09458 -1.00198 0.2727546325172976 0.3117195800197686 0.17534226376111983
v 1.60981 0.25916 -1.02966 0.2727546325172976 0.3117195800197686 0.17534226376111983
v 1.61524 0.25916 -1.06597 0.2727546325172976 0.3117195800197686 0.17534226376111983
v 1.60981 0.25916 -1.02966 0.2522811146089384 0.2883212738387867 0.1621807165343175
v 1.4465 0.40023 -1.07265 0.2522811146089384 0.2883212738387867 0.1621807165343175
v 1.61524 0.25916 -1.06597 0.2522811146089384 0.2883212738387867 0.1621807165343175
v -1.32923 -0.07 0.63379 0.2216144686973158 0.253273678511218 0.14246644416256013
v -1.28842 0.08663 0.65883 0.2216144686973158 0.253273678511218 0.14246644416256013
v -1.3275 -0.07 0.65281 0.2216144686973158 0.253273678511218 0.14246644416256013
v -1.32923 -0.07 0.63379 0.2216144686973158 0.253273678511218 0.14246644416256013
v -1.29188 0.08663 0.6208 0.2216144686973158 0.253273678511218 0.14246644416256013
v -1.28842 0.08663 0.65883 0.2216144686973158 0.253273678511218 0.14246644416256013
v -1.29188 0.08663 0.6208 0.2998458288710298 0.3426809472811769 0.19275803284566198
v -1.17438 0.24326 0.64173 0.2998458288710298 0.3426809472811769 0.19275803284566198
v -1.28842 0.08663 0.65883 0.2998458288710298 0.3426809472811769 0.19275803284566198
v -1.29188 0.08663 0.6208 0.2998458288710298 0.3426809472811769 0.19275803284566198
v -1.17663 0.24326 0.617 0.2998458288710298 0.3426809472811769 0.19275803284566198
v -1.17438 0.24326 0.64173 0.2998458288710298 0.3426809472811769 0.19275803284566198
v -1.17663 0.24326 0.617 0.29989389226866386 0.34273587687847296 0.19278893074414102
v -1.0164 0.37751 0.61487 0.29989389226866386 0.34273587687847296 0.19278893074414102
v -1.17438 0.24326 0.64173 0.29989389226866386 0.34273587687847296 0.19278893074414102
v 0.24947 -0.07 -1.53505 0.24528415163397652 0.28032474472454455 0.1576826689075563
v 0.2856 0.11595 -1.58066 0.24528415163397652 0.28032474472454455 0.1576826689075563
v 0.2736 -0.07 -1.53509 0.24528415163397652 0.28032474472454455 0.1576826689075563
v 0.24947 -0.07 -1.53505 0.24528415163397652 0.28032474472454455 0.1576826689075563
v 0.23734 0.11595 -1.58059 0.24528415163397652 0.28032474472454455 0.1576826689075563
v 0.2856 0.11595 -1.58066 0.24528415163397652 0.28032474472454455 0.1576826689075563
v 0.23734 0.11595 -1.58059 0.2834758889315711 0.3239724444932241 0.18223450002743855
v 0.27695 0.30191 -1.71733 0.2834758889315711 0.3239724444932241 0.18223450002743855
v 0.2856 0.11595 -1.58066 0.2834758889315711 0.3239724444932241 0.18223450002743855
v 0.23734 0.11595 -1.58059 0.2834758889315711 0.3239724444932241 0.18223450002743855
v 0.24559 0.30191 -1.71728 0.2834758889315711 0.3239724444932241 0.18223450002743855
v 0.27695 0.30191 -1.71733 0.2834758889315711 0.3239724444932241 0.18223450002743855
v 0.24559 0.30191 -1.71728 0.26478936573530115 0.30261641798320127 0.17022173511555072
v 0.261 0.46129 -1.90698 0.26478936573530115 0.30261641798320127 0.17022173511555072
v 0.27695 0.30191 -1.71733 0.26478936573530115 0.30261641798320127 0.17022173511555072
v 0.00026 -0.07 -1.53265 0.2531891649070221 0.2893590456080252 0.16276446315451418
v -0.03915 0.01967 -1.52437 0.2531891649070221 0.2893590456080252 0.16276446315451418
v -0.02071 -0.07 -1.54078 0.2531891649070221 0.2893590456080252 0.16276446315451418
v 0.00026 -0.07 -1.53265 0.2531891649070221 0.2893590456080252 0.16276446315451418
v 0.00281 0.01967 -1.5081 0.2531891649070221 0.2893590456080252 0.16276446315451418
v -0.03915 0.01967 -1.52437 0.2531891649070221 0.2893590456080252 0.16276446315451418
v 0.00281 0.01967 -1.5081 0.2830226831082072 0.32345449498080825 0.18194315342670464
v -0.05563 0.10934 -1.46007 0.2830226831082072 0.32345449498080825 0.18194315342670464
v -0.03915 0.01967 -1.52437 0.2830226831082072 0.32345449498080825 0.18194315342670464
v 0.00281 0.01967 -1.5081 0.2830226831082072 0.32345449498080825 0.18194315342670464
v -0.02836 0.10934 -1.44949 0.2830226831082072 0.32345449498080825 0.18194315342670464
v -0.05563 0.10934 -1.46007 0.2830226831082072 0.32345449498080825 0.18194315342670464
v -0.02836 0.10934 -1.44949 0.2103207488089689 0.240366570067393 0.13520619566290856
v -0.07507 0.1862 -1.36951 0.2103207488089689 0.240366570067393 0.13520619566290856
v -0.05563 0.10934 -1.46007 0.2103207488089689 0.240366570067393 0.13520619566290856
v -1.4365 -0.07 1.21833 0.315822890396064 0.3609404461669303 0.20302900096889825
v -1.38859 0.05697 1.18138 0.315822890396064 0.3609404461669303 0.20302900096889825
v -1.40214 -0.07 1.21429 0.315822890396064 0.3609404461669303 0.20302900096889825
v -1.4365 -0.07 1.21833 0.315822890396064 0.3609404461669303 0.20302900096889825
v -1.45731 0.05697 1.18946 0.315822890396064 0.3609404461669303 0.20302900096889825
v -1.38859 0.05697 1.18138 0.315822890396064 0.3609404461669303 0.20302900096889825
v -1.45731 0.05697 1.18946 0.26439269757413036 0.3021630829418632 0.16996673415479807
v -1.41151 0.18394 1.09011 0.26439269757413036 0.3021630829418632 0.16996673415479807
v -1.38859 0.05697 1.18138 0.26439269757413036 0.3021630829418632 0.16996673415479807
v -1.45731 0.05697 1.18946 0.26439269757413036 0.3021630829418632 0.16996673415479807
v -1.45618 0.18394 1.09536 0.26439269757413036 0.3021630829418632 0.16996673415479807
v -1.41151 0.18394 1.09011 0.26439269757413036 0.3021630829418632 0.16996673415479807
v -1.45618 0.18394 1.09536 0.30305060493511154 0.34634354849727034 0.19481824602971454
v -1.44896 0.29277 0.96411 0.30305060493511154 0.34634354849727034 0.19481824602971454
v -1.41151 0.18394 1.09011 0.30305060493511154 0.34634354849727034 0.19481824602971454
v -0.05931 -0.07 1.67784 0.276224984511668 0.3156856965847634 0.17757320432892942
v -0.01151 0.04585 1.69827 0.276224984511668 0.3156856965847634 0.17757320432892942
v -0.04317 -0.07 1.70198 0.276224984511668 0.3156856965847634 0.17757320432892942
v -0.05931 -0.07 1.67784 0.276224984511668 0.3156856965847634 0.17757320432892942
v -0.04379 0.04585 1.65 0.276224984511668 0.3156856965847634 0.17757320432892942
v -0.01151 0.04585 1.69827 0.276224984511668 0.3156856965847634 0.17757320432892942
v -0.04379 0.04585 1.65 0.2988047609607953 0.341491155383766 0.19208877490336837
v 0.05362 0.1617 1.64249 0.2988047609607953 0.341491155383766 0.19208877490336837
v -0.01151 0.04585 1.69827 0.2988047609607953 0.341491155383766 0.19208877490336837
v -0.04379 0.04585 1.65 0.2988047609607953 0.341491155383766 0.19208877490336837
v 0.03264 0.1617 1.61111 0.2988047609607953 0.341491155383766 0.19208877490336837
v 0.05362 0.1617 1.64249 0.2988047609607953 0.341491155383766 0.19208877490336837
v 0.03264 0.1617 1.61111 0.29445149028001094 0.336515988891441 0.18929024375143558
v 0.14135 0.26099 1.56111 0.29445149028001094 0.336515988891441 0.18929024375143558
v 0.05362 0.1617 1.64249 0.29445149028001094 0.336515988891441 0.18929024375143558
v 1.5802 -0.07 -0.5611 0.21996064662328216 0.2513835961408939 0.1414032728292528
v 1.62326 0.09029 -0.61001 0.21996064662328216 0.2513835961408939 0.1414032728292528
v 1.61416 -0.07 -0.56806 0.21996064662328216 0.2513835961408939 0.1414032728292528
v 1.5802 -0.07 -0.5611 0.21996064662328216 0.2513835961408939 0.1414032728292528
v 1.55533 0.09029 -0.59609 0.21996064662328216 0.2513835961408939 0.1414032728292528
v 1.62326 0.09029 -0.61001 0.21996064662328216 0.2513835961408939 0.1414032728292528
v 1.55533 0.09029 -0.59609 0.2653499081593839 0.30325703789643876 0.17058208381674678
v 1.58771 0.25059 -0.72299 0.2653499081593839 0.30325703789643876 0.17058208381674678
v 1.62326 0.09029 -0.61001 0.2653499081593839 0.30325703789643876 0.17058208381674678
v 1.55533 0.09029 -0.59609 0.2653499081593839 0.30325703789643876 0.17058208381674678
v 1.54356 0.25059 -0.71394 0.2653499081593839 0.30325703789643876 0.17058208381674678
v 1.58771 0.25059 -0.72299 0.2653499081593839 0.30325703789643876 0.17058208381674678
v 1.54356 0.25059 -0.71394 0.253509055370514 0.2897246347091588 0.16297010702390183
v 1.5328 0.38798 -0.87863 0.253509055370514 0.2897246347091588 0.16297010702390183
v 1.58771 0.25059 -0.72299 0.253509055370514 0.2897246347091588 0.16297010702390183
v 1.7003 -0.07 -0.70688 0.23813342841817933 0.27215248962077637 0.1530857754116867
v 1.68804 0.1095 -0.65556 0.23813342841817933 0.27215248962077637 0.1530857754116867
v 1.68205 -0.07 -0.7002 0.23813342841817933 0.27215248962077637 0.1530857754116867
v 1.7003 -0.07 -0.70688 0.23813342841817933 0.27215248962077637 0.1530857754116867
v 1.72455 0.1095 -0.66893 0.23813342841817933 0.27215248962077637 0.1530857754116867
v 1.68804 0.1095 -0.65556 0.23813342841817933 0.27215248962077637 0.1530857754116867
v 1.72455 0.1095 -0.66893 0.25007683053914653 0.2858020920447389 0.16076367677516562
v 1.73979 0.289 -0.53401 0.25007683053914653 0.2858020920447389 0.16076367677516562
v 1.68804 0.1095 -0.65556 0.25007683053914653 0.2858020920447389 0.16076367677516562
v 1.72455 0.1095 -0.66893 0.25007683053914653 0.2858020920447389 0.16076367677516562
v 1.76352 0.289 -0.5427 0.25007683053914653 0.2858020920447389 0.16076367677516562
v 1.73979 0.289 -0.53401 0.25007683053914653 0.2858020920447389 0.16076367677516562
v 1.76352 0.289 -0.5427 0.2369601152393567 0.2708115602735505 0.15233150265387216
v 1.81461 0.44285 -0.36643 0.2369601152393567 0.2708115602735505 0.15233150265387216
v 1.73979 0.289 -0.53401 0.2369601152393567 0.2708115602735505 0.15233150265387216
v -1.30349 -0.07 -0.65076 0.27241884855962756 0.3113358269252886 0.17512640264547483
v -1.37525 0.15486 -0.62981 0.27241884855962756 0.3113358269252886 0.17512640264547483
v -1.33231 -0.07 -0.66821 0.27241884855962756 0.3113358269252886 0.17512640264547483
v -1.30349 -0.07 -0.65076 0.27241884855962756 0.3113358269252886 0.17512640264547483
v -1.31763 0.15486 -0.59491 0.27241884855962756 0.3113358269252886 0.17512640264547483
v -1.37525 0.15486 -0.62981 0.27241884855962756 0.3113358269252886 0.17512640264547483
v -1.31763 0.15486 -0.59491 0.3137696126731419 0.3585938430550193 0.20170903671844834
v -1.45078 0.37972 -0.48233 0.3137696126731419 0.3585938430550193 0.20170903671844834
v -1.37525 0.15486 -0.62981 0.3137696126731419 0.3585938430550193 0.20170903671844834
v -1.31763 0.15486 -0.59491 0.3137696126731419 0.3585938430550193 0.20170903671844834
v -1.41333 0.37972 -0.45965 0.3137696126731419 0.3585938430550193 0.20170903671844834
v -1.45078 0.37972 -0.48233 0.3137696126731419 0.3585938430550193 0.20170903671844834
v -1.41333 0.37972 -0.45965 0.2383440553680156 0.27239320613487494 0.15322117845086713
v -1.55087 0.57246 -0.2748 0.2383440553680156 0.27239320613487494 0.15322117845086713
v -1.45078 0.37972 -0.48233 0.2383440553680156 0.27239320613487494 0.15322117845086713
v 0.67776 -0.07 -1.62015 0.21735101240041976 0.24840115702905113 0.13972565082884125
v 0.65183 0.06248 -1.58238 0.21735101240041976 0.24840115702905113 0.13972565082884125
v 0.65656 -0.07 -1.61625 0.21735101240041976 0.24840115702905113 0.13972565082884125
v 0.67776 -0.07 -1.62015 0.21735101240041976 0.24840115702905113 0.13972565082884125
v 0.69423 0.06248 -1.59017 0.21735101240041976 0.24840115702905113 0.13972565082884125
v 0.65183 0.06248 -1.58238 0.21735101240041976 0.24840115702905113 0.13972565082884125
v 0.69423 0.06248 -1.59017 0.2309506359134609 0.2639435839010982 0.1484682659443677
v 0.67684 0.19495 -1.48798 0.2309506359134609 0.2639435839010982 0.1484682659443677
v 0.65183 0.06248 -1.58238 0.2309506359134609 0.2639435839010982 0.1484682659443677
v 0.69423 0.06248 -1.59017 0.2309506359134609 0.2639435839010982 0.1484682659443677
v 0.7044 0.19495 -1.49304 0.2309506359134609 0.2639435839010982 0.1484682659443677
v 0.67684 0.19495 -1.48798 0.2309506359134609 0.2639435839010982 0.1484682659443677
v 0.7044 0.19495 -1.49304 0.22410094361364424 0.2561153641298791 0.144064892323057
v 0.71504 0.30851 -1.3576 0.22410094361364424 0.2561153641298791 0.144064892323057
v 0.67684 0.19495 -1.48798 0.22410094361364424 0.2561153641298791 0.144064892323057
v -1.35993 -0.07 0.11966 0.27592364592032353 0.3153413096232269 0.1773794866630651
v -1.32751 0.01937 0.09814 0.27592364592032353 0.3153413096232269 0.1773794866630651
v -1.33849 -0.07 0.11991 0.27592364592032353 0.3153413096232269 0.1773794866630651
v -1.35993 -0.07 0.11966 0.27592364592032353 0.3153413096232269 0.1773794866630651
v -1.37039 0.01937 0.09764 0.27592364592032353 0.3153413096232269 0.1773794866630651
v -1.32751 0.01937 0.09814 0.27592364592032353 0.3153413096232269 0.1773794866630651
v -1.37039 0.01937 0.09764 0.310012481131136 0.354299978435584 0.19929373787001597
v -1.33424 0.10875 0.03237 0.310012481131136 0.354299978435584 0.19929373787001597
v -1.32751 0.01937 0.09814 0.310012481131136 0.354299978435584 0.19929373787001597
v -1.37039 0.01937 0.09764 0.310012481131136 0.354299978435584 0.19929373787001597
v -1.36211 0.10875 0.03204 0.310012481131136 0.354299978435584 0.19929373787001597
v -1.33424 0.10875 0.03237 0.310012481131136 0.354299978435584 0.19929373787001597
v -1.36211 0.10875 0.03204 0.30191340998825783 0.3450438971294375 0.1940871921353086
v -1.3471 0.18535 -0.05895 0.30191340998825783 0.3450438971294375 0.1940871921353086
v -1.33424 0.10875 0.03237 0.30191340998825783 0.3450438971294375 0.1940871921353086
v 0.71832 -0.07 -1.24816 0.2879400322913108 0.3290743226186409 0.18510430647298548
v 0.73597 0.09974 -1.18503 0.2879400322913108 0.3290743226186409 0.18510430647298548
v 0.70471 -0.07 -1.21724 0.2879400322913108 0.3290743226186409 0.18510430647298548
v 0.71832 -0.07 -1.24816 0.2879400322913108 0.3290743226186409 0.18510430647298548
v 0.76319 0.09974 -1.24687 0.2879400322913108 0.3290743226186409 0.18510430647298548
v 0.73597 0.09974 -1.18503 0.2879400322913108 0.3290743226186409 0.18510430647298548
v 0.76319 0.09974 -1.24687 0.2607851258714838 0.2980401438531243 0.1676475809173824
v 0.85493 0.26948 -1.1456 0.2607851258714838 0.2980401438531243 0.1676475809173824
v 0.73597 0.09974 -1.18503 0.2607851258714838 0.2980401438531243 0.1676475809173824
v 0.76319 0.09974 -1.24687 0.2607851258714838 0.2980401438531243 0.1676475809173824
v 0.87262 0.26948 -1.1858 0.2607851258714838 0.2980401438531243 0.1676475809173824
v 0.85493 0.26948 -1.1456 0.2607851258714838 0.2980401438531243 0.1676475809173824
v 0.87262 0.26948 -1.1858 0.23810252432147705 0.27211717065311664 0.15306590849237808
v 1.02224 0.41497 -1.09597 0.23810252432147705 0.27211717065311664 0.15306590849237808
v 0.85493 0.26948 -1.1456 0.23810252432147705 0.27211717065311664 0.15306590849237808
v -0.02706 -0.07 -1.3742 0.2243514772931307 0.2564016883350065 0.14422594968844116
v -0.03116 0.02933 -1.32415 0.2243514772931307 0.2564016883350065 0.14422594968844116
v -0.04329 -0.07 -1.34983 0.2243514772931307 0.2564016883350065 0.14422594968844116
v -0.02706 -0.07 -1.3742 0.2243514772931307 0.2564016883350065 0.14422594968844116
v 0.00131 0.02933 -1.37289 0.2243514772931307 0.2564016883350065 0.14422594968844116
v -0.03116 0.02933 -1.32415 0.2243514772931307 0.2564016883350065 0.14422594968844116
v 0.00131 0.02933 -1.37289 0.300348000765935 0.3432548580182114 0.1930808576352439
v 0.03528 0.12867 -1.2922 0.300348000765935 0.3432548580182114 0.1930808576352439
v -0.03116 0.02933 -1.32415 0.300348000765935 0.3432548580182114 0.1930808576352439
v 0.00131 0.02933 -1.37289 0.300348000765935 0.3432548580182114 0.1930808576352439
v 0.05639 0.12867 -1.32388 0.300348000765935 0.3432548580182114 0.1930808576352439
v 0.03528 0.12867 -1.2922 0.300348000765935 0.3432548580182114 0.1930808576352439
v 0.05639 0.12867 -1.32388 0.22715212014039748 0.2596024230175971 0.14602636294739837
v 0.13016 0.21381 -1.25186 0.22715212014039748 0.2596024230175971 0.14602636294739837
v 0.03528 0.12867 -1.2922 0.22715212014039748 0.2596024230175971 0.14602636294739837
v -1.60031 -0.07 -0.19076 0.2861402953732303 0.32701748042654893 0.18394733273993374
v -1.58612 0.03439 -0.23875 0.2861402953732303 0.32701748042654893 0.18394733273993374
v -1.57927 -0.07 -0.21024 0.2861402953732303 0.32701748042654893 0.18394733273993374
v -1.60031 -0.07 -0.19076 0.2861402953732303 0.32701748042654893 0.18394733273993374
v -1.6282 0.03439 -0.19979 0.2861402953732303 0.32701748042654893 0.18394733273993374
v -1.58612 0.03439 -0.23875 0.2861402953732303 0.32701748042654893 0.18394733273993374
v -1.6282 0.03439 -0.19979 0.22187952756767443 0.25357660293448503 0.14263683915064782
v -1.64561 0.13878 -0.28823 0.22187952756767443 0.25357660293448503 0.14263683915064782
v -1.58612 0.03439 -0.23875 0.22187952756767443 0.25357660293448503 0.14263683915064782
v -1.6282 0.03439 -0.19979 0.22187952756767443 0.25357660293448503 0.14263683915064782
v -1.67297 0.13878 -0.2629 0.22187952756767443 0.25357660293448503 0.14263683915064782
v -1.64561 0.13878 -0.28823 0.22187952756767443 0.25357660293448503 0.14263683915064782
v -1.67297 0.13878 -0.2629 0.2325343989530206 0.2657535988034521 0.1494863993269418
v -1.73163 0.22826 -0.3537 0.2325343989530206 0.2657535988034521 0.1494863993269418
v -1.64561 0.13878 -0.28823 0.2325343989530206 0.2657535988034521 0.1494863993269418
v 1.39403 -0.07 1.53949 0.2924491555724459 0.3342276063685095 0.1880030285822866
v 1.42193 0.12279 1.60127 0.2924491555724459 0.3342276063685095 0.1880030285822866
v 1.38302 -0.07 1.56998 0.2924491555724459 0.3342276063685095 0.1880030285822866
v 1.39403 -0.07 1.53949 0.2924491555724459 0.3342276063685095 0.1880030285822866
v 1.44396 0.12279 1.5403 0.2924491555724459 0.3342276063685095 0.1880030285822866
v 1.42193 0.12279 1.60127 0.2924491555724459 0.3342276063685095 0.1880030285822866
v 1.44396 0.12279 1.5403 0.3194572646165742 0.36509401670465624 0.20536538439636912
v 1.55906 0.31557 1.63874 0.3194572646165742 0.36509401670465624 0.20536538439636912
v 1.42193 0.12279 1.60127 0.3194572646165742 0.36509401670465624 0.20536538439636912
v 1.44396 0.12279 1.5403 0.3194572646165742 0.36509401670465624 0.20536538439636912
v 1.57337 0.31557 1.59912 0.3194572646165742 0.36509401670465624 0.20536538439636912
v 1.55906 0.31557 1.63874 0.3194572646165742 0.36509401670465624 0.20536538439636912
v 1.57337 0.31557 1.59912 0.27959285136581863 0.3195346872752213 0.17973826159231196
v 1.75116 0.48082 1.68574 0.27959285136581863 0.3195346872752213 0.17973826159231196
v 1.55906 0.31557 1.63874 0.27959285136581863 0.3195346872752213 0.17973826159231196
v -1.26988 -0.07 1.4278 0.21960657001725992 0.25097893716258274 0.14117565215395278
v -1.25945 0.06307 1.38322 0.21960657001725992 0.25097893716258274 0.14117565215395278
v -1.2516 -0.07 1.41663 0.21960657001725992 0.25097893716258274 0.14117565215395278
v -1.26988 -0.07 1.4278 0.21960657001725992 0.25097893716258274 0.14117565215395278
v -1.29602 0.06307 1.40555 0.21960657001725992 0.25097893716258274 0.14117565215395278
v -1.25945 0.06307 1.38322 0.21960657001725992 0.25097893716258274 0.14117565215395278
v -1.29602 0.06307 1.40555 0.21583780471857525 0.24667177682122884 0.1387528744619412
v -1.31681 0.19614 1.30366 0.21583780471857525 0.24667177682122884 0.1387528744619412
v -1.25945 0.06307 1.38322 0.21583780471857525 0.24667177682122884 0.1387528744619412
v -1.29602 0.06307 1.40555 0.21583780471857525 0.24667177682122884 0.1387528744619412
v -1.34058 0.19614 1.31817 0.21583780471857525 0.24667177682122884 0.1387528744619412
v -1.31681 0.19614 1.30366 0.21583780471857525 0.24667177682122884 0.1387528744619412
v -1.34058 0.19614 1.31817 0.2160842557662616 0.2469534351614418 0.13891130727831102
v -1.39943 0.3102 1.19507 0.2160842557662616 0.2469534351614418 0.13891130727831102
v -1.31681 0.19614 1.30366 0.2160842557662616 0.2469534351614418 0.13891130727831102
v 1.27797 -0.07 -0.35843 0.26758130849882905 0.3058072097129475 0.17201655546353295
v 1.28914 0.06687 -0.41956 0.26758130849882905 0.3058072097129475 0.17201655546353295
v 1.30177 -0.07 -0.38393 0.26758130849882905 0.3058072097129475 0.17201655546353295
v 1.27797 -0.07 -0.35843 0.26758130849882905 0.3058072097129475 0.17201655546353295
v 1.24156 0.06687 -0.36856 0.26758130849882905 0.3058072097129475 0.17201655546353295
v 1.28914 0.06687 -0.41956 0.26758130849882905 0.3058072097129475 0.17201655546353295
v 1.24156 0.06687 -0.36856 0.3204400251999088 0.36621717165703854 0.20599715905708418
v 1.20726 0.20374 -0.47926 0.3204400251999088 0.36621717165703854 0.20599715905708418
v 1.28914 0.06687 -0.41956 0.3204400251999088 0.36621717165703854 0.20599715905708418
v 1.24156 0.06687 -0.36856 0.3204400251999088 0.36621717165703854 0.20599715905708418
v 1.17633 0.20374 -0.44611 0.3204400251999088 0.36621717165703854 0.20599715905708418
v 1.20726 0.20374 -0.47926 0.3204400251999088 0.36621717165703854 0.20599715905708418
v 1.17633 0.20374 -0.44611 0.251231597853051 0.28712182611777254 0.16150602719124704
v 1.08972 0.32106 -0.55793 0.251231597853051 0.28712182611777254 0.16150602719124704
v 1.20726 0.20374 -0.47926 0.251231597853051 0.28712182611777254 0.16150602719124704
v 0.40529 -0.07 1.72144 0.28693315696546823 0.3279236079605351 0.184457029477801
v 0.45419 0.15255 1.67586 0.28693315696546823 0.3279236079605351 0.184457029477801
v 0.43053 -0.07 1.72665 0.28693315696546823 0.3279236079605351 0.184457029477801
v 0.40529 -0.07 1.72144 0.28693315696546823 0.3279236079605351 0.184457029477801
v 0.40369 0.15255 1.66543 0.28693315696546823 0.3279236079605351 0.184457029477801
v 0.45419 0.15255 1.67586 0.28693315696546823 0.3279236079605351 0.184457029477801
v 0.40369 0.15255 1.66543 0.24398820048507372 0.2788436576972271 0.15684955745469023
v 0.47844 0.3751 1.51384 0.24398820048507372 0.2788436576972271 0.15684955745469023
v 0.45419 0.15255 1.67586 0.24398820048507372 0.2788436576972271 0.15684955745469023
v 0.40369 0.15255 1.66543 0.24398820048507372 0.2788436576972271 0.15684955745469023
v 0.44562 0.3751 1.50706 0.24398820048507372 0.2788436576972271 0.15684955745469023
v 0.47844 0.3751 1.51384 0.24398820048507372 0.2788436576972271 0.15684955745469023
v 0.44562 0.3751 1.50706 0.3138134647804885 0.35864395974912966 0.20173722735888544
v 0.50795 0.56585 1.28815 0.3138134647804885 0.35864395974912966 0.20173722735888544
v 0.47844 0.3751 1.51384 0.3138134647804885 0.35864395974912966 0.20173722735888544
v -1.79285 -0.07 -0.96266 0.2453565061307529 0.2804074355780033 0.15772918251262685
v -1.76595 0.11098 -1.01389 0.2453565061307529 0.2804074355780033 0.15772918251262685
v -1.76863 -0.07 -0.96793 0.2453565061307529 0.2804074355780033 0.15772918251262685
v -1.79285 -0.07 -0.96266 0.2453565061307529 0.2804074355780033 0.15772918251262685
v -1.81438 0.11098 -1.00335 0.2453565061307529 0.2804074355780033 0.15772918251262685
v -1.76595 0.11098 -1.01389 0.2453565061307529 0.2804074355780033 0.15772918251262685
v -1.81438 0.11098 -1.00335 0.28738543743442285 0.3284404999250547 0.18474778120784324
v -1.8027 0.29196 -1.14202 0.28738543743442285 0.3284404999250547 0.18474778120784324
v -1.76595 0.11098 -1.01389 0.28738543743442285 0.3284404999250547 0.18474778120784324
v -1.81438 0.11098 -1.00335 0.28738543743442285 0.3284404999250547 0.18474778120784324
v -1.83418 0.29196 -1.13518 0.28738543743442285 0.3284404999250547 0.18474778120784324
v -1.8027 0.29196 -1.14202 0.28738543743442285 0.3284404999250547 0.18474778120784324
v -1.83418 0.29196 -1.13518 0.24802529035757792 0.2834574746943747 0.15944482951558578
v -1.85768 0.44708 -1.31898 0.24802529035757792 0.2834574746943747 0.15944482951558578
v -1.8027 0.29196 -1.14202 0.24802529035757792 0.2834574746943747 0.15944482951558578
v 0.68919 -0.07 -0.4725 0.2180189783521302 0.24916454668814875 0.14015505751208368
v 0.67863 0.02758 -0.52765 0.2180189783521302 0.24916454668814875 0.14015505751208368
v 0.69759 -0.07 -0.50531 0.2180189783521302 0.24916454668814875 0.14015505751208368
v 0.68919 -0.07 -0.4725 0.2180189783521302 0.24916454668814875 0.14015505751208368
v 0.66184 0.02758 -0.46203 0.2180189783521302 0.24916454668814875 0.14015505751208368
v 0.67863 0.02758 -0.52765 0.2180189783521302 0.24916454668814875 0.14015505751208368
v 0.66184 0.02758 -0.46203 0.2390105743175293 0.27315494207717633 0.15364965491841168
v 0.60621 0.12515 -0.53394 0.2390105743175293 0.27315494207717633 0.15364965491841168
v 0.67863 0.02758 -0.52765 0.2390105743175293 0.27315494207717633 0.15364965491841168
v 0.66184 0.02758 -0.46203 0.2390105743175293 0.27315494207717633 0.15364965491841168
v 0.59529 0.12515 -0.49129 0.2390105743175293 0.27315494207717633 0.15364965491841168
v 0.60621 0.12515 -0.53394 0.2390105743175293 0.27315494207717633 0.15364965491841168
v 0.59529 0.12515 -0.49129 0.2687528129896569 0.3071460719881793 0.17276966549335085
v 0.50433 0.20879 -0.53729 0.2687528129896569 0.3071460719881793 0.17276966549335085
v 0.60621 0.12515 -0.53394 0.2687528129896569 0.3071460719881793 0.17276966549335085
v 0.77148 -0.07 -0.26937 0.29187946920032437 0.3335765362289421 0.18763680162877994
v 0.74459 0.12769 -0.3276 0.29187946920032437 0.3335765362289421 0.18763680162877994
v 0.78299 -0.07 -0.29493 0.29187946920032437 0.3335765362289421 0.18763680162877994
v 0.77148 -0.07 -0.26937 0.29187946920032437 0.3335765362289421 0.18763680162877994
v 0.72156 0.12769 -0.27648 0.29187946920032437 0.3335765362289421 0.18763680162877994
v 0.74459 0.12769 -0.3276 0.29187946920032437 0.3335765362289421 0.18763680162877994
v 0.72156 0.12769 -0.27648 0.2607681862603156 0.29802078429750356 0.16763669116734575
v 0.60809 0.32537 -0.37833 0.2607681862603156 0.29802078429750356 0.16763669116734575
v 0.74459 0.12769 -0.3276 0.2607681862603156 0.29802078429750356 0.16763669116734575
v 0.72156 0.12769 -0.27648 0.2607681862603156 0.29802078429750356 0.16763669116734575
v 0.59312 0.32537 -0.34511 0.2607681862603156 0.29802078429750356 0.16763669116734575
v 0.60809 0.32537 -0.37833 0.2607681862603156 0.29802078429750356 0.16763669116734575
v 0.59312 0.32537 -0.34511 0.2331185591876438 0.2664212105001643 0.14986193090634242
v 0.41676 0.49482 -0.44454 0.2331185591876438 0.2664212105001643 0.14986193090634242
v 0.60809 0.32537 -0.37833 0.2331185591876438 0.2664212105001643 0.14986193090634242
v 1.71644 -0.07 -1.58252 0.31826340956310595 0.36372961092926387 0.20459790614771092
v 1.66179 0.14741 -1.55421 0.31826340956310595 0.36372961092926387 0.20459790614771092
v 1.69911 -0.07 -1.59358 0.31826340956310595 0.36372961092926387 0.20459790614771092
v 1.71644 -0.07 -1.58252 0.31826340956310595 0.36372961092926387 0.20459790614771092
v 1.69646 0.14741 -1.53209 0.31826340956310595 0.36372961092926387 0.20459790614771092
v 1.66179 0.14741 -1.55421 0.31826340956310595 0.36372961092926387 0.20459790614771092
v 1.69646 0.14741 -1.53209 0.21129890772053692 0.2414844659663279 0.13583501210605942
v 1.5819 0.36481 -1.41564 0.21129890772053692 0.2414844659663279 0.13583501210605942
v 1.66179 0.14741 -1.55421 0.21129890772053692 0.2414844659663279 0.13583501210605942
v 1.69646 0.14741 -1.53209 0.21129890772053692 0.2414844659663279 0.13583501210605942
v 1.60443 0.36481 -1.40126 0.21129890772053692 0.2414844659663279 0.13583501210605942
v 1.5819 0.36481 -1.41564 0.21129890772053692 0.2414844659663279 0.13583501210605942
v 1.60443 0.36481 -1.40126 0.31302180005040436 0.35773920005760496 0.20122830003240277
v 1.47388 0.55116 -1.22151 0.31302180005040436 0.35773920005760496 0.20122830003240277
v 1.5819 0.36481 -1.41564 0.31302180005040436 0.35773920005760496 0.20122830003240277
v 1.64169 -0.07 0.09692 0.24413408935549427 0.27901038783485055 0.15694334315710343
v 1.60196 0.13227 0.04172 0.24413408935549427 0.27901038783485055 0.15694334315710343
v 1.64763 -0.07 0.06644 0.24413408935549427 0.27901038783485055 0.15694334315710343
v 1.64169 -0.07 0.09692 0.24413408935549427 0.27901038783485055 0.15694334315710343
v 1.59007 0.13227 0.10267 0.24413408935549427 0.27901038783485055 0.15694334315710343
v 1.60196 0.13227 0.04172 0.24413408935549427 0.27901038783485055 0.15694334315710343
v 1.59007 0.13227 0.10267 0.21110219571466127 0.24125965224532714 0.1357085543879965
v 1.45396 0.33454 0.02393 0.21110219571466127 0.24125965224532714 0.1357085543879965
v 1.60196 0.13227 0.04172 0.21110219571466127 0.24125965224532714 0.1357085543879965
v 1.59007 0.13227 0.10267 0.21110219571466127 0.24125965224532714 0.1357085543879965
v 1.44623 0.33454 0.06355 0.21110219571466127 0.24125965224532714 0.1357085543879965
v 1.45396 0.33454 0.02393 0.21110219571466127 0.24125965224532714 0.1357085543879965
v 1.44623 0.33454 0.06355 0.26985579149170497 0.3084066188476628 0.1734787231018103
v 1.2476 0.50791 0.00425 0.26985579149170497 0.3084066188476628 0.1734787231018103
v 1.45396 0.33454 0.02393 0.26985579149170497 0.3084066188476628 0.1734787231018103
v -1.04525 -0.07 0.96095 0.2512170826411087 0.2871052373041242 0.16149669598356986
v -0.97822 0.18189 0.94559 0.2512170826411087 0.2871052373041242 0.16149669598356986
v -1.0325 -0.07 0.97665 0.2512170826411087 0.2871052373041242 0.16149669598356986
v -1.04525 -0.07 0.96095 0.2512170826411087 0.2871052373041242 0.16149669598356986
v -1.00372 0.18189 0.9142 0.2512170826411087 0.2871052373041242 0.16149669598356986
v -0.97822 0.18189 0.94559 0.2512170826411087 0.2871052373041242 0.16149669598356986
v -1.00372 0.18189 0.9142 0.22739658997825024 0.25988181711800024 0.14618352212887514
v -0.83897 0.43377 0.82339 0.22739658997825024 0.25988181711800024 0.14618352212887514
v -0.97822 0.18189 0.94559 0.22739658997825024 0.25988181711800024 0.14618352212887514
v -1.00372 0.18189 0.9142 0.22739658997825024 0.25988181711800024 0.14618352212887514
v -0.85554 0.43377 0.80299 0.22739658997825024 0.25988181711800024 0.14618352212887514
v -0.83897 0.43377 0.82339 0.22739658997825024 0.25988181711800024 0.14618352212887514
v -0.85554 0.43377 0.80299 0.25209057917630273 0.28810351905863163 0.1620582294704803
v -0.64781 0.64967 0.65123 0.25209057917630273 0.28810351905863163 0.1620582294704803
v -0.83897 0.43377 0.82339 0.25209057917630273 0.28810351905863163 0.1620582294704803
v 0.62297 -0.07 -1.15691 0.3005583939220646 0.3434953073395024 0.19321611037847009
v 0.56129 0.15096 -1.14196 0.3005583939220646 0.3434953073395024 0.19321611037847009
v 0.60733 -0.07 -1.1725 0.3005583939220646 0.3434953073395024 0.19321611037847009
v 0.62297 -0.07 -1.15691 0.3005583939220646 0.3434953073395024 0.19321611037847009
v 0.59258 0.15096 -1.11077 0.3005583939220646 0.3434953073395024 0.19321611037847009
v 0.56129 0.15096 -1.14196 0.3005583939220646 0.3434953073395024 0.19321611037847009
v 0.59258 0.15096 -1.11077 0.24535685941974664 0.28040783933685326 0.15772940962697996
v 0.45211 0.37193 -1.02148 0.24535685941974664 0.28040783933685326 0.15772940962697996
v 0.56129 0.15096 -1.14196 0.24535685941974664 0.28040783933685326 0.15772940962697996
v 0.59258 0.15096 -1.11077 0.24535685941974664 0.28040783933685326 0.15772940962697996
v 0.47245 0.37193 -1.0012 0.24535685941974664 0.28040783933685326 0.15772940962697996
v 0.45211 0.37193 -1.02148 0.24535685941974664 0.28040783933685326 0.15772940962697996
v 0.47245 0.37193 -1.0012 0.2934666114508373 0.33539041308667117 0.18865710736125252
v 0.30317 0.56132 -0.85171 0.2934666114508373 0.33539041308667117 0.18865710736125252
v 0.45211 0.37193 -1.02148 0.2934666114508373 0.33539041308667117 0.18865710736125252
v 0.57066 -0.07 -0.7462 0.28027991220040815 0.32031989965760926 0.18017994355740521
v 0.60849 0.02089 -0.7666 0.28027991220040815 0.32031989965760926 0.18017994355740521
v 0.59514 -0.07 -0.74497 0.28027991220040815 0.32031989965760926 0.18017994355740521
v 0.57066 -0.07 -0.7462 0.28027991220040815 0.32031989965760926 0.18017994355740521
v 0.55953 0.02089 -0.76905 0.28027991220040815 0.32031989965760926 0.18017994355740521
v 0.60849 0.02089 -0.7666 0.28027991220040815 0.32031989965760926 0.18017994355740521
v 0.55953 0.02089 -0.76905 0.31705421913341153 0.3623476790096132 0.20382056944290738
v 0.60325 0.11177 -0.83375 0.31705421913341153 0.3623476790096132 0.20382056944290738
v 0.60849 0.02089 -0.7666 0.31705421913341153 0.3623476790096132 0.20382056944290738
v 0.55953 0.02089 -0.76905 0.31705421913341153 0.3623476790096132 0.20382056944290738
v 0.57143 0.11177 -0.83534 0.31705421913341153 0.3623476790096132 0.20382056944290738
v 0.60325 0.11177 -0.83375 0.31705421913341153 0.3623476790096132 0.20382056944290738
v 0.57143 0.11177 -0.83534 0.274442833323544 0.3136489523697646 0.17642753570799258
v 0.59197 0.18968 -0.92713 0.274442833323544 0.3136489523697646 0.17642753570799258
v 0.60325 0.11177 -0.83375 0.274442833323544 0.3136489523697646 0.17642753570799258
v 0.17209 -0.07 -1.65812 0.3122086011940544 0.35680982993606214 0.20070552933903496
v 0.18211 0.12037 -1.60572 0.3122086011940544 0.35680982993606214 0.20070552933903496
v 0.15884 -0.07 -1.64705 0.3122086011940544 0.35680982993606214 0.20070552933903496
v 0.17209 -0.07 -1.65812 0.3122086011940544 0.35680982993606214 0.20070552933903496
v 0.20861 0.12037 -1.62784 0.3122086011940544 0.35680982993606214 0.20070552933903496
v 0.18211 0.12037 -1.60572 0.3122086011940544 0.35680982993606214 0.20070552933903496
v 0.20861 0.12037 -1.62784 0.2492079524527503 0.2848090885174289 0.16020511229105375
v 0.27642 0.31073 -1.50219 0.2492079524527503 0.2848090885174289 0.16020511229105375
v 0.18211 0.12037 -1.60572 0.2492079524527503 0.2848090885174289 0.16020511229105375
v 0.20861 0.12037 -1.62784 0.2492079524527503 0.2848090885174289 0.16020511229105375
v 0.29364 0.31073 -1.51657 0.2492079524527503 0.2848090885174289 0.16020511229105375
v 0.27642 0.31073 -1.50219 0.2492079524527503 0.2848090885174289 0.16020511229105375
v 0.29364 0.31073 -1.51657 0.29274306852421245 0.33456350688481423 0.18819197262270798
v 0.40948 0.4739 -1.36033 0.29274306852421245 0.33456350688481423 0.18819197262270798
v 0.27642 0.31073 -1.50219 0.29274306852421245 0.33456350688481423 0.18819197262270798
v -0.98751 -0.07 1.35714 0.3000186895179322 0.3428785023062082 0.1928691575472421
v -1.03306 0.12007 1.31561 0.3000186895179322 0.3428785023062082 0.1928691575472421
v -0.98684 -0.07 1.33022 0.3000186895179322 0.3428785023062082 0.1928691575472421
v -0.98751 -0.07 1.35714 0.3000186895179322 0.3428785023062082 0.1928691575472421
v -1.0344 0.12007 1.36944 0.3000186895179322 0.3428785023062082 0.1928691575472421
v -1.03306 0.12007 1.31561 0.3000186895179322 0.3428785023062082 0.1928691575472421
v -1.0344 0.12007 1.36944 0.2676970650226381 0.30593950288301497 0.1720909703716959
v -1.17295 0.31013 1.32156 0.2676970650226381 0.30593950288301497 0.1720909703716959
v -1.03306 0.12007 1.31561 0.2676970650226381 0.30593950288301497 0.1720909703716959
v -1.0344 0.12007 1.36944 0.2676970650226381 0.30593950288301497 0.1720909703716959
v -1.17382 0.31013 1.35656 0.2676970650226381 0.30593950288301497 0.1720909703716959
v -1.17295 0.31013 1.32156 0.2676970650226381 0.30593950288301497 0.1720909703716959
v -1.17382 0.31013 1.35656 0.28071685254846507 0.32081926005538863 0.1804608337811561
v -1.3672 0.47305 1.33425 0.28071685254846507 0.32081926005538863 0.1804608337811561
v -1.17295 0.31013 1.32156 0.28071685254846507 0.32081926005538863 0.1804608337811561
v -1.1462 -0.07 -0.18649 0.2780526577867269 0.31777446604197357 0.17874813714861013
v -1.1272 0.12583 -0.25203 0.2780526577867269 0.31777446604197357 0.17874813714861013
v -1.11795 -0.07 -0.20225 0.2780526577867269 0.31777446604197357 0.17874813714861013
v -1.1462 -0.07 -0.18649 0.2780526577867269 0.31777446604197357 0.17874813714861013
v -1.1837 0.12583 -0.22051 0.2780526577867269 0.31777446604197357 0.17874813714861013
v -1.1272 0.12583 -0.25203 0.2780526577867269 0.31777446604197357 0.17874813714861013
v -1.1837 0.12583 -0.22051 0.2866532841391289 0.3276037533018616 0.18427711123229712
v -1.20723 0.32167 -0.37221 0.2866532841391289 0.3276037533018616 0.18427711123229712
v -1.1272 0.12583 -0.25203 0.2866532841391289 0.3276037533018616 0.18427711123229712
v -1.1837 0.12583 -0.22051 0.2866532841391289 0.3276037533018616 0.18427711123229712
v -1.24395 0.32167 -0.35172 0.2866532841391289 0.3276037533018616 0.18427711123229712
v -1.20723 0.32167 -0.37221 0.2866532841391289 0.3276037533018616 0.18427711123229712
v -1.24395 0.32167 -0.35172 0.32116672973633437 0.36704769112723923 0.20646432625907207
v -1.32292 0.48953 -0.5364 0.32116672973633437 0.36704769112723923 0.20646432625907207
v -1.20723 0.32167 -0.37221 0.32116672973633437 0.36704769112723923 0.20646432625907207
v -1.57989 -0.07 -0.27649 0.31688865395407256 0.36215846166179716 0.2037141346847609
v -1.62896 0.15555 -0.22675 0.31688865395407256 0.36215846166179716 0.2037141346847609
v -1.6082 -0.07 -0.2799 0.31688865395407256 0.36215846166179716 0.2037141346847609
v -1.57989 -0.07 -0.27649 0.31688865395407256 0.36215846166179716 0.2037141346847609
v -1.57235 0.15555 -0.21993 0.31688865395407256 0.36215846166179716 0.2037141346847609
v -1.62896 0.15555 -0.22675 0.31688865395407256 0.36215846166179716 0.2037141346847609
v -1.57235 0.15555 -0.21993 0.29748636384197735 0.33998441581940264 0.19124123389841396
v -1.63887 0.3811 -0.06096 0.29748636384197735 0.33998441581940264 0.19124123389841396
v -1.62896 0.15555 -0.22675 0.29748636384197735 0.33998441581940264 0.19124123389841396
v -1.57235 0.15555 -0.21993 0.29748636384197735 0.33998441581940264 0.19124123389841396
v -1.60208 0.3811 -0.05653 0.29748636384197735 0.33998441581940264 0.19124123389841396
v -1.63887 0.3811 -0.06096 0.29748636384197735 0.33998441581940264 0.19124123389841396
v -1.60208 0.3811 -0.05653 0.3007190703612264 0.3436789375556873 0.1933194023750741
v -1.64799 0.57442 0.16966 0.3007190703612264 0.3436789375556873 0.1933194023750741
v -1.63887 0.3811 -0.06096 0.3007190703612264 0.3436789375556873 0.1933194023750741
v -0.4073 -0.07 1.55942 0.21981112065858804 0.2512127093241006 0.1413071489948066
v -0.46371 0.17217 1.52201 0.21981112065858804 0.2512127093241006 0.1413071489948066
v -0.40549 -0.07 1.53778 0.21981112065858804 0.2512127093241006 0.1413071489948066
v -0.4073 -0.07 1.55942 0.21981112065858804 0.2512127093241006 0.1413071489948066
v -0.46733 0.17217 1.56527 0.21981112065858804 0.2512127093241006 0.1413071489948066
v -0.46371 0.17217 1.52201 0.21981112065858804 0.2512127093241006 0.1413071489948066
v -0.46733 0.17217 1.56527 0.292838591834732 0.3346726763825508 0.18825338046518483
v -0.64172 0.41435 1.51471 0.292838591834732 0.3346726763825508 0.18825338046518483
v -0.46371 0.17217 1.52201 0.292838591834732 0.3346726763825508 0.18825338046518483
v -0.46733 0.17217 1.56527 0.292838591834732 0.3346726763825508 0.18825338046518483
v -0.64407 0.41435 1.54283 0.292838591834732 0.3346726763825508 0.18825338046518483
v -0.64172 0.41435 1.51471 0.292838591834732 0.3346726763825508 0.18825338046518483
v -0.64407 0.41435 1.54283 0.2111070385646638 0.24126518693104435 0.13571166764871243
v -0.88905 0.62193 1.50813 0.2111070385646638 0.24126518693104435 0.13571166764871243
v -0.64172 0.41435 1.51471 0.2111070385646638 0.24126518693104435 0.13571166764871243
v 0.11186 -0.07 0.81141 0.3058258615344136 0.3495152703250441 0.1966023395578373
v 0.15112 0.15682 0.75893 0.3058258615344136 0.3495152703250441 0.1966023395578373
v 0.13495 -0.07 0.81334 0.3058258615344136 0.3495152703250441 0.1966023395578373
v 0.11186 -0.07 0.81141 0.3058258615344136 0.3495152703250441 0.1966023395578373
v 0.10495 0.15682 0.75507 0.3058258615344136 0.3495152703250441 0.1966023395578373
v 0.15112 0.15682 0.75893 0.3058258615344136 0.3495152703250441 0.1966023395578373
v 0.10495 0.15682 0.75507 0.2815309900104237 0.32174970286905563 0.18098420786384378
v 0.15692 0.38363 0.59212 0.2815309900104237 0.32174970286905563 0.18098420786384378
v 0.15112 0.15682 0.75893 0.2815309900104237 0.32174970286905563 0.18098420786384378
v 0.10495 0.15682 0.75507 0.2815309900104237 0.32174970286905563 0.18098420786384378
v 0.12691 0.38363 0.58961 0.2815309900104237 0.32174970286905563 0.18098420786384378
v 0.15692 0.38363 0.59212 0.2815309900104237 0.32174970286905563 0.18098420786384378
v 0.12691 0.38363 0.58961 0.21200537414572948 0.24229185616654797 0.13628916909368322
v 0.16118 0.57805 0.36032 0.21200537414572948 0.24229185616654797 0.13628916909368322
v 0.15692 0.38363 0.59212 0.21200537414572948 0.24229185616654797 0.13628916909368322
v -1.8061 -0.07 -0.73061 0.21380026358290619 0.2443431583804642 0.1374430265890111
v -1.77402 0.15514 -0.78228 0.21380026358290619 0.2443431583804642 0.1374430265890111
v -1.78914 -0.07 -0.72855 0.21380026358290619 0.2443431583804642 0.1374430265890111
v -1.8061 -0.07 -0.73061 0.21380026358290619 0.2443431583804642 0.1374430265890111
v -1.80794 0.15514 -0.7864 0.21380026358290619 0.2443431583804642 0.1374430265890111
v -1.77402 0.15514 -0.78228 0.21380026358290619 0.2443431583804642 0.1374430265890111
v -1.80794 0.15514 -0.7864 0.2659107555437172 0.30389800633567676 0.17094262856381817
v -1.76002 0.38028 -0.94727 0.2659107555437172 0.30389800633567676 0.17094262856381817
v -1.77402 0.15514 -0.78228 0.2659107555437172 0.30389800633567676 0.17094262856381817
v -1.80794 0.15514 -0.7864 0.2659107555437172 0.30389800633567676 0.17094262856381817
v -1.78207 0.38028 -0.94995 0.2659107555437172 0.30389800633567676 0.17094262856381817
v -1.76002 0.38028 -0.94727 0.2659107555437172 0.30389800633567676 0.17094262856381817
v -1.78207 0.38028 -0.94995 0.2227775234241089 0.2546028839132673 0.14321412220121285
v -1.74338 0.57325 -1.17658 0.2227775234241089 0.2546028839132673 0.14321412220121285
v -1.76002 0.38028 -0.94727 0.2227775234241089 0.2546028839132673 0.14321412220121285
v 0.10385 -0.07 -0.11828 0.2954541751365602 0.33766191444178306 0.18993482687350297
v 0.1655 0.13065 -0.14228 0.2954541751365602 0.33766191444178306 0.18993482687350297
v 0.1302 -0.07 -0.10501 0.2954541751365602 0.33766191444178306 0.18993482687350297
v 0.10385 -0.07 -0.11828 0.2954541751365602 0.33766191444178306 0.18993482687350297
v 0.11279 0.13065 -0.16882 0.2954541751365602 0.33766191444178306 0.18993482687350297
v 0.1655 0.13065 -0.14228 0.2954541751365602 0.33766191444178306 0.18993482687350297
v 0.11279 0.13065 -0.16882 0.30894938576295267 0.3530850123005173 0.19861031941904098
v 0.22262 0.3313 -0.27863 0.30894938576295267 0.3530850123005173 0.19861031941904098
v 0.1655 0.13065 -0.14228 0.30894938576295267 0.3530850123005173 0.19861031941904098
v 0.11279 0.13065 -0.16882 0.30894938576295267 0.3530850123005173 0.19861031941904098
v 0.18836 0.3313 -0.29589 0.30894938576295267 0.3530850123005173 0.19861031941904098
v 0.22262 0.3313 -0.27863 0.30894938576295267 0.3530850123005173 0.19861031941904098
v 0.18836 0.3313 -0.29589 0.2784484272657183 0.31822677401796373 0.1790025603851046
v 0.29756 0.50329 -0.47005 0.2784484272657183 0.31822677401796373 0.1790025603851046
v 0.22262 0.3313 -0.27863 0.2784484272657183 0.31822677401796373 0.1790025603851046
f 1 2 3
f 4 5 6
f 7 8 9
f 10 11 12
f 13 14 15
f 16 17 18
f 19 20 21
f 22 23 24
f 25 26 27
f 28 29 30
f 31 32 33
f 34 35 36
f 37 38 39
f 40 41 42
f 43 44 45
f 46 47 48
f 49 50 51
f 52 53 54
f 55 56 57
f 58 59 60
f 61 62 63
f 64 65 66
f 67 68 69
f 70 71 72
f 73 74 75
f 76 77 78
f 79 80 81
f 82 83 84
f 85 86 87
f 88 89 90
f 91 92 93
f 94 95 96
f 97 98 99
f 100 101 102
f 103 104 105
f 106 107 108
f 109 110 111
f 112 113 114
f 115 116 117
f 118 119 120
f 121 122 123
f 124 125 126
f 127 128 129
f 130 131 132
f 133 134 135
f 136 137 138
f 139 140 141
f 142 143 144
f 145 146 147
f 148 149 150
f 151 152 153
f 154 155 156
f 157 158 159
f 160 161 162
f 163 164 165
f 166 167 168
f 169 170 171
f 172 173 174
f 175 176 177
f 178 179 180
f 181 182 183
f 184 185 186
f 187 188 189
f 190 191 192
f 193 194 195
f 196 197 198
f 199 200 201
f 202 203 204
f 205 206 207
f 208 209 210
f 211 212 213
f 214 215 216
f 217 218 219
f 220 221 222
f 223 224 225
f 226 227 228
f 229 230 231
f 232 233 234
f 235 236 237
f 238 239 240
f 241 242 243
f 244 245 246
f 247 248 249
f 250 251 252
f 253 254 255
f 256 257 258
f 259 260 261
f 262 263 264
f 265 266 267
f 268 269 270
f 271 272 273
f 274 275 276
f 277 278 279
f 280 281 282
f 283 284 285
f 286 287 288
f 289 290 291
f 292 293 294
f 295 296 297
f 298 299 300
f 301 302 303
f 304 305 306
f 307 308 309
f 310 311 312
f 313 314 315
f 316 317 318
f 319 320 321
f 322 323 324
f 325 326 327
f 328 329 330
f 331 332 333
f 334 335 336
f 337 338 339
f 340 341 342
f 343 344 345
f 346 347 348
f 349 350 351
f 352 353 354
f 355 356 357
f 358 359 360
f 361 362 363
f 364 365 366
f 367 368 369
f 370 371 372
f 373 374 375
f 376 377 378
f 379 380 381
f 382 383 384
f 385 386 387
f 388 389 390
f 391 392 393
f 394 395 396
f 397 398 399
f 400 401 402
f 403 404 405
f 406 407 408
f 409 410 411
f 412 413 414
f 415 416 417
f 418 419 420
f 421 422 423
f 424 425 426
f 427 428 429
f 430 431 432
f 433 434 435
f 436 437 438
f 439 440 441
f 442 443 444
f 445 446 447
f 448 449 450
f 451 452 453
f 454 455 456
f 457 458 459
f 460 461 462
f 463 464 465
f 466 467 468
f 469 470 471
f 472 473 474
f 475 476 477
f 478 479 480
f 481 482 483
f 484 485 486
f 487 488 489
f 490 491 492
f 493 494 495
f 496 497 498
f 499 500 501
f 502 503 504
f 505 506 507
f 508 509 510
f 511 512 513
f 514 515 516
f 517 518 519
f 520 521 522
f 523 524 525
f 526 527 528
f 529 530 531
f 532 533 534
f 535 536 537
f 538 539 540
f 541 542 543
f 544 545 546
f 547 548 549
f 550 551 552
f 553 554 555
f 556 557 558
f 559 560 561
f 562 563 564
f 565 566 567
f 568 569 570
f 571 572 573
f 574 575 576
f 577 578 579
f 580 581 582
f 583 584 585
f 586 587 588
f 589 590 591
f 592 593 594
f 595 596 597
f 598 599 600
f 601 602 603
f 604 605 606
f 607 608 609
f 610 611 612
f 613 614 615
f 616 617 618
f 619 620 621
f 622 623 624
f 625 626 627
f 628 629 630
f 631 632 633
f 634 635 636
f 637 638 639
f 640 641 642
f 643 644 645
f 646 647 648
f 649 650 651
f 652 653 654
f 655 656 657
f 658 659 660
f 661 662 663
f 664 665 666
f 667 668 669
f 670 671 672
f 673 674 675
f 676 677 678
f 679 680 681
f 682 683 684
f 685 686 687
f 688 689 690
f 691 692 693
f 694 695 696
f 697 698 699
f 700 701 702
f 703 704 705
f 706 707 708
f 709 710 711
f 712 713 714
f 715 716 717
f 718 719 720
f 721 722 723
f 724 725 726
f 727 728 729
f 730 731 732
f 733 734 735
f 736 737 738
f 739 740 741
f 742 743 744
f 745 746 747
f 748 749 750
f 751 752 753
f 754 755 756
f 757 758 759
f 760 761 762
f 763 764 765
f 766 767 768
f 769 770 771
f 772 773 774
f 775 776 777
f 778 779 780
f 781 782 783
f 784 785 786
f 787 788 789
f 790 791 792
f 793 794 795
f 796 797 798
f 799 800 801
f 802 803 804
f 805 806 807
f 808 809 810
f 811 812 813
f 814 815 816
f 817 818 819
f 820 821 822
f 823 824 825
f 826 827 828
f 829 830 831
f 832 833 834
f 835 836 837
f 838 839 840
f 841 842 843
f 844 845 846
f 847 848 849
f 850 851 852
f 853 854 855
f 856 857 858
f 859 860 861
f 862 863 864
f 865 866 867
f 868 869 870
f 871 872 873
f 874 875 876
f 877 878 879
f 880 881 882
f 883 884 885
f 886 887 888
f 889 890 891
f 892 893 894
f 895 896 897
f 898 899 900
f 901 902 903
f 904 905 906
f 907 908 909
f 910 911 912
f 913 914 915
f 916 917 918
f 919 920 921
f 922 923 924
f 925 926 927
f 928 929 930
f 931 932 933
f 934 935 936
f 937 938 939
f 940 941 942
f 943 944 945
f 946 947 948
f 949 950 951
f 952 953 954
f 955 956 957
f 958 959 960
f 961 962 963
f 964 965 966
f 967 968 969
f 970 971 972
f 973 974 975
f 976 977 978
f 979 980 981
f 982 983 984
f 985 986 987
f 988 989 990
f 991 992 993
f 994 995 996
f 997 998 999
f 1000 1001 1002
f 1003 1004 1005
f 1006 1007 1008
f 1009 1010 1011
f 1012 1013 1014
f 1015 1016 1017
f 1018 1019 1020
f 1021 1022 1023
f 1024 1025 1026
f 1027 1028 1029
f 1030 1031 1032
f 1033 1034 1035
f 1036 1037 1038
f 1039 1040 1041
f 1042 1043 1044
f 1045 1046 1047
f 1048 1049 1050
f 1051 1052 1053
f 1054 1055 1056
f 1057 1058 1059
f 1060 1061 1062
f 1063 1064 1065
f 1066 1067 1068
f 1069 1070 1071
f 1072 1073 1074
f 1075 1076 1077
f 1078 1079 1080
f 1081 1082 1083
f 1084 1085 1086
f 1087 1088 1089
f 1090 1091 1092
f 1093 1094 1095
f 1096 1097 1098
f 1099 1100 1101
f 1102 1103 1104
f 1105 1106 1107
f 1108 1109 1110
f 1111 1112 1113
f 1114 1115 1116
f 1117 1118 1119
f 1120 1121 1122
f 1123 1124 1125
f 1126 1127 1128
f 1129 1130 1131
f 1132 1133 1134
f 1135 1136 1137
f 1138 1139 1140
f 1141 1142 1143
f 1144 1145 1146
f 1147 1148 1149
f 1150 1151 1152
f 1153 1154 1155
f 1156 1157 1158
f 1159 1160 1161
f 1162 1163 1164
f 1165 1166 1167
f 1168 1169 1170
f 1171 1172 1173
f 1174 1175 1176
f 1177 1178 1179
f 1180 1181 1182
f 1183 1184 1185
f 1186 1187 1188
f 1189 1190 1191
f 1192 1193 1194
f 1195 1196 1197
f 1198 1199 1200
f 1201 1202 1203
f 1204 1205 1206
f 1207 1208 1209
f 1210 1211 1212
f 1213 1214 1215
f 1216 1217 1218
f 1219 1220 1221
f 1222 1223 1224
f 1225 1226 1227
f 1228 1229 1230
f 1231 1232 1233
f 1234 1235 1236
f 1237 1238 1239
f 1240 1241 1242
f 1243 1244 1245
f 1246 1247 1248
f 1249 1250 1251
f 1252 1253 1254
f 1255 1256 1257
f 1258 1259 1260
f 1261 1262 1263
f 1264 1265 1266
f 1267 1268 1269
f 1270 1271 1272
f 1273 1274 1275
f 1276 1277 1278
f 1279 1280 1281
f 1282 1283 1284
f 1285 1286 1287
f 1288 1289 1290
f 1291 1292 1293
f 1294 1295 1296
f 1297 1298 1299
f 1300 1301 1302
f 1303 1304 1305
f 1306 1307 1308
f 1309 1310 1311
f 1312 1313 1314
f 1315 1316 1317
f 1318 1319 1320
f 1321 1322 1323
f 1324 1325 1326
f 1327 1328 1329
f 1330 1331 1332
f 1333 1334 1335
f 1336 1337 1338
f 1339 1340 1341
f 1342 1343 1344
f 1345 1346 1347
f 1348 1349 1350
f 1351 1352 1353
f 1354 1355 1356
f 1357 1358 1359
f 1360 1361 1362
f 1363 1364 1365
f 1366 1367 1368
f 1369 1370 1371
f 1372 1373 1374
f 1375 1376 1377
f 1378 1379 1380
f 1381 1382 1383
f 1384 1385 1386
f 1387 1388 1389
f 1390 1391 1392
f 1393 1394 1395
f 1396 1397 1398
f 1399 1400 1401
f 1402 1403 1404
f 1405 1406 1407
f 1408 1409 1410
f 1411 1412 1413
f 1414 1415 1416
f 1417 1418 1419
f 1420 1421 1422
f 1423 1424 1425
f 1426 1427 1428
f 1429 1430 1431
f 1432 1433 1434
f 1435 1436 1437
f 1438 1439 1440
f 1441 1442 1443
f 1444 1445 1446
f 1447 1448 1449
f 1450 1451 1452
f 1453 1454 1455
f 1456 1457 1458
f 1459 1460 1461
f 1462 1463 1464
f 1465 1466 1467
f 1468 1469 1470
f 1471 1472 1473
f 1474 1475 1476
f 1477 1478 1479
f 1480 1481 1482
f 1483 1484 1485
f 1486 1487 1488
f 1489 1490 1491
f 1492 1493 1494
f 1495 1496 1497
f 1498 1499 1500
