# R3 authored topology; reference 02-basalt-basin.png;04-mountains-canyon-cliffs.png;08-ocean-islands.png
v -0.74332 -0.18247 0.0 0.19573333108783375 0.19128484629038298 0.21797575507508757
v -0.45187 -0.25955 1.81738 0.19573333108783375 0.19128484629038298 0.21797575507508757
v -0.5697 -0.15728 0.0 0.19573333108783375 0.19128484629038298 0.21797575507508757
v -0.74332 -0.18247 0.0 0.19573333108783375 0.19128484629038298 0.21797575507508757
v -0.63374 -0.26546 1.69016 0.19573333108783375 0.19128484629038298 0.21797575507508757
v -0.45187 -0.25955 1.81738 0.19573333108783375 0.19128484629038298 0.21797575507508757
v -0.63374 -0.26546 1.69016 0.18709234771209116 0.18284024890045272 0.20835284177028335
v -1.01621 -0.24258 2.11515 0.18709234771209116 0.18284024890045272 0.20835284177028335
v -0.45187 -0.25955 1.81738 0.18709234771209116 0.18284024890045272 0.20835284177028335
v -0.63374 -0.26546 1.69016 0.18709234771209116 0.18284024890045272 0.20835284177028335
v -1.15857 -0.25015 1.96709 0.18709234771209116 0.18284024890045272 0.20835284177028335
v -1.01621 -0.24258 2.11515 0.18709234771209116 0.18284024890045272 0.20835284177028335
v -1.15857 -0.25015 1.96709 0.18506779984774216 0.1808617134875662 0.20609823164862193
v -1.40209 -0.24535 2.5481 0.18506779984774216 0.1808617134875662 0.20609823164862193
v -1.01621 -0.24258 2.11515 0.18506779984774216 0.1808617134875662 0.20609823164862193
v -1.15857 -0.25015 1.96709 0.18506779984774216 0.1808617134875662 0.20609823164862193
v -1.51744 -0.25352 2.36973 0.18506779984774216 0.1808617134875662 0.20609823164862193
v -1.40209 -0.24535 2.5481 0.18506779984774216 0.1808617134875662 0.20609823164862193
v -1.51744 -0.25352 2.36973 0.19088775106251196 0.18654939308381852 0.21257954095597925
v -3.05 -0.24881 2.43499 0.19088775106251196 0.18654939308381852 0.21257954095597925
v -1.40209 -0.24535 2.5481 0.19088775106251196 0.18654939308381852 0.21257954095597925
v -1.51744 -0.25352 2.36973 0.19088775106251196 0.18654939308381852 0.21257954095597925
v -3.05 -0.28029 2.26454 0.19088775106251196 0.18654939308381852 0.21257954095597925
v -3.05 -0.24881 2.43499 0.19088775106251196 0.18654939308381852 0.21257954095597925
v -3.05 -0.28029 2.26454 0.20102189704566745 0.1964532175673568 0.22386529443722056
v -4.73079 -0.44356 2.59894 0.20102189704566745 0.1964532175673568 0.22386529443722056
v -3.05 -0.24881 2.43499 0.20102189704566745 0.1964532175673568 0.22386529443722056
v -3.05 -0.28029 2.26454 0.20102189704566745 0.1964532175673568 0.22386529443722056
v -4.61314 -0.4645 2.41702 0.20102189704566745 0.1964532175673568 0.22386529443722056
v -4.73079 -0.44356 2.59894 0.20102189704566745 0.1964532175673568 0.22386529443722056
v -4.61314 -0.4645 2.41702 0.20932300083083383 0.20456565990286033 0.2331097054707013
v -5.25462 -0.49184 2.29281 0.20932300083083383 0.20456565990286033 0.2331097054707013
v -4.73079 -0.44356 2.59894 0.20932300083083383 0.20456565990286033 0.2331097054707013
v -4.61314 -0.4645 2.41702 0.20932300083083383 0.20456565990286033 0.2331097054707013
v -5.1003 -0.51123 2.13231 0.20932300083083383 0.20456565990286033 0.2331097054707013
v -5.25462 -0.49184 2.29281 0.20932300083083383 0.20456565990286033 0.2331097054707013
v -5.1003 -0.51123 2.13231 0.2107557242519035 0.2059658214279966 0.234705238371438
v -5.45983 -0.48347 1.68567 0.2107557242519035 0.2059658214279966 0.234705238371438
v -5.25462 -0.49184 2.29281 0.2107557242519035 0.2059658214279966 0.234705238371438
v -5.1003 -0.51123 2.13231 0.2107557242519035 0.2059658214279966 0.234705238371438
v -5.29115 -0.50759 1.56767 0.2107557242519035 0.2059658214279966 0.234705238371438
v -5.45983 -0.48347 1.68567 0.2107557242519035 0.2059658214279966 0.234705238371438
v -5.29115 -0.50759 1.56767 0.20445099650693327 0.1998043829499575 0.22768406429181204
v -5.5697 -0.38389 0.0 0.20445099650693327 0.1998043829499575 0.22768406429181204
v -5.45983 -0.48347 1.68567 0.20445099650693327 0.1998043829499575 0.22768406429181204
v -5.29115 -0.50759 1.56767 0.20445099650693327 0.1998043829499575 0.22768406429181204
v -5.39332 -0.41989 0.0 0.20445099650693327 0.1998043829499575 0.22768406429181204
v -5.5697 -0.38389 0.0 0.20445099650693327 0.1998043829499575 0.22768406429181204
v -5.39332 -0.41989 0.0 0.19423318084480742 0.18981879037106178 0.21630513321353553
v -5.27686 -0.32264 -1.55768 0.19423318084480742 0.18981879037106178 0.21630513321353553
v -5.5697 -0.38389 0.0 0.19423318084480742 0.18981879037106178 0.21630513321353553
v -5.39332 -0.41989 0.0 0.19423318084480742 0.18981879037106178 0.21630513321353553
v -5.12098 -0.35489 -1.44864 0.19423318084480742 0.18981879037106178 0.21630513321353553
v -5.27686 -0.32264 -1.55768 0.19423318084480742 0.18981879037106178 0.21630513321353553
v -5.12098 -0.35489 -1.44864 0.18630026713642667 0.18206617015605334 0.20747075203829335
v -5.29418 -0.3137 -2.33395 0.18630026713642667 0.18206617015605334 0.20747075203829335
v -5.27686 -0.32264 -1.55768 0.18630026713642667 0.18206617015605334 0.20747075203829335
v -5.12098 -0.35489 -1.44864 0.18630026713642667 0.18206617015605334 0.20747075203829335
v -5.13709 -0.33481 -2.17057 0.18630026713642667 0.18206617015605334 0.20747075203829335
v -5.29418 -0.3137 -2.33395 0.18630026713642667 0.18206617015605334 0.20747075203829335
v -5.13709 -0.33481 -2.17057 0.18546425438795042 0.18124915769731517 0.20653973784112659
v -4.64734 -0.30293 -2.4699 0.18546425438795042 0.18124915769731517 0.20653973784112659
v -5.29418 -0.3137 -2.33395 0.18546425438795042 0.18124915769731517 0.20653973784112659
v -5.13709 -0.33481 -2.17057 0.18546425438795042 0.18124915769731517 0.20653973784112659
v -4.53552 -0.33746 -2.29701 0.18546425438795042 0.18124915769731517 0.20653973784112659
v -4.64734 -0.30293 -2.4699 0.18546425438795042 0.18124915769731517 0.20653973784112659
v -4.53552 -0.33746 -2.29701 0.19223225671440483 0.18786334178907743 0.21407683134104172
v -3.05 -0.3685 -2.76501 0.19223225671440483 0.18786334178907743 0.21407683134104172
v -4.64734 -0.30293 -2.4699 0.19223225671440483 0.18786334178907743 0.21407683134104172
v -4.53552 -0.33746 -2.29701 0.19223225671440483 0.18786334178907743 0.21407683134104172
v -3.05 -0.40393 -2.57146 0.19223225671440483 0.18786334178907743 0.21407683134104172
v -3.05 -0.3685 -2.76501 0.19223225671440483 0.18786334178907743 0.21407683134104172
v -3.05 -0.40393 -2.57146 0.20249889472231708 0.1978966471149917 0.22551013275894402
v -1.48555 -0.32604 -2.41905 0.20249889472231708 0.1978966471149917 0.22551013275894402
v -3.05 -0.3685 -2.76501 0.20249889472231708 0.1978966471149917 0.22551013275894402
v -3.05 -0.40393 -2.57146 0.20249889472231708 0.1978966471149917 0.22551013275894402
v -1.59506 -0.35521 -2.24972 0.20249889472231708 0.1978966471149917 0.22551013275894402
v -1.48555 -0.32604 -2.41905 0.20249889472231708 0.1978966471149917 0.22551013275894402
v -1.59506 -0.35521 -2.24972 0.21003656356096503 0.2052630052982158 0.23390435487471103
v -0.97665 -0.24574 -2.15629 0.21003656356096503 0.2052630052982158 0.23390435487471103
v -1.48555 -0.32604 -2.41905 0.21003656356096503 0.2052630052982158 0.23390435487471103
v -1.59506 -0.35521 -2.24972 0.21003656356096503 0.2052630052982158 0.23390435487471103
v -1.12178 -0.28088 -2.00535 0.21003656356096503 0.2052630052982158 0.23390435487471103
v -0.97665 -0.24574 -2.15629 0.21003656356096503 0.2052630052982158 0.23390435487471103
v -1.12178 -0.28088 -2.00535 0.21027301445849864 0.2054940823117146 0.23416767519241893
v -0.63484 -0.1773 -1.68939 0.21027301445849864 0.2054940823117146 0.23416767519241893
v -0.97665 -0.24574 -2.15629 0.21027301445849864 0.2054940823117146 0.23416767519241893
v -1.12178 -0.28088 -2.00535 0.21027301445849864 0.2054940823117146 0.23416767519241893
v -0.8039 -0.21537 -1.57113 0.21027301445849864 0.2054940823117146 0.23416767519241893
v -0.63484 -0.1773 -1.68939 0.21027301445849864 0.2054940823117146 0.23416767519241893
v -0.8039 -0.21537 -1.57113 0.20306481947333657 0.19844970993985167 0.2261403671407612
v -0.5697 -0.15728 0.0 0.20306481947333657 0.19844970993985167 0.2261403671407612
v -0.63484 -0.1773 -1.68939 0.20306481947333657 0.19844970993985167 0.2261403671407612
v -0.8039 -0.21537 -1.57113 0.20306481947333657 0.19844970993985167 0.2261403671407612
v -0.74332 -0.18247 0.0 0.20306481947333657 0.19844970993985167 0.2261403671407612
v -0.5697 -0.15728 0.0 0.20306481947333657 0.19844970993985167 0.2261403671407612
v -0.5697 -0.15728 0.0 0.19573333108783375 0.19128484629038298 0.21797575507508757
v -0.45187 0.02605 1.81738 0.19573333108783375 0.19128484629038298 0.21797575507508757
v -0.5697 0.12832 0.0 0.19573333108783375 0.19128484629038298 0.21797575507508757
v -0.5697 -0.15728 0.0 0.19573333108783375 0.19128484629038298 0.21797575507508757
v -0.45187 -0.25955 1.81738 0.19573333108783375 0.19128484629038298 0.21797575507508757
v -0.45187 0.02605 1.81738 0.19573333108783375 0.19128484629038298 0.21797575507508757
v -0.45187 -0.25955 1.81738 0.18709234771209116 0.18284024890045272 0.20835284177028335
v -1.01621 0.04302 2.11515 0.18709234771209116 0.18284024890045272 0.20835284177028335
v -0.45187 0.02605 1.81738 0.18709234771209116 0.18284024890045272 0.20835284177028335
v -0.45187 -0.25955 1.81738 0.18709234771209116 0.18284024890045272 0.20835284177028335
v -1.01621 -0.24258 2.11515 0.18709234771209116 0.18284024890045272 0.20835284177028335
v -1.01621 0.04302 2.11515 0.18709234771209116 0.18284024890045272 0.20835284177028335
v -1.01621 -0.24258 2.11515 0.18506779984774216 0.1808617134875662 0.20609823164862193
v -1.40209 0.04025 2.5481 0.18506779984774216 0.1808617134875662 0.20609823164862193
v -1.01621 0.04302 2.11515 0.18506779984774216 0.1808617134875662 0.20609823164862193
v -1.01621 -0.24258 2.11515 0.18506779984774216 0.1808617134875662 0.20609823164862193
v -1.40209 -0.24535 2.5481 0.18506779984774216 0.1808617134875662 0.20609823164862193
v -1.40209 0.04025 2.5481 0.18506779984774216 0.1808617134875662 0.20609823164862193
v -1.40209 -0.24535 2.5481 0.19088775106251196 0.18654939308381852 0.21257954095597925
v -3.05 0.03679 2.43499 0.19088775106251196 0.18654939308381852 0.21257954095597925
v -1.40209 0.04025 2.5481 0.19088775106251196 0.18654939308381852 0.21257954095597925
v -1.40209 -0.24535 2.5481 0.19088775106251196 0.18654939308381852 0.21257954095597925
v -3.05 -0.24881 2.43499 0.19088775106251196 0.18654939308381852 0.21257954095597925
v -3.05 0.03679 2.43499 0.19088775106251196 0.18654939308381852 0.21257954095597925
v -3.05 -0.24881 2.43499 0.20102189704566745 0.1964532175673568 0.22386529443722056
v -4.73079 -0.15796 2.59894 0.20102189704566745 0.1964532175673568 0.22386529443722056
v -3.05 0.03679 2.43499 0.20102189704566745 0.1964532175673568 0.22386529443722056
v -3.05 -0.24881 2.43499 0.20102189704566745 0.1964532175673568 0.22386529443722056
v -4.73079 -0.44356 2.59894 0.20102189704566745 0.1964532175673568 0.22386529443722056
v -4.73079 -0.15796 2.59894 0.20102189704566745 0.1964532175673568 0.22386529443722056
v -4.73079 -0.44356 2.59894 0.20932300083083383 0.20456565990286033 0.2331097054707013
v -5.25462 -0.20624 2.29281 0.20932300083083383 0.20456565990286033 0.2331097054707013
v -4.73079 -0.15796 2.59894 0.20932300083083383 0.20456565990286033 0.2331097054707013
v -4.73079 -0.44356 2.59894 0.20932300083083383 0.20456565990286033 0.2331097054707013
v -5.25462 -0.49184 2.29281 0.20932300083083383 0.20456565990286033 0.2331097054707013
v -5.25462 -0.20624 2.29281 0.20932300083083383 0.20456565990286033 0.2331097054707013
v -5.25462 -0.49184 2.29281 0.2107557242519035 0.2059658214279966 0.234705238371438
v -5.45983 -0.19787 1.68567 0.2107557242519035 0.2059658214279966 0.234705238371438
v -5.25462 -0.20624 2.29281 0.2107557242519035 0.2059658214279966 0.234705238371438
v -5.25462 -0.49184 2.29281 0.2107557242519035 0.2059658214279966 0.234705238371438
v -5.45983 -0.48347 1.68567 0.2107557242519035 0.2059658214279966 0.234705238371438
v -5.45983 -0.19787 1.68567 0.2107557242519035 0.2059658214279966 0.234705238371438
v -5.45983 -0.48347 1.68567 0.20445099650693327 0.1998043829499575 0.22768406429181204
v -5.5697 -0.09829 0.0 0.20445099650693327 0.1998043829499575 0.22768406429181204
v -5.45983 -0.19787 1.68567 0.20445099650693327 0.1998043829499575 0.22768406429181204
v -5.45983 -0.48347 1.68567 0.20445099650693327 0.1998043829499575 0.22768406429181204
v -5.5697 -0.38389 0.0 0.20445099650693327 0.1998043829499575 0.22768406429181204
v -5.5697 -0.09829 0.0 0.20445099650693327 0.1998043829499575 0.22768406429181204
v -5.5697 -0.38389 0.0 0.19423318084480742 0.18981879037106178 0.21630513321353553
v -5.27686 -0.03704 -1.55768 0.19423318084480742 0.18981879037106178 0.21630513321353553
v -5.5697 -0.09829 0.0 0.19423318084480742 0.18981879037106178 0.21630513321353553
v -5.5697 -0.38389 0.0 0.19423318084480742 0.18981879037106178 0.21630513321353553
v -5.27686 -0.32264 -1.55768 0.19423318084480742 0.18981879037106178 0.21630513321353553
v -5.27686 -0.03704 -1.55768 0.19423318084480742 0.18981879037106178 0.21630513321353553
v -5.27686 -0.32264 -1.55768 0.18630026713642667 0.18206617015605334 0.20747075203829335
v -5.29418 -0.0281 -2.33395 0.18630026713642667 0.18206617015605334 0.20747075203829335
v -5.27686 -0.03704 -1.55768 0.18630026713642667 0.18206617015605334 0.20747075203829335
v -5.27686 -0.32264 -1.55768 0.18630026713642667 0.18206617015605334 0.20747075203829335
v -5.29418 -0.3137 -2.33395 0.18630026713642667 0.18206617015605334 0.20747075203829335
v -5.29418 -0.0281 -2.33395 0.18630026713642667 0.18206617015605334 0.20747075203829335
v -5.29418 -0.3137 -2.33395 0.18546425438795042 0.18124915769731517 0.20653973784112659
v -4.64734 -0.01733 -2.4699 0.18546425438795042 0.18124915769731517 0.20653973784112659
v -5.29418 -0.0281 -2.33395 0.18546425438795042 0.18124915769731517 0.20653973784112659
v -5.29418 -0.3137 -2.33395 0.18546425438795042 0.18124915769731517 0.20653973784112659
v -4.64734 -0.30293 -2.4699 0.18546425438795042 0.18124915769731517 0.20653973784112659
v -4.64734 -0.01733 -2.4699 0.18546425438795042 0.18124915769731517 0.20653973784112659
v -4.64734 -0.30293 -2.4699 0.19223225671440483 0.18786334178907743 0.21407683134104172
v -3.05 -0.0829 -2.76501 0.19223225671440483 0.18786334178907743 0.21407683134104172
v -4.64734 -0.01733 -2.4699 0.19223225671440483 0.18786334178907743 0.21407683134104172
v -4.64734 -0.30293 -2.4699 0.19223225671440483 0.18786334178907743 0.21407683134104172
v -3.05 -0.3685 -2.76501 0.19223225671440483 0.18786334178907743 0.21407683134104172
v -3.05 -0.0829 -2.76501 0.19223225671440483 0.18786334178907743 0.21407683134104172
v -3.05 -0.3685 -2.76501 0.20249889472231708 0.1978966471149917 0.22551013275894402
v -1.48555 -0.04044 -2.41905 0.20249889472231708 0.1978966471149917 0.22551013275894402
v -3.05 -0.0829 -2.76501 0.20249889472231708 0.1978966471149917 0.22551013275894402
v -3.05 -0.3685 -2.76501 0.20249889472231708 0.1978966471149917 0.22551013275894402
v -1.48555 -0.32604 -2.41905 0.20249889472231708 0.1978966471149917 0.22551013275894402
v -1.48555 -0.04044 -2.41905 0.20249889472231708 0.1978966471149917 0.22551013275894402
v -1.48555 -0.32604 -2.41905 0.21003656356096503 0.2052630052982158 0.23390435487471103
v -0.97665 0.03986 -2.15629 0.21003656356096503 0.2052630052982158 0.23390435487471103
v -1.48555 -0.04044 -2.41905 0.21003656356096503 0.2052630052982158 0.23390435487471103
v -1.48555 -0.32604 -2.41905 0.21003656356096503 0.2052630052982158 0.23390435487471103
v -0.97665 -0.24574 -2.15629 0.21003656356096503 0.2052630052982158 0.23390435487471103
v -0.97665 0.03986 -2.15629 0.21003656356096503 0.2052630052982158 0.23390435487471103
v -0.97665 -0.24574 -2.15629 0.21027301445849864 0.2054940823117146 0.23416767519241893
v -0.63484 0.1083 -1.68939 0.21027301445849864 0.2054940823117146 0.23416767519241893
v -0.97665 0.03986 -2.15629 0.21027301445849864 0.2054940823117146 0.23416767519241893
v -0.97665 -0.24574 -2.15629 0.21027301445849864 0.2054940823117146 0.23416767519241893
v -0.63484 -0.1773 -1.68939 0.21027301445849864 0.2054940823117146 0.23416767519241893
v -0.63484 0.1083 -1.68939 0.21027301445849864 0.2054940823117146 0.23416767519241893
v -0.63484 -0.1773 -1.68939 0.20306481947333657 0.19844970993985167 0.2261403671407612
v -0.5697 0.12832 0.0 0.20306481947333657 0.19844970993985167 0.2261403671407612
v -0.63484 0.1083 -1.68939 0.20306481947333657 0.19844970993985167 0.2261403671407612
v -0.63484 -0.1773 -1.68939 0.20306481947333657 0.19844970993985167 0.2261403671407612
v -0.5697 -0.15728 0.0 0.20306481947333657 0.19844970993985167 0.2261403671407612
v -0.5697 0.12832 0.0 0.20306481947333657 0.19844970993985167 0.2261403671407612
v -0.5697 0.12832 0.0 0.21553333108783373 0.21063484629038295 0.24002575507508755
v -0.63374 0.15454 1.69016 0.21553333108783373 0.21063484629038295 0.24002575507508755
v -0.74332 0.23753 0.0 0.21553333108783373 0.21063484629038295 0.24002575507508755
v -0.5697 0.12832 0.0 0.21553333108783373 0.21063484629038295 0.24002575507508755
v -0.45187 0.02605 1.81738 0.21553333108783373 0.21063484629038295 0.24002575507508755
v -0.63374 0.15454 1.69016 0.21553333108783373 0.21063484629038295 0.24002575507508755
v -0.45187 0.02605 1.81738 0.20689234771209117 0.20219024890045273 0.23040284177028333
v -1.15857 0.16985 1.96709 0.20689234771209117 0.20219024890045273 0.23040284177028333
v -0.63374 0.15454 1.69016 0.20689234771209117 0.20219024890045273 0.23040284177028333
v -0.45187 0.02605 1.81738 0.20689234771209117 0.20219024890045273 0.23040284177028333
v -1.01621 0.04302 2.11515 0.20689234771209117 0.20219024890045273 0.23040284177028333
v -1.15857 0.16985 1.96709 0.20689234771209117 0.20219024890045273 0.23040284177028333
v -1.01621 0.04302 2.11515 0.20486779984774214 0.2002117134875662 0.22814823164862194
v -1.51744 0.16648 2.36973 0.20486779984774214 0.2002117134875662 0.22814823164862194
v -1.15857 0.16985 1.96709 0.20486779984774214 0.2002117134875662 0.22814823164862194
v -1.01621 0.04302 2.11515 0.20486779984774214 0.2002117134875662 0.22814823164862194
v -1.40209 0.04025 2.5481 0.20486779984774214 0.2002117134875662 0.22814823164862194
v -1.51744 0.16648 2.36973 0.20486779984774214 0.2002117134875662 0.22814823164862194
v -1.40209 0.04025 2.5481 0.21068775106251197 0.20589939308381852 0.23462954095597924
v -3.05 0.13971 2.26454 0.21068775106251197 0.20589939308381852 0.23462954095597924
v -1.51744 0.16648 2.36973 0.21068775106251197 0.20589939308381852 0.23462954095597924
v -1.40209 0.04025 2.5481 0.21068775106251197 0.20589939308381852 0.23462954095597924
v -3.05 0.03679 2.43499 0.21068775106251197 0.20589939308381852 0.23462954095597924
v -3.05 0.13971 2.26454 0.21068775106251197 0.20589939308381852 0.23462954095597924
v -3.05 0.03679 2.43499 0.22082189704566743 0.21580321756735682 0.24591529443722054
v -4.61314 -0.0445 2.41702 0.22082189704566743 0.21580321756735682 0.24591529443722054
v -3.05 0.13971 2.26454 0.22082189704566743 0.21580321756735682 0.24591529443722054
v -3.05 0.03679 2.43499 0.22082189704566743 0.21580321756735682 0.24591529443722054
v -4.73079 -0.15796 2.59894 0.22082189704566743 0.21580321756735682 0.24591529443722054
v -4.61314 -0.0445 2.41702 0.22082189704566743 0.21580321756735682 0.24591529443722054
v -4.73079 -0.15796 2.59894 0.22912300083083384 0.22391565990286033 0.2551597054707013
v -5.1003 -0.09123 2.13231 0.22912300083083384 0.22391565990286033 0.2551597054707013
v -4.61314 -0.0445 2.41702 0.22912300083083384 0.22391565990286033 0.2551597054707013
v -4.73079 -0.15796 2.59894 0.22912300083083384 0.22391565990286033 0.2551597054707013
v -5.25462 -0.20624 2.29281 0.22912300083083384 0.22391565990286033 0.2551597054707013
v -5.1003 -0.09123 2.13231 0.22912300083083384 0.22391565990286033 0.2551597054707013
v -5.25462 -0.20624 2.29281 0.23055572425190352 0.2253158214279966 0.256755238371438
v -5.29115 -0.08759 1.56767 0.23055572425190352 0.2253158214279966 0.256755238371438
v -5.1003 -0.09123 2.13231 0.23055572425190352 0.2253158214279966 0.256755238371438
v -5.25462 -0.20624 2.29281 0.23055572425190352 0.2253158214279966 0.256755238371438
v -5.45983 -0.19787 1.68567 0.23055572425190352 0.2253158214279966 0.256755238371438
v -5.29115 -0.08759 1.56767 0.23055572425190352 0.2253158214279966 0.256755238371438
v -5.45983 -0.19787 1.68567 0.22425099650693328 0.21915438294995754 0.24973406429181205
v -5.39332 0.00011 0.0 0.22425099650693328 0.21915438294995754 0.24973406429181205
v -5.29115 -0.08759 1.56767 0.22425099650693328 0.21915438294995754 0.24973406429181205
v -5.45983 -0.19787 1.68567 0.22425099650693328 0.21915438294995754 0.24973406429181205
v -5.5697 -0.09829 0.0 0.22425099650693328 0.21915438294995754 0.24973406429181205
v -5.39332 0.00011 0.0 0.22425099650693328 0.21915438294995754 0.24973406429181205
v -5.5697 -0.09829 0.0 0.2140331808448074 0.20916879037106179 0.23835513321353552
v -5.12098 0.06511 -1.44864 0.2140331808448074 0.20916879037106179 0.23835513321353552
v -5.39332 0.00011 0.0 0.2140331808448074 0.20916879037106179 0.23835513321353552
v -5.5697 -0.09829 0.0 0.2140331808448074 0.20916879037106179 0.23835513321353552
v -5.27686 -0.03704 -1.55768 0.2140331808448074 0.20916879037106179 0.23835513321353552
v -5.12098 0.06511 -1.44864 0.2140331808448074 0.20916879037106179 0.23835513321353552
v -5.27686 -0.03704 -1.55768 0.20610026713642668 0.20141617015605334 0.22952075203829334
v -5.13709 0.08519 -2.17057 0.20610026713642668 0.20141617015605334 0.22952075203829334
v -5.12098 0.06511 -1.44864 0.20610026713642668 0.20141617015605334 0.22952075203829334
v -5.27686 -0.03704 -1.55768 0.20610026713642668 0.20141617015605334 0.22952075203829334
v -5.29418 -0.0281 -2.33395 0.20610026713642668 0.20141617015605334 0.22952075203829334
v -5.13709 0.08519 -2.17057 0.20610026713642668 0.20141617015605334 0.22952075203829334
v -5.29418 -0.0281 -2.33395 0.2052642543879504 0.20059915769731518 0.22858973784112657
v -4.53552 0.08254 -2.29701 0.2052642543879504 0.20059915769731518 0.22858973784112657
v -5.13709 0.08519 -2.17057 0.2052642543879504 0.20059915769731518 0.22858973784112657
v -5.29418 -0.0281 -2.33395 0.2052642543879504 0.20059915769731518 0.22858973784112657
v -4.64734 -0.01733 -2.4699 0.2052642543879504 0.20059915769731518 0.22858973784112657
v -4.53552 0.08254 -2.29701 0.2052642543879504 0.20059915769731518 0.22858973784112657
v -4.64734 -0.01733 -2.4699 0.21203225671440482 0.20721334178907744 0.23612683134104173
v -3.05 0.01607 -2.57146 0.21203225671440482 0.20721334178907744 0.23612683134104173
v -4.53552 0.08254 -2.29701 0.21203225671440482 0.20721334178907744 0.23612683134104173
v -4.64734 -0.01733 -2.4699 0.21203225671440482 0.20721334178907744 0.23612683134104173
v -3.05 -0.0829 -2.76501 0.21203225671440482 0.20721334178907744 0.23612683134104173
v -3.05 0.01607 -2.57146 0.21203225671440482 0.20721334178907744 0.23612683134104173
v -3.05 -0.0829 -2.76501 0.2222988947223171 0.2172466471149917 0.24756013275894403
v -1.59506 0.06479 -2.24972 0.2222988947223171 0.2172466471149917 0.24756013275894403
v -3.05 0.01607 -2.57146 0.2222988947223171 0.2172466471149917 0.24756013275894403
v -3.05 -0.0829 -2.76501 0.2222988947223171 0.2172466471149917 0.24756013275894403
v -1.48555 -0.04044 -2.41905 0.2222988947223171 0.2172466471149917 0.24756013275894403
v -1.59506 0.06479 -2.24972 0.2222988947223171 0.2172466471149917 0.24756013275894403
v -1.48555 -0.04044 -2.41905 0.22983656356096502 0.22461300529821582 0.255954354874711
v -1.12178 0.13912 -2.00535 0.22983656356096502 0.22461300529821582 0.255954354874711
v -1.59506 0.06479 -2.24972 0.22983656356096502 0.22461300529821582 0.255954354874711
v -1.48555 -0.04044 -2.41905 0.22983656356096502 0.22461300529821582 0.255954354874711
v -0.97665 0.03986 -2.15629 0.22983656356096502 0.22461300529821582 0.255954354874711
v -1.12178 0.13912 -2.00535 0.22983656356096502 0.22461300529821582 0.255954354874711
v -0.97665 0.03986 -2.15629 0.23007301445849865 0.22484408231171457 0.25621767519241895
v -0.8039 0.20463 -1.57113 0.23007301445849865 0.22484408231171457 0.25621767519241895
v -1.12178 0.13912 -2.00535 0.23007301445849865 0.22484408231171457 0.25621767519241895
v -0.97665 0.03986 -2.15629 0.23007301445849865 0.22484408231171457 0.25621767519241895
v -0.63484 0.1083 -1.68939 0.23007301445849865 0.22484408231171457 0.25621767519241895
v -0.8039 0.20463 -1.57113 0.23007301445849865 0.22484408231171457 0.25621767519241895
v -0.63484 0.1083 -1.68939 0.2228648194733366 0.21779970993985168 0.2481903671407612
v -0.74332 0.23753 0.0 0.2228648194733366 0.21779970993985168 0.2481903671407612
v -0.8039 0.20463 -1.57113 0.2228648194733366 0.21779970993985168 0.2481903671407612
v -0.63484 0.1083 -1.68939 0.2228648194733366 0.21779970993985168 0.2481903671407612
v -0.5697 0.12832 0.0 0.2228648194733366 0.21779970993985168 0.2481903671407612
v -0.74332 0.23753 0.0 0.2228648194733366 0.21779970993985168 0.2481903671407612
v -3.05 0.07 0 0.28 0.27 0.295
v -0.63374 0.15454 1.69016 0.28 0.27 0.295
v -0.74332 0.23753 0.0 0.28 0.27 0.295
v -3.05 -0.35 0 0.16 0.15 0.18
v -0.74332 -0.18247 0.0 0.16 0.15 0.18
v -0.63374 -0.26546 1.69016 0.16 0.15 0.18
v -3.05 0.07 0 0.28 0.27 0.295
v -1.15857 0.16985 1.96709 0.28 0.27 0.295
v -0.63374 0.15454 1.69016 0.28 0.27 0.295
v -3.05 -0.35 0 0.16 0.15 0.18
v -0.63374 -0.26546 1.69016 0.16 0.15 0.18
v -1.15857 -0.25015 1.96709 0.16 0.15 0.18
v -3.05 0.07 0 0.28 0.27 0.295
v -1.51744 0.16648 2.36973 0.28 0.27 0.295
v -1.15857 0.16985 1.96709 0.28 0.27 0.295
v -3.05 -0.35 0 0.16 0.15 0.18
v -1.15857 -0.25015 1.96709 0.16 0.15 0.18
v -1.51744 -0.25352 2.36973 0.16 0.15 0.18
v -3.05 0.07 0 0.28 0.27 0.295
v -3.05 0.13971 2.26454 0.28 0.27 0.295
v -1.51744 0.16648 2.36973 0.28 0.27 0.295
v -3.05 -0.35 0 0.16 0.15 0.18
v -1.51744 -0.25352 2.36973 0.16 0.15 0.18
v -3.05 -0.28029 2.26454 0.16 0.15 0.18
v -3.05 0.07 0 0.28 0.27 0.295
v -4.61314 -0.0445 2.41702 0.28 0.27 0.295
v -3.05 0.13971 2.26454 0.28 0.27 0.295
v -3.05 -0.35 0 0.16 0.15 0.18
v -3.05 -0.28029 2.26454 0.16 0.15 0.18
v -4.61314 -0.4645 2.41702 0.16 0.15 0.18
v -3.05 0.07 0 0.28 0.27 0.295
v -5.1003 -0.09123 2.13231 0.28 0.27 0.295
v -4.61314 -0.0445 2.41702 0.28 0.27 0.295
v -3.05 -0.35 0 0.16 0.15 0.18
v -4.61314 -0.4645 2.41702 0.16 0.15 0.18
v -5.1003 -0.51123 2.13231 0.16 0.15 0.18
v -3.05 0.07 0 0.28 0.27 0.295
v -5.29115 -0.08759 1.56767 0.28 0.27 0.295
v -5.1003 -0.09123 2.13231 0.28 0.27 0.295
v -3.05 -0.35 0 0.16 0.15 0.18
v -5.1003 -0.51123 2.13231 0.16 0.15 0.18
v -5.29115 -0.50759 1.56767 0.16 0.15 0.18
v -3.05 0.07 0 0.28 0.27 0.295
v -5.39332 0.00011 0.0 0.28 0.27 0.295
v -5.29115 -0.08759 1.56767 0.28 0.27 0.295
v -3.05 -0.35 0 0.16 0.15 0.18
v -5.29115 -0.50759 1.56767 0.16 0.15 0.18
v -5.39332 -0.41989 0.0 0.16 0.15 0.18
v -3.05 0.07 0 0.28 0.27 0.295
v -5.12098 0.06511 -1.44864 0.28 0.27 0.295
v -5.39332 0.00011 0.0 0.28 0.27 0.295
v -3.05 -0.35 0 0.16 0.15 0.18
v -5.39332 -0.41989 0.0 0.16 0.15 0.18
v -5.12098 -0.35489 -1.44864 0.16 0.15 0.18
v -3.05 0.07 0 0.28 0.27 0.295
v -5.13709 0.08519 -2.17057 0.28 0.27 0.295
v -5.12098 0.06511 -1.44864 0.28 0.27 0.295
v -3.05 -0.35 0 0.16 0.15 0.18
v -5.12098 -0.35489 -1.44864 0.16 0.15 0.18
v -5.13709 -0.33481 -2.17057 0.16 0.15 0.18
v -3.05 0.07 0 0.28 0.27 0.295
v -4.53552 0.08254 -2.29701 0.28 0.27 0.295
v -5.13709 0.08519 -2.17057 0.28 0.27 0.295
v -3.05 -0.35 0 0.16 0.15 0.18
v -5.13709 -0.33481 -2.17057 0.16 0.15 0.18
v -4.53552 -0.33746 -2.29701 0.16 0.15 0.18
v -3.05 0.07 0 0.28 0.27 0.295
v -3.05 0.01607 -2.57146 0.28 0.27 0.295
v -4.53552 0.08254 -2.29701 0.28 0.27 0.295
v -3.05 -0.35 0 0.16 0.15 0.18
v -4.53552 -0.33746 -2.29701 0.16 0.15 0.18
v -3.05 -0.40393 -2.57146 0.16 0.15 0.18
v -3.05 0.07 0 0.28 0.27 0.295
v -1.59506 0.06479 -2.24972 0.28 0.27 0.295
v -3.05 0.01607 -2.57146 0.28 0.27 0.295
v -3.05 -0.35 0 0.16 0.15 0.18
v -3.05 -0.40393 -2.57146 0.16 0.15 0.18
v -1.59506 -0.35521 -2.24972 0.16 0.15 0.18
v -3.05 0.07 0 0.28 0.27 0.295
v -1.12178 0.13912 -2.00535 0.28 0.27 0.295
v -1.59506 0.06479 -2.24972 0.28 0.27 0.295
v -3.05 -0.35 0 0.16 0.15 0.18
v -1.59506 -0.35521 -2.24972 0.16 0.15 0.18
v -1.12178 -0.28088 -2.00535 0.16 0.15 0.18
v -3.05 0.07 0 0.28 0.27 0.295
v -0.8039 0.20463 -1.57113 0.28 0.27 0.295
v -1.12178 0.13912 -2.00535 0.28 0.27 0.295
v -3.05 -0.35 0 0.16 0.15 0.18
v -1.12178 -0.28088 -2.00535 0.16 0.15 0.18
v -0.8039 -0.21537 -1.57113 0.16 0.15 0.18
v -3.05 0.07 0 0.28 0.27 0.295
v -0.74332 0.23753 0.0 0.28 0.27 0.295
v -0.8039 0.20463 -1.57113 0.28 0.27 0.295
v -3.05 -0.35 0 0.16 0.15 0.18
v -0.8039 -0.21537 -1.57113 0.16 0.15 0.18
v -0.74332 -0.18247 0.0 0.16 0.15 0.18
v -0.60502 0.23471 0.0 0.18711882642938024 0.1828661258287125 0.2083823294327189
v -0.58247 0.16645 1.64583 0.18711882642938024 0.1828661258287125 0.2083823294327189
v -0.42777 0.2488 0.0 0.18711882642938024 0.1828661258287125 0.2083823294327189
v -0.60502 0.23471 0.0 0.18711882642938024 0.1828661258287125 0.2083823294327189
v -0.7489 0.152 1.53063 0.18711882642938024 0.1828661258287125 0.2083823294327189
v -0.58247 0.16645 1.64583 0.18711882642938024 0.1828661258287125 0.2083823294327189
v -0.7489 0.152 1.53063 0.19577954341870224 0.19133000834100447 0.21802721880719114
v -0.98948 0.16305 2.02811 0.19577954341870224 0.19133000834100447 0.21802721880719114
v -0.58247 0.16645 1.64583 0.19577954341870224 0.19133000834100447 0.21802721880719114
v -0.7489 0.152 1.53063 0.19577954341870224 0.19133000834100447 0.21802721880719114
v -1.12742 0.15135 1.88614 0.19577954341870224 0.19133000834100447 0.21802721880719114
v -0.98948 0.16305 2.02811 0.19577954341870224 0.19133000834100447 0.21802721880719114
v -1.12742 0.15135 1.88614 0.20578715957461133 0.20111017867518832 0.22917206407172624
v -1.38649 0.16128 2.40784 0.20578715957461133 0.20111017867518832 0.22917206407172624
v -0.98948 0.16305 2.02811 0.20578715957461133 0.20111017867518832 0.22917206407172624
v -1.12742 0.15135 1.88614 0.20578715957461133 0.20111017867518832 0.22917206407172624
v -1.49664 0.1515 2.23929 0.20578715957461133 0.20111017867518832 0.22917206407172624
v -1.38649 0.16128 2.40784 0.20578715957461133 0.20111017867518832 0.22917206407172624
v -1.49664 0.1515 2.23929 0.21107118922607526 0.20627411674366444 0.23505655163812925
v -2.96 0.23882 2.35545 0.21107118922607526 0.20627411674366444 0.23505655163812925
v -1.38649 0.16128 2.40784 0.21107118922607526 0.20627411674366444 0.23505655163812925
v -1.49664 0.1515 2.23929 0.21107118922607526 0.20627411674366444 0.23505655163812925
v -2.96 0.21689 2.19056 0.21107118922607526 0.20627411674366444 0.23505655163812925
v -2.96 0.23882 2.35545 0.21107118922607526 0.20627411674366444 0.23505655163812925
v -2.96 0.21689 2.19056 0.20842641089129463 0.20368944700740155 0.23211123031075992
v -4.65199 0.11843 2.58914 0.20842641089129463 0.20368944700740155 0.23211123031075992
v -2.96 0.23882 2.35545 0.20842641089129463 0.20368944700740155 0.23211123031075992
v -2.96 0.21689 2.19056 0.20842641089129463 0.20368944700740155 0.23211123031075992
v -4.53355 0.09767 2.4079 0.20842641089129463 0.20368944700740155 0.23211123031075992
v -4.65199 0.11843 2.58914 0.20842641089129463 0.20368944700740155 0.23211123031075992
v -4.53355 0.09767 2.4079 0.1994571116186754 0.1949239954455237 0.22212269248443398
v -4.98889 0.0435 2.08818 0.1994571116186754 0.1949239954455237 0.22212269248443398
v -4.65199 0.11843 2.58914 0.1994571116186754 0.1949239954455237 0.22212269248443398
v -4.53355 0.09767 2.4079 0.1994571116186754 0.1949239954455237 0.22212269248443398
v -4.84686 0.02765 1.942 0.1994571116186754 0.1949239954455237 0.22212269248443398
v -4.98889 0.0435 2.08818 0.1994571116186754 0.1949239954455237 0.22212269248443398
v -4.84686 0.02765 1.942 0.18960394799070313 0.18529476735455078 0.21114985117146484
v -5.33924 -0.01071 1.64702 0.18960394799070313 0.18529476735455078 0.21114985117146484
v -4.98889 0.0435 2.08818 0.18960394799070313 0.18529476735455078 0.21114985117146484
v -4.84686 0.02765 1.942 0.18960394799070313 0.18529476735455078 0.21114985117146484
v -5.1727 -0.02599 1.53173 0.18960394799070313 0.18529476735455078 0.21114985117146484
v -5.33924 -0.01071 1.64702 0.18960394799070313 0.18529476735455078 0.21114985117146484
v -5.1727 -0.02599 1.53173 0.18484371684751477 0.18064272328279854 0.205848684671096
v -5.25277 0.00333 0.0 0.18484371684751477 0.18064272328279854 0.205848684671096
v -5.33924 -0.01071 1.64702 0.18484371684751477 0.18064272328279854 0.205848684671096
v -5.1727 -0.02599 1.53173 0.18484371684751477 0.18064272328279854 0.205848684671096
v -5.09227 -0.02471 0.0 0.18484371684751477 0.18064272328279854 0.205848684671096
v -5.25277 0.00333 0.0 0.18484371684751477 0.18064272328279854 0.205848684671096
v -5.09227 -0.02471 0.0 0.18806391052448188 0.18378973073983457 0.20943480944771847
v -5.23859 0.09051 -1.57735 0.18806391052448188 0.18378973073983457 0.20943480944771847
v -5.25277 0.00333 0.0 0.18806391052448188 0.18378973073983457 0.20943480944771847
v -5.09227 -0.02471 0.0 0.18806391052448188 0.18378973073983457 0.20943480944771847
v -5.07909 0.04822 -1.46693 0.18806391052448188 0.18378973073983457 0.20943480944771847
v -5.23859 0.09051 -1.57735 0.18806391052448188 0.18378973073983457 0.20943480944771847
v -5.07909 0.04822 -1.46693 0.19731120274795072 0.19282685723095183 0.2197329303329451
v -5.11772 0.12168 -2.22078 0.19731120274795072 0.19282685723095183 0.2197329303329451
v -5.23859 0.09051 -1.57735 0.19731120274795072 0.19282685723095183 0.2197329303329451
v -5.07909 0.04822 -1.46693 0.19731120274795072 0.19282685723095183 0.2197329303329451
v -4.96668 0.07858 -2.06533 0.19731120274795072 0.19282685723095183 0.2197329303329451
v -5.11772 0.12168 -2.22078 0.19731120274795072 0.19282685723095183 0.2197329303329451
v -4.96668 0.07858 -2.06533 0.20697631014175286 0.20227230309307667 0.23049634538513386
v -4.51816 0.09532 -2.38435 0.20697631014175286 0.20227230309307667 0.23049634538513386
v -5.11772 0.12168 -2.22078 0.20697631014175286 0.20227230309307667 0.23049634538513386
v -4.96668 0.07858 -2.06533 0.20697631014175286 0.20227230309307667 0.23049634538513386
v -4.40909 0.05301 -2.21745 0.20697631014175286 0.20227230309307667 0.23049634538513386
v -4.51816 0.09532 -2.38435 0.20697631014175286 0.20227230309307667 0.23049634538513386
v -4.40909 0.05301 -2.21745 0.21119650825392977 0.206396587611795 0.2351961114646036
v -2.96 0.06529 -2.61055 0.21119650825392977 0.206396587611795 0.2351961114646036
v -4.51816 0.09532 -2.38435 0.21119650825392977 0.206396587611795 0.2351961114646036
v -4.40909 0.05301 -2.21745 0.21119650825392977 0.206396587611795 0.2351961114646036
v -2.96 0.04133 -2.42782 0.21119650825392977 0.206396587611795 0.2351961114646036
v -2.96 0.06529 -2.61055 0.21119650825392977 0.206396587611795 0.2351961114646036
v -2.96 0.04133 -2.42782 0.2074118815391834 0.20269797514056562 0.23098141353227244
v -1.52032 0.23581 -2.20304 0.2074118815391834 0.20269797514056562 0.23098141353227244
v -2.96 0.06529 -2.61055 0.2074118815391834 0.20269797514056562 0.23098141353227244
v -2.96 0.04133 -2.42782 0.2074118815391834 0.20269797514056562 0.23098141353227244
v -1.6211 0.20683 -2.04883 0.2074118815391834 0.20269797514056562 0.23098141353227244
v -1.52032 0.23581 -2.20304 0.2074118815391834 0.20269797514056562 0.23098141353227244
v -1.6211 0.20683 -2.04883 0.1979181337779297 0.19341999437388582 0.22040883079814896
v -0.86064 0.30879 -2.16071 0.1979181337779297 0.19341999437388582 0.22040883079814896
v -1.52032 0.23581 -2.20304 0.1979181337779297 0.19341999437388582 0.22040883079814896
v -1.6211 0.20683 -2.04883 0.1979181337779297 0.19341999437388582 0.22040883079814896
v -1.0076 0.27604 -2.00946 0.1979181337779297 0.19341999437388582 0.22040883079814896
v -0.86064 0.30879 -2.16071 0.1979181337779297 0.19341999437388582 0.22040883079814896
v -1.0076 0.27604 -2.00946 0.18847404496844616 0.18419054394643603 0.20989155007849686
v -0.68312 0.32412 -1.57616 0.18847404496844616 0.18419054394643603 0.20989155007849686
v -0.86064 0.30879 -2.16071 0.18847404496844616 0.18419054394643603 0.20989155007849686
v -1.0076 0.27604 -2.00946 0.18847404496844616 0.18419054394643603 0.20989155007849686
v -0.8425 0.29406 -1.46583 0.18847404496844616 0.18419054394643603 0.20989155007849686
v -0.68312 0.32412 -1.57616 0.18847404496844616 0.18419054394643603 0.20989155007849686
v -0.8425 0.29406 -1.46583 0.18480827265522434 0.18060808464033287 0.20580921272968164
v -0.42777 0.2488 0.0 0.18480827265522434 0.18060808464033287 0.20580921272968164
v -0.68312 0.32412 -1.57616 0.18480827265522434 0.18060808464033287 0.20580921272968164
v -0.8425 0.29406 -1.46583 0.18480827265522434 0.18060808464033287 0.20580921272968164
v -0.60502 0.23471 0.0 0.18480827265522434 0.18060808464033287 0.20580921272968164
v -0.42777 0.2488 0.0 0.18480827265522434 0.18060808464033287 0.20580921272968164
v -0.42777 0.2488 0.0 0.18711882642938024 0.1828661258287125 0.2083823294327189
v -0.58247 0.45205 1.64583 0.18711882642938024 0.1828661258287125 0.2083823294327189
v -0.42777 0.5344 0.0 0.18711882642938024 0.1828661258287125 0.2083823294327189
v -0.42777 0.2488 0.0 0.18711882642938024 0.1828661258287125 0.2083823294327189
v -0.58247 0.16645 1.64583 0.18711882642938024 0.1828661258287125 0.2083823294327189
v -0.58247 0.45205 1.64583 0.18711882642938024 0.1828661258287125 0.2083823294327189
v -0.58247 0.16645 1.64583 0.19577954341870224 0.19133000834100447 0.21802721880719114
v -0.98948 0.44865 2.02811 0.19577954341870224 0.19133000834100447 0.21802721880719114
v -0.58247 0.45205 1.64583 0.19577954341870224 0.19133000834100447 0.21802721880719114
v -0.58247 0.16645 1.64583 0.19577954341870224 0.19133000834100447 0.21802721880719114
v -0.98948 0.16305 2.02811 0.19577954341870224 0.19133000834100447 0.21802721880719114
v -0.98948 0.44865 2.02811 0.19577954341870224 0.19133000834100447 0.21802721880719114
v -0.98948 0.16305 2.02811 0.20578715957461133 0.20111017867518832 0.22917206407172624
v -1.38649 0.44688 2.40784 0.20578715957461133 0.20111017867518832 0.22917206407172624
v -0.98948 0.44865 2.02811 0.20578715957461133 0.20111017867518832 0.22917206407172624
v -0.98948 0.16305 2.02811 0.20578715957461133 0.20111017867518832 0.22917206407172624
v -1.38649 0.16128 2.40784 0.20578715957461133 0.20111017867518832 0.22917206407172624
v -1.38649 0.44688 2.40784 0.20578715957461133 0.20111017867518832 0.22917206407172624
v -1.38649 0.16128 2.40784 0.21107118922607526 0.20627411674366444 0.23505655163812925
v -2.96 0.52442 2.35545 0.21107118922607526 0.20627411674366444 0.23505655163812925
v -1.38649 0.44688 2.40784 0.21107118922607526 0.20627411674366444 0.23505655163812925
v -1.38649 0.16128 2.40784 0.21107118922607526 0.20627411674366444 0.23505655163812925
v -2.96 0.23882 2.35545 0.21107118922607526 0.20627411674366444 0.23505655163812925
v -2.96 0.52442 2.35545 0.21107118922607526 0.20627411674366444 0.23505655163812925
v -2.96 0.23882 2.35545 0.20842641089129463 0.20368944700740155 0.23211123031075992
v -4.65199 0.40403 2.58914 0.20842641089129463 0.20368944700740155 0.23211123031075992
v -2.96 0.52442 2.35545 0.20842641089129463 0.20368944700740155 0.23211123031075992
v -2.96 0.23882 2.35545 0.20842641089129463 0.20368944700740155 0.23211123031075992
v -4.65199 0.11843 2.58914 0.20842641089129463 0.20368944700740155 0.23211123031075992
v -4.65199 0.40403 2.58914 0.20842641089129463 0.20368944700740155 0.23211123031075992
v -4.65199 0.11843 2.58914 0.1994571116186754 0.1949239954455237 0.22212269248443398
v -4.98889 0.3291 2.08818 0.1994571116186754 0.1949239954455237 0.22212269248443398
v -4.65199 0.40403 2.58914 0.1994571116186754 0.1949239954455237 0.22212269248443398
v -4.65199 0.11843 2.58914 0.1994571116186754 0.1949239954455237 0.22212269248443398
v -4.98889 0.0435 2.08818 0.1994571116186754 0.1949239954455237 0.22212269248443398
v -4.98889 0.3291 2.08818 0.1994571116186754 0.1949239954455237 0.22212269248443398
v -4.98889 0.0435 2.08818 0.18960394799070313 0.18529476735455078 0.21114985117146484
v -5.33924 0.27489 1.64702 0.18960394799070313 0.18529476735455078 0.21114985117146484
v -4.98889 0.3291 2.08818 0.18960394799070313 0.18529476735455078 0.21114985117146484
v -4.98889 0.0435 2.08818 0.18960394799070313 0.18529476735455078 0.21114985117146484
v -5.33924 -0.01071 1.64702 0.18960394799070313 0.18529476735455078 0.21114985117146484
v -5.33924 0.27489 1.64702 0.18960394799070313 0.18529476735455078 0.21114985117146484
v -5.33924 -0.01071 1.64702 0.18484371684751477 0.18064272328279854 0.205848684671096
v -5.25277 0.28893 0.0 0.18484371684751477 0.18064272328279854 0.205848684671096
v -5.33924 0.27489 1.64702 0.18484371684751477 0.18064272328279854 0.205848684671096
v -5.33924 -0.01071 1.64702 0.18484371684751477 0.18064272328279854 0.205848684671096
v -5.25277 0.00333 0.0 0.18484371684751477 0.18064272328279854 0.205848684671096
v -5.25277 0.28893 0.0 0.18484371684751477 0.18064272328279854 0.205848684671096
v -5.25277 0.00333 0.0 0.18806391052448188 0.18378973073983457 0.20943480944771847
v -5.23859 0.37611 -1.57735 0.18806391052448188 0.18378973073983457 0.20943480944771847
v -5.25277 0.28893 0.0 0.18806391052448188 0.18378973073983457 0.20943480944771847
v -5.25277 0.00333 0.0 0.18806391052448188 0.18378973073983457 0.20943480944771847
v -5.23859 0.09051 -1.57735 0.18806391052448188 0.18378973073983457 0.20943480944771847
v -5.23859 0.37611 -1.57735 0.18806391052448188 0.18378973073983457 0.20943480944771847
v -5.23859 0.09051 -1.57735 0.19731120274795072 0.19282685723095183 0.2197329303329451
v -5.11772 0.40728 -2.22078 0.19731120274795072 0.19282685723095183 0.2197329303329451
v -5.23859 0.37611 -1.57735 0.19731120274795072 0.19282685723095183 0.2197329303329451
v -5.23859 0.09051 -1.57735 0.19731120274795072 0.19282685723095183 0.2197329303329451
v -5.11772 0.12168 -2.22078 0.19731120274795072 0.19282685723095183 0.2197329303329451
v -5.11772 0.40728 -2.22078 0.19731120274795072 0.19282685723095183 0.2197329303329451
v -5.11772 0.12168 -2.22078 0.20697631014175286 0.20227230309307667 0.23049634538513386
v -4.51816 0.38092 -2.38435 0.20697631014175286 0.20227230309307667 0.23049634538513386
v -5.11772 0.40728 -2.22078 0.20697631014175286 0.20227230309307667 0.23049634538513386
v -5.11772 0.12168 -2.22078 0.20697631014175286 0.20227230309307667 0.23049634538513386
v -4.51816 0.09532 -2.38435 0.20697631014175286 0.20227230309307667 0.23049634538513386
v -4.51816 0.38092 -2.38435 0.20697631014175286 0.20227230309307667 0.23049634538513386
v -4.51816 0.09532 -2.38435 0.21119650825392977 0.206396587611795 0.2351961114646036
v -2.96 0.35089 -2.61055 0.21119650825392977 0.206396587611795 0.2351961114646036
v -4.51816 0.38092 -2.38435 0.21119650825392977 0.206396587611795 0.2351961114646036
v -4.51816 0.09532 -2.38435 0.21119650825392977 0.206396587611795 0.2351961114646036
v -2.96 0.06529 -2.61055 0.21119650825392977 0.206396587611795 0.2351961114646036
v -2.96 0.35089 -2.61055 0.21119650825392977 0.206396587611795 0.2351961114646036
v -2.96 0.06529 -2.61055 0.2074118815391834 0.20269797514056562 0.23098141353227244
v -1.52032 0.52141 -2.20304 0.2074118815391834 0.20269797514056562 0.23098141353227244
v -2.96 0.35089 -2.61055 0.2074118815391834 0.20269797514056562 0.23098141353227244
v -2.96 0.06529 -2.61055 0.2074118815391834 0.20269797514056562 0.23098141353227244
v -1.52032 0.23581 -2.20304 0.2074118815391834 0.20269797514056562 0.23098141353227244
v -1.52032 0.52141 -2.20304 0.2074118815391834 0.20269797514056562 0.23098141353227244
v -1.52032 0.23581 -2.20304 0.1979181337779297 0.19341999437388582 0.22040883079814896
v -0.86064 0.59439 -2.16071 0.1979181337779297 0.19341999437388582 0.22040883079814896
v -1.52032 0.52141 -2.20304 0.1979181337779297 0.19341999437388582 0.22040883079814896
v -1.52032 0.23581 -2.20304 0.1979181337779297 0.19341999437388582 0.22040883079814896
v -0.86064 0.30879 -2.16071 0.1979181337779297 0.19341999437388582 0.22040883079814896
v -0.86064 0.59439 -2.16071 0.1979181337779297 0.19341999437388582 0.22040883079814896
v -0.86064 0.30879 -2.16071 0.18847404496844616 0.18419054394643603 0.20989155007849686
v -0.68312 0.60972 -1.57616 0.18847404496844616 0.18419054394643603 0.20989155007849686
v -0.86064 0.59439 -2.16071 0.18847404496844616 0.18419054394643603 0.20989155007849686
v -0.86064 0.30879 -2.16071 0.18847404496844616 0.18419054394643603 0.20989155007849686
v -0.68312 0.32412 -1.57616 0.18847404496844616 0.18419054394643603 0.20989155007849686
v -0.68312 0.60972 -1.57616 0.18847404496844616 0.18419054394643603 0.20989155007849686
v -0.68312 0.32412 -1.57616 0.18480827265522434 0.18060808464033287 0.20580921272968164
v -0.42777 0.5344 0.0 0.18480827265522434 0.18060808464033287 0.20580921272968164
v -0.68312 0.60972 -1.57616 0.18480827265522434 0.18060808464033287 0.20580921272968164
v -0.68312 0.32412 -1.57616 0.18480827265522434 0.18060808464033287 0.20580921272968164
v -0.42777 0.2488 0.0 0.18480827265522434 0.18060808464033287 0.20580921272968164
v -0.42777 0.5344 0.0 0.18480827265522434 0.18060808464033287 0.20580921272968164
v -0.42777 0.5344 0.0 0.20691882642938023 0.20221612582871248 0.23043232943271888
v -0.7489 0.572 1.53063 0.20691882642938023 0.20221612582871248 0.23043232943271888
v -0.60502 0.65471 0.0 0.20691882642938023 0.20221612582871248 0.23043232943271888
v -0.42777 0.5344 0.0 0.20691882642938023 0.20221612582871248 0.23043232943271888
v -0.58247 0.45205 1.64583 0.20691882642938023 0.20221612582871248 0.23043232943271888
v -0.7489 0.572 1.53063 0.20691882642938023 0.20221612582871248 0.23043232943271888
v -0.58247 0.45205 1.64583 0.21557954341870222 0.21068000834100445 0.24007721880719113
v -1.12742 0.57135 1.88614 0.21557954341870222 0.21068000834100445 0.24007721880719113
v -0.7489 0.572 1.53063 0.21557954341870222 0.21068000834100445 0.24007721880719113
v -0.58247 0.45205 1.64583 0.21557954341870222 0.21068000834100445 0.24007721880719113
v -0.98948 0.44865 2.02811 0.21557954341870222 0.21068000834100445 0.24007721880719113
v -1.12742 0.57135 1.88614 0.21557954341870222 0.21068000834100445 0.24007721880719113
v -0.98948 0.44865 2.02811 0.22558715957461134 0.22046017867518836 0.25122206407172626
v -1.49664 0.5715 2.23929 0.22558715957461134 0.22046017867518836 0.25122206407172626
v -1.12742 0.57135 1.88614 0.22558715957461134 0.22046017867518836 0.25122206407172626
v -0.98948 0.44865 2.02811 0.22558715957461134 0.22046017867518836 0.25122206407172626
v -1.38649 0.44688 2.40784 0.22558715957461134 0.22046017867518836 0.25122206407172626
v -1.49664 0.5715 2.23929 0.22558715957461134 0.22046017867518836 0.25122206407172626
v -1.38649 0.44688 2.40784 0.23087118922607527 0.22562411674366448 0.2571065516381293
v -2.96 0.63689 2.19056 0.23087118922607527 0.22562411674366448 0.2571065516381293
v -1.49664 0.5715 2.23929 0.23087118922607527 0.22562411674366448 0.2571065516381293
v -1.38649 0.44688 2.40784 0.23087118922607527 0.22562411674366448 0.2571065516381293
v -2.96 0.52442 2.35545 0.23087118922607527 0.22562411674366448 0.2571065516381293
v -2.96 0.63689 2.19056 0.23087118922607527 0.22562411674366448 0.2571065516381293
v -2.96 0.52442 2.35545 0.22822641089129464 0.22303944700740158 0.25416123031075993
v -4.53355 0.51767 2.4079 0.22822641089129464 0.22303944700740158 0.25416123031075993
v -2.96 0.63689 2.19056 0.22822641089129464 0.22303944700740158 0.25416123031075993
v -2.96 0.52442 2.35545 0.22822641089129464 0.22303944700740158 0.25416123031075993
v -4.65199 0.40403 2.58914 0.22822641089129464 0.22303944700740158 0.25416123031075993
v -4.53355 0.51767 2.4079 0.22822641089129464 0.22303944700740158 0.25416123031075993
v -4.65199 0.40403 2.58914 0.2192571116186754 0.2142739954455237 0.24417269248443396
v -4.84686 0.44765 1.942 0.2192571116186754 0.2142739954455237 0.24417269248443396
v -4.53355 0.51767 2.4079 0.2192571116186754 0.2142739954455237 0.24417269248443396
v -4.65199 0.40403 2.58914 0.2192571116186754 0.2142739954455237 0.24417269248443396
v -4.98889 0.3291 2.08818 0.2192571116186754 0.2142739954455237 0.24417269248443396
v -4.84686 0.44765 1.942 0.2192571116186754 0.2142739954455237 0.24417269248443396
v -4.98889 0.3291 2.08818 0.2094039479907031 0.20464476735455078 0.23319985117146483
v -5.1727 0.39401 1.53173 0.2094039479907031 0.20464476735455078 0.23319985117146483
v -4.84686 0.44765 1.942 0.2094039479907031 0.20464476735455078 0.23319985117146483
v -4.98889 0.3291 2.08818 0.2094039479907031 0.20464476735455078 0.23319985117146483
v -5.33924 0.27489 1.64702 0.2094039479907031 0.20464476735455078 0.23319985117146483
v -5.1727 0.39401 1.53173 0.2094039479907031 0.20464476735455078 0.23319985117146483
v -5.33924 0.27489 1.64702 0.20464371684751478 0.19999272328279852 0.227898684671096
v -5.09227 0.39529 0.0 0.20464371684751478 0.19999272328279852 0.227898684671096
v -5.1727 0.39401 1.53173 0.20464371684751478 0.19999272328279852 0.227898684671096
v -5.33924 0.27489 1.64702 0.20464371684751478 0.19999272328279852 0.227898684671096
v -5.25277 0.28893 0.0 0.20464371684751478 0.19999272328279852 0.227898684671096
v -5.09227 0.39529 0.0 0.20464371684751478 0.19999272328279852 0.227898684671096
v -5.25277 0.28893 0.0 0.2078639105244819 0.20313973073983457 0.23148480944771846
v -5.07909 0.46822 -1.46693 0.2078639105244819 0.20313973073983457 0.23148480944771846
v -5.09227 0.39529 0.0 0.2078639105244819 0.20313973073983457 0.23148480944771846
v -5.25277 0.28893 0.0 0.2078639105244819 0.20313973073983457 0.23148480944771846
v -5.23859 0.37611 -1.57735 0.2078639105244819 0.20313973073983457 0.23148480944771846
v -5.07909 0.46822 -1.46693 0.2078639105244819 0.20313973073983457 0.23148480944771846
v -5.23859 0.37611 -1.57735 0.2171112027479507 0.21217685723095184 0.2417829303329451
v -4.96668 0.49858 -2.06533 0.2171112027479507 0.21217685723095184 0.2417829303329451
v -5.07909 0.46822 -1.46693 0.2171112027479507 0.21217685723095184 0.2417829303329451
v -5.23859 0.37611 -1.57735 0.2171112027479507 0.21217685723095184 0.2417829303329451
v -5.11772 0.40728 -2.22078 0.2171112027479507 0.21217685723095184 0.2417829303329451
v -4.96668 0.49858 -2.06533 0.2171112027479507 0.21217685723095184 0.2417829303329451
v -5.11772 0.40728 -2.22078 0.22677631014175287 0.22162230309307665 0.2525463453851339
v -4.40909 0.47301 -2.21745 0.22677631014175287 0.22162230309307665 0.2525463453851339
v -4.96668 0.49858 -2.06533 0.22677631014175287 0.22162230309307665 0.2525463453851339
v -5.11772 0.40728 -2.22078 0.22677631014175287 0.22162230309307665 0.2525463453851339
v -4.51816 0.38092 -2.38435 0.22677631014175287 0.22162230309307665 0.2525463453851339
v -4.40909 0.47301 -2.21745 0.22677631014175287 0.22162230309307665 0.2525463453851339
v -4.51816 0.38092 -2.38435 0.23099650825392978 0.225746587611795 0.25724611146460363
v -2.96 0.46133 -2.42782 0.23099650825392978 0.225746587611795 0.25724611146460363
v -4.40909 0.47301 -2.21745 0.23099650825392978 0.225746587611795 0.25724611146460363
v -4.51816 0.38092 -2.38435 0.23099650825392978 0.225746587611795 0.25724611146460363
v -2.96 0.35089 -2.61055 0.23099650825392978 0.225746587611795 0.25724611146460363
v -2.96 0.46133 -2.42782 0.23099650825392978 0.225746587611795 0.25724611146460363
v -2.96 0.35089 -2.61055 0.2272118815391834 0.2220479751405656 0.25303141353227243
v -1.6211 0.62683 -2.04883 0.2272118815391834 0.2220479751405656 0.25303141353227243
v -2.96 0.46133 -2.42782 0.2272118815391834 0.2220479751405656 0.25303141353227243
v -2.96 0.35089 -2.61055 0.2272118815391834 0.2220479751405656 0.25303141353227243
v -1.52032 0.52141 -2.20304 0.2272118815391834 0.2220479751405656 0.25303141353227243
v -1.6211 0.62683 -2.04883 0.2272118815391834 0.2220479751405656 0.25303141353227243
v -1.52032 0.52141 -2.20304 0.21771813377792967 0.21276999437388583 0.24245883079814895
v -1.0076 0.69604 -2.00946 0.21771813377792967 0.21276999437388583 0.24245883079814895
v -1.6211 0.62683 -2.04883 0.21771813377792967 0.21276999437388583 0.24245883079814895
v -1.52032 0.52141 -2.20304 0.21771813377792967 0.21276999437388583 0.24245883079814895
v -0.86064 0.59439 -2.16071 0.21771813377792967 0.21276999437388583 0.24245883079814895
v -1.0076 0.69604 -2.00946 0.21771813377792967 0.21276999437388583 0.24245883079814895
v -0.86064 0.59439 -2.16071 0.20827404496844615 0.203540543946436 0.23194155007849684
v -0.8425 0.71406 -1.46583 0.20827404496844615 0.203540543946436 0.23194155007849684
v -1.0076 0.69604 -2.00946 0.20827404496844615 0.203540543946436 0.23194155007849684
v -0.86064 0.59439 -2.16071 0.20827404496844615 0.203540543946436 0.23194155007849684
v -0.68312 0.60972 -1.57616 0.20827404496844615 0.203540543946436 0.23194155007849684
v -0.8425 0.71406 -1.46583 0.20827404496844615 0.203540543946436 0.23194155007849684
v -0.68312 0.60972 -1.57616 0.20460827265522433 0.19995808464033288 0.22785921272968163
v -0.60502 0.65471 0.0 0.20460827265522433 0.19995808464033288 0.22785921272968163
v -0.8425 0.71406 -1.46583 0.20460827265522433 0.19995808464033288 0.22785921272968163
v -0.68312 0.60972 -1.57616 0.20460827265522433 0.19995808464033288 0.22785921272968163
v -0.42777 0.5344 0.0 0.20460827265522433 0.19995808464033288 0.22785921272968163
v -0.60502 0.65471 0.0 0.20460827265522433 0.19995808464033288 0.22785921272968163
v -2.96 0.55 0 0.28 0.27 0.295
v -0.7489 0.572 1.53063 0.28 0.27 0.295
v -0.60502 0.65471 0.0 0.28 0.27 0.295
v -2.96 0.13 0 0.16 0.15 0.18
v -0.60502 0.23471 0.0 0.16 0.15 0.18
v -0.7489 0.152 1.53063 0.16 0.15 0.18
v -2.96 0.55 0 0.28 0.27 0.295
v -1.12742 0.57135 1.88614 0.28 0.27 0.295
v -0.7489 0.572 1.53063 0.28 0.27 0.295
v -2.96 0.13 0 0.16 0.15 0.18
v -0.7489 0.152 1.53063 0.16 0.15 0.18
v -1.12742 0.15135 1.88614 0.16 0.15 0.18
v -2.96 0.55 0 0.28 0.27 0.295
v -1.49664 0.5715 2.23929 0.28 0.27 0.295
v -1.12742 0.57135 1.88614 0.28 0.27 0.295
v -2.96 0.13 0 0.16 0.15 0.18
v -1.12742 0.15135 1.88614 0.16 0.15 0.18
v -1.49664 0.1515 2.23929 0.16 0.15 0.18
v -2.96 0.55 0 0.28 0.27 0.295
v -2.96 0.63689 2.19056 0.28 0.27 0.295
v -1.49664 0.5715 2.23929 0.28 0.27 0.295
v -2.96 0.13 0 0.16 0.15 0.18
v -1.49664 0.1515 2.23929 0.16 0.15 0.18
v -2.96 0.21689 2.19056 0.16 0.15 0.18
v -2.96 0.55 0 0.28 0.27 0.295
v -4.53355 0.51767 2.4079 0.28 0.27 0.295
v -2.96 0.63689 2.19056 0.28 0.27 0.295
v -2.96 0.13 0 0.16 0.15 0.18
v -2.96 0.21689 2.19056 0.16 0.15 0.18
v -4.53355 0.09767 2.4079 0.16 0.15 0.18
v -2.96 0.55 0 0.28 0.27 0.295
v -4.84686 0.44765 1.942 0.28 0.27 0.295
v -4.53355 0.51767 2.4079 0.28 0.27 0.295
v -2.96 0.13 0 0.16 0.15 0.18
v -4.53355 0.09767 2.4079 0.16 0.15 0.18
v -4.84686 0.02765 1.942 0.16 0.15 0.18
v -2.96 0.55 0 0.28 0.27 0.295
v -5.1727 0.39401 1.53173 0.28 0.27 0.295
v -4.84686 0.44765 1.942 0.28 0.27 0.295
v -2.96 0.13 0 0.16 0.15 0.18
v -4.84686 0.02765 1.942 0.16 0.15 0.18
v -5.1727 -0.02599 1.53173 0.16 0.15 0.18
v -2.96 0.55 0 0.28 0.27 0.295
v -5.09227 0.39529 0.0 0.28 0.27 0.295
v -5.1727 0.39401 1.53173 0.28 0.27 0.295
v -2.96 0.13 0 0.16 0.15 0.18
v -5.1727 -0.02599 1.53173 0.16 0.15 0.18
v -5.09227 -0.02471 0.0 0.16 0.15 0.18
v -2.96 0.55 0 0.28 0.27 0.295
v -5.07909 0.46822 -1.46693 0.28 0.27 0.295
v -5.09227 0.39529 0.0 0.28 0.27 0.295
v -2.96 0.13 0 0.16 0.15 0.18
v -5.09227 -0.02471 0.0 0.16 0.15 0.18
v -5.07909 0.04822 -1.46693 0.16 0.15 0.18
v -2.96 0.55 0 0.28 0.27 0.295
v -4.96668 0.49858 -2.06533 0.28 0.27 0.295
v -5.07909 0.46822 -1.46693 0.28 0.27 0.295
v -2.96 0.13 0 0.16 0.15 0.18
v -5.07909 0.04822 -1.46693 0.16 0.15 0.18
v -4.96668 0.07858 -2.06533 0.16 0.15 0.18
v -2.96 0.55 0 0.28 0.27 0.295
v -4.40909 0.47301 -2.21745 0.28 0.27 0.295
v -4.96668 0.49858 -2.06533 0.28 0.27 0.295
v -2.96 0.13 0 0.16 0.15 0.18
v -4.96668 0.07858 -2.06533 0.16 0.15 0.18
v -4.40909 0.05301 -2.21745 0.16 0.15 0.18
v -2.96 0.55 0 0.28 0.27 0.295
v -2.96 0.46133 -2.42782 0.28 0.27 0.295
v -4.40909 0.47301 -2.21745 0.28 0.27 0.295
v -2.96 0.13 0 0.16 0.15 0.18
v -4.40909 0.05301 -2.21745 0.16 0.15 0.18
v -2.96 0.04133 -2.42782 0.16 0.15 0.18
v -2.96 0.55 0 0.28 0.27 0.295
v -1.6211 0.62683 -2.04883 0.28 0.27 0.295
v -2.96 0.46133 -2.42782 0.28 0.27 0.295
v -2.96 0.13 0 0.16 0.15 0.18
v -2.96 0.04133 -2.42782 0.16 0.15 0.18
v -1.6211 0.20683 -2.04883 0.16 0.15 0.18
v -2.96 0.55 0 0.28 0.27 0.295
v -1.0076 0.69604 -2.00946 0.28 0.27 0.295
v -1.6211 0.62683 -2.04883 0.28 0.27 0.295
v -2.96 0.13 0 0.16 0.15 0.18
v -1.6211 0.20683 -2.04883 0.16 0.15 0.18
v -1.0076 0.27604 -2.00946 0.16 0.15 0.18
v -2.96 0.55 0 0.28 0.27 0.295
v -0.8425 0.71406 -1.46583 0.28 0.27 0.295
v -1.0076 0.69604 -2.00946 0.28 0.27 0.295
v -2.96 0.13 0 0.16 0.15 0.18
v -1.0076 0.27604 -2.00946 0.16 0.15 0.18
v -0.8425 0.29406 -1.46583 0.16 0.15 0.18
v -2.96 0.55 0 0.28 0.27 0.295
v -0.60502 0.65471 0.0 0.28 0.27 0.295
v -0.8425 0.71406 -1.46583 0.28 0.27 0.295
v -2.96 0.13 0 0.16 0.15 0.18
v -0.8425 0.29406 -1.46583 0.16 0.15 0.18
v -0.60502 0.23471 0.0 0.16 0.15 0.18
v -0.54094 0.63209 0.0 0.20932300083083383 0.20456565990286033 0.2331097054707013
v -0.73071 0.62013 1.46424 0.20932300083083383 0.20456565990286033 0.2331097054707013
v -0.36563 0.65157 0.0 0.20932300083083383 0.20456565990286033 0.2331097054707013
v -0.54094 0.63209 0.0 0.20932300083083383 0.20456565990286033 0.2331097054707013
v -0.88046 0.59289 1.36174 0.20932300083083383 0.20456565990286033 0.2331097054707013
v -0.73071 0.62013 1.46424 0.20932300083083383 0.20456565990286033 0.2331097054707013
v -0.88046 0.59289 1.36174 0.2107557242519035 0.2059658214279966 0.234705238371438
v -0.9001 0.61528 2.00464 0.2107557242519035 0.2059658214279966 0.234705238371438
v -0.73071 0.62013 1.46424 0.2107557242519035 0.2059658214279966 0.234705238371438
v -0.88046 0.59289 1.36174 0.2107557242519035 0.2059658214279966 0.234705238371438
v -1.03799 0.58449 1.86432 0.2107557242519035 0.2059658214279966 0.234705238371438
v -0.9001 0.61528 2.00464 0.2107557242519035 0.2059658214279966 0.234705238371438
v -1.03799 0.58449 1.86432 0.20445099650693327 0.1998043829499575 0.22768406429181204
v -1.39922 0.59917 2.2253 0.20445099650693327 0.1998043829499575 0.22768406429181204
v -0.9001 0.61528 2.00464 0.20445099650693327 0.1998043829499575 0.22768406429181204
v -1.03799 0.58449 1.86432 0.20445099650693327 0.1998043829499575 0.22768406429181204
v -1.50217 0.57716 2.06953 0.20445099650693327 0.1998043829499575 0.22768406429181204
v -1.39922 0.59917 2.2253 0.20445099650693327 0.1998043829499575 0.22768406429181204
v -1.50217 0.57716 2.06953 0.19423318084480742 0.18981879037106178 0.21630513321353553
v -2.87 0.65078 2.38097 0.19423318084480742 0.18981879037106178 0.21630513321353553
v -1.39922 0.59917 2.2253 0.19423318084480742 0.18981879037106178 0.21630513321353553
v -1.50217 0.57716 2.06953 0.19423318084480742 0.18981879037106178 0.21630513321353553
v -2.87 0.6358 2.2143 0.19423318084480742 0.18981879037106178 0.21630513321353553
v -2.87 0.65078 2.38097 0.19423318084480742 0.18981879037106178 0.21630513321353553
v -2.87 0.6358 2.2143 0.18630026713642667 0.18206617015605334 0.20747075203829335
v -4.47718 0.66393 2.43167 0.18630026713642667 0.18206617015605334 0.20747075203829335
v -2.87 0.65078 2.38097 0.18630026713642667 0.18206617015605334 0.20747075203829335
v -2.87 0.6358 2.2143 0.18630026713642667 0.18206617015605334 0.20747075203829335
v -4.36468 0.6428 2.26146 0.18630026713642667 0.18206617015605334 0.20747075203829335
v -4.47718 0.66393 2.43167 0.18630026713642667 0.18206617015605334 0.20747075203829335
v -4.36468 0.6428 2.26146 0.18546425438795042 0.18124915769731517 0.20653973784112659
v -4.7858 0.61582 1.94958 0.18546425438795042 0.18124915769731517 0.20653973784112659
v -4.47718 0.66393 2.43167 0.18546425438795042 0.18124915769731517 0.20653973784112659
v -4.36468 0.6428 2.26146 0.18546425438795042 0.18124915769731517 0.20653973784112659
v -4.65169 0.59921 1.81311 0.18546425438795042 0.18124915769731517 0.20653973784112659
v -4.7858 0.61582 1.94958 0.18546425438795042 0.18124915769731517 0.20653973784112659
v -4.65169 0.59921 1.81311 0.19223225671440483 0.18786334178907743 0.21407683134104172
v -5.15935 0.54425 1.56695 0.19223225671440483 0.18786334178907743 0.21407683134104172
v -4.7858 0.61582 1.94958 0.19223225671440483 0.18786334178907743 0.21407683134104172
v -4.65169 0.59921 1.81311 0.19223225671440483 0.18786334178907743 0.21407683134104172
v -4.99909 0.53359 1.45726 0.19223225671440483 0.18786334178907743 0.21407683134104172
v -5.15935 0.54425 1.56695 0.19223225671440483 0.18786334178907743 0.21407683134104172
v -4.99909 0.53359 1.45726 0.20249889472231708 0.1978966471149917 0.22551013275894402
v -5.01563 0.48162 0.0 0.20249889472231708 0.1978966471149917 0.22551013275894402
v -5.15935 0.54425 1.56695 0.20249889472231708 0.1978966471149917 0.22551013275894402
v -4.99909 0.53359 1.45726 0.20249889472231708 0.1978966471149917 0.22551013275894402
v -4.86544 0.46999 0.0 0.20249889472231708 0.1978966471149917 0.22551013275894402
v -5.01563 0.48162 0.0 0.20249889472231708 0.1978966471149917 0.22551013275894402
v -4.86544 0.46999 0.0 0.21003656356096503 0.2052630052982158 0.23390435487471103
v -5.21796 0.49268 -1.60706 0.21003656356096503 0.2052630052982158 0.23390435487471103
v -5.01563 0.48162 0.0 0.21003656356096503 0.2052630052982158 0.23390435487471103
v -4.86544 0.46999 0.0 0.21003656356096503 0.2052630052982158 0.23390435487471103
v -5.0536 0.45812 -1.49457 0.21003656356096503 0.2052630052982158 0.23390435487471103
v -5.21796 0.49268 -1.60706 0.21003656356096503 0.2052630052982158 0.23390435487471103
v -5.0536 0.45812 -1.49457 0.21027301445849864 0.2054940823117146 0.23416767519241893
v -4.87861 0.5002 -2.04403 0.21027301445849864 0.2054940823117146 0.23416767519241893
v -5.21796 0.49268 -1.60706 0.21027301445849864 0.2054940823117146 0.23416767519241893
v -5.0536 0.45812 -1.49457 0.21027301445849864 0.2054940823117146 0.23416767519241893
v -4.73801 0.46624 -1.90095 0.21027301445849864 0.2054940823117146 0.23416767519241893
v -4.87861 0.5002 -2.04403 0.21027301445849864 0.2054940823117146 0.23416767519241893
v -4.73801 0.46624 -1.90095 0.20306481947333657 0.19844970993985167 0.2261403671407612
v -4.4173 0.50077 -2.34107 0.20306481947333657 0.19844970993985167 0.2261403671407612
v -4.87861 0.5002 -2.04403 0.20306481947333657 0.19844970993985167 0.2261403671407612
v -4.73801 0.46624 -1.90095 0.20306481947333657 0.19844970993985167 0.2261403671407612
v -4.30899 0.47211 -2.1772 0.20306481947333657 0.19844970993985167 0.2261403671407612
v -4.4173 0.50077 -2.34107 0.20306481947333657 0.19844970993985167 0.2261403671407612
v -4.30899 0.47211 -2.1772 0.1927843729589129 0.18840290993711944 0.21469168806788028
v -2.87 0.60478 -2.35103 0.1927843729589129 0.18840290993711944 0.21469168806788028
v -4.4173 0.50077 -2.34107 0.1927843729589129 0.18840290993711944 0.21469168806788028
v -4.30899 0.47211 -2.1772 0.1927843729589129 0.18840290993711944 0.21469168806788028
v -2.87 0.58951 -2.18646 0.1927843729589129 0.18840290993711944 0.21469168806788028
v -2.87 0.60478 -2.35103 0.1927843729589129 0.18840290993711944 0.21469168806788028
v -2.87 0.58951 -2.18646 0.18566765582070763 0.181447936370237 0.20676625307306076
v -1.4591 0.77256 -2.1347 0.18566765582070763 0.181447936370237 0.20676625307306076
v -2.87 0.60478 -2.35103 0.18566765582070763 0.181447936370237 0.20676625307306076
v -2.87 0.58951 -2.18646 0.18566765582070763 0.181447936370237 0.20676625307306076
v -1.55786 0.74383 -1.98527 0.18566765582070763 0.181447936370237 0.20676625307306076
v -1.4591 0.77256 -2.1347 0.18566765582070763 0.181447936370237 0.20676625307306076
v -1.55786 0.74383 -1.98527 0.18603157317770422 0.18180358287821094 0.2071715246751706
v -0.80728 0.78506 -2.09909 0.18603157317770422 0.18180358287821094 0.2071715246751706
v -1.4591 0.77256 -2.1347 0.18603157317770422 0.18180358287821094 0.2071715246751706
v -1.55786 0.74383 -1.98527 0.18603157317770422 0.18180358287821094 0.2071715246751706
v -0.95167 0.75723 -1.95216 0.18603157317770422 0.18180358287821094 0.2071715246751706
v -0.80728 0.78506 -2.09909 0.18603157317770422 0.18180358287821094 0.2071715246751706
v -0.95167 0.75723 -1.95216 0.1936553776444443 0.189254119061616 0.21566167055858568
v -0.6721 0.75337 -1.50436 0.1936553776444443 0.189254119061616 0.21566167055858568
v -0.80728 0.78506 -2.09909 0.1936553776444443 0.189254119061616 0.21566167055858568
v -0.95167 0.75723 -1.95216 0.1936553776444443 0.189254119061616 0.21566167055858568
v -0.82595 0.73023 -1.39905 0.1936553776444443 0.189254119061616 0.21566167055858568
v -0.6721 0.75337 -1.50436 0.1936553776444443 0.189254119061616 0.21566167055858568
v -0.82595 0.73023 -1.39905 0.20391457173290503 0.19928014964806628 0.2270866821570988
v -0.36563 0.65157 0.0 0.20391457173290503 0.19928014964806628 0.2270866821570988
v -0.6721 0.75337 -1.50436 0.20391457173290503 0.19928014964806628 0.2270866821570988
v -0.82595 0.73023 -1.39905 0.20391457173290503 0.19928014964806628 0.2270866821570988
v -0.54094 0.63209 0.0 0.20391457173290503 0.19928014964806628 0.2270866821570988
v -0.36563 0.65157 0.0 0.20391457173290503 0.19928014964806628 0.2270866821570988
v -0.36563 0.65157 0.0 0.20932300083083383 0.20456565990286033 0.2331097054707013
v -0.73071 0.90573 1.46424 0.20932300083083383 0.20456565990286033 0.2331097054707013
v -0.36563 0.93717 0.0 0.20932300083083383 0.20456565990286033 0.2331097054707013
v -0.36563 0.65157 0.0 0.20932300083083383 0.20456565990286033 0.2331097054707013
v -0.73071 0.62013 1.46424 0.20932300083083383 0.20456565990286033 0.2331097054707013
v -0.73071 0.90573 1.46424 0.20932300083083383 0.20456565990286033 0.2331097054707013
v -0.73071 0.62013 1.46424 0.2107557242519035 0.2059658214279966 0.234705238371438
v -0.9001 0.90088 2.00464 0.2107557242519035 0.2059658214279966 0.234705238371438
v -0.73071 0.90573 1.46424 0.2107557242519035 0.2059658214279966 0.234705238371438
v -0.73071 0.62013 1.46424 0.2107557242519035 0.2059658214279966 0.234705238371438
v -0.9001 0.61528 2.00464 0.2107557242519035 0.2059658214279966 0.234705238371438
v -0.9001 0.90088 2.00464 0.2107557242519035 0.2059658214279966 0.234705238371438
v -0.9001 0.61528 2.00464 0.20445099650693327 0.1998043829499575 0.22768406429181204
v -1.39922 0.88477 2.2253 0.20445099650693327 0.1998043829499575 0.22768406429181204
v -0.9001 0.90088 2.00464 0.20445099650693327 0.1998043829499575 0.22768406429181204
v -0.9001 0.61528 2.00464 0.20445099650693327 0.1998043829499575 0.22768406429181204
v -1.39922 0.59917 2.2253 0.20445099650693327 0.1998043829499575 0.22768406429181204
v -1.39922 0.88477 2.2253 0.20445099650693327 0.1998043829499575 0.22768406429181204
v -1.39922 0.59917 2.2253 0.19423318084480742 0.18981879037106178 0.21630513321353553
v -2.87 0.93638 2.38097 0.19423318084480742 0.18981879037106178 0.21630513321353553
v -1.39922 0.88477 2.2253 0.19423318084480742 0.18981879037106178 0.21630513321353553
v -1.39922 0.59917 2.2253 0.19423318084480742 0.18981879037106178 0.21630513321353553
v -2.87 0.65078 2.38097 0.19423318084480742 0.18981879037106178 0.21630513321353553
v -2.87 0.93638 2.38097 0.19423318084480742 0.18981879037106178 0.21630513321353553
v -2.87 0.65078 2.38097 0.18630026713642667 0.18206617015605334 0.20747075203829335
v -4.47718 0.94953 2.43167 0.18630026713642667 0.18206617015605334 0.20747075203829335
v -2.87 0.93638 2.38097 0.18630026713642667 0.18206617015605334 0.20747075203829335
v -2.87 0.65078 2.38097 0.18630026713642667 0.18206617015605334 0.20747075203829335
v -4.47718 0.66393 2.43167 0.18630026713642667 0.18206617015605334 0.20747075203829335
v -4.47718 0.94953 2.43167 0.18630026713642667 0.18206617015605334 0.20747075203829335
v -4.47718 0.66393 2.43167 0.18546425438795042 0.18124915769731517 0.20653973784112659
v -4.7858 0.90142 1.94958 0.18546425438795042 0.18124915769731517 0.20653973784112659
v -4.47718 0.94953 2.43167 0.18546425438795042 0.18124915769731517 0.20653973784112659
v -4.47718 0.66393 2.43167 0.18546425438795042 0.18124915769731517 0.20653973784112659
v -4.7858 0.61582 1.94958 0.18546425438795042 0.18124915769731517 0.20653973784112659
v -4.7858 0.90142 1.94958 0.18546425438795042 0.18124915769731517 0.20653973784112659
v -4.7858 0.61582 1.94958 0.19223225671440483 0.18786334178907743 0.21407683134104172
v -5.15935 0.82985 1.56695 0.19223225671440483 0.18786334178907743 0.21407683134104172
v -4.7858 0.90142 1.94958 0.19223225671440483 0.18786334178907743 0.21407683134104172
v -4.7858 0.61582 1.94958 0.19223225671440483 0.18786334178907743 0.21407683134104172
v -5.15935 0.54425 1.56695 0.19223225671440483 0.18786334178907743 0.21407683134104172
v -5.15935 0.82985 1.56695 0.19223225671440483 0.18786334178907743 0.21407683134104172
v -5.15935 0.54425 1.56695 0.20249889472231708 0.1978966471149917 0.22551013275894402
v -5.01563 0.76722 0.0 0.20249889472231708 0.1978966471149917 0.22551013275894402
v -5.15935 0.82985 1.56695 0.20249889472231708 0.1978966471149917 0.22551013275894402
v -5.15935 0.54425 1.56695 0.20249889472231708 0.1978966471149917 0.22551013275894402
v -5.01563 0.48162 0.0 0.20249889472231708 0.1978966471149917 0.22551013275894402
v -5.01563 0.76722 0.0 0.20249889472231708 0.1978966471149917 0.22551013275894402
v -5.01563 0.48162 0.0 0.21003656356096503 0.2052630052982158 0.23390435487471103
v -5.21796 0.77828 -1.60706 0.21003656356096503 0.2052630052982158 0.23390435487471103
v -5.01563 0.76722 0.0 0.21003656356096503 0.2052630052982158 0.23390435487471103
v -5.01563 0.48162 0.0 0.21003656356096503 0.2052630052982158 0.23390435487471103
v -5.21796 0.49268 -1.60706 0.21003656356096503 0.2052630052982158 0.23390435487471103
v -5.21796 0.77828 -1.60706 0.21003656356096503 0.2052630052982158 0.23390435487471103
v -5.21796 0.49268 -1.60706 0.21027301445849864 0.2054940823117146 0.23416767519241893
v -4.87861 0.7858 -2.04403 0.21027301445849864 0.2054940823117146 0.23416767519241893
v -5.21796 0.77828 -1.60706 0.21027301445849864 0.2054940823117146 0.23416767519241893
v -5.21796 0.49268 -1.60706 0.21027301445849864 0.2054940823117146 0.23416767519241893
v -4.87861 0.5002 -2.04403 0.21027301445849864 0.2054940823117146 0.23416767519241893
v -4.87861 0.7858 -2.04403 0.21027301445849864 0.2054940823117146 0.23416767519241893
v -4.87861 0.5002 -2.04403 0.20306481947333657 0.19844970993985167 0.2261403671407612
v -4.4173 0.78637 -2.34107 0.20306481947333657 0.19844970993985167 0.2261403671407612
v -4.87861 0.7858 -2.04403 0.20306481947333657 0.19844970993985167 0.2261403671407612
v -4.87861 0.5002 -2.04403 0.20306481947333657 0.19844970993985167 0.2261403671407612
v -4.4173 0.50077 -2.34107 0.20306481947333657 0.19844970993985167 0.2261403671407612
v -4.4173 0.78637 -2.34107 0.20306481947333657 0.19844970993985167 0.2261403671407612
v -4.4173 0.50077 -2.34107 0.1927843729589129 0.18840290993711944 0.21469168806788028
v -2.87 0.89038 -2.35103 0.1927843729589129 0.18840290993711944 0.21469168806788028
v -4.4173 0.78637 -2.34107 0.1927843729589129 0.18840290993711944 0.21469168806788028
v -4.4173 0.50077 -2.34107 0.1927843729589129 0.18840290993711944 0.21469168806788028
v -2.87 0.60478 -2.35103 0.1927843729589129 0.18840290993711944 0.21469168806788028
v -2.87 0.89038 -2.35103 0.1927843729589129 0.18840290993711944 0.21469168806788028
v -2.87 0.60478 -2.35103 0.18566765582070763 0.181447936370237 0.20676625307306076
v -1.4591 1.05816 -2.1347 0.18566765582070763 0.181447936370237 0.20676625307306076
v -2.87 0.89038 -2.35103 0.18566765582070763 0.181447936370237 0.20676625307306076
v -2.87 0.60478 -2.35103 0.18566765582070763 0.181447936370237 0.20676625307306076
v -1.4591 0.77256 -2.1347 0.18566765582070763 0.181447936370237 0.20676625307306076
v -1.4591 1.05816 -2.1347 0.18566765582070763 0.181447936370237 0.20676625307306076
v -1.4591 0.77256 -2.1347 0.18603157317770422 0.18180358287821094 0.2071715246751706
v -0.80728 1.07066 -2.09909 0.18603157317770422 0.18180358287821094 0.2071715246751706
v -1.4591 1.05816 -2.1347 0.18603157317770422 0.18180358287821094 0.2071715246751706
v -1.4591 0.77256 -2.1347 0.18603157317770422 0.18180358287821094 0.2071715246751706
v -0.80728 0.78506 -2.09909 0.18603157317770422 0.18180358287821094 0.2071715246751706
v -0.80728 1.07066 -2.09909 0.18603157317770422 0.18180358287821094 0.2071715246751706
v -0.80728 0.78506 -2.09909 0.1936553776444443 0.189254119061616 0.21566167055858568
v -0.6721 1.03897 -1.50436 0.1936553776444443 0.189254119061616 0.21566167055858568
v -0.80728 1.07066 -2.09909 0.1936553776444443 0.189254119061616 0.21566167055858568
v -0.80728 0.78506 -2.09909 0.1936553776444443 0.189254119061616 0.21566167055858568
v -0.6721 0.75337 -1.50436 0.1936553776444443 0.189254119061616 0.21566167055858568
v -0.6721 1.03897 -1.50436 0.1936553776444443 0.189254119061616 0.21566167055858568
v -0.6721 0.75337 -1.50436 0.20391457173290503 0.19928014964806628 0.2270866821570988
v -0.36563 0.93717 0.0 0.20391457173290503 0.19928014964806628 0.2270866821570988
v -0.6721 1.03897 -1.50436 0.20391457173290503 0.19928014964806628 0.2270866821570988
v -0.6721 0.75337 -1.50436 0.20391457173290503 0.19928014964806628 0.2270866821570988
v -0.36563 0.65157 0.0 0.20391457173290503 0.19928014964806628 0.2270866821570988
v -0.36563 0.93717 0.0 0.20391457173290503 0.19928014964806628 0.2270866821570988
v -0.36563 0.93717 0.0 0.22912300083083384 0.22391565990286033 0.2551597054707013
v -0.88046 1.01289 1.36174 0.22912300083083384 0.22391565990286033 0.2551597054707013
v -0.54094 1.05209 0.0 0.22912300083083384 0.22391565990286033 0.2551597054707013
v -0.36563 0.93717 0.0 0.22912300083083384 0.22391565990286033 0.2551597054707013
v -0.73071 0.90573 1.46424 0.22912300083083384 0.22391565990286033 0.2551597054707013
v -0.88046 1.01289 1.36174 0.22912300083083384 0.22391565990286033 0.2551597054707013
v -0.73071 0.90573 1.46424 0.23055572425190352 0.2253158214279966 0.256755238371438
v -1.03799 1.00449 1.86432 0.23055572425190352 0.2253158214279966 0.256755238371438
v -0.88046 1.01289 1.36174 0.23055572425190352 0.2253158214279966 0.256755238371438
v -0.73071 0.90573 1.46424 0.23055572425190352 0.2253158214279966 0.256755238371438
v -0.9001 0.90088 2.00464 0.23055572425190352 0.2253158214279966 0.256755238371438
v -1.03799 1.00449 1.86432 0.23055572425190352 0.2253158214279966 0.256755238371438
v -0.9001 0.90088 2.00464 0.22425099650693328 0.21915438294995754 0.24973406429181205
v -1.50217 0.99716 2.06953 0.22425099650693328 0.21915438294995754 0.24973406429181205
v -1.03799 1.00449 1.86432 0.22425099650693328 0.21915438294995754 0.24973406429181205
v -0.9001 0.90088 2.00464 0.22425099650693328 0.21915438294995754 0.24973406429181205
v -1.39922 0.88477 2.2253 0.22425099650693328 0.21915438294995754 0.24973406429181205
v -1.50217 0.99716 2.06953 0.22425099650693328 0.21915438294995754 0.24973406429181205
v -1.39922 0.88477 2.2253 0.2140331808448074 0.20916879037106179 0.23835513321353552
v -2.87 1.0558 2.2143 0.2140331808448074 0.20916879037106179 0.23835513321353552
v -1.50217 0.99716 2.06953 0.2140331808448074 0.20916879037106179 0.23835513321353552
v -1.39922 0.88477 2.2253 0.2140331808448074 0.20916879037106179 0.23835513321353552
v -2.87 0.93638 2.38097 0.2140331808448074 0.20916879037106179 0.23835513321353552
v -2.87 1.0558 2.2143 0.2140331808448074 0.20916879037106179 0.23835513321353552
v -2.87 0.93638 2.38097 0.20610026713642668 0.20141617015605334 0.22952075203829334
v -4.36468 1.0628 2.26146 0.20610026713642668 0.20141617015605334 0.22952075203829334
v -2.87 1.0558 2.2143 0.20610026713642668 0.20141617015605334 0.22952075203829334
v -2.87 0.93638 2.38097 0.20610026713642668 0.20141617015605334 0.22952075203829334
v -4.47718 0.94953 2.43167 0.20610026713642668 0.20141617015605334 0.22952075203829334
v -4.36468 1.0628 2.26146 0.20610026713642668 0.20141617015605334 0.22952075203829334
v -4.47718 0.94953 2.43167 0.2052642543879504 0.20059915769731518 0.22858973784112657
v -4.65169 1.01921 1.81311 0.2052642543879504 0.20059915769731518 0.22858973784112657
v -4.36468 1.0628 2.26146 0.2052642543879504 0.20059915769731518 0.22858973784112657
v -4.47718 0.94953 2.43167 0.2052642543879504 0.20059915769731518 0.22858973784112657
v -4.7858 0.90142 1.94958 0.2052642543879504 0.20059915769731518 0.22858973784112657
v -4.65169 1.01921 1.81311 0.2052642543879504 0.20059915769731518 0.22858973784112657
v -4.7858 0.90142 1.94958 0.21203225671440482 0.20721334178907744 0.23612683134104173
v -4.99909 0.95359 1.45726 0.21203225671440482 0.20721334178907744 0.23612683134104173
v -4.65169 1.01921 1.81311 0.21203225671440482 0.20721334178907744 0.23612683134104173
v -4.7858 0.90142 1.94958 0.21203225671440482 0.20721334178907744 0.23612683134104173
v -5.15935 0.82985 1.56695 0.21203225671440482 0.20721334178907744 0.23612683134104173
v -4.99909 0.95359 1.45726 0.21203225671440482 0.20721334178907744 0.23612683134104173
v -5.15935 0.82985 1.56695 0.2222988947223171 0.2172466471149917 0.24756013275894403
v -4.86544 0.88999 0.0 0.2222988947223171 0.2172466471149917 0.24756013275894403
v -4.99909 0.95359 1.45726 0.2222988947223171 0.2172466471149917 0.24756013275894403
v -5.15935 0.82985 1.56695 0.2222988947223171 0.2172466471149917 0.24756013275894403
v -5.01563 0.76722 0.0 0.2222988947223171 0.2172466471149917 0.24756013275894403
v -4.86544 0.88999 0.0 0.2222988947223171 0.2172466471149917 0.24756013275894403
v -5.01563 0.76722 0.0 0.22983656356096502 0.22461300529821582 0.255954354874711
v -5.0536 0.87812 -1.49457 0.22983656356096502 0.22461300529821582 0.255954354874711
v -4.86544 0.88999 0.0 0.22983656356096502 0.22461300529821582 0.255954354874711
v -5.01563 0.76722 0.0 0.22983656356096502 0.22461300529821582 0.255954354874711
v -5.21796 0.77828 -1.60706 0.22983656356096502 0.22461300529821582 0.255954354874711
v -5.0536 0.87812 -1.49457 0.22983656356096502 0.22461300529821582 0.255954354874711
v -5.21796 0.77828 -1.60706 0.23007301445849865 0.22484408231171457 0.25621767519241895
v -4.73801 0.88624 -1.90095 0.23007301445849865 0.22484408231171457 0.25621767519241895
v -5.0536 0.87812 -1.49457 0.23007301445849865 0.22484408231171457 0.25621767519241895
v -5.21796 0.77828 -1.60706 0.23007301445849865 0.22484408231171457 0.25621767519241895
v -4.87861 0.7858 -2.04403 0.23007301445849865 0.22484408231171457 0.25621767519241895
v -4.73801 0.88624 -1.90095 0.23007301445849865 0.22484408231171457 0.25621767519241895
v -4.87861 0.7858 -2.04403 0.2228648194733366 0.21779970993985168 0.2481903671407612
v -4.30899 0.89211 -2.1772 0.2228648194733366 0.21779970993985168 0.2481903671407612
v -4.73801 0.88624 -1.90095 0.2228648194733366 0.21779970993985168 0.2481903671407612
v -4.87861 0.7858 -2.04403 0.2228648194733366 0.21779970993985168 0.2481903671407612
v -4.4173 0.78637 -2.34107 0.2228648194733366 0.21779970993985168 0.2481903671407612
v -4.30899 0.89211 -2.1772 0.2228648194733366 0.21779970993985168 0.2481903671407612
v -4.4173 0.78637 -2.34107 0.21258437295891291 0.20775290993711942 0.23674168806788026
v -2.87 1.00951 -2.18646 0.21258437295891291 0.20775290993711942 0.23674168806788026
v -4.30899 0.89211 -2.1772 0.21258437295891291 0.20775290993711942 0.23674168806788026
v -4.4173 0.78637 -2.34107 0.21258437295891291 0.20775290993711942 0.23674168806788026
v -2.87 0.89038 -2.35103 0.21258437295891291 0.20775290993711942 0.23674168806788026
v -2.87 1.00951 -2.18646 0.21258437295891291 0.20775290993711942 0.23674168806788026
v -2.87 0.89038 -2.35103 0.20546765582070764 0.200797936370237 0.22881625307306078
v -1.55786 1.16383 -1.98527 0.20546765582070764 0.200797936370237 0.22881625307306078
v -2.87 1.00951 -2.18646 0.20546765582070764 0.200797936370237 0.22881625307306078
v -2.87 0.89038 -2.35103 0.20546765582070764 0.200797936370237 0.22881625307306078
v -1.4591 1.05816 -2.1347 0.20546765582070764 0.200797936370237 0.22881625307306078
v -1.55786 1.16383 -1.98527 0.20546765582070764 0.200797936370237 0.22881625307306078
v -1.4591 1.05816 -2.1347 0.2058315731777042 0.20115358287821095 0.2292215246751706
v -0.95167 1.17723 -1.95216 0.2058315731777042 0.20115358287821095 0.2292215246751706
v -1.55786 1.16383 -1.98527 0.2058315731777042 0.20115358287821095 0.2292215246751706
v -1.4591 1.05816 -2.1347 0.2058315731777042 0.20115358287821095 0.2292215246751706
v -0.80728 1.07066 -2.09909 0.2058315731777042 0.20115358287821095 0.2292215246751706
v -0.95167 1.17723 -1.95216 0.2058315731777042 0.20115358287821095 0.2292215246751706
v -0.80728 1.07066 -2.09909 0.21345537764444428 0.208604119061616 0.23771167055858566
v -0.82595 1.15023 -1.39905 0.21345537764444428 0.208604119061616 0.23771167055858566
v -0.95167 1.17723 -1.95216 0.21345537764444428 0.208604119061616 0.23771167055858566
v -0.80728 1.07066 -2.09909 0.21345537764444428 0.208604119061616 0.23771167055858566
v -0.6721 1.03897 -1.50436 0.21345537764444428 0.208604119061616 0.23771167055858566
v -0.82595 1.15023 -1.39905 0.21345537764444428 0.208604119061616 0.23771167055858566
v -0.6721 1.03897 -1.50436 0.22371457173290504 0.2186301496480663 0.2491366821570988
v -0.54094 1.05209 0.0 0.22371457173290504 0.2186301496480663 0.2491366821570988
v -0.82595 1.15023 -1.39905 0.22371457173290504 0.2186301496480663 0.2491366821570988
v -0.6721 1.03897 -1.50436 0.22371457173290504 0.2186301496480663 0.2491366821570988
v -0.36563 0.93717 0.0 0.22371457173290504 0.2186301496480663 0.2491366821570988
v -0.54094 1.05209 0.0 0.22371457173290504 0.2186301496480663 0.2491366821570988
v -2.87 1.03 0 0.28 0.27 0.295
v -0.88046 1.01289 1.36174 0.28 0.27 0.295
v -0.54094 1.05209 0.0 0.28 0.27 0.295
v -2.87 0.61 0 0.16 0.15 0.18
v -0.54094 0.63209 0.0 0.16 0.15 0.18
v -0.88046 0.59289 1.36174 0.16 0.15 0.18
v -2.87 1.03 0 0.28 0.27 0.295
v -1.03799 1.00449 1.86432 0.28 0.27 0.295
v -0.88046 1.01289 1.36174 0.28 0.27 0.295
v -2.87 0.61 0 0.16 0.15 0.18
v -0.88046 0.59289 1.36174 0.16 0.15 0.18
v -1.03799 0.58449 1.86432 0.16 0.15 0.18
v -2.87 1.03 0 0.28 0.27 0.295
v -1.50217 0.99716 2.06953 0.28 0.27 0.295
v -1.03799 1.00449 1.86432 0.28 0.27 0.295
v -2.87 0.61 0 0.16 0.15 0.18
v -1.03799 0.58449 1.86432 0.16 0.15 0.18
v -1.50217 0.57716 2.06953 0.16 0.15 0.18
v -2.87 1.03 0 0.28 0.27 0.295
v -2.87 1.0558 2.2143 0.28 0.27 0.295
v -1.50217 0.99716 2.06953 0.28 0.27 0.295
v -2.87 0.61 0 0.16 0.15 0.18
v -1.50217 0.57716 2.06953 0.16 0.15 0.18
v -2.87 0.6358 2.2143 0.16 0.15 0.18
v -2.87 1.03 0 0.28 0.27 0.295
v -4.36468 1.0628 2.26146 0.28 0.27 0.295
v -2.87 1.0558 2.2143 0.28 0.27 0.295
v -2.87 0.61 0 0.16 0.15 0.18
v -2.87 0.6358 2.2143 0.16 0.15 0.18
v -4.36468 0.6428 2.26146 0.16 0.15 0.18
v -2.87 1.03 0 0.28 0.27 0.295
v -4.65169 1.01921 1.81311 0.28 0.27 0.295
v -4.36468 1.0628 2.26146 0.28 0.27 0.295
v -2.87 0.61 0 0.16 0.15 0.18
v -4.36468 0.6428 2.26146 0.16 0.15 0.18
v -4.65169 0.59921 1.81311 0.16 0.15 0.18
v -2.87 1.03 0 0.28 0.27 0.295
v -4.99909 0.95359 1.45726 0.28 0.27 0.295
v -4.65169 1.01921 1.81311 0.28 0.27 0.295
v -2.87 0.61 0 0.16 0.15 0.18
v -4.65169 0.59921 1.81311 0.16 0.15 0.18
v -4.99909 0.53359 1.45726 0.16 0.15 0.18
v -2.87 1.03 0 0.28 0.27 0.295
v -4.86544 0.88999 0.0 0.28 0.27 0.295
v -4.99909 0.95359 1.45726 0.28 0.27 0.295
v -2.87 0.61 0 0.16 0.15 0.18
v -4.99909 0.53359 1.45726 0.16 0.15 0.18
v -4.86544 0.46999 0.0 0.16 0.15 0.18
v -2.87 1.03 0 0.28 0.27 0.295
v -5.0536 0.87812 -1.49457 0.28 0.27 0.295
v -4.86544 0.88999 0.0 0.28 0.27 0.295
v -2.87 0.61 0 0.16 0.15 0.18
v -4.86544 0.46999 0.0 0.16 0.15 0.18
v -5.0536 0.45812 -1.49457 0.16 0.15 0.18
v -2.87 1.03 0 0.28 0.27 0.295
v -4.73801 0.88624 -1.90095 0.28 0.27 0.295
v -5.0536 0.87812 -1.49457 0.28 0.27 0.295
v -2.87 0.61 0 0.16 0.15 0.18
v -5.0536 0.45812 -1.49457 0.16 0.15 0.18
v -4.73801 0.46624 -1.90095 0.16 0.15 0.18
v -2.87 1.03 0 0.28 0.27 0.295
v -4.30899 0.89211 -2.1772 0.28 0.27 0.295
v -4.73801 0.88624 -1.90095 0.28 0.27 0.295
v -2.87 0.61 0 0.16 0.15 0.18
v -4.73801 0.46624 -1.90095 0.16 0.15 0.18
v -4.30899 0.47211 -2.1772 0.16 0.15 0.18
v -2.87 1.03 0 0.28 0.27 0.295
v -2.87 1.00951 -2.18646 0.28 0.27 0.295
v -4.30899 0.89211 -2.1772 0.28 0.27 0.295
v -2.87 0.61 0 0.16 0.15 0.18
v -4.30899 0.47211 -2.1772 0.16 0.15 0.18
v -2.87 0.58951 -2.18646 0.16 0.15 0.18
v -2.87 1.03 0 0.28 0.27 0.295
v -1.55786 1.16383 -1.98527 0.28 0.27 0.295
v -2.87 1.00951 -2.18646 0.28 0.27 0.295
v -2.87 0.61 0 0.16 0.15 0.18
v -2.87 0.58951 -2.18646 0.16 0.15 0.18
v -1.55786 0.74383 -1.98527 0.16 0.15 0.18
v -2.87 1.03 0 0.28 0.27 0.295
v -0.95167 1.17723 -1.95216 0.28 0.27 0.295
v -1.55786 1.16383 -1.98527 0.28 0.27 0.295
v -2.87 0.61 0 0.16 0.15 0.18
v -1.55786 0.74383 -1.98527 0.16 0.15 0.18
v -0.95167 0.75723 -1.95216 0.16 0.15 0.18
v -2.87 1.03 0 0.28 0.27 0.295
v -0.82595 1.15023 -1.39905 0.28 0.27 0.295
v -0.95167 1.17723 -1.95216 0.28 0.27 0.295
v -2.87 0.61 0 0.16 0.15 0.18
v -0.95167 0.75723 -1.95216 0.16 0.15 0.18
v -0.82595 0.73023 -1.39905 0.16 0.15 0.18
v -2.87 1.03 0 0.28 0.27 0.295
v -0.54094 1.05209 0.0 0.28 0.27 0.295
v -0.82595 1.15023 -1.39905 0.28 0.27 0.295
v -2.87 0.61 0 0.16 0.15 0.18
v -0.82595 0.73023 -1.39905 0.16 0.15 0.18
v -0.54094 0.63209 0.0 0.16 0.15 0.18
v -0.60187 1.07625 0.0 0.1994571116186754 0.1949239954455237 0.22212269248443398
v -0.78206 1.11817 1.3507 0.1994571116186754 0.1949239954455237 0.22212269248443398
v -0.43793 1.10839 0.0 0.1994571116186754 0.1949239954455237 0.22212269248443398
v -0.60187 1.07625 0.0 0.1994571116186754 0.1949239954455237 0.22212269248443398
v -0.92192 1.07656 1.25615 0.1994571116186754 0.1949239954455237 0.22212269248443398
v -0.78206 1.11817 1.3507 0.1994571116186754 0.1949239954455237 0.22212269248443398
v -0.92192 1.07656 1.25615 0.18960394799070313 0.18529476735455078 0.21114985117146484
v -0.82848 1.14334 1.96156 0.18960394799070313 0.18529476735455078 0.21114985117146484
v -0.78206 1.11817 1.3507 0.18960394799070313 0.18529476735455078 0.21114985117146484
v -0.92192 1.07656 1.25615 0.18960394799070313 0.18529476735455078 0.21114985117146484
v -0.96508 1.09493 1.82425 0.18960394799070313 0.18529476735455078 0.21114985117146484
v -0.82848 1.14334 1.96156 0.18960394799070313 0.18529476735455078 0.21114985117146484
v -0.96508 1.09493 1.82425 0.18484371684751477 0.18064272328279854 0.205848684671096
v -1.3872 1.08855 2.08145 0.18484371684751477 0.18064272328279854 0.205848684671096
v -0.82848 1.14334 1.96156 0.18484371684751477 0.18064272328279854 0.205848684671096
v -0.96508 1.09493 1.82425 0.18484371684751477 0.18064272328279854 0.205848684671096
v -1.48469 1.05137 1.93575 0.18484371684751477 0.18064272328279854 0.205848684671096
v -1.3872 1.08855 2.08145 0.18484371684751477 0.18064272328279854 0.205848684671096
v -1.48469 1.05137 1.93575 0.18806391052448188 0.18378973073983457 0.20943480944771847
v -2.78 1.04823 2.39977 0.18806391052448188 0.18378973073983457 0.20943480944771847
v -1.3872 1.08855 2.08145 0.18806391052448188 0.18378973073983457 0.20943480944771847
v -1.48469 1.05137 1.93575 0.18806391052448188 0.18378973073983457 0.20943480944771847
v -2.78 1.03055 2.23178 0.18806391052448188 0.18378973073983457 0.20943480944771847
v -2.78 1.04823 2.39977 0.18806391052448188 0.18378973073983457 0.20943480944771847
v -2.78 1.03055 2.23178 0.19731120274795072 0.19282685723095183 0.2197329303329451
v -4.23966 1.13568 2.18135 0.19731120274795072 0.19282685723095183 0.2197329303329451
v -2.78 1.04823 2.39977 0.19731120274795072 0.19282685723095183 0.2197329303329451
v -2.78 1.03055 2.23178 0.19731120274795072 0.19282685723095183 0.2197329303329451
v -4.13748 1.11376 2.02866 0.19731120274795072 0.19282685723095183 0.2197329303329451
v -4.23966 1.13568 2.18135 0.19731120274795072 0.19282685723095183 0.2197329303329451
v -4.13748 1.11376 2.02866 0.20697631014175286 0.20227230309307667 0.23049634538513386
v -4.65633 1.13952 1.88597 0.20697631014175286 0.20227230309307667 0.23049634538513386
v -4.23966 1.13568 2.18135 0.20697631014175286 0.20227230309307667 0.23049634538513386
v -4.13748 1.11376 2.02866 0.20697631014175286 0.20227230309307667 0.23049634538513386
v -4.52499 1.11886 1.75396 0.20697631014175286 0.20227230309307667 0.23049634538513386
v -4.65633 1.13952 1.88597 0.20697631014175286 0.20227230309307667 0.23049634538513386
v -4.52499 1.11886 1.75396 0.21119650825392977 0.206396587611795 0.2351961114646036
v -4.91091 1.11462 1.4406 0.21119650825392977 0.206396587611795 0.2351961114646036
v -4.65633 1.13952 1.88597 0.21119650825392977 0.206396587611795 0.2351961114646036
v -4.52499 1.11886 1.75396 0.21119650825392977 0.206396587611795 0.2351961114646036
v -4.76174 1.0991 1.33975 0.21119650825392977 0.206396587611795 0.2351961114646036
v -4.91091 1.11462 1.4406 0.21119650825392977 0.206396587611795 0.2351961114646036
v -4.76174 1.0991 1.33975 0.2074118815391834 0.20269797514056562 0.23098141353227244
v -4.91293 1.03647 0.0 0.2074118815391834 0.20269797514056562 0.23098141353227244
v -4.91091 1.11462 1.4406 0.2074118815391834 0.20269797514056562 0.23098141353227244
v -4.76174 1.0991 1.33975 0.2074118815391834 0.20269797514056562 0.23098141353227244
v -4.76362 1.03125 0.0 0.2074118815391834 0.20269797514056562 0.23098141353227244
v -4.91293 1.03647 0.0 0.2074118815391834 0.20269797514056562 0.23098141353227244
v -4.76362 1.03125 0.0 0.1979181337779297 0.19341999437388582 0.22040883079814896
v -5.10043 0.94618 -1.56872 0.1979181337779297 0.19341999437388582 0.22040883079814896
v -4.91293 1.03647 0.0 0.1979181337779297 0.19341999437388582 0.22040883079814896
v -4.76362 1.03125 0.0 0.1979181337779297 0.19341999437388582 0.22040883079814896
v -4.938 0.9345 -1.45891 0.1979181337779297 0.19341999437388582 0.22040883079814896
v -5.10043 0.94618 -1.56872 0.1979181337779297 0.19341999437388582 0.22040883079814896
v -4.938 0.9345 -1.45891 0.18847404496844616 0.18419054394643603 0.20989155007849686
v -4.65726 0.96991 -1.88691 0.18847404496844616 0.18419054394643603 0.20989155007849686
v -5.10043 0.94618 -1.56872 0.18847404496844616 0.18419054394643603 0.20989155007849686
v -4.938 0.9345 -1.45891 0.18847404496844616 0.18419054394643603 0.20989155007849686
v -4.52585 0.9614 -1.75483 0.18847404496844616 0.18419054394643603 0.20989155007849686
v -4.65726 0.96991 -1.88691 0.18847404496844616 0.18419054394643603 0.20989155007849686
v -4.52585 0.9614 -1.75483 0.18480827265522434 0.18060808464033287 0.20580921272968164
v -4.29169 0.98943 -2.25912 0.18480827265522434 0.18060808464033287 0.20580921272968164
v -4.65726 0.96991 -1.88691 0.18480827265522434 0.18060808464033287 0.20580921272968164
v -4.52585 0.9614 -1.75483 0.18480827265522434 0.18060808464033287 0.20580921272968164
v -4.18587 0.9817 -2.10098 0.18480827265522434 0.18060808464033287 0.20580921272968164
v -4.29169 0.98943 -2.25912 0.18480827265522434 0.18060808464033287 0.20580921272968164
v -4.18587 0.9817 -2.10098 0.18914442513358645 0.1848456881987322 0.21063810980785763
v -2.78 1.18174 -2.09823 0.18914442513358645 0.1848456881987322 0.21063810980785763
v -4.29169 0.98943 -2.25912 0.18914442513358645 0.1848456881987322 0.21063810980785763
v -4.18587 0.9817 -2.10098 0.18914442513358645 0.1848456881987322 0.21063810980785763
v -2.78 1.16241 -1.95136 0.18914442513358645 0.1848456881987322 0.21063810980785763
v -2.78 1.18174 -2.09823 0.18914442513358645 0.1848456881987322 0.21063810980785763
v -2.78 1.16241 -1.95136 0.1988522504956627 0.19433288116621583 0.22144909714289712
v -1.33516 1.22796 -2.15921 0.1988522504956627 0.19433288116621583 0.22144909714289712
v -2.78 1.18174 -2.09823 0.1988522504956627 0.19433288116621583 0.22144909714289712
v -2.78 1.16241 -1.95136 0.1988522504956627 0.19433288116621583 0.22144909714289712
v -1.4363 1.19957 -2.00807 0.1988522504956627 0.19433288116621583 0.22144909714289712
v -1.33516 1.22796 -2.15921 0.1988522504956627 0.19433288116621583 0.22144909714289712
v -1.4363 1.19957 -2.00807 0.208043112143159 0.20331485959445084 0.2316843748866998
v -0.82754 1.18954 -1.96249 0.208043112143159 0.20331485959445084 0.2316843748866998
v -1.33516 1.22796 -2.15921 0.208043112143159 0.20331485959445084 0.2316843748866998
v -1.4363 1.19957 -2.00807 0.208043112143159 0.20331485959445084 0.2316843748866998
v -0.96421 1.16441 -1.82512 0.208043112143159 0.20331485959445084 0.2316843748866998
v -0.82754 1.18954 -1.96249 0.208043112143159 0.20331485959445084 0.2316843748866998
v -0.96421 1.16441 -1.82512 0.21114195673006686 0.2063432758952926 0.23513536090393808
v -0.59254 1.14624 -1.47883 0.21114195673006686 0.2063432758952926 0.23513536090393808
v -0.82754 1.18954 -1.96249 0.21114195673006686 0.2063432758952926 0.23513536090393808
v -0.96421 1.16441 -1.82512 0.21114195673006686 0.2063432758952926 0.23513536090393808
v -0.74566 1.12333 -1.37531 0.21114195673006686 0.2063432758952926 0.23513536090393808
v -0.59254 1.14624 -1.47883 0.21114195673006686 0.2063432758952926 0.23513536090393808
v -0.74566 1.12333 -1.37531 0.2062690667124165 0.20158113337804337 0.22970873338428197
v -0.43793 1.10839 0.0 0.2062690667124165 0.20158113337804337 0.22970873338428197
v -0.59254 1.14624 -1.47883 0.2062690667124165 0.20158113337804337 0.22970873338428197
v -0.74566 1.12333 -1.37531 0.2062690667124165 0.20158113337804337 0.22970873338428197
v -0.60187 1.07625 0.0 0.2062690667124165 0.20158113337804337 0.22970873338428197
v -0.43793 1.10839 0.0 0.2062690667124165 0.20158113337804337 0.22970873338428197
v -0.43793 1.10839 0.0 0.1994571116186754 0.1949239954455237 0.22212269248443398
v -0.78206 1.40377 1.3507 0.1994571116186754 0.1949239954455237 0.22212269248443398
v -0.43793 1.39399 0.0 0.1994571116186754 0.1949239954455237 0.22212269248443398
v -0.43793 1.10839 0.0 0.1994571116186754 0.1949239954455237 0.22212269248443398
v -0.78206 1.11817 1.3507 0.1994571116186754 0.1949239954455237 0.22212269248443398
v -0.78206 1.40377 1.3507 0.1994571116186754 0.1949239954455237 0.22212269248443398
v -0.78206 1.11817 1.3507 0.18960394799070313 0.18529476735455078 0.21114985117146484
v -0.82848 1.42894 1.96156 0.18960394799070313 0.18529476735455078 0.21114985117146484
v -0.78206 1.40377 1.3507 0.18960394799070313 0.18529476735455078 0.21114985117146484
v -0.78206 1.11817 1.3507 0.18960394799070313 0.18529476735455078 0.21114985117146484
v -0.82848 1.14334 1.96156 0.18960394799070313 0.18529476735455078 0.21114985117146484
v -0.82848 1.42894 1.96156 0.18960394799070313 0.18529476735455078 0.21114985117146484
v -0.82848 1.14334 1.96156 0.18484371684751477 0.18064272328279854 0.205848684671096
v -1.3872 1.37415 2.08145 0.18484371684751477 0.18064272328279854 0.205848684671096
v -0.82848 1.42894 1.96156 0.18484371684751477 0.18064272328279854 0.205848684671096
v -0.82848 1.14334 1.96156 0.18484371684751477 0.18064272328279854 0.205848684671096
v -1.3872 1.08855 2.08145 0.18484371684751477 0.18064272328279854 0.205848684671096
v -1.3872 1.37415 2.08145 0.18484371684751477 0.18064272328279854 0.205848684671096
v -1.3872 1.08855 2.08145 0.18806391052448188 0.18378973073983457 0.20943480944771847
v -2.78 1.33383 2.39977 0.18806391052448188 0.18378973073983457 0.20943480944771847
v -1.3872 1.37415 2.08145 0.18806391052448188 0.18378973073983457 0.20943480944771847
v -1.3872 1.08855 2.08145 0.18806391052448188 0.18378973073983457 0.20943480944771847
v -2.78 1.04823 2.39977 0.18806391052448188 0.18378973073983457 0.20943480944771847
v -2.78 1.33383 2.39977 0.18806391052448188 0.18378973073983457 0.20943480944771847
v -2.78 1.04823 2.39977 0.19731120274795072 0.19282685723095183 0.2197329303329451
v -4.23966 1.42128 2.18135 0.19731120274795072 0.19282685723095183 0.2197329303329451
v -2.78 1.33383 2.39977 0.19731120274795072 0.19282685723095183 0.2197329303329451
v -2.78 1.04823 2.39977 0.19731120274795072 0.19282685723095183 0.2197329303329451
v -4.23966 1.13568 2.18135 0.19731120274795072 0.19282685723095183 0.2197329303329451
v -4.23966 1.42128 2.18135 0.19731120274795072 0.19282685723095183 0.2197329303329451
v -4.23966 1.13568 2.18135 0.20697631014175286 0.20227230309307667 0.23049634538513386
v -4.65633 1.42512 1.88597 0.20697631014175286 0.20227230309307667 0.23049634538513386
v -4.23966 1.42128 2.18135 0.20697631014175286 0.20227230309307667 0.23049634538513386
v -4.23966 1.13568 2.18135 0.20697631014175286 0.20227230309307667 0.23049634538513386
v -4.65633 1.13952 1.88597 0.20697631014175286 0.20227230309307667 0.23049634538513386
v -4.65633 1.42512 1.88597 0.20697631014175286 0.20227230309307667 0.23049634538513386
v -4.65633 1.13952 1.88597 0.21119650825392977 0.206396587611795 0.2351961114646036
v -4.91091 1.40022 1.4406 0.21119650825392977 0.206396587611795 0.2351961114646036
v -4.65633 1.42512 1.88597 0.21119650825392977 0.206396587611795 0.2351961114646036
v -4.65633 1.13952 1.88597 0.21119650825392977 0.206396587611795 0.2351961114646036
v -4.91091 1.11462 1.4406 0.21119650825392977 0.206396587611795 0.2351961114646036
v -4.91091 1.40022 1.4406 0.21119650825392977 0.206396587611795 0.2351961114646036
v -4.91091 1.11462 1.4406 0.2074118815391834 0.20269797514056562 0.23098141353227244
v -4.91293 1.32207 0.0 0.2074118815391834 0.20269797514056562 0.23098141353227244
v -4.91091 1.40022 1.4406 0.2074118815391834 0.20269797514056562 0.23098141353227244
v -4.91091 1.11462 1.4406 0.2074118815391834 0.20269797514056562 0.23098141353227244
v -4.91293 1.03647 0.0 0.2074118815391834 0.20269797514056562 0.23098141353227244
v -4.91293 1.32207 0.0 0.2074118815391834 0.20269797514056562 0.23098141353227244
v -4.91293 1.03647 0.0 0.1979181337779297 0.19341999437388582 0.22040883079814896
v -5.10043 1.23178 -1.56872 0.1979181337779297 0.19341999437388582 0.22040883079814896
v -4.91293 1.32207 0.0 0.1979181337779297 0.19341999437388582 0.22040883079814896
v -4.91293 1.03647 0.0 0.1979181337779297 0.19341999437388582 0.22040883079814896
v -5.10043 0.94618 -1.56872 0.1979181337779297 0.19341999437388582 0.22040883079814896
v -5.10043 1.23178 -1.56872 0.1979181337779297 0.19341999437388582 0.22040883079814896
v -5.10043 0.94618 -1.56872 0.18847404496844616 0.18419054394643603 0.20989155007849686
v -4.65726 1.25551 -1.88691 0.18847404496844616 0.18419054394643603 0.20989155007849686
v -5.10043 1.23178 -1.56872 0.18847404496844616 0.18419054394643603 0.20989155007849686
v -5.10043 0.94618 -1.56872 0.18847404496844616 0.18419054394643603 0.20989155007849686
v -4.65726 0.96991 -1.88691 0.18847404496844616 0.18419054394643603 0.20989155007849686
v -4.65726 1.25551 -1.88691 0.18847404496844616 0.18419054394643603 0.20989155007849686
v -4.65726 0.96991 -1.88691 0.18480827265522434 0.18060808464033287 0.20580921272968164
v -4.29169 1.27503 -2.25912 0.18480827265522434 0.18060808464033287 0.20580921272968164
v -4.65726 1.25551 -1.88691 0.18480827265522434 0.18060808464033287 0.20580921272968164
v -4.65726 0.96991 -1.88691 0.18480827265522434 0.18060808464033287 0.20580921272968164
v -4.29169 0.98943 -2.25912 0.18480827265522434 0.18060808464033287 0.20580921272968164
v -4.29169 1.27503 -2.25912 0.18480827265522434 0.18060808464033287 0.20580921272968164
v -4.29169 0.98943 -2.25912 0.18914442513358645 0.1848456881987322 0.21063810980785763
v -2.78 1.46734 -2.09823 0.18914442513358645 0.1848456881987322 0.21063810980785763
v -4.29169 1.27503 -2.25912 0.18914442513358645 0.1848456881987322 0.21063810980785763
v -4.29169 0.98943 -2.25912 0.18914442513358645 0.1848456881987322 0.21063810980785763
v -2.78 1.18174 -2.09823 0.18914442513358645 0.1848456881987322 0.21063810980785763
v -2.78 1.46734 -2.09823 0.18914442513358645 0.1848456881987322 0.21063810980785763
v -2.78 1.18174 -2.09823 0.1988522504956627 0.19433288116621583 0.22144909714289712
v -1.33516 1.51356 -2.15921 0.1988522504956627 0.19433288116621583 0.22144909714289712
v -2.78 1.46734 -2.09823 0.1988522504956627 0.19433288116621583 0.22144909714289712
v -2.78 1.18174 -2.09823 0.1988522504956627 0.19433288116621583 0.22144909714289712
v -1.33516 1.22796 -2.15921 0.1988522504956627 0.19433288116621583 0.22144909714289712
v -1.33516 1.51356 -2.15921 0.1988522504956627 0.19433288116621583 0.22144909714289712
v -1.33516 1.22796 -2.15921 0.208043112143159 0.20331485959445084 0.2316843748866998
v -0.82754 1.47514 -1.96249 0.208043112143159 0.20331485959445084 0.2316843748866998
v -1.33516 1.51356 -2.15921 0.208043112143159 0.20331485959445084 0.2316843748866998
v -1.33516 1.22796 -2.15921 0.208043112143159 0.20331485959445084 0.2316843748866998
v -0.82754 1.18954 -1.96249 0.208043112143159 0.20331485959445084 0.2316843748866998
v -0.82754 1.47514 -1.96249 0.208043112143159 0.20331485959445084 0.2316843748866998
v -0.82754 1.18954 -1.96249 0.21114195673006686 0.2063432758952926 0.23513536090393808
v -0.59254 1.43184 -1.47883 0.21114195673006686 0.2063432758952926 0.23513536090393808
v -0.82754 1.47514 -1.96249 0.21114195673006686 0.2063432758952926 0.23513536090393808
v -0.82754 1.18954 -1.96249 0.21114195673006686 0.2063432758952926 0.23513536090393808
v -0.59254 1.14624 -1.47883 0.21114195673006686 0.2063432758952926 0.23513536090393808
v -0.59254 1.43184 -1.47883 0.21114195673006686 0.2063432758952926 0.23513536090393808
v -0.59254 1.14624 -1.47883 0.2062690667124165 0.20158113337804337 0.22970873338428197
v -0.43793 1.39399 0.0 0.2062690667124165 0.20158113337804337 0.22970873338428197
v -0.59254 1.43184 -1.47883 0.2062690667124165 0.20158113337804337 0.22970873338428197
v -0.59254 1.14624 -1.47883 0.2062690667124165 0.20158113337804337 0.22970873338428197
v -0.43793 1.10839 0.0 0.2062690667124165 0.20158113337804337 0.22970873338428197
v -0.43793 1.39399 0.0 0.2062690667124165 0.20158113337804337 0.22970873338428197
v -0.43793 1.39399 0.0 0.2192571116186754 0.2142739954455237 0.24417269248443396
v -0.92192 1.49656 1.25615 0.2192571116186754 0.2142739954455237 0.24417269248443396
v -0.60187 1.49625 0.0 0.2192571116186754 0.2142739954455237 0.24417269248443396
v -0.43793 1.39399 0.0 0.2192571116186754 0.2142739954455237 0.24417269248443396
v -0.78206 1.40377 1.3507 0.2192571116186754 0.2142739954455237 0.24417269248443396
v -0.92192 1.49656 1.25615 0.2192571116186754 0.2142739954455237 0.24417269248443396
v -0.78206 1.40377 1.3507 0.2094039479907031 0.20464476735455078 0.23319985117146483
v -0.96508 1.51493 1.82425 0.2094039479907031 0.20464476735455078 0.23319985117146483
v -0.92192 1.49656 1.25615 0.2094039479907031 0.20464476735455078 0.23319985117146483
v -0.78206 1.40377 1.3507 0.2094039479907031 0.20464476735455078 0.23319985117146483
v -0.82848 1.42894 1.96156 0.2094039479907031 0.20464476735455078 0.23319985117146483
v -0.96508 1.51493 1.82425 0.2094039479907031 0.20464476735455078 0.23319985117146483
v -0.82848 1.42894 1.96156 0.20464371684751478 0.19999272328279852 0.227898684671096
v -1.48469 1.47137 1.93575 0.20464371684751478 0.19999272328279852 0.227898684671096
v -0.96508 1.51493 1.82425 0.20464371684751478 0.19999272328279852 0.227898684671096
v -0.82848 1.42894 1.96156 0.20464371684751478 0.19999272328279852 0.227898684671096
v -1.3872 1.37415 2.08145 0.20464371684751478 0.19999272328279852 0.227898684671096
v -1.48469 1.47137 1.93575 0.20464371684751478 0.19999272328279852 0.227898684671096
v -1.3872 1.37415 2.08145 0.2078639105244819 0.20313973073983457 0.23148480944771846
v -2.78 1.45055 2.23178 0.2078639105244819 0.20313973073983457 0.23148480944771846
v -1.48469 1.47137 1.93575 0.2078639105244819 0.20313973073983457 0.23148480944771846
v -1.3872 1.37415 2.08145 0.2078639105244819 0.20313973073983457 0.23148480944771846
v -2.78 1.33383 2.39977 0.2078639105244819 0.20313973073983457 0.23148480944771846
v -2.78 1.45055 2.23178 0.2078639105244819 0.20313973073983457 0.23148480944771846
v -2.78 1.33383 2.39977 0.2171112027479507 0.21217685723095184 0.2417829303329451
v -4.13748 1.53376 2.02866 0.2171112027479507 0.21217685723095184 0.2417829303329451
v -2.78 1.45055 2.23178 0.2171112027479507 0.21217685723095184 0.2417829303329451
v -2.78 1.33383 2.39977 0.2171112027479507 0.21217685723095184 0.2417829303329451
v -4.23966 1.42128 2.18135 0.2171112027479507 0.21217685723095184 0.2417829303329451
v -4.13748 1.53376 2.02866 0.2171112027479507 0.21217685723095184 0.2417829303329451
v -4.23966 1.42128 2.18135 0.22677631014175287 0.22162230309307665 0.2525463453851339
v -4.52499 1.53886 1.75396 0.22677631014175287 0.22162230309307665 0.2525463453851339
v -4.13748 1.53376 2.02866 0.22677631014175287 0.22162230309307665 0.2525463453851339
v -4.23966 1.42128 2.18135 0.22677631014175287 0.22162230309307665 0.2525463453851339
v -4.65633 1.42512 1.88597 0.22677631014175287 0.22162230309307665 0.2525463453851339
v -4.52499 1.53886 1.75396 0.22677631014175287 0.22162230309307665 0.2525463453851339
v -4.65633 1.42512 1.88597 0.23099650825392978 0.225746587611795 0.25724611146460363
v -4.76174 1.5191 1.33975 0.23099650825392978 0.225746587611795 0.25724611146460363
v -4.52499 1.53886 1.75396 0.23099650825392978 0.225746587611795 0.25724611146460363
v -4.65633 1.42512 1.88597 0.23099650825392978 0.225746587611795 0.25724611146460363
v -4.91091 1.40022 1.4406 0.23099650825392978 0.225746587611795 0.25724611146460363
v -4.76174 1.5191 1.33975 0.23099650825392978 0.225746587611795 0.25724611146460363
v -4.91091 1.40022 1.4406 0.2272118815391834 0.2220479751405656 0.25303141353227243
v -4.76362 1.45125 0.0 0.2272118815391834 0.2220479751405656 0.25303141353227243
v -4.76174 1.5191 1.33975 0.2272118815391834 0.2220479751405656 0.25303141353227243
v -4.91091 1.40022 1.4406 0.2272118815391834 0.2220479751405656 0.25303141353227243
v -4.91293 1.32207 0.0 0.2272118815391834 0.2220479751405656 0.25303141353227243
v -4.76362 1.45125 0.0 0.2272118815391834 0.2220479751405656 0.25303141353227243
v -4.91293 1.32207 0.0 0.21771813377792967 0.21276999437388583 0.24245883079814895
v -4.938 1.3545 -1.45891 0.21771813377792967 0.21276999437388583 0.24245883079814895
v -4.76362 1.45125 0.0 0.21771813377792967 0.21276999437388583 0.24245883079814895
v -4.91293 1.32207 0.0 0.21771813377792967 0.21276999437388583 0.24245883079814895
v -5.10043 1.23178 -1.56872 0.21771813377792967 0.21276999437388583 0.24245883079814895
v -4.938 1.3545 -1.45891 0.21771813377792967 0.21276999437388583 0.24245883079814895
v -5.10043 1.23178 -1.56872 0.20827404496844615 0.203540543946436 0.23194155007849684
v -4.52585 1.3814 -1.75483 0.20827404496844615 0.203540543946436 0.23194155007849684
v -4.938 1.3545 -1.45891 0.20827404496844615 0.203540543946436 0.23194155007849684
v -5.10043 1.23178 -1.56872 0.20827404496844615 0.203540543946436 0.23194155007849684
v -4.65726 1.25551 -1.88691 0.20827404496844615 0.203540543946436 0.23194155007849684
v -4.52585 1.3814 -1.75483 0.20827404496844615 0.203540543946436 0.23194155007849684
v -4.65726 1.25551 -1.88691 0.20460827265522433 0.19995808464033288 0.22785921272968163
v -4.18587 1.4017 -2.10098 0.20460827265522433 0.19995808464033288 0.22785921272968163
v -4.52585 1.3814 -1.75483 0.20460827265522433 0.19995808464033288 0.22785921272968163
v -4.65726 1.25551 -1.88691 0.20460827265522433 0.19995808464033288 0.22785921272968163
v -4.29169 1.27503 -2.25912 0.20460827265522433 0.19995808464033288 0.22785921272968163
v -4.18587 1.4017 -2.10098 0.20460827265522433 0.19995808464033288 0.22785921272968163
v -4.29169 1.27503 -2.25912 0.20894442513358644 0.2041956881987322 0.23268810980785762
v -2.78 1.58241 -1.95136 0.20894442513358644 0.2041956881987322 0.23268810980785762
v -4.18587 1.4017 -2.10098 0.20894442513358644 0.2041956881987322 0.23268810980785762
v -4.29169 1.27503 -2.25912 0.20894442513358644 0.2041956881987322 0.23268810980785762
v -2.78 1.46734 -2.09823 0.20894442513358644 0.2041956881987322 0.23268810980785762
v -2.78 1.58241 -1.95136 0.20894442513358644 0.2041956881987322 0.23268810980785762
v -2.78 1.46734 -2.09823 0.21865225049566273 0.21368288116621584 0.2434990971428971
v -1.4363 1.61957 -2.00807 0.21865225049566273 0.21368288116621584 0.2434990971428971
v -2.78 1.58241 -1.95136 0.21865225049566273 0.21368288116621584 0.2434990971428971
v -2.78 1.46734 -2.09823 0.21865225049566273 0.21368288116621584 0.2434990971428971
v -1.33516 1.51356 -2.15921 0.21865225049566273 0.21368288116621584 0.2434990971428971
v -1.4363 1.61957 -2.00807 0.21865225049566273 0.21368288116621584 0.2434990971428971
v -1.33516 1.51356 -2.15921 0.227843112143159 0.22266485959445081 0.25373437488669975
v -0.96421 1.58441 -1.82512 0.227843112143159 0.22266485959445081 0.25373437488669975
v -1.4363 1.61957 -2.00807 0.227843112143159 0.22266485959445081 0.25373437488669975
v -1.33516 1.51356 -2.15921 0.227843112143159 0.22266485959445081 0.25373437488669975
v -0.82754 1.47514 -1.96249 0.227843112143159 0.22266485959445081 0.25373437488669975
v -0.96421 1.58441 -1.82512 0.227843112143159 0.22266485959445081 0.25373437488669975
v -0.82754 1.47514 -1.96249 0.23094195673006684 0.2256932758952926 0.25718536090393807
v -0.74566 1.54333 -1.37531 0.23094195673006684 0.2256932758952926 0.25718536090393807
v -0.96421 1.58441 -1.82512 0.23094195673006684 0.2256932758952926 0.25718536090393807
v -0.82754 1.47514 -1.96249 0.23094195673006684 0.2256932758952926 0.25718536090393807
v -0.59254 1.43184 -1.47883 0.23094195673006684 0.2256932758952926 0.25718536090393807
v -0.74566 1.54333 -1.37531 0.23094195673006684 0.2256932758952926 0.25718536090393807
v -0.59254 1.43184 -1.47883 0.22606906671241647 0.22093113337804335 0.25175873338428195
v -0.60187 1.49625 0.0 0.22606906671241647 0.22093113337804335 0.25175873338428195
v -0.74566 1.54333 -1.37531 0.22606906671241647 0.22093113337804335 0.25175873338428195
v -0.59254 1.43184 -1.47883 0.22606906671241647 0.22093113337804335 0.25175873338428195
v -0.43793 1.39399 0.0 0.22606906671241647 0.22093113337804335 0.25175873338428195
v -0.60187 1.49625 0.0 0.22606906671241647 0.22093113337804335 0.25175873338428195
v -2.78 1.51 0 0.28 0.27 0.295
v -0.92192 1.49656 1.25615 0.28 0.27 0.295
v -0.60187 1.49625 0.0 0.28 0.27 0.295
v -2.78 1.09 0 0.16 0.15 0.18
v -0.60187 1.07625 0.0 0.16 0.15 0.18
v -0.92192 1.07656 1.25615 0.16 0.15 0.18
v -2.78 1.51 0 0.28 0.27 0.295
v -0.96508 1.51493 1.82425 0.28 0.27 0.295
v -0.92192 1.49656 1.25615 0.28 0.27 0.295
v -2.78 1.09 0 0.16 0.15 0.18
v -0.92192 1.07656 1.25615 0.16 0.15 0.18
v -0.96508 1.09493 1.82425 0.16 0.15 0.18
v -2.78 1.51 0 0.28 0.27 0.295
v -1.48469 1.47137 1.93575 0.28 0.27 0.295
v -0.96508 1.51493 1.82425 0.28 0.27 0.295
v -2.78 1.09 0 0.16 0.15 0.18
v -0.96508 1.09493 1.82425 0.16 0.15 0.18
v -1.48469 1.05137 1.93575 0.16 0.15 0.18
v -2.78 1.51 0 0.28 0.27 0.295
v -2.78 1.45055 2.23178 0.28 0.27 0.295
v -1.48469 1.47137 1.93575 0.28 0.27 0.295
v -2.78 1.09 0 0.16 0.15 0.18
v -1.48469 1.05137 1.93575 0.16 0.15 0.18
v -2.78 1.03055 2.23178 0.16 0.15 0.18
v -2.78 1.51 0 0.28 0.27 0.295
v -4.13748 1.53376 2.02866 0.28 0.27 0.295
v -2.78 1.45055 2.23178 0.28 0.27 0.295
v -2.78 1.09 0 0.16 0.15 0.18
v -2.78 1.03055 2.23178 0.16 0.15 0.18
v -4.13748 1.11376 2.02866 0.16 0.15 0.18
v -2.78 1.51 0 0.28 0.27 0.295
v -4.52499 1.53886 1.75396 0.28 0.27 0.295
v -4.13748 1.53376 2.02866 0.28 0.27 0.295
v -2.78 1.09 0 0.16 0.15 0.18
v -4.13748 1.11376 2.02866 0.16 0.15 0.18
v -4.52499 1.11886 1.75396 0.16 0.15 0.18
v -2.78 1.51 0 0.28 0.27 0.295
v -4.76174 1.5191 1.33975 0.28 0.27 0.295
v -4.52499 1.53886 1.75396 0.28 0.27 0.295
v -2.78 1.09 0 0.16 0.15 0.18
v -4.52499 1.11886 1.75396 0.16 0.15 0.18
v -4.76174 1.0991 1.33975 0.16 0.15 0.18
v -2.78 1.51 0 0.28 0.27 0.295
v -4.76362 1.45125 0.0 0.28 0.27 0.295
v -4.76174 1.5191 1.33975 0.28 0.27 0.295
v -2.78 1.09 0 0.16 0.15 0.18
v -4.76174 1.0991 1.33975 0.16 0.15 0.18
v -4.76362 1.03125 0.0 0.16 0.15 0.18
v -2.78 1.51 0 0.28 0.27 0.295
v -4.938 1.3545 -1.45891 0.28 0.27 0.295
v -4.76362 1.45125 0.0 0.28 0.27 0.295
v -2.78 1.09 0 0.16 0.15 0.18
v -4.76362 1.03125 0.0 0.16 0.15 0.18
v -4.938 0.9345 -1.45891 0.16 0.15 0.18
v -2.78 1.51 0 0.28 0.27 0.295
v -4.52585 1.3814 -1.75483 0.28 0.27 0.295
v -4.938 1.3545 -1.45891 0.28 0.27 0.295
v -2.78 1.09 0 0.16 0.15 0.18
v -4.938 0.9345 -1.45891 0.16 0.15 0.18
v -4.52585 0.9614 -1.75483 0.16 0.15 0.18
v -2.78 1.51 0 0.28 0.27 0.295
v -4.18587 1.4017 -2.10098 0.28 0.27 0.295
v -4.52585 1.3814 -1.75483 0.28 0.27 0.295
v -2.78 1.09 0 0.16 0.15 0.18
v -4.52585 0.9614 -1.75483 0.16 0.15 0.18
v -4.18587 0.9817 -2.10098 0.16 0.15 0.18
v -2.78 1.51 0 0.28 0.27 0.295
v -2.78 1.58241 -1.95136 0.28 0.27 0.295
v -4.18587 1.4017 -2.10098 0.28 0.27 0.295
v -2.78 1.09 0 0.16 0.15 0.18
v -4.18587 0.9817 -2.10098 0.16 0.15 0.18
v -2.78 1.16241 -1.95136 0.16 0.15 0.18
v -2.78 1.51 0 0.28 0.27 0.295
v -1.4363 1.61957 -2.00807 0.28 0.27 0.295
v -2.78 1.58241 -1.95136 0.28 0.27 0.295
v -2.78 1.09 0 0.16 0.15 0.18
v -2.78 1.16241 -1.95136 0.16 0.15 0.18
v -1.4363 1.19957 -2.00807 0.16 0.15 0.18
v -2.78 1.51 0 0.28 0.27 0.295
v -0.96421 1.58441 -1.82512 0.28 0.27 0.295
v -1.4363 1.61957 -2.00807 0.28 0.27 0.295
v -2.78 1.09 0 0.16 0.15 0.18
v -1.4363 1.19957 -2.00807 0.16 0.15 0.18
v -0.96421 1.16441 -1.82512 0.16 0.15 0.18
v -2.78 1.51 0 0.28 0.27 0.295
v -0.74566 1.54333 -1.37531 0.28 0.27 0.295
v -0.96421 1.58441 -1.82512 0.28 0.27 0.295
v -2.78 1.09 0 0.16 0.15 0.18
v -0.96421 1.16441 -1.82512 0.16 0.15 0.18
v -0.74566 1.12333 -1.37531 0.16 0.15 0.18
v -2.78 1.51 0 0.28 0.27 0.295
v -0.60187 1.49625 0.0 0.28 0.27 0.295
v -0.74566 1.54333 -1.37531 0.28 0.27 0.295
v -2.78 1.09 0 0.16 0.15 0.18
v -0.74566 1.12333 -1.37531 0.16 0.15 0.18
v -0.60187 1.07625 0.0 0.16 0.15 0.18
v -0.73526 1.57188 0.0 0.18546425438795042 0.18124915769731517 0.20653973784112659
v -0.71182 1.67496 1.31937 0.18546425438795042 0.18124915769731517 0.20653973784112659
v -0.58812 1.61286 0.0 0.18546425438795042 0.18124915769731517 0.20653973784112659
v -0.73526 1.57188 0.0 0.18546425438795042 0.18124915769731517 0.20653973784112659
v -0.85029 1.62543 1.22701 0.18546425438795042 0.18124915769731517 0.20653973784112659
v -0.71182 1.67496 1.31937 0.18546425438795042 0.18124915769731517 0.20653973784112659
v -0.85029 1.62543 1.22701 0.19223225671440483 0.18786334178907743 0.21407683134104172
v -0.81924 1.69357 1.8551 0.19223225671440483 0.18786334178907743 0.21407683134104172
v -0.71182 1.67496 1.31937 0.19223225671440483 0.18786334178907743 0.21407683134104172
v -0.85029 1.62543 1.22701 0.19223225671440483 0.18786334178907743 0.21407683134104172
v -0.95019 1.64338 1.72524 0.19223225671440483 0.18786334178907743 0.21407683134104172
v -0.81924 1.69357 1.8551 0.19223225671440483 0.18786334178907743 0.21407683134104172
v -0.95019 1.64338 1.72524 0.20249889472231708 0.1978966471149917 0.22551013275894402
v -1.3183 1.63801 2.02236 0.20249889472231708 0.1978966471149917 0.22551013275894402
v -0.81924 1.69357 1.8551 0.20249889472231708 0.1978966471149917 0.22551013275894402
v -0.95019 1.64338 1.72524 0.20249889472231708 0.1978966471149917 0.22551013275894402
v -1.41432 1.59129 1.88079 0.20249889472231708 0.1978966471149917 0.22551013275894402
v -1.3183 1.63801 2.02236 0.20249889472231708 0.1978966471149917 0.22551013275894402
v -1.41432 1.59129 1.88079 0.21003656356096503 0.2052630052982158 0.23390435487471103
v -2.69 1.50703 2.30521 0.21003656356096503 0.2052630052982158 0.23390435487471103
v -1.3183 1.63801 2.02236 0.21003656356096503 0.2052630052982158 0.23390435487471103
v -1.41432 1.59129 1.88079 0.21003656356096503 0.2052630052982158 0.23390435487471103
v -2.69 1.48036 2.14385 0.21003656356096503 0.2052630052982158 0.23390435487471103
v -2.69 1.50703 2.30521 0.21003656356096503 0.2052630052982158 0.23390435487471103
v -2.69 1.48036 2.14385 0.21027301445849864 0.2054940823117146 0.23416767519241893
v -4.01597 1.54257 1.95493 0.21027301445849864 0.2054940823117146 0.23416767519241893
v -2.69 1.50703 2.30521 0.21027301445849864 0.2054940823117146 0.23416767519241893
v -2.69 1.48036 2.14385 0.21027301445849864 0.2054940823117146 0.23416767519241893
v -3.92315 1.52005 1.81808 0.21027301445849864 0.2054940823117146 0.23416767519241893
v -4.01597 1.54257 1.95493 0.21027301445849864 0.2054940823117146 0.23416767519241893
v -3.92315 1.52005 1.81808 0.20306481947333657 0.19844970993985167 0.2261403671407612
v -4.5438 1.58062 1.83828 0.20306481947333657 0.19844970993985167 0.2261403671407612
v -4.01597 1.54257 1.95493 0.20306481947333657 0.19844970993985167 0.2261403671407612
v -3.92315 1.52005 1.81808 0.20306481947333657 0.19844970993985167 0.2261403671407612
v -4.41403 1.55596 1.7096 0.20306481947333657 0.19844970993985167 0.2261403671407612
v -4.5438 1.58062 1.83828 0.20306481947333657 0.19844970993985167 0.2261403671407612
v -4.41403 1.55596 1.7096 0.1927843729589129 0.18840290993711944 0.21469168806788028
v -4.66072 1.60596 1.31439 0.1927843729589129 0.18840290993711944 0.21469168806788028
v -4.5438 1.58062 1.83828 0.1927843729589129 0.18840290993711944 0.21469168806788028
v -4.41403 1.55596 1.7096 0.1927843729589129 0.18840290993711944 0.21469168806788028
v -4.52277 1.58164 1.22239 0.1927843729589129 0.18840290993711944 0.21469168806788028
v -4.66072 1.60596 1.31439 0.1927843729589129 0.18840290993711944 0.21469168806788028
v -4.52277 1.58164 1.22239 0.18566765582070763 0.181447936370237 0.20676625307306076
v -4.88812 1.5878 0.0 0.18566765582070763 0.181447936370237 0.20676625307306076
v -4.66072 1.60596 1.31439 0.18566765582070763 0.181447936370237 0.20676625307306076
v -4.52277 1.58164 1.22239 0.18566765582070763 0.181447936370237 0.20676625307306076
v -4.73426 1.57662 0.0 0.18566765582070763 0.181447936370237 0.20676625307306076
v -4.88812 1.5878 0.0 0.18566765582070763 0.181447936370237 0.20676625307306076
v -4.73426 1.57662 0.0 0.18603157317770422 0.18180358287821094 0.2071715246751706
v -4.86132 1.5101 -1.44818 0.18603157317770422 0.18180358287821094 0.2071715246751706
v -4.88812 1.5878 0.0 0.18603157317770422 0.18180358287821094 0.2071715246751706
v -4.73426 1.57662 0.0 0.18603157317770422 0.18180358287821094 0.2071715246751706
v -4.70933 1.5116 -1.34681 0.18603157317770422 0.18180358287821094 0.2071715246751706
v -4.86132 1.5101 -1.44818 0.18603157317770422 0.18180358287821094 0.2071715246751706
v -4.70933 1.5116 -1.34681 0.1936553776444443 0.189254119061616 0.21566167055858568
v -4.4983 1.537 -1.79316 0.1936553776444443 0.189254119061616 0.21566167055858568
v -4.86132 1.5101 -1.44818 0.1936553776444443 0.189254119061616 0.21566167055858568
v -4.70933 1.5116 -1.34681 0.1936553776444443 0.189254119061616 0.21566167055858568
v -4.37172 1.53633 -1.66764 0.1936553776444443 0.189254119061616 0.21566167055858568
v -4.4983 1.537 -1.79316 0.1936553776444443 0.189254119061616 0.21566167055858568
v -4.37172 1.53633 -1.66764 0.20391457173290503 0.19928014964806628 0.2270866821570988
v -4.10921 1.56997 -2.0924 0.20391457173290503 0.19928014964806628 0.2270866821570988
v -4.4983 1.537 -1.79316 0.20391457173290503 0.19928014964806628 0.2270866821570988
v -4.37172 1.53633 -1.66764 0.20391457173290503 0.19928014964806628 0.2270866821570988
v -4.00987 1.56591 -1.94593 0.20391457173290503 0.19928014964806628 0.2270866821570988
v -4.10921 1.56997 -2.0924 0.20391457173290503 0.19928014964806628 0.2270866821570988
v -4.00987 1.56591 -1.94593 0.21058606597401583 0.2058000190200609 0.23451630074379035
v -2.69 1.67946 -1.95879 0.21058606597401583 0.2058000190200609 0.23451630074379035
v -4.10921 1.56997 -2.0924 0.21058606597401583 0.2058000190200609 0.23451630074379035
v -4.00987 1.56591 -1.94593 0.21058606597401583 0.2058000190200609 0.23451630074379035
v -2.69 1.65085 -1.82167 0.21058606597401583 0.2058000190200609 0.23451630074379035
v -2.69 1.67946 -1.95879 0.21058606597401583 0.2058000190200609 0.23451630074379035
v -2.69 1.65085 -1.82167 0.20962302148386078 0.2048588619046821 0.23344381937975403
v -1.22505 1.62344 -2.15983 0.20962302148386078 0.2048588619046821 0.23344381937975403
v -2.69 1.67946 -1.95879 0.20962302148386078 0.2048588619046821 0.23344381937975403
v -2.69 1.65085 -1.82167 0.20962302148386078 0.2048588619046821 0.23344381937975403
v -1.3276 1.59525 -2.00864 0.20962302148386078 0.2048588619046821 0.23344381937975403
v -1.22505 1.62344 -2.15983 0.20962302148386078 0.2048588619046821 0.23344381937975403
v -1.3276 1.59525 -2.00864 0.20160960812736817 0.19702757157901887 0.22451979086911453
v -0.86474 1.58858 -1.80998 0.20160960812736817 0.19702757157901887 0.22451979086911453
v -1.22505 1.62344 -2.15983 0.20160960812736817 0.19702757157901887 0.22451979086911453
v -1.3276 1.59525 -2.00864 0.20160960812736817 0.19702757157901887 0.22451979086911453
v -0.99251 1.5619 -1.68328 0.20160960812736817 0.19702757157901887 0.22451979086911453
v -0.86474 1.58858 -1.80998 0.20160960812736817 0.19702757157901887 0.22451979086911453
v -0.99251 1.5619 -1.68328 0.19140665491704223 0.18705650366892762 0.2131574111576152
v -0.51123 1.5815 -1.45315 0.19140665491704223 0.18705650366892762 0.2131574111576152
v -0.86474 1.58858 -1.80998 0.19140665491704223 0.18705650366892762 0.2131574111576152
v -0.99251 1.5619 -1.68328 0.19140665491704223 0.18705650366892762 0.2131574111576152
v -0.66374 1.55166 -1.35143 0.19140665491704223 0.18705650366892762 0.2131574111576152
v -0.51123 1.5815 -1.45315 0.19140665491704223 0.18705650366892762 0.2131574111576152
v -0.66374 1.55166 -1.35143 0.18520313635995614 0.18099397416995713 0.20624894730995116
v -0.58812 1.61286 0.0 0.18520313635995614 0.18099397416995713 0.20624894730995116
v -0.51123 1.5815 -1.45315 0.18520313635995614 0.18099397416995713 0.20624894730995116
v -0.66374 1.55166 -1.35143 0.18520313635995614 0.18099397416995713 0.20624894730995116
v -0.73526 1.57188 0.0 0.18520313635995614 0.18099397416995713 0.20624894730995116
v -0.58812 1.61286 0.0 0.18520313635995614 0.18099397416995713 0.20624894730995116
v -0.58812 1.61286 0.0 0.18546425438795042 0.18124915769731517 0.20653973784112659
v -0.71182 1.96056 1.31937 0.18546425438795042 0.18124915769731517 0.20653973784112659
v -0.58812 1.89846 0.0 0.18546425438795042 0.18124915769731517 0.20653973784112659
v -0.58812 1.61286 0.0 0.18546425438795042 0.18124915769731517 0.20653973784112659
v -0.71182 1.67496 1.31937 0.18546425438795042 0.18124915769731517 0.20653973784112659
v -0.71182 1.96056 1.31937 0.18546425438795042 0.18124915769731517 0.20653973784112659
v -0.71182 1.67496 1.31937 0.19223225671440483 0.18786334178907743 0.21407683134104172
v -0.81924 1.97917 1.8551 0.19223225671440483 0.18786334178907743 0.21407683134104172
v -0.71182 1.96056 1.31937 0.19223225671440483 0.18786334178907743 0.21407683134104172
v -0.71182 1.67496 1.31937 0.19223225671440483 0.18786334178907743 0.21407683134104172
v -0.81924 1.69357 1.8551 0.19223225671440483 0.18786334178907743 0.21407683134104172
v -0.81924 1.97917 1.8551 0.19223225671440483 0.18786334178907743 0.21407683134104172
v -0.81924 1.69357 1.8551 0.20249889472231708 0.1978966471149917 0.22551013275894402
v -1.3183 1.92361 2.02236 0.20249889472231708 0.1978966471149917 0.22551013275894402
v -0.81924 1.97917 1.8551 0.20249889472231708 0.1978966471149917 0.22551013275894402
v -0.81924 1.69357 1.8551 0.20249889472231708 0.1978966471149917 0.22551013275894402
v -1.3183 1.63801 2.02236 0.20249889472231708 0.1978966471149917 0.22551013275894402
v -1.3183 1.92361 2.02236 0.20249889472231708 0.1978966471149917 0.22551013275894402
v -1.3183 1.63801 2.02236 0.21003656356096503 0.2052630052982158 0.23390435487471103
v -2.69 1.79263 2.30521 0.21003656356096503 0.2052630052982158 0.23390435487471103
v -1.3183 1.92361 2.02236 0.21003656356096503 0.2052630052982158 0.23390435487471103
v -1.3183 1.63801 2.02236 0.21003656356096503 0.2052630052982158 0.23390435487471103
v -2.69 1.50703 2.30521 0.21003656356096503 0.2052630052982158 0.23390435487471103
v -2.69 1.79263 2.30521 0.21003656356096503 0.2052630052982158 0.23390435487471103
v -2.69 1.50703 2.30521 0.21027301445849864 0.2054940823117146 0.23416767519241893
v -4.01597 1.82817 1.95493 0.21027301445849864 0.2054940823117146 0.23416767519241893
v -2.69 1.79263 2.30521 0.21027301445849864 0.2054940823117146 0.23416767519241893
v -2.69 1.50703 2.30521 0.21027301445849864 0.2054940823117146 0.23416767519241893
v -4.01597 1.54257 1.95493 0.21027301445849864 0.2054940823117146 0.23416767519241893
v -4.01597 1.82817 1.95493 0.21027301445849864 0.2054940823117146 0.23416767519241893
v -4.01597 1.54257 1.95493 0.20306481947333657 0.19844970993985167 0.2261403671407612
v -4.5438 1.86622 1.83828 0.20306481947333657 0.19844970993985167 0.2261403671407612
v -4.01597 1.82817 1.95493 0.20306481947333657 0.19844970993985167 0.2261403671407612
v -4.01597 1.54257 1.95493 0.20306481947333657 0.19844970993985167 0.2261403671407612
v -4.5438 1.58062 1.83828 0.20306481947333657 0.19844970993985167 0.2261403671407612
v -4.5438 1.86622 1.83828 0.20306481947333657 0.19844970993985167 0.2261403671407612
v -4.5438 1.58062 1.83828 0.1927843729589129 0.18840290993711944 0.21469168806788028
v -4.66072 1.89156 1.31439 0.1927843729589129 0.18840290993711944 0.21469168806788028
v -4.5438 1.86622 1.83828 0.1927843729589129 0.18840290993711944 0.21469168806788028
v -4.5438 1.58062 1.83828 0.1927843729589129 0.18840290993711944 0.21469168806788028
v -4.66072 1.60596 1.31439 0.1927843729589129 0.18840290993711944 0.21469168806788028
v -4.66072 1.89156 1.31439 0.1927843729589129 0.18840290993711944 0.21469168806788028
v -4.66072 1.60596 1.31439 0.18566765582070763 0.181447936370237 0.20676625307306076
v -4.88812 1.8734 0.0 0.18566765582070763 0.181447936370237 0.20676625307306076
v -4.66072 1.89156 1.31439 0.18566765582070763 0.181447936370237 0.20676625307306076
v -4.66072 1.60596 1.31439 0.18566765582070763 0.181447936370237 0.20676625307306076
v -4.88812 1.5878 0.0 0.18566765582070763 0.181447936370237 0.20676625307306076
v -4.88812 1.8734 0.0 0.18566765582070763 0.181447936370237 0.20676625307306076
v -4.88812 1.5878 0.0 0.18603157317770422 0.18180358287821094 0.2071715246751706
v -4.86132 1.7957 -1.44818 0.18603157317770422 0.18180358287821094 0.2071715246751706
v -4.88812 1.8734 0.0 0.18603157317770422 0.18180358287821094 0.2071715246751706
v -4.88812 1.5878 0.0 0.18603157317770422 0.18180358287821094 0.2071715246751706
v -4.86132 1.5101 -1.44818 0.18603157317770422 0.18180358287821094 0.2071715246751706
v -4.86132 1.7957 -1.44818 0.18603157317770422 0.18180358287821094 0.2071715246751706
v -4.86132 1.5101 -1.44818 0.1936553776444443 0.189254119061616 0.21566167055858568
v -4.4983 1.8226 -1.79316 0.1936553776444443 0.189254119061616 0.21566167055858568
v -4.86132 1.7957 -1.44818 0.1936553776444443 0.189254119061616 0.21566167055858568
v -4.86132 1.5101 -1.44818 0.1936553776444443 0.189254119061616 0.21566167055858568
v -4.4983 1.537 -1.79316 0.1936553776444443 0.189254119061616 0.21566167055858568
v -4.4983 1.8226 -1.79316 0.1936553776444443 0.189254119061616 0.21566167055858568
v -4.4983 1.537 -1.79316 0.20391457173290503 0.19928014964806628 0.2270866821570988
v -4.10921 1.85557 -2.0924 0.20391457173290503 0.19928014964806628 0.2270866821570988
v -4.4983 1.8226 -1.79316 0.20391457173290503 0.19928014964806628 0.2270866821570988
v -4.4983 1.537 -1.79316 0.20391457173290503 0.19928014964806628 0.2270866821570988
v -4.10921 1.56997 -2.0924 0.20391457173290503 0.19928014964806628 0.2270866821570988
v -4.10921 1.85557 -2.0924 0.20391457173290503 0.19928014964806628 0.2270866821570988
v -4.10921 1.56997 -2.0924 0.21058606597401583 0.2058000190200609 0.23451630074379035
v -2.69 1.96506 -1.95879 0.21058606597401583 0.2058000190200609 0.23451630074379035
v -4.10921 1.85557 -2.0924 0.21058606597401583 0.2058000190200609 0.23451630074379035
v -4.10921 1.56997 -2.0924 0.21058606597401583 0.2058000190200609 0.23451630074379035
v -2.69 1.67946 -1.95879 0.21058606597401583 0.2058000190200609 0.23451630074379035
v -2.69 1.96506 -1.95879 0.21058606597401583 0.2058000190200609 0.23451630074379035
v -2.69 1.67946 -1.95879 0.20962302148386078 0.2048588619046821 0.23344381937975403
v -1.22505 1.90904 -2.15983 0.20962302148386078 0.2048588619046821 0.23344381937975403
v -2.69 1.96506 -1.95879 0.20962302148386078 0.2048588619046821 0.23344381937975403
v -2.69 1.67946 -1.95879 0.20962302148386078 0.2048588619046821 0.23344381937975403
v -1.22505 1.62344 -2.15983 0.20962302148386078 0.2048588619046821 0.23344381937975403
v -1.22505 1.90904 -2.15983 0.20962302148386078 0.2048588619046821 0.23344381937975403
v -1.22505 1.62344 -2.15983 0.20160960812736817 0.19702757157901887 0.22451979086911453
v -0.86474 1.87418 -1.80998 0.20160960812736817 0.19702757157901887 0.22451979086911453
v -1.22505 1.90904 -2.15983 0.20160960812736817 0.19702757157901887 0.22451979086911453
v -1.22505 1.62344 -2.15983 0.20160960812736817 0.19702757157901887 0.22451979086911453
v -0.86474 1.58858 -1.80998 0.20160960812736817 0.19702757157901887 0.22451979086911453
v -0.86474 1.87418 -1.80998 0.20160960812736817 0.19702757157901887 0.22451979086911453
v -0.86474 1.58858 -1.80998 0.19140665491704223 0.18705650366892762 0.2131574111576152
v -0.51123 1.8671 -1.45315 0.19140665491704223 0.18705650366892762 0.2131574111576152
v -0.86474 1.87418 -1.80998 0.19140665491704223 0.18705650366892762 0.2131574111576152
v -0.86474 1.58858 -1.80998 0.19140665491704223 0.18705650366892762 0.2131574111576152
v -0.51123 1.5815 -1.45315 0.19140665491704223 0.18705650366892762 0.2131574111576152
v -0.51123 1.8671 -1.45315 0.19140665491704223 0.18705650366892762 0.2131574111576152
v -0.51123 1.5815 -1.45315 0.18520313635995614 0.18099397416995713 0.20624894730995116
v -0.58812 1.89846 0.0 0.18520313635995614 0.18099397416995713 0.20624894730995116
v -0.51123 1.8671 -1.45315 0.18520313635995614 0.18099397416995713 0.20624894730995116
v -0.51123 1.5815 -1.45315 0.18520313635995614 0.18099397416995713 0.20624894730995116
v -0.58812 1.61286 0.0 0.18520313635995614 0.18099397416995713 0.20624894730995116
v -0.58812 1.89846 0.0 0.18520313635995614 0.18099397416995713 0.20624894730995116
v -0.58812 1.89846 0.0 0.2052642543879504 0.20059915769731518 0.22858973784112657
v -0.85029 2.04543 1.22701 0.2052642543879504 0.20059915769731518 0.22858973784112657
v -0.73526 1.99188 0.0 0.2052642543879504 0.20059915769731518 0.22858973784112657
v -0.58812 1.89846 0.0 0.2052642543879504 0.20059915769731518 0.22858973784112657
v -0.71182 1.96056 1.31937 0.2052642543879504 0.20059915769731518 0.22858973784112657
v -0.85029 2.04543 1.22701 0.2052642543879504 0.20059915769731518 0.22858973784112657
v -0.71182 1.96056 1.31937 0.21203225671440482 0.20721334178907744 0.23612683134104173
v -0.95019 2.06338 1.72524 0.21203225671440482 0.20721334178907744 0.23612683134104173
v -0.85029 2.04543 1.22701 0.21203225671440482 0.20721334178907744 0.23612683134104173
v -0.71182 1.96056 1.31937 0.21203225671440482 0.20721334178907744 0.23612683134104173
v -0.81924 1.97917 1.8551 0.21203225671440482 0.20721334178907744 0.23612683134104173
v -0.95019 2.06338 1.72524 0.21203225671440482 0.20721334178907744 0.23612683134104173
v -0.81924 1.97917 1.8551 0.2222988947223171 0.2172466471149917 0.24756013275894403
v -1.41432 2.01129 1.88079 0.2222988947223171 0.2172466471149917 0.24756013275894403
v -0.95019 2.06338 1.72524 0.2222988947223171 0.2172466471149917 0.24756013275894403
v -0.81924 1.97917 1.8551 0.2222988947223171 0.2172466471149917 0.24756013275894403
v -1.3183 1.92361 2.02236 0.2222988947223171 0.2172466471149917 0.24756013275894403
v -1.41432 2.01129 1.88079 0.2222988947223171 0.2172466471149917 0.24756013275894403
v -1.3183 1.92361 2.02236 0.22983656356096502 0.22461300529821582 0.255954354874711
v -2.69 1.90036 2.14385 0.22983656356096502 0.22461300529821582 0.255954354874711
v -1.41432 2.01129 1.88079 0.22983656356096502 0.22461300529821582 0.255954354874711
v -1.3183 1.92361 2.02236 0.22983656356096502 0.22461300529821582 0.255954354874711
v -2.69 1.79263 2.30521 0.22983656356096502 0.22461300529821582 0.255954354874711
v -2.69 1.90036 2.14385 0.22983656356096502 0.22461300529821582 0.255954354874711
v -2.69 1.79263 2.30521 0.23007301445849865 0.22484408231171457 0.25621767519241895
v -3.92315 1.94005 1.81808 0.23007301445849865 0.22484408231171457 0.25621767519241895
v -2.69 1.90036 2.14385 0.23007301445849865 0.22484408231171457 0.25621767519241895
v -2.69 1.79263 2.30521 0.23007301445849865 0.22484408231171457 0.25621767519241895
v -4.01597 1.82817 1.95493 0.23007301445849865 0.22484408231171457 0.25621767519241895
v -3.92315 1.94005 1.81808 0.23007301445849865 0.22484408231171457 0.25621767519241895
v -4.01597 1.82817 1.95493 0.2228648194733366 0.21779970993985168 0.2481903671407612
v -4.41403 1.97596 1.7096 0.2228648194733366 0.21779970993985168 0.2481903671407612
v -3.92315 1.94005 1.81808 0.2228648194733366 0.21779970993985168 0.2481903671407612
v -4.01597 1.82817 1.95493 0.2228648194733366 0.21779970993985168 0.2481903671407612
v -4.5438 1.86622 1.83828 0.2228648194733366 0.21779970993985168 0.2481903671407612
v -4.41403 1.97596 1.7096 0.2228648194733366 0.21779970993985168 0.2481903671407612
v -4.5438 1.86622 1.83828 0.21258437295891291 0.20775290993711942 0.23674168806788026
v -4.52277 2.00164 1.22239 0.21258437295891291 0.20775290993711942 0.23674168806788026
v -4.41403 1.97596 1.7096 0.21258437295891291 0.20775290993711942 0.23674168806788026
v -4.5438 1.86622 1.83828 0.21258437295891291 0.20775290993711942 0.23674168806788026
v -4.66072 1.89156 1.31439 0.21258437295891291 0.20775290993711942 0.23674168806788026
v -4.52277 2.00164 1.22239 0.21258437295891291 0.20775290993711942 0.23674168806788026
v -4.66072 1.89156 1.31439 0.20546765582070764 0.200797936370237 0.22881625307306078
v -4.73426 1.99662 0.0 0.20546765582070764 0.200797936370237 0.22881625307306078
v -4.52277 2.00164 1.22239 0.20546765582070764 0.200797936370237 0.22881625307306078
v -4.66072 1.89156 1.31439 0.20546765582070764 0.200797936370237 0.22881625307306078
v -4.88812 1.8734 0.0 0.20546765582070764 0.200797936370237 0.22881625307306078
v -4.73426 1.99662 0.0 0.20546765582070764 0.200797936370237 0.22881625307306078
v -4.88812 1.8734 0.0 0.2058315731777042 0.20115358287821095 0.2292215246751706
v -4.70933 1.9316 -1.34681 0.2058315731777042 0.20115358287821095 0.2292215246751706
v -4.73426 1.99662 0.0 0.2058315731777042 0.20115358287821095 0.2292215246751706
v -4.88812 1.8734 0.0 0.2058315731777042 0.20115358287821095 0.2292215246751706
v -4.86132 1.7957 -1.44818 0.2058315731777042 0.20115358287821095 0.2292215246751706
v -4.70933 1.9316 -1.34681 0.2058315731777042 0.20115358287821095 0.2292215246751706
v -4.86132 1.7957 -1.44818 0.21345537764444428 0.208604119061616 0.23771167055858566
v -4.37172 1.95633 -1.66764 0.21345537764444428 0.208604119061616 0.23771167055858566
v -4.70933 1.9316 -1.34681 0.21345537764444428 0.208604119061616 0.23771167055858566
v -4.86132 1.7957 -1.44818 0.21345537764444428 0.208604119061616 0.23771167055858566
v -4.4983 1.8226 -1.79316 0.21345537764444428 0.208604119061616 0.23771167055858566
v -4.37172 1.95633 -1.66764 0.21345537764444428 0.208604119061616 0.23771167055858566
v -4.4983 1.8226 -1.79316 0.22371457173290504 0.2186301496480663 0.2491366821570988
v -4.00987 1.98591 -1.94593 0.22371457173290504 0.2186301496480663 0.2491366821570988
v -4.37172 1.95633 -1.66764 0.22371457173290504 0.2186301496480663 0.2491366821570988
v -4.4983 1.8226 -1.79316 0.22371457173290504 0.2186301496480663 0.2491366821570988
v -4.10921 1.85557 -2.0924 0.22371457173290504 0.2186301496480663 0.2491366821570988
v -4.00987 1.98591 -1.94593 0.22371457173290504 0.2186301496480663 0.2491366821570988
v -4.10921 1.85557 -2.0924 0.2303860659740158 0.2251500190200609 0.25656630074379033
v -2.69 2.07085 -1.82167 0.2303860659740158 0.2251500190200609 0.25656630074379033
v -4.00987 1.98591 -1.94593 0.2303860659740158 0.2251500190200609 0.25656630074379033
v -4.10921 1.85557 -2.0924 0.2303860659740158 0.2251500190200609 0.25656630074379033
v -2.69 1.96506 -1.95879 0.2303860659740158 0.2251500190200609 0.25656630074379033
v -2.69 2.07085 -1.82167 0.2303860659740158 0.2251500190200609 0.25656630074379033
v -2.69 1.96506 -1.95879 0.2294230214838608 0.22420886190468214 0.2554938193797541
v -1.3276 2.01525 -2.00864 0.2294230214838608 0.22420886190468214 0.2554938193797541
v -2.69 2.07085 -1.82167 0.2294230214838608 0.22420886190468214 0.2554938193797541
v -2.69 1.96506 -1.95879 0.2294230214838608 0.22420886190468214 0.2554938193797541
v -1.22505 1.90904 -2.15983 0.2294230214838608 0.22420886190468214 0.2554938193797541
v -1.3276 2.01525 -2.00864 0.2294230214838608 0.22420886190468214 0.2554938193797541
v -1.22505 1.90904 -2.15983 0.22140960812736818 0.2163775715790189 0.24656979086911457
v -0.99251 1.9819 -1.68328 0.22140960812736818 0.2163775715790189 0.24656979086911457
v -1.3276 2.01525 -2.00864 0.22140960812736818 0.2163775715790189 0.24656979086911457
v -1.22505 1.90904 -2.15983 0.22140960812736818 0.2163775715790189 0.24656979086911457
v -0.86474 1.87418 -1.80998 0.22140960812736818 0.2163775715790189 0.24656979086911457
v -0.99251 1.9819 -1.68328 0.22140960812736818 0.2163775715790189 0.24656979086911457
v -0.86474 1.87418 -1.80998 0.2112066549170422 0.20640650366892763 0.2352074111576152
v -0.66374 1.97166 -1.35143 0.2112066549170422 0.20640650366892763 0.2352074111576152
v -0.99251 1.9819 -1.68328 0.2112066549170422 0.20640650366892763 0.2352074111576152
v -0.86474 1.87418 -1.80998 0.2112066549170422 0.20640650366892763 0.2352074111576152
v -0.51123 1.8671 -1.45315 0.2112066549170422 0.20640650366892763 0.2352074111576152
v -0.66374 1.97166 -1.35143 0.2112066549170422 0.20640650366892763 0.2352074111576152
v -0.51123 1.8671 -1.45315 0.20500313635995615 0.20034397416995714 0.22829894730995115
v -0.73526 1.99188 0.0 0.20500313635995615 0.20034397416995714 0.22829894730995115
v -0.66374 1.97166 -1.35143 0.20500313635995615 0.20034397416995714 0.22829894730995115
v -0.51123 1.8671 -1.45315 0.20500313635995615 0.20034397416995714 0.22829894730995115
v -0.58812 1.89846 0.0 0.20500313635995615 0.20034397416995714 0.22829894730995115
v -0.73526 1.99188 0.0 0.20500313635995615 0.20034397416995714 0.22829894730995115
v -2.69 1.99 0 0.28 0.27 0.295
v -0.85029 2.04543 1.22701 0.28 0.27 0.295
v -0.73526 1.99188 0.0 0.28 0.27 0.295
v -2.69 1.57 0 0.16 0.15 0.18
v -0.73526 1.57188 0.0 0.16 0.15 0.18
v -0.85029 1.62543 1.22701 0.16 0.15 0.18
v -2.69 1.99 0 0.28 0.27 0.295
v -0.95019 2.06338 1.72524 0.28 0.27 0.295
v -0.85029 2.04543 1.22701 0.28 0.27 0.295
v -2.69 1.57 0 0.16 0.15 0.18
v -0.85029 1.62543 1.22701 0.16 0.15 0.18
v -0.95019 1.64338 1.72524 0.16 0.15 0.18
v -2.69 1.99 0 0.28 0.27 0.295
v -1.41432 2.01129 1.88079 0.28 0.27 0.295
v -0.95019 2.06338 1.72524 0.28 0.27 0.295
v -2.69 1.57 0 0.16 0.15 0.18
v -0.95019 1.64338 1.72524 0.16 0.15 0.18
v -1.41432 1.59129 1.88079 0.16 0.15 0.18
v -2.69 1.99 0 0.28 0.27 0.295
v -2.69 1.90036 2.14385 0.28 0.27 0.295
v -1.41432 2.01129 1.88079 0.28 0.27 0.295
v -2.69 1.57 0 0.16 0.15 0.18
v -1.41432 1.59129 1.88079 0.16 0.15 0.18
v -2.69 1.48036 2.14385 0.16 0.15 0.18
v -2.69 1.99 0 0.28 0.27 0.295
v -3.92315 1.94005 1.81808 0.28 0.27 0.295
v -2.69 1.90036 2.14385 0.28 0.27 0.295
v -2.69 1.57 0 0.16 0.15 0.18
v -2.69 1.48036 2.14385 0.16 0.15 0.18
v -3.92315 1.52005 1.81808 0.16 0.15 0.18
v -2.69 1.99 0 0.28 0.27 0.295
v -4.41403 1.97596 1.7096 0.28 0.27 0.295
v -3.92315 1.94005 1.81808 0.28 0.27 0.295
v -2.69 1.57 0 0.16 0.15 0.18
v -3.92315 1.52005 1.81808 0.16 0.15 0.18
v -4.41403 1.55596 1.7096 0.16 0.15 0.18
v -2.69 1.99 0 0.28 0.27 0.295
v -4.52277 2.00164 1.22239 0.28 0.27 0.295
v -4.41403 1.97596 1.7096 0.28 0.27 0.295
v -2.69 1.57 0 0.16 0.15 0.18
v -4.41403 1.55596 1.7096 0.16 0.15 0.18
v -4.52277 1.58164 1.22239 0.16 0.15 0.18
v -2.69 1.99 0 0.28 0.27 0.295
v -4.73426 1.99662 0.0 0.28 0.27 0.295
v -4.52277 2.00164 1.22239 0.28 0.27 0.295
v -2.69 1.57 0 0.16 0.15 0.18
v -4.52277 1.58164 1.22239 0.16 0.15 0.18
v -4.73426 1.57662 0.0 0.16 0.15 0.18
v -2.69 1.99 0 0.28 0.27 0.295
v -4.70933 1.9316 -1.34681 0.28 0.27 0.295
v -4.73426 1.99662 0.0 0.28 0.27 0.295
v -2.69 1.57 0 0.16 0.15 0.18
v -4.73426 1.57662 0.0 0.16 0.15 0.18
v -4.70933 1.5116 -1.34681 0.16 0.15 0.18
v -2.69 1.99 0 0.28 0.27 0.295
v -4.37172 1.95633 -1.66764 0.28 0.27 0.295
v -4.70933 1.9316 -1.34681 0.28 0.27 0.295
v -2.69 1.57 0 0.16 0.15 0.18
v -4.70933 1.5116 -1.34681 0.16 0.15 0.18
v -4.37172 1.53633 -1.66764 0.16 0.15 0.18
v -2.69 1.99 0 0.28 0.27 0.295
v -4.00987 1.98591 -1.94593 0.28 0.27 0.295
v -4.37172 1.95633 -1.66764 0.28 0.27 0.295
v -2.69 1.57 0 0.16 0.15 0.18
v -4.37172 1.53633 -1.66764 0.16 0.15 0.18
v -4.00987 1.56591 -1.94593 0.16 0.15 0.18
v -2.69 1.99 0 0.28 0.27 0.295
v -2.69 2.07085 -1.82167 0.28 0.27 0.295
v -4.00987 1.98591 -1.94593 0.28 0.27 0.295
v -2.69 1.57 0 0.16 0.15 0.18
v -4.00987 1.56591 -1.94593 0.16 0.15 0.18
v -2.69 1.65085 -1.82167 0.16 0.15 0.18
v -2.69 1.99 0 0.28 0.27 0.295
v -1.3276 2.01525 -2.00864 0.28 0.27 0.295
v -2.69 2.07085 -1.82167 0.28 0.27 0.295
v -2.69 1.57 0 0.16 0.15 0.18
v -2.69 1.65085 -1.82167 0.16 0.15 0.18
v -1.3276 1.59525 -2.00864 0.16 0.15 0.18
v -2.69 1.99 0 0.28 0.27 0.295
v -0.99251 1.9819 -1.68328 0.28 0.27 0.295
v -1.3276 2.01525 -2.00864 0.28 0.27 0.295
v -2.69 1.57 0 0.16 0.15 0.18
v -1.3276 1.59525 -2.00864 0.16 0.15 0.18
v -0.99251 1.5619 -1.68328 0.16 0.15 0.18
v -2.69 1.99 0 0.28 0.27 0.295
v -0.66374 1.97166 -1.35143 0.28 0.27 0.295
v -0.99251 1.9819 -1.68328 0.28 0.27 0.295
v -2.69 1.57 0 0.16 0.15 0.18
v -0.99251 1.5619 -1.68328 0.16 0.15 0.18
v -0.66374 1.55166 -1.35143 0.16 0.15 0.18
v -2.69 1.99 0 0.28 0.27 0.295
v -0.73526 1.99188 0.0 0.28 0.27 0.295
v -0.66374 1.97166 -1.35143 0.28 0.27 0.295
v -2.69 1.57 0 0.16 0.15 0.18
v -0.66374 1.55166 -1.35143 0.16 0.15 0.18
v -0.73526 1.57188 0.0 0.16 0.15 0.18
v -0.83037 2.10872 0.0 0.20697631014175286 0.20227230309307667 0.23049634538513386
v -0.59243 2.22759 1.31918 0.20697631014175286 0.20227230309307667 0.23049634538513386
v -0.69717 2.15175 0.0 0.20697631014175286 0.20227230309307667 0.23049634538513386
v -0.83037 2.10872 0.0 0.20697631014175286 0.20227230309307667 0.23049634538513386
v -0.73296 2.1875 1.22683 0.20697631014175286 0.20227230309307667 0.23049634538513386
v -0.59243 2.22759 1.31918 0.20697631014175286 0.20227230309307667 0.23049634538513386
v -0.73296 2.1875 1.22683 0.21119650825392977 0.206396587611795 0.2351961114646036
v -0.84695 2.21852 1.71268 0.21119650825392977 0.206396587611795 0.2351961114646036
v -0.59243 2.22759 1.31918 0.21119650825392977 0.206396587611795 0.2351961114646036
v -0.73296 2.1875 1.22683 0.21119650825392977 0.206396587611795 0.2351961114646036
v -0.96966 2.17899 1.59279 0.21119650825392977 0.206396587611795 0.2351961114646036
v -0.84695 2.21852 1.71268 0.21119650825392977 0.206396587611795 0.2351961114646036
v -0.96966 2.17899 1.59279 0.2074118815391834 0.20269797514056562 0.23098141353227244
v -1.2158 2.19674 2.01061 0.2074118815391834 0.20269797514056562 0.23098141353227244
v -0.84695 2.21852 1.71268 0.2074118815391834 0.20269797514056562 0.23098141353227244
v -0.96966 2.17899 1.59279 0.2074118815391834 0.20269797514056562 0.23098141353227244
v -1.3127 2.15592 1.86987 0.2074118815391834 0.20269797514056562 0.23098141353227244
v -1.2158 2.19674 2.01061 0.2074118815391834 0.20269797514056562 0.23098141353227244
v -1.3127 2.15592 1.86987 0.1979181337779297 0.19341999437388582 0.22040883079814896
v -2.6 2.0303 2.08566 0.1979181337779297 0.19341999437388582 0.22040883079814896
v -1.2158 2.19674 2.01061 0.1979181337779297 0.19341999437388582 0.22040883079814896
v -1.3127 2.15592 1.86987 0.1979181337779297 0.19341999437388582 0.22040883079814896
v -2.6 1.99738 1.93967 0.1979181337779297 0.19341999437388582 0.22040883079814896
v -2.6 2.0303 2.08566 0.1979181337779297 0.19341999437388582 0.22040883079814896
v -2.6 1.99738 1.93967 0.18847404496844616 0.18419054394643603 0.20989155007849686
v -3.85911 1.95286 1.82891 0.18847404496844616 0.18419054394643603 0.20989155007849686
v -2.6 2.0303 2.08566 0.18847404496844616 0.18419054394643603 0.20989155007849686
v -2.6 1.99738 1.93967 0.18847404496844616 0.18419054394643603 0.20989155007849686
v -3.77097 1.93042 1.70089 0.18847404496844616 0.18419054394643603 0.20989155007849686
v -3.85911 1.95286 1.82891 0.18847404496844616 0.18419054394643603 0.20989155007849686
v -3.77097 1.93042 1.70089 0.18480827265522434 0.18060808464033287 0.20580921272968164
v -4.38858 1.97631 1.74739 0.18480827265522434 0.18060808464033287 0.20580921272968164
v -3.85911 1.95286 1.82891 0.18480827265522434 0.18060808464033287 0.20580921272968164
v -3.77097 1.93042 1.70089 0.18480827265522434 0.18060808464033287 0.20580921272968164
v -4.26338 1.95125 1.62507 0.18480827265522434 0.18060808464033287 0.20580921272968164
v -4.38858 1.97631 1.74739 0.18480827265522434 0.18060808464033287 0.20580921272968164
v -4.26338 1.95125 1.62507 0.18914442513358645 0.1848456881987322 0.21063810980785763
v -4.48716 2.01352 1.24006 0.18914442513358645 0.1848456881987322 0.21063810980785763
v -4.38858 1.97631 1.74739 0.18914442513358645 0.1848456881987322 0.21063810980785763
v -4.26338 1.95125 1.62507 0.18914442513358645 0.1848456881987322 0.21063810980785763
v -4.35506 1.98533 1.15325 0.18914442513358645 0.1848456881987322 0.21063810980785763
v -4.48716 2.01352 1.24006 0.18914442513358645 0.1848456881987322 0.21063810980785763
v -4.35506 1.98533 1.15325 0.1988522504956627 0.19433288116621583 0.22144909714289712
v -4.82217 2.08378 0.0 0.1988522504956627 0.19433288116621583 0.22144909714289712
v -4.48716 2.01352 1.24006 0.1988522504956627 0.19433288116621583 0.22144909714289712
v -4.35506 1.98533 1.15325 0.1988522504956627 0.19433288116621583 0.22144909714289712
v -4.66662 2.05844 0.0 0.1988522504956627 0.19433288116621583 0.22144909714289712
v -4.82217 2.08378 0.0 0.1988522504956627 0.19433288116621583 0.22144909714289712
v -4.66662 2.05844 0.0 0.208043112143159 0.20331485959445084 0.2316843748866998
v -4.57305 2.09075 -1.29649 0.208043112143159 0.20331485959445084 0.2316843748866998
v -4.82217 2.08378 0.0 0.208043112143159 0.20331485959445084 0.2316843748866998
v -4.66662 2.05844 0.0 0.208043112143159 0.20331485959445084 0.2316843748866998
v -4.43494 2.07499 -1.20574 0.208043112143159 0.20331485959445084 0.2316843748866998
v -4.57305 2.09075 -1.29649 0.208043112143159 0.20331485959445084 0.2316843748866998
v -4.43494 2.07499 -1.20574 0.21114195673006686 0.2063432758952926 0.23513536090393808
v -4.37628 2.09451 -1.73537 0.21114195673006686 0.2063432758952926 0.23513536090393808
v -4.57305 2.09075 -1.29649 0.21114195673006686 0.2063432758952926 0.23513536090393808
v -4.43494 2.07499 -1.20574 0.21114195673006686 0.2063432758952926 0.23513536090393808
v -4.25194 2.08008 -1.61389 0.21114195673006686 0.2063432758952926 0.23513536090393808
v -4.37628 2.09451 -1.73537 0.21114195673006686 0.2063432758952926 0.23513536090393808
v -4.25194 2.08008 -1.61389 0.2062690667124165 0.20158113337804337 0.22970873338428197
v -3.89313 2.11994 -1.87834 0.2062690667124165 0.20158113337804337 0.22970873338428197
v -4.37628 2.09451 -1.73537 0.2062690667124165 0.20158113337804337 0.22970873338428197
v -4.25194 2.08008 -1.61389 0.2062690667124165 0.20158113337804337 0.22970873338428197
v -3.80261 2.09638 -1.74685 0.2062690667124165 0.20158113337804337 0.22970873338428197
v -3.89313 2.11994 -1.87834 0.2062690667124165 0.20158113337804337 0.22970873338428197
v -3.80261 2.09638 -1.74685 0.1963802717870929 0.1919170837919317 0.2186962117628989
v -2.6 2.09323 -1.94434 0.1963802717870929 0.1919170837919317 0.2186962117628989
v -3.89313 2.11994 -1.87834 0.1963802717870929 0.1919170837919317 0.2186962117628989
v -3.80261 2.09638 -1.74685 0.1963802717870929 0.1919170837919317 0.2186962117628989
v -2.6 2.05956 -1.80823 0.1963802717870929 0.1919170837919317 0.2186962117628989
v -2.6 2.09323 -1.94434 0.1963802717870929 0.1919170837919317 0.2186962117628989
v -2.6 2.05956 -1.80823 0.18747398226108097 0.1832132099369655 0.20877784388165835
v -1.18178 2.03869 -2.06004 0.18747398226108097 0.1832132099369655 0.20877784388165835
v -2.6 2.09323 -1.94434 0.18747398226108097 0.1832132099369655 0.20877784388165835
v -2.6 2.05956 -1.80823 0.18747398226108097 0.1832132099369655 0.20877784388165835
v -1.28105 2.01023 -1.91583 0.18747398226108097 0.1832132099369655 0.20877784388165835
v -1.18178 2.03869 -2.06004 0.18747398226108097 0.1832132099369655 0.20877784388165835
v -1.28105 2.01023 -1.91583 0.18495263385008276 0.18074916489894452 0.20596997860577398
v -0.85925 2.0505 -1.70066 0.18495263385008276 0.18074916489894452 0.20596997860577398
v -1.18178 2.03869 -2.06004 0.18495263385008276 0.18074916489894452 0.20596997860577398
v -1.28105 2.01023 -1.91583 0.18495263385008276 0.18074916489894452 0.20596997860577398
v -0.9811 2.01974 -1.58161 0.18495263385008276 0.18074916489894452 0.20596997860577398
v -0.85925 2.0505 -1.70066 0.18495263385008276 0.18074916489894452 0.20596997860577398
v -0.9811 2.01974 -1.58161 0.1903456426670062 0.18601960533366516 0.21197582933371145
v -0.50654 2.09455 -1.37561 0.1903456426670062 0.18601960533366516 0.21197582933371145
v -0.85925 2.0505 -1.70066 0.1903456426670062 0.18601960533366516 0.21197582933371145
v -0.9811 2.01974 -1.58161 0.1903456426670062 0.18601960533366516 0.21197582933371145
v -0.65308 2.05771 -1.27932 0.1903456426670062 0.18601960533366516 0.21197582933371145
v -0.50654 2.09455 -1.37561 0.1903456426670062 0.18601960533366516 0.21197582933371145
v -0.65308 2.05771 -1.27932 0.2003816819306423 0.19582755279585495 0.2231523276045789
v -0.69717 2.15175 0.0 0.2003816819306423 0.19582755279585495 0.2231523276045789
v -0.50654 2.09455 -1.37561 0.2003816819306423 0.19582755279585495 0.2231523276045789
v -0.65308 2.05771 -1.27932 0.2003816819306423 0.19582755279585495 0.2231523276045789
v -0.83037 2.10872 0.0 0.2003816819306423 0.19582755279585495 0.2231523276045789
v -0.69717 2.15175 0.0 0.2003816819306423 0.19582755279585495 0.2231523276045789
v -0.69717 2.15175 0.0 0.20697631014175286 0.20227230309307667 0.23049634538513386
v -0.59243 2.51319 1.31918 0.20697631014175286 0.20227230309307667 0.23049634538513386
v -0.69717 2.43735 0.0 0.20697631014175286 0.20227230309307667 0.23049634538513386
v -0.69717 2.15175 0.0 0.20697631014175286 0.20227230309307667 0.23049634538513386
v -0.59243 2.22759 1.31918 0.20697631014175286 0.20227230309307667 0.23049634538513386
v -0.59243 2.51319 1.31918 0.20697631014175286 0.20227230309307667 0.23049634538513386
v -0.59243 2.22759 1.31918 0.21119650825392977 0.206396587611795 0.2351961114646036
v -0.84695 2.50412 1.71268 0.21119650825392977 0.206396587611795 0.2351961114646036
v -0.59243 2.51319 1.31918 0.21119650825392977 0.206396587611795 0.2351961114646036
v -0.59243 2.22759 1.31918 0.21119650825392977 0.206396587611795 0.2351961114646036
v -0.84695 2.21852 1.71268 0.21119650825392977 0.206396587611795 0.2351961114646036
v -0.84695 2.50412 1.71268 0.21119650825392977 0.206396587611795 0.2351961114646036
v -0.84695 2.21852 1.71268 0.2074118815391834 0.20269797514056562 0.23098141353227244
v -1.2158 2.48234 2.01061 0.2074118815391834 0.20269797514056562 0.23098141353227244
v -0.84695 2.50412 1.71268 0.2074118815391834 0.20269797514056562 0.23098141353227244
v -0.84695 2.21852 1.71268 0.2074118815391834 0.20269797514056562 0.23098141353227244
v -1.2158 2.19674 2.01061 0.2074118815391834 0.20269797514056562 0.23098141353227244
v -1.2158 2.48234 2.01061 0.2074118815391834 0.20269797514056562 0.23098141353227244
v -1.2158 2.19674 2.01061 0.1979181337779297 0.19341999437388582 0.22040883079814896
v -2.6 2.3159 2.08566 0.1979181337779297 0.19341999437388582 0.22040883079814896
v -1.2158 2.48234 2.01061 0.1979181337779297 0.19341999437388582 0.22040883079814896
v -1.2158 2.19674 2.01061 0.1979181337779297 0.19341999437388582 0.22040883079814896
v -2.6 2.0303 2.08566 0.1979181337779297 0.19341999437388582 0.22040883079814896
v -2.6 2.3159 2.08566 0.1979181337779297 0.19341999437388582 0.22040883079814896
v -2.6 2.0303 2.08566 0.18847404496844616 0.18419054394643603 0.20989155007849686
v -3.85911 2.23846 1.82891 0.18847404496844616 0.18419054394643603 0.20989155007849686
v -2.6 2.3159 2.08566 0.18847404496844616 0.18419054394643603 0.20989155007849686
v -2.6 2.0303 2.08566 0.18847404496844616 0.18419054394643603 0.20989155007849686
v -3.85911 1.95286 1.82891 0.18847404496844616 0.18419054394643603 0.20989155007849686
v -3.85911 2.23846 1.82891 0.18847404496844616 0.18419054394643603 0.20989155007849686
v -3.85911 1.95286 1.82891 0.18480827265522434 0.18060808464033287 0.20580921272968164
v -4.38858 2.26191 1.74739 0.18480827265522434 0.18060808464033287 0.20580921272968164
v -3.85911 2.23846 1.82891 0.18480827265522434 0.18060808464033287 0.20580921272968164
v -3.85911 1.95286 1.82891 0.18480827265522434 0.18060808464033287 0.20580921272968164
v -4.38858 1.97631 1.74739 0.18480827265522434 0.18060808464033287 0.20580921272968164
v -4.38858 2.26191 1.74739 0.18480827265522434 0.18060808464033287 0.20580921272968164
v -4.38858 1.97631 1.74739 0.18914442513358645 0.1848456881987322 0.21063810980785763
v -4.48716 2.29912 1.24006 0.18914442513358645 0.1848456881987322 0.21063810980785763
v -4.38858 2.26191 1.74739 0.18914442513358645 0.1848456881987322 0.21063810980785763
v -4.38858 1.97631 1.74739 0.18914442513358645 0.1848456881987322 0.21063810980785763
v -4.48716 2.01352 1.24006 0.18914442513358645 0.1848456881987322 0.21063810980785763
v -4.48716 2.29912 1.24006 0.18914442513358645 0.1848456881987322 0.21063810980785763
v -4.48716 2.01352 1.24006 0.1988522504956627 0.19433288116621583 0.22144909714289712
v -4.82217 2.36938 0.0 0.1988522504956627 0.19433288116621583 0.22144909714289712
v -4.48716 2.29912 1.24006 0.1988522504956627 0.19433288116621583 0.22144909714289712
v -4.48716 2.01352 1.24006 0.1988522504956627 0.19433288116621583 0.22144909714289712
v -4.82217 2.08378 0.0 0.1988522504956627 0.19433288116621583 0.22144909714289712
v -4.82217 2.36938 0.0 0.1988522504956627 0.19433288116621583 0.22144909714289712
v -4.82217 2.08378 0.0 0.208043112143159 0.20331485959445084 0.2316843748866998
v -4.57305 2.37635 -1.29649 0.208043112143159 0.20331485959445084 0.2316843748866998
v -4.82217 2.36938 0.0 0.208043112143159 0.20331485959445084 0.2316843748866998
v -4.82217 2.08378 0.0 0.208043112143159 0.20331485959445084 0.2316843748866998
v -4.57305 2.09075 -1.29649 0.208043112143159 0.20331485959445084 0.2316843748866998
v -4.57305 2.37635 -1.29649 0.208043112143159 0.20331485959445084 0.2316843748866998
v -4.57305 2.09075 -1.29649 0.21114195673006686 0.2063432758952926 0.23513536090393808
v -4.37628 2.38011 -1.73537 0.21114195673006686 0.2063432758952926 0.23513536090393808
v -4.57305 2.37635 -1.29649 0.21114195673006686 0.2063432758952926 0.23513536090393808
v -4.57305 2.09075 -1.29649 0.21114195673006686 0.2063432758952926 0.23513536090393808
v -4.37628 2.09451 -1.73537 0.21114195673006686 0.2063432758952926 0.23513536090393808
v -4.37628 2.38011 -1.73537 0.21114195673006686 0.2063432758952926 0.23513536090393808
v -4.37628 2.09451 -1.73537 0.2062690667124165 0.20158113337804337 0.22970873338428197
v -3.89313 2.40554 -1.87834 0.2062690667124165 0.20158113337804337 0.22970873338428197
v -4.37628 2.38011 -1.73537 0.2062690667124165 0.20158113337804337 0.22970873338428197
v -4.37628 2.09451 -1.73537 0.2062690667124165 0.20158113337804337 0.22970873338428197
v -3.89313 2.11994 -1.87834 0.2062690667124165 0.20158113337804337 0.22970873338428197
v -3.89313 2.40554 -1.87834 0.2062690667124165 0.20158113337804337 0.22970873338428197
v -3.89313 2.11994 -1.87834 0.1963802717870929 0.1919170837919317 0.2186962117628989
v -2.6 2.37883 -1.94434 0.1963802717870929 0.1919170837919317 0.2186962117628989
v -3.89313 2.40554 -1.87834 0.1963802717870929 0.1919170837919317 0.2186962117628989
v -3.89313 2.11994 -1.87834 0.1963802717870929 0.1919170837919317 0.2186962117628989
v -2.6 2.09323 -1.94434 0.1963802717870929 0.1919170837919317 0.2186962117628989
v -2.6 2.37883 -1.94434 0.1963802717870929 0.1919170837919317 0.2186962117628989
v -2.6 2.09323 -1.94434 0.18747398226108097 0.1832132099369655 0.20877784388165835
v -1.18178 2.32429 -2.06004 0.18747398226108097 0.1832132099369655 0.20877784388165835
v -2.6 2.37883 -1.94434 0.18747398226108097 0.1832132099369655 0.20877784388165835
v -2.6 2.09323 -1.94434 0.18747398226108097 0.1832132099369655 0.20877784388165835
v -1.18178 2.03869 -2.06004 0.18747398226108097 0.1832132099369655 0.20877784388165835
v -1.18178 2.32429 -2.06004 0.18747398226108097 0.1832132099369655 0.20877784388165835
v -1.18178 2.03869 -2.06004 0.18495263385008276 0.18074916489894452 0.20596997860577398
v -0.85925 2.3361 -1.70066 0.18495263385008276 0.18074916489894452 0.20596997860577398
v -1.18178 2.32429 -2.06004 0.18495263385008276 0.18074916489894452 0.20596997860577398
v -1.18178 2.03869 -2.06004 0.18495263385008276 0.18074916489894452 0.20596997860577398
v -0.85925 2.0505 -1.70066 0.18495263385008276 0.18074916489894452 0.20596997860577398
v -0.85925 2.3361 -1.70066 0.18495263385008276 0.18074916489894452 0.20596997860577398
v -0.85925 2.0505 -1.70066 0.1903456426670062 0.18601960533366516 0.21197582933371145
v -0.50654 2.38015 -1.37561 0.1903456426670062 0.18601960533366516 0.21197582933371145
v -0.85925 2.3361 -1.70066 0.1903456426670062 0.18601960533366516 0.21197582933371145
v -0.85925 2.0505 -1.70066 0.1903456426670062 0.18601960533366516 0.21197582933371145
v -0.50654 2.09455 -1.37561 0.1903456426670062 0.18601960533366516 0.21197582933371145
v -0.50654 2.38015 -1.37561 0.1903456426670062 0.18601960533366516 0.21197582933371145
v -0.50654 2.09455 -1.37561 0.2003816819306423 0.19582755279585495 0.2231523276045789
v -0.69717 2.43735 0.0 0.2003816819306423 0.19582755279585495 0.2231523276045789
v -0.50654 2.38015 -1.37561 0.2003816819306423 0.19582755279585495 0.2231523276045789
v -0.50654 2.09455 -1.37561 0.2003816819306423 0.19582755279585495 0.2231523276045789
v -0.69717 2.15175 0.0 0.2003816819306423 0.19582755279585495 0.2231523276045789
v -0.69717 2.43735 0.0 0.2003816819306423 0.19582755279585495 0.2231523276045789
v -0.69717 2.43735 0.0 0.22677631014175287 0.22162230309307665 0.2525463453851339
v -0.73296 2.6075 1.22683 0.22677631014175287 0.22162230309307665 0.2525463453851339
v -0.83037 2.52872 0.0 0.22677631014175287 0.22162230309307665 0.2525463453851339
v -0.69717 2.43735 0.0 0.22677631014175287 0.22162230309307665 0.2525463453851339
v -0.59243 2.51319 1.31918 0.22677631014175287 0.22162230309307665 0.2525463453851339
v -0.73296 2.6075 1.22683 0.22677631014175287 0.22162230309307665 0.2525463453851339
v -0.59243 2.51319 1.31918 0.23099650825392978 0.225746587611795 0.25724611146460363
v -0.96966 2.59899 1.59279 0.23099650825392978 0.225746587611795 0.25724611146460363
v -0.73296 2.6075 1.22683 0.23099650825392978 0.225746587611795 0.25724611146460363
v -0.59243 2.51319 1.31918 0.23099650825392978 0.225746587611795 0.25724611146460363
v -0.84695 2.50412 1.71268 0.23099650825392978 0.225746587611795 0.25724611146460363
v -0.96966 2.59899 1.59279 0.23099650825392978 0.225746587611795 0.25724611146460363
v -0.84695 2.50412 1.71268 0.2272118815391834 0.2220479751405656 0.25303141353227243
v -1.3127 2.57592 1.86987 0.2272118815391834 0.2220479751405656 0.25303141353227243
v -0.96966 2.59899 1.59279 0.2272118815391834 0.2220479751405656 0.25303141353227243
v -0.84695 2.50412 1.71268 0.2272118815391834 0.2220479751405656 0.25303141353227243
v -1.2158 2.48234 2.01061 0.2272118815391834 0.2220479751405656 0.25303141353227243
v -1.3127 2.57592 1.86987 0.2272118815391834 0.2220479751405656 0.25303141353227243
v -1.2158 2.48234 2.01061 0.21771813377792967 0.21276999437388583 0.24245883079814895
v -2.6 2.41738 1.93967 0.21771813377792967 0.21276999437388583 0.24245883079814895
v -1.3127 2.57592 1.86987 0.21771813377792967 0.21276999437388583 0.24245883079814895
v -1.2158 2.48234 2.01061 0.21771813377792967 0.21276999437388583 0.24245883079814895
v -2.6 2.3159 2.08566 0.21771813377792967 0.21276999437388583 0.24245883079814895
v -2.6 2.41738 1.93967 0.21771813377792967 0.21276999437388583 0.24245883079814895
v -2.6 2.3159 2.08566 0.20827404496844615 0.203540543946436 0.23194155007849684
v -3.77097 2.35042 1.70089 0.20827404496844615 0.203540543946436 0.23194155007849684
v -2.6 2.41738 1.93967 0.20827404496844615 0.203540543946436 0.23194155007849684
v -2.6 2.3159 2.08566 0.20827404496844615 0.203540543946436 0.23194155007849684
v -3.85911 2.23846 1.82891 0.20827404496844615 0.203540543946436 0.23194155007849684
v -3.77097 2.35042 1.70089 0.20827404496844615 0.203540543946436 0.23194155007849684
v -3.85911 2.23846 1.82891 0.20460827265522433 0.19995808464033288 0.22785921272968163
v -4.26338 2.37125 1.62507 0.20460827265522433 0.19995808464033288 0.22785921272968163
v -3.77097 2.35042 1.70089 0.20460827265522433 0.19995808464033288 0.22785921272968163
v -3.85911 2.23846 1.82891 0.20460827265522433 0.19995808464033288 0.22785921272968163
v -4.38858 2.26191 1.74739 0.20460827265522433 0.19995808464033288 0.22785921272968163
v -4.26338 2.37125 1.62507 0.20460827265522433 0.19995808464033288 0.22785921272968163
v -4.38858 2.26191 1.74739 0.20894442513358644 0.2041956881987322 0.23268810980785762
v -4.35506 2.40533 1.15325 0.20894442513358644 0.2041956881987322 0.23268810980785762
v -4.26338 2.37125 1.62507 0.20894442513358644 0.2041956881987322 0.23268810980785762
v -4.38858 2.26191 1.74739 0.20894442513358644 0.2041956881987322 0.23268810980785762
v -4.48716 2.29912 1.24006 0.20894442513358644 0.2041956881987322 0.23268810980785762
v -4.35506 2.40533 1.15325 0.20894442513358644 0.2041956881987322 0.23268810980785762
v -4.48716 2.29912 1.24006 0.21865225049566273 0.21368288116621584 0.2434990971428971
v -4.66662 2.47844 0.0 0.21865225049566273 0.21368288116621584 0.2434990971428971
v -4.35506 2.40533 1.15325 0.21865225049566273 0.21368288116621584 0.2434990971428971
v -4.48716 2.29912 1.24006 0.21865225049566273 0.21368288116621584 0.2434990971428971
v -4.82217 2.36938 0.0 0.21865225049566273 0.21368288116621584 0.2434990971428971
v -4.66662 2.47844 0.0 0.21865225049566273 0.21368288116621584 0.2434990971428971
v -4.82217 2.36938 0.0 0.227843112143159 0.22266485959445081 0.25373437488669975
v -4.43494 2.49499 -1.20574 0.227843112143159 0.22266485959445081 0.25373437488669975
v -4.66662 2.47844 0.0 0.227843112143159 0.22266485959445081 0.25373437488669975
v -4.82217 2.36938 0.0 0.227843112143159 0.22266485959445081 0.25373437488669975
v -4.57305 2.37635 -1.29649 0.227843112143159 0.22266485959445081 0.25373437488669975
v -4.43494 2.49499 -1.20574 0.227843112143159 0.22266485959445081 0.25373437488669975
v -4.57305 2.37635 -1.29649 0.23094195673006684 0.2256932758952926 0.25718536090393807
v -4.25194 2.50008 -1.61389 0.23094195673006684 0.2256932758952926 0.25718536090393807
v -4.43494 2.49499 -1.20574 0.23094195673006684 0.2256932758952926 0.25718536090393807
v -4.57305 2.37635 -1.29649 0.23094195673006684 0.2256932758952926 0.25718536090393807
v -4.37628 2.38011 -1.73537 0.23094195673006684 0.2256932758952926 0.25718536090393807
v -4.25194 2.50008 -1.61389 0.23094195673006684 0.2256932758952926 0.25718536090393807
v -4.37628 2.38011 -1.73537 0.22606906671241647 0.22093113337804335 0.25175873338428195
v -3.80261 2.51638 -1.74685 0.22606906671241647 0.22093113337804335 0.25175873338428195
v -4.25194 2.50008 -1.61389 0.22606906671241647 0.22093113337804335 0.25175873338428195
v -4.37628 2.38011 -1.73537 0.22606906671241647 0.22093113337804335 0.25175873338428195
v -3.89313 2.40554 -1.87834 0.22606906671241647 0.22093113337804335 0.25175873338428195
v -3.80261 2.51638 -1.74685 0.22606906671241647 0.22093113337804335 0.25175873338428195
v -3.89313 2.40554 -1.87834 0.2161802717870929 0.2112670837919317 0.2407462117628989
v -2.6 2.47956 -1.80823 0.2161802717870929 0.2112670837919317 0.2407462117628989
v -3.80261 2.51638 -1.74685 0.2161802717870929 0.2112670837919317 0.2407462117628989
v -3.89313 2.40554 -1.87834 0.2161802717870929 0.2112670837919317 0.2407462117628989
v -2.6 2.37883 -1.94434 0.2161802717870929 0.2112670837919317 0.2407462117628989
v -2.6 2.47956 -1.80823 0.2161802717870929 0.2112670837919317 0.2407462117628989
v -2.6 2.37883 -1.94434 0.20727398226108096 0.20256320993696547 0.23082784388165833
v -1.28105 2.43023 -1.91583 0.20727398226108096 0.20256320993696547 0.23082784388165833
v -2.6 2.47956 -1.80823 0.20727398226108096 0.20256320993696547 0.23082784388165833
v -2.6 2.37883 -1.94434 0.20727398226108096 0.20256320993696547 0.23082784388165833
v -1.18178 2.32429 -2.06004 0.20727398226108096 0.20256320993696547 0.23082784388165833
v -1.28105 2.43023 -1.91583 0.20727398226108096 0.20256320993696547 0.23082784388165833
v -1.18178 2.32429 -2.06004 0.20475263385008274 0.2000991648989445 0.22801997860577397
v -0.9811 2.43974 -1.58161 0.20475263385008274 0.2000991648989445 0.22801997860577397
v -1.28105 2.43023 -1.91583 0.20475263385008274 0.2000991648989445 0.22801997860577397
v -1.18178 2.32429 -2.06004 0.20475263385008274 0.2000991648989445 0.22801997860577397
v -0.85925 2.3361 -1.70066 0.20475263385008274 0.2000991648989445 0.22801997860577397
v -0.9811 2.43974 -1.58161 0.20475263385008274 0.2000991648989445 0.22801997860577397
v -0.85925 2.3361 -1.70066 0.2101456426670062 0.20536960533366513 0.23402582933371144
v -0.65308 2.47771 -1.27932 0.2101456426670062 0.20536960533366513 0.23402582933371144
v -0.9811 2.43974 -1.58161 0.2101456426670062 0.20536960533366513 0.23402582933371144
v -0.85925 2.3361 -1.70066 0.2101456426670062 0.20536960533366513 0.23402582933371144
v -0.50654 2.38015 -1.37561 0.2101456426670062 0.20536960533366513 0.23402582933371144
v -0.65308 2.47771 -1.27932 0.2101456426670062 0.20536960533366513 0.23402582933371144
v -0.50654 2.38015 -1.37561 0.2201816819306423 0.215177552795855 0.24520232760457894
v -0.83037 2.52872 0.0 0.2201816819306423 0.215177552795855 0.24520232760457894
v -0.65308 2.47771 -1.27932 0.2201816819306423 0.215177552795855 0.24520232760457894
v -0.50654 2.38015 -1.37561 0.2201816819306423 0.215177552795855 0.24520232760457894
v -0.69717 2.43735 0.0 0.2201816819306423 0.215177552795855 0.24520232760457894
v -0.83037 2.52872 0.0 0.2201816819306423 0.215177552795855 0.24520232760457894
v -2.6 2.47 0 0.28 0.27 0.295
v -0.73296 2.6075 1.22683 0.28 0.27 0.295
v -0.83037 2.52872 0.0 0.28 0.27 0.295
v -2.6 2.05 0 0.16 0.15 0.18
v -0.83037 2.10872 0.0 0.16 0.15 0.18
v -0.73296 2.1875 1.22683 0.16 0.15 0.18
v -2.6 2.47 0 0.28 0.27 0.295
v -0.96966 2.59899 1.59279 0.28 0.27 0.295
v -0.73296 2.6075 1.22683 0.28 0.27 0.295
v -2.6 2.05 0 0.16 0.15 0.18
v -0.73296 2.1875 1.22683 0.16 0.15 0.18
v -0.96966 2.17899 1.59279 0.16 0.15 0.18
v -2.6 2.47 0 0.28 0.27 0.295
v -1.3127 2.57592 1.86987 0.28 0.27 0.295
v -0.96966 2.59899 1.59279 0.28 0.27 0.295
v -2.6 2.05 0 0.16 0.15 0.18
v -0.96966 2.17899 1.59279 0.16 0.15 0.18
v -1.3127 2.15592 1.86987 0.16 0.15 0.18
v -2.6 2.47 0 0.28 0.27 0.295
v -2.6 2.41738 1.93967 0.28 0.27 0.295
v -1.3127 2.57592 1.86987 0.28 0.27 0.295
v -2.6 2.05 0 0.16 0.15 0.18
v -1.3127 2.15592 1.86987 0.16 0.15 0.18
v -2.6 1.99738 1.93967 0.16 0.15 0.18
v -2.6 2.47 0 0.28 0.27 0.295
v -3.77097 2.35042 1.70089 0.28 0.27 0.295
v -2.6 2.41738 1.93967 0.28 0.27 0.295
v -2.6 2.05 0 0.16 0.15 0.18
v -2.6 1.99738 1.93967 0.16 0.15 0.18
v -3.77097 1.93042 1.70089 0.16 0.15 0.18
v -2.6 2.47 0 0.28 0.27 0.295
v -4.26338 2.37125 1.62507 0.28 0.27 0.295
v -3.77097 2.35042 1.70089 0.28 0.27 0.295
v -2.6 2.05 0 0.16 0.15 0.18
v -3.77097 1.93042 1.70089 0.16 0.15 0.18
v -4.26338 1.95125 1.62507 0.16 0.15 0.18
v -2.6 2.47 0 0.28 0.27 0.295
v -4.35506 2.40533 1.15325 0.28 0.27 0.295
v -4.26338 2.37125 1.62507 0.28 0.27 0.295
v -2.6 2.05 0 0.16 0.15 0.18
v -4.26338 1.95125 1.62507 0.16 0.15 0.18
v -4.35506 1.98533 1.15325 0.16 0.15 0.18
v -2.6 2.47 0 0.28 0.27 0.295
v -4.66662 2.47844 0.0 0.28 0.27 0.295
v -4.35506 2.40533 1.15325 0.28 0.27 0.295
v -2.6 2.05 0 0.16 0.15 0.18
v -4.35506 1.98533 1.15325 0.16 0.15 0.18
v -4.66662 2.05844 0.0 0.16 0.15 0.18
v -2.6 2.47 0 0.28 0.27 0.295
v -4.43494 2.49499 -1.20574 0.28 0.27 0.295
v -4.66662 2.47844 0.0 0.28 0.27 0.295
v -2.6 2.05 0 0.16 0.15 0.18
v -4.66662 2.05844 0.0 0.16 0.15 0.18
v -4.43494 2.07499 -1.20574 0.16 0.15 0.18
v -2.6 2.47 0 0.28 0.27 0.295
v -4.25194 2.50008 -1.61389 0.28 0.27 0.295
v -4.43494 2.49499 -1.20574 0.28 0.27 0.295
v -2.6 2.05 0 0.16 0.15 0.18
v -4.43494 2.07499 -1.20574 0.16 0.15 0.18
v -4.25194 2.08008 -1.61389 0.16 0.15 0.18
v -2.6 2.47 0 0.28 0.27 0.295
v -3.80261 2.51638 -1.74685 0.28 0.27 0.295
v -4.25194 2.50008 -1.61389 0.28 0.27 0.295
v -2.6 2.05 0 0.16 0.15 0.18
v -4.25194 2.08008 -1.61389 0.16 0.15 0.18
v -3.80261 2.09638 -1.74685 0.16 0.15 0.18
v -2.6 2.47 0 0.28 0.27 0.295
v -2.6 2.47956 -1.80823 0.28 0.27 0.295
v -3.80261 2.51638 -1.74685 0.28 0.27 0.295
v -2.6 2.05 0 0.16 0.15 0.18
v -3.80261 2.09638 -1.74685 0.16 0.15 0.18
v -2.6 2.05956 -1.80823 0.16 0.15 0.18
v -2.6 2.47 0 0.28 0.27 0.295
v -1.28105 2.43023 -1.91583 0.28 0.27 0.295
v -2.6 2.47956 -1.80823 0.28 0.27 0.295
v -2.6 2.05 0 0.16 0.15 0.18
v -2.6 2.05956 -1.80823 0.16 0.15 0.18
v -1.28105 2.01023 -1.91583 0.16 0.15 0.18
v -2.6 2.47 0 0.28 0.27 0.295
v -0.9811 2.43974 -1.58161 0.28 0.27 0.295
v -1.28105 2.43023 -1.91583 0.28 0.27 0.295
v -2.6 2.05 0 0.16 0.15 0.18
v -1.28105 2.01023 -1.91583 0.16 0.15 0.18
v -0.9811 2.01974 -1.58161 0.16 0.15 0.18
v -2.6 2.47 0 0.28 0.27 0.295
v -0.65308 2.47771 -1.27932 0.28 0.27 0.295
v -0.9811 2.43974 -1.58161 0.28 0.27 0.295
v -2.6 2.05 0 0.16 0.15 0.18
v -0.9811 2.01974 -1.58161 0.16 0.15 0.18
v -0.65308 2.05771 -1.27932 0.16 0.15 0.18
v -2.6 2.47 0 0.28 0.27 0.295
v -0.83037 2.52872 0.0 0.28 0.27 0.295
v -0.65308 2.47771 -1.27932 0.28 0.27 0.295
v -2.6 2.05 0 0.16 0.15 0.18
v -0.65308 2.05771 -1.27932 0.16 0.15 0.18
v -0.83037 2.10872 0.0 0.16 0.15 0.18
v 4.43781 -0.35622 0.9 0.2062690667124165 0.20158113337804337 0.22970873338428197
v 4.3253 -0.31395 2.17529 0.2062690667124165 0.20158113337804337 0.22970873338428197
v 4.61753 -0.32418 0.9 0.2062690667124165 0.20158113337804337 0.22970873338428197
v 4.43781 -0.35622 0.9 0.2062690667124165 0.20158113337804337 0.22970873338428197
v 4.16603 -0.35646 2.08602 0.2062690667124165 0.20158113337804337 0.22970873338428197
v 4.3253 -0.31395 2.17529 0.2062690667124165 0.20158113337804337 0.22970873338428197
v 4.16603 -0.35646 2.08602 0.1963802717870929 0.1919170837919317 0.2186962117628989
v 4.20037 -0.30369 2.69197 0.1963802717870929 0.1919170837919317 0.2186962117628989
v 4.3253 -0.31395 2.17529 0.1963802717870929 0.1919170837919317 0.2186962117628989
v 4.16603 -0.35646 2.08602 0.1963802717870929 0.1919170837919317 0.2186962117628989
v 4.04984 -0.35045 2.56654 0.1963802717870929 0.1919170837919317 0.2186962117628989
v 4.20037 -0.30369 2.69197 0.1963802717870929 0.1919170837919317 0.2186962117628989
v 4.04984 -0.35045 2.56654 0.18747398226108097 0.1832132099369655 0.20877784388165835
v 3.4994 -0.36297 2.69579 0.18747398226108097 0.1832132099369655 0.20877784388165835
v 4.20037 -0.30369 2.69197 0.18747398226108097 0.1832132099369655 0.20877784388165835
v 4.04984 -0.35045 2.56654 0.18747398226108097 0.1832132099369655 0.20877784388165835
v 3.39794 -0.39274 2.57009 0.18747398226108097 0.1832132099369655 0.20877784388165835
v 3.4994 -0.36297 2.69579 0.18747398226108097 0.1832132099369655 0.20877784388165835
v 3.39794 -0.39274 2.57009 0.18495263385008276 0.18074916489894452 0.20596997860577398
v 2.05 -0.34895 2.89365 0.18495263385008276 0.18074916489894452 0.20596997860577398
v 3.4994 -0.36297 2.69579 0.18495263385008276 0.18074916489894452 0.20596997860577398
v 3.39794 -0.39274 2.57009 0.18495263385008276 0.18074916489894452 0.20596997860577398
v 2.05 -0.36558 2.7541 0.18495263385008276 0.18074916489894452 0.20596997860577398
v 2.05 -0.34895 2.89365 0.18495263385008276 0.18074916489894452 0.20596997860577398
v 2.05 -0.36558 2.7541 0.1903456426670062 0.18601960533366516 0.21197582933371145
v 0.4757 -0.29019 2.85054 0.1903456426670062 0.18601960533366516 0.21197582933371145
v 2.05 -0.34895 2.89365 0.1903456426670062 0.18601960533366516 0.21197582933371145
v 2.05 -0.36558 2.7541 0.1903456426670062 0.18601960533366516 0.21197582933371145
v 0.5859 -0.31175 2.714 0.1903456426670062 0.18601960533366516 0.21197582933371145
v 0.4757 -0.29019 2.85054 0.1903456426670062 0.18601960533366516 0.21197582933371145
v 0.5859 -0.31175 2.714 0.2003816819306423 0.19582755279585495 0.2231523276045789
v -0.0412 -0.32546 2.64267 0.2003816819306423 0.19582755279585495 0.2231523276045789
v 0.4757 -0.29019 2.85054 0.2003816819306423 0.19582755279585495 0.2231523276045789
v 0.5859 -0.31175 2.714 0.2003816819306423 0.19582755279585495 0.2231523276045789
v 0.10518 -0.34172 2.52068 0.2003816819306423 0.19582755279585495 0.2231523276045789
v -0.0412 -0.32546 2.64267 0.2003816819306423 0.19582755279585495 0.2231523276045789
v 0.10518 -0.34172 2.52068 0.2089730248942126 0.20422363796479867 0.23271995954128222
v -0.37444 -0.38288 2.25888 0.2089730248942126 0.20422363796479867 0.23271995954128222
v -0.0412 -0.32546 2.64267 0.2089730248942126 0.20422363796479867 0.23271995954128222
v 0.10518 -0.34172 2.52068 0.2089730248942126 0.20422363796479867 0.23271995954128222
v -0.20473 -0.39204 2.16376 0.2089730248942126 0.20422363796479867 0.23271995954128222
v -0.37444 -0.38288 2.25888 0.2089730248942126 0.20422363796479867 0.23271995954128222
v -0.20473 -0.39204 2.16376 0.21090827820062052 0.2061149082415155 0.23487512799614557
v -0.18247 -0.44111 0.9 0.21090827820062052 0.2061149082415155 0.23487512799614557
v -0.37444 -0.38288 2.25888 0.21090827820062052 0.2061149082415155 0.23487512799614557
v -0.20473 -0.39204 2.16376 0.21090827820062052 0.2061149082415155 0.23487512799614557
v -0.02619 -0.44634 0.9 0.21090827820062052 0.2061149082415155 0.23487512799614557
v -0.18247 -0.44111 0.9 0.21090827820062052 0.2061149082415155 0.23487512799614557
v -0.02619 -0.44634 0.9 0.20501354316277143 0.20035414445452662 0.22831053670399545
v -0.3067 -0.49705 -0.42091 0.20501354316277143 0.20035414445452662 0.22831053670399545
v -0.18247 -0.44111 0.9 0.20501354316277143 0.20035414445452662 0.22831053670399545
v -0.02619 -0.44634 0.9 0.20501354316277143 0.20035414445452662 0.22831053670399545
v -0.14173 -0.51221 -0.32845 0.20501354316277143 0.20035414445452662 0.22831053670399545
v -0.3067 -0.49705 -0.42091 0.20501354316277143 0.20035414445452662 0.22831053670399545
v -0.14173 -0.51221 -0.32845 0.19486448695497713 0.19043574861509127 0.21700817865440633
v 0.09351 -0.47939 -0.73041 0.19486448695497713 0.19043574861509127 0.21700817865440633
v -0.3067 -0.49705 -0.42091 0.19486448695497713 0.19043574861509127 0.21700817865440633
v -0.14173 -0.51221 -0.32845 0.19486448695497713 0.19043574861509127 0.21700817865440633
v 0.23047 -0.49153 -0.61628 0.19486448695497713 0.19043574861509127 0.21700817865440633
v 0.09351 -0.47939 -0.73041 0.19486448695497713 0.19043574861509127 0.21700817865440633
v 0.23047 -0.49153 -0.61628 0.18661739088580256 0.18237608654748885 0.207823912577371
v 0.38396 -0.4688 -1.1642 0.18661739088580256 0.18237608654748885 0.207823912577371
v 0.09351 -0.47939 -0.73041 0.18661739088580256 0.18237608654748885 0.207823912577371
v 0.23047 -0.49153 -0.61628 0.18661739088580256 0.18237608654748885 0.207823912577371
v 0.50058 -0.48141 -1.01971 0.18661739088580256 0.18237608654748885 0.207823912577371
v 0.38396 -0.4688 -1.1642 0.18661739088580256 0.18237608654748885 0.207823912577371
v 0.50058 -0.48141 -1.01971 0.1852748327655477 0.18106404111178526 0.20632879103435994
v 2.05 -0.273 -1.10635 0.1852748327655477 0.18106404111178526 0.20632879103435994
v 0.38396 -0.4688 -1.1642 0.1852748327655477 0.18106404111178526 0.20632879103435994
v 0.50058 -0.48141 -1.01971 0.1852748327655477 0.18106404111178526 0.20632879103435994
v 2.05 -0.29123 -0.9659 0.1852748327655477 0.18106404111178526 0.20632879103435994
v 2.05 -0.273 -1.10635 0.1852748327655477 0.18106404111178526 0.20632879103435994
v 2.05 -0.29123 -0.9659 0.19165119033458214 0.18729548146334166 0.21342973469078466
v 3.59114 -0.20852 -1.00946 0.19165119033458214 0.18729548146334166 0.21342973469078466
v 2.05 -0.273 -1.10635 0.19165119033458214 0.18729548146334166 0.21342973469078466
v 2.05 -0.29123 -0.9659 0.19165119033458214 0.18729548146334166 0.21342973469078466
v 3.48326 -0.23588 -0.8758 0.19165119033458214 0.18729548146334166 0.21342973469078466
v 3.59114 -0.20852 -1.00946 0.19165119033458214 0.18729548146334166 0.21342973469078466
v 3.48326 -0.23588 -0.8758 0.2018786506539229 0.1972904995026974 0.22481940641005052
v 4.06565 -0.24684 -0.77971 0.2018786506539229 0.1972904995026974 0.22481940641005052
v 3.59114 -0.20852 -1.00946 0.2018786506539229 0.1972904995026974 0.22481940641005052
v 3.48326 -0.23588 -0.8758 0.2018786506539229 0.1972904995026974 0.22481940641005052
v 3.92456 -0.27046 -0.66213 0.2018786506539229 0.1972904995026974 0.22481940641005052
v 4.06565 -0.24684 -0.77971 0.2018786506539229 0.1972904995026974 0.22481940641005052
v 3.92456 -0.27046 -0.66213 0.20975337353302145 0.20498625140727098 0.2335889841617739
v 4.25755 -0.28573 -0.33732 0.20975337353302145 0.20498625140727098 0.2335889841617739
v 4.06565 -0.24684 -0.77971 0.20975337353302145 0.20498625140727098 0.2335889841617739
v 3.92456 -0.27046 -0.66213 0.20975337353302145 0.20498625140727098 0.2335889841617739
v 4.10302 -0.30722 -0.2507 0.20975337353302145 0.20498625140727098 0.2335889841617739
v 4.25755 -0.28573 -0.33732 0.20975337353302145 0.20498625140727098 0.2335889841617739
v 4.10302 -0.30722 -0.2507 0.210498657741916 0.20571459733869063 0.2344189597580428
v 4.61753 -0.32418 0.9 0.210498657741916 0.20571459733869063 0.2344189597580428
v 4.25755 -0.28573 -0.33732 0.210498657741916 0.20571459733869063 0.2344189597580428
v 4.10302 -0.30722 -0.2507 0.210498657741916 0.20571459733869063 0.2344189597580428
v 4.43781 -0.35622 0.9 0.210498657741916 0.20571459733869063 0.2344189597580428
v 4.61753 -0.32418 0.9 0.210498657741916 0.20571459733869063 0.2344189597580428
v 4.61753 -0.32418 0.9 0.2062690667124165 0.20158113337804337 0.22970873338428197
v 4.3253 -0.02835 2.17529 0.2062690667124165 0.20158113337804337 0.22970873338428197
v 4.61753 -0.03858 0.9 0.2062690667124165 0.20158113337804337 0.22970873338428197
v 4.61753 -0.32418 0.9 0.2062690667124165 0.20158113337804337 0.22970873338428197
v 4.3253 -0.31395 2.17529 0.2062690667124165 0.20158113337804337 0.22970873338428197
v 4.3253 -0.02835 2.17529 0.2062690667124165 0.20158113337804337 0.22970873338428197
v 4.3253 -0.31395 2.17529 0.1963802717870929 0.1919170837919317 0.2186962117628989
v 4.20037 -0.01809 2.69197 0.1963802717870929 0.1919170837919317 0.2186962117628989
v 4.3253 -0.02835 2.17529 0.1963802717870929 0.1919170837919317 0.2186962117628989
v 4.3253 -0.31395 2.17529 0.1963802717870929 0.1919170837919317 0.2186962117628989
v 4.20037 -0.30369 2.69197 0.1963802717870929 0.1919170837919317 0.2186962117628989
v 4.20037 -0.01809 2.69197 0.1963802717870929 0.1919170837919317 0.2186962117628989
v 4.20037 -0.30369 2.69197 0.18747398226108097 0.1832132099369655 0.20877784388165835
v 3.4994 -0.07737 2.69579 0.18747398226108097 0.1832132099369655 0.20877784388165835
v 4.20037 -0.01809 2.69197 0.18747398226108097 0.1832132099369655 0.20877784388165835
v 4.20037 -0.30369 2.69197 0.18747398226108097 0.1832132099369655 0.20877784388165835
v 3.4994 -0.36297 2.69579 0.18747398226108097 0.1832132099369655 0.20877784388165835
v 3.4994 -0.07737 2.69579 0.18747398226108097 0.1832132099369655 0.20877784388165835
v 3.4994 -0.36297 2.69579 0.18495263385008276 0.18074916489894452 0.20596997860577398
v 2.05 -0.06335 2.89365 0.18495263385008276 0.18074916489894452 0.20596997860577398
v 3.4994 -0.07737 2.69579 0.18495263385008276 0.18074916489894452 0.20596997860577398
v 3.4994 -0.36297 2.69579 0.18495263385008276 0.18074916489894452 0.20596997860577398
v 2.05 -0.34895 2.89365 0.18495263385008276 0.18074916489894452 0.20596997860577398
v 2.05 -0.06335 2.89365 0.18495263385008276 0.18074916489894452 0.20596997860577398
v 2.05 -0.34895 2.89365 0.1903456426670062 0.18601960533366516 0.21197582933371145
v 0.4757 -0.00459 2.85054 0.1903456426670062 0.18601960533366516 0.21197582933371145
v 2.05 -0.06335 2.89365 0.1903456426670062 0.18601960533366516 0.21197582933371145
v 2.05 -0.34895 2.89365 0.1903456426670062 0.18601960533366516 0.21197582933371145
v 0.4757 -0.29019 2.85054 0.1903456426670062 0.18601960533366516 0.21197582933371145
v 0.4757 -0.00459 2.85054 0.1903456426670062 0.18601960533366516 0.21197582933371145
v 0.4757 -0.29019 2.85054 0.2003816819306423 0.19582755279585495 0.2231523276045789
v -0.0412 -0.03986 2.64267 0.2003816819306423 0.19582755279585495 0.2231523276045789
v 0.4757 -0.00459 2.85054 0.2003816819306423 0.19582755279585495 0.2231523276045789
v 0.4757 -0.29019 2.85054 0.2003816819306423 0.19582755279585495 0.2231523276045789
v -0.0412 -0.32546 2.64267 0.2003816819306423 0.19582755279585495 0.2231523276045789
v -0.0412 -0.03986 2.64267 0.2003816819306423 0.19582755279585495 0.2231523276045789
v -0.0412 -0.32546 2.64267 0.2089730248942126 0.20422363796479867 0.23271995954128222
v -0.37444 -0.09728 2.25888 0.2089730248942126 0.20422363796479867 0.23271995954128222
v -0.0412 -0.03986 2.64267 0.2089730248942126 0.20422363796479867 0.23271995954128222
v -0.0412 -0.32546 2.64267 0.2089730248942126 0.20422363796479867 0.23271995954128222
v -0.37444 -0.38288 2.25888 0.2089730248942126 0.20422363796479867 0.23271995954128222
v -0.37444 -0.09728 2.25888 0.2089730248942126 0.20422363796479867 0.23271995954128222
v -0.37444 -0.38288 2.25888 0.21090827820062052 0.2061149082415155 0.23487512799614557
v -0.18247 -0.15551 0.9 0.21090827820062052 0.2061149082415155 0.23487512799614557
v -0.37444 -0.09728 2.25888 0.21090827820062052 0.2061149082415155 0.23487512799614557
v -0.37444 -0.38288 2.25888 0.21090827820062052 0.2061149082415155 0.23487512799614557
v -0.18247 -0.44111 0.9 0.21090827820062052 0.2061149082415155 0.23487512799614557
v -0.18247 -0.15551 0.9 0.21090827820062052 0.2061149082415155 0.23487512799614557
v -0.18247 -0.44111 0.9 0.20501354316277143 0.20035414445452662 0.22831053670399545
v -0.3067 -0.21145 -0.42091 0.20501354316277143 0.20035414445452662 0.22831053670399545
v -0.18247 -0.15551 0.9 0.20501354316277143 0.20035414445452662 0.22831053670399545
v -0.18247 -0.44111 0.9 0.20501354316277143 0.20035414445452662 0.22831053670399545
v -0.3067 -0.49705 -0.42091 0.20501354316277143 0.20035414445452662 0.22831053670399545
v -0.3067 -0.21145 -0.42091 0.20501354316277143 0.20035414445452662 0.22831053670399545
v -0.3067 -0.49705 -0.42091 0.19486448695497713 0.19043574861509127 0.21700817865440633
v 0.09351 -0.19379 -0.73041 0.19486448695497713 0.19043574861509127 0.21700817865440633
v -0.3067 -0.21145 -0.42091 0.19486448695497713 0.19043574861509127 0.21700817865440633
v -0.3067 -0.49705 -0.42091 0.19486448695497713 0.19043574861509127 0.21700817865440633
v 0.09351 -0.47939 -0.73041 0.19486448695497713 0.19043574861509127 0.21700817865440633
v 0.09351 -0.19379 -0.73041 0.19486448695497713 0.19043574861509127 0.21700817865440633
v 0.09351 -0.47939 -0.73041 0.18661739088580256 0.18237608654748885 0.207823912577371
v 0.38396 -0.1832 -1.1642 0.18661739088580256 0.18237608654748885 0.207823912577371
v 0.09351 -0.19379 -0.73041 0.18661739088580256 0.18237608654748885 0.207823912577371
v 0.09351 -0.47939 -0.73041 0.18661739088580256 0.18237608654748885 0.207823912577371
v 0.38396 -0.4688 -1.1642 0.18661739088580256 0.18237608654748885 0.207823912577371
v 0.38396 -0.1832 -1.1642 0.18661739088580256 0.18237608654748885 0.207823912577371
v 0.38396 -0.4688 -1.1642 0.1852748327655477 0.18106404111178526 0.20632879103435994
v 2.05 0.0126 -1.10635 0.1852748327655477 0.18106404111178526 0.20632879103435994
v 0.38396 -0.1832 -1.1642 0.1852748327655477 0.18106404111178526 0.20632879103435994
v 0.38396 -0.4688 -1.1642 0.1852748327655477 0.18106404111178526 0.20632879103435994
v 2.05 -0.273 -1.10635 0.1852748327655477 0.18106404111178526 0.20632879103435994
v 2.05 0.0126 -1.10635 0.1852748327655477 0.18106404111178526 0.20632879103435994
v 2.05 -0.273 -1.10635 0.19165119033458214 0.18729548146334166 0.21342973469078466
v 3.59114 0.07708 -1.00946 0.19165119033458214 0.18729548146334166 0.21342973469078466
v 2.05 0.0126 -1.10635 0.19165119033458214 0.18729548146334166 0.21342973469078466
v 2.05 -0.273 -1.10635 0.19165119033458214 0.18729548146334166 0.21342973469078466
v 3.59114 -0.20852 -1.00946 0.19165119033458214 0.18729548146334166 0.21342973469078466
v 3.59114 0.07708 -1.00946 0.19165119033458214 0.18729548146334166 0.21342973469078466
v 3.59114 -0.20852 -1.00946 0.2018786506539229 0.1972904995026974 0.22481940641005052
v 4.06565 0.03876 -0.77971 0.2018786506539229 0.1972904995026974 0.22481940641005052
v 3.59114 0.07708 -1.00946 0.2018786506539229 0.1972904995026974 0.22481940641005052
v 3.59114 -0.20852 -1.00946 0.2018786506539229 0.1972904995026974 0.22481940641005052
v 4.06565 -0.24684 -0.77971 0.2018786506539229 0.1972904995026974 0.22481940641005052
v 4.06565 0.03876 -0.77971 0.2018786506539229 0.1972904995026974 0.22481940641005052
v 4.06565 -0.24684 -0.77971 0.20975337353302145 0.20498625140727098 0.2335889841617739
v 4.25755 -0.00013 -0.33732 0.20975337353302145 0.20498625140727098 0.2335889841617739
v 4.06565 0.03876 -0.77971 0.20975337353302145 0.20498625140727098 0.2335889841617739
v 4.06565 -0.24684 -0.77971 0.20975337353302145 0.20498625140727098 0.2335889841617739
v 4.25755 -0.28573 -0.33732 0.20975337353302145 0.20498625140727098 0.2335889841617739
v 4.25755 -0.00013 -0.33732 0.20975337353302145 0.20498625140727098 0.2335889841617739
v 4.25755 -0.28573 -0.33732 0.210498657741916 0.20571459733869063 0.2344189597580428
v 4.61753 -0.03858 0.9 0.210498657741916 0.20571459733869063 0.2344189597580428
v 4.25755 -0.00013 -0.33732 0.210498657741916 0.20571459733869063 0.2344189597580428
v 4.25755 -0.28573 -0.33732 0.210498657741916 0.20571459733869063 0.2344189597580428
v 4.61753 -0.32418 0.9 0.210498657741916 0.20571459733869063 0.2344189597580428
v 4.61753 -0.03858 0.9 0.210498657741916 0.20571459733869063 0.2344189597580428
v 4.61753 -0.03858 0.9 0.22606906671241647 0.22093113337804335 0.25175873338428195
v 4.16603 0.06354 2.08602 0.22606906671241647 0.22093113337804335 0.25175873338428195
v 4.43781 0.06378 0.9 0.22606906671241647 0.22093113337804335 0.25175873338428195
v 4.61753 -0.03858 0.9 0.22606906671241647 0.22093113337804335 0.25175873338428195
v 4.3253 -0.02835 2.17529 0.22606906671241647 0.22093113337804335 0.25175873338428195
v 4.16603 0.06354 2.08602 0.22606906671241647 0.22093113337804335 0.25175873338428195
v 4.3253 -0.02835 2.17529 0.2161802717870929 0.2112670837919317 0.2407462117628989
v 4.04984 0.06955 2.56654 0.2161802717870929 0.2112670837919317 0.2407462117628989
v 4.16603 0.06354 2.08602 0.2161802717870929 0.2112670837919317 0.2407462117628989
v 4.3253 -0.02835 2.17529 0.2161802717870929 0.2112670837919317 0.2407462117628989
v 4.20037 -0.01809 2.69197 0.2161802717870929 0.2112670837919317 0.2407462117628989
v 4.04984 0.06955 2.56654 0.2161802717870929 0.2112670837919317 0.2407462117628989
v 4.20037 -0.01809 2.69197 0.20727398226108096 0.20256320993696547 0.23082784388165833
v 3.39794 0.02726 2.57009 0.20727398226108096 0.20256320993696547 0.23082784388165833
v 4.04984 0.06955 2.56654 0.20727398226108096 0.20256320993696547 0.23082784388165833
v 4.20037 -0.01809 2.69197 0.20727398226108096 0.20256320993696547 0.23082784388165833
v 3.4994 -0.07737 2.69579 0.20727398226108096 0.20256320993696547 0.23082784388165833
v 3.39794 0.02726 2.57009 0.20727398226108096 0.20256320993696547 0.23082784388165833
v 3.4994 -0.07737 2.69579 0.20475263385008274 0.2000991648989445 0.22801997860577397
v 2.05 0.05442 2.7541 0.20475263385008274 0.2000991648989445 0.22801997860577397
v 3.39794 0.02726 2.57009 0.20475263385008274 0.2000991648989445 0.22801997860577397
v 3.4994 -0.07737 2.69579 0.20475263385008274 0.2000991648989445 0.22801997860577397
v 2.05 -0.06335 2.89365 0.20475263385008274 0.2000991648989445 0.22801997860577397
v 2.05 0.05442 2.7541 0.20475263385008274 0.2000991648989445 0.22801997860577397
v 2.05 -0.06335 2.89365 0.2101456426670062 0.20536960533366513 0.23402582933371144
v 0.5859 0.10825 2.714 0.2101456426670062 0.20536960533366513 0.23402582933371144
v 2.05 0.05442 2.7541 0.2101456426670062 0.20536960533366513 0.23402582933371144
v 2.05 -0.06335 2.89365 0.2101456426670062 0.20536960533366513 0.23402582933371144
v 0.4757 -0.00459 2.85054 0.2101456426670062 0.20536960533366513 0.23402582933371144
v 0.5859 0.10825 2.714 0.2101456426670062 0.20536960533366513 0.23402582933371144
v 0.4757 -0.00459 2.85054 0.2201816819306423 0.215177552795855 0.24520232760457894
v 0.10518 0.07828 2.52068 0.2201816819306423 0.215177552795855 0.24520232760457894
v 0.5859 0.10825 2.714 0.2201816819306423 0.215177552795855 0.24520232760457894
v 0.4757 -0.00459 2.85054 0.2201816819306423 0.215177552795855 0.24520232760457894
v -0.0412 -0.03986 2.64267 0.2201816819306423 0.215177552795855 0.24520232760457894
v 0.10518 0.07828 2.52068 0.2201816819306423 0.215177552795855 0.24520232760457894
v -0.0412 -0.03986 2.64267 0.2287730248942126 0.22357363796479868 0.25476995954128223
v -0.20473 0.02796 2.16376 0.2287730248942126 0.22357363796479868 0.25476995954128223
v 0.10518 0.07828 2.52068 0.2287730248942126 0.22357363796479868 0.25476995954128223
v -0.0412 -0.03986 2.64267 0.2287730248942126 0.22357363796479868 0.25476995954128223
v -0.37444 -0.09728 2.25888 0.2287730248942126 0.22357363796479868 0.25476995954128223
v -0.20473 0.02796 2.16376 0.2287730248942126 0.22357363796479868 0.25476995954128223
v -0.37444 -0.09728 2.25888 0.23070827820062054 0.22546490824151552 0.2569251279961456
v -0.02619 -0.02634 0.9 0.23070827820062054 0.22546490824151552 0.2569251279961456
v -0.20473 0.02796 2.16376 0.23070827820062054 0.22546490824151552 0.2569251279961456
v -0.37444 -0.09728 2.25888 0.23070827820062054 0.22546490824151552 0.2569251279961456
v -0.18247 -0.15551 0.9 0.23070827820062054 0.22546490824151552 0.2569251279961456
v -0.02619 -0.02634 0.9 0.23070827820062054 0.22546490824151552 0.2569251279961456
v -0.18247 -0.15551 0.9 0.22481354316277144 0.21970414445452663 0.2503605367039955
v -0.14173 -0.09221 -0.32845 0.22481354316277144 0.21970414445452663 0.2503605367039955
v -0.02619 -0.02634 0.9 0.22481354316277144 0.21970414445452663 0.2503605367039955
v -0.18247 -0.15551 0.9 0.22481354316277144 0.21970414445452663 0.2503605367039955
v -0.3067 -0.21145 -0.42091 0.22481354316277144 0.21970414445452663 0.2503605367039955
v -0.14173 -0.09221 -0.32845 0.22481354316277144 0.21970414445452663 0.2503605367039955
v -0.3067 -0.21145 -0.42091 0.2146644869549771 0.20978574861509128 0.23905817865440634
v 0.23047 -0.07153 -0.61628 0.2146644869549771 0.20978574861509128 0.23905817865440634
v -0.14173 -0.09221 -0.32845 0.2146644869549771 0.20978574861509128 0.23905817865440634
v -0.3067 -0.21145 -0.42091 0.2146644869549771 0.20978574861509128 0.23905817865440634
v 0.09351 -0.19379 -0.73041 0.2146644869549771 0.20978574861509128 0.23905817865440634
v 0.23047 -0.07153 -0.61628 0.2146644869549771 0.20978574861509128 0.23905817865440634
v 0.09351 -0.19379 -0.73041 0.20641739088580255 0.20172608654748886 0.22987391257737103
v 0.50058 -0.06141 -1.01971 0.20641739088580255 0.20172608654748886 0.22987391257737103
v 0.23047 -0.07153 -0.61628 0.20641739088580255 0.20172608654748886 0.22987391257737103
v 0.09351 -0.19379 -0.73041 0.20641739088580255 0.20172608654748886 0.22987391257737103
v 0.38396 -0.1832 -1.1642 0.20641739088580255 0.20172608654748886 0.22987391257737103
v 0.50058 -0.06141 -1.01971 0.20641739088580255 0.20172608654748886 0.22987391257737103
v 0.38396 -0.1832 -1.1642 0.2050748327655477 0.20041404111178526 0.22837879103435993
v 2.05 0.12877 -0.9659 0.2050748327655477 0.20041404111178526 0.22837879103435993
v 0.50058 -0.06141 -1.01971 0.2050748327655477 0.20041404111178526 0.22837879103435993
v 0.38396 -0.1832 -1.1642 0.2050748327655477 0.20041404111178526 0.22837879103435993
v 2.05 0.0126 -1.10635 0.2050748327655477 0.20041404111178526 0.22837879103435993
v 2.05 0.12877 -0.9659 0.2050748327655477 0.20041404111178526 0.22837879103435993
v 2.05 0.0126 -1.10635 0.21145119033458215 0.20664548146334163 0.23547973469078465
v 3.48326 0.18412 -0.8758 0.21145119033458215 0.20664548146334163 0.23547973469078465
v 2.05 0.12877 -0.9659 0.21145119033458215 0.20664548146334163 0.23547973469078465
v 2.05 0.0126 -1.10635 0.21145119033458215 0.20664548146334163 0.23547973469078465
v 3.59114 0.07708 -1.00946 0.21145119033458215 0.20664548146334163 0.23547973469078465
v 3.48326 0.18412 -0.8758 0.21145119033458215 0.20664548146334163 0.23547973469078465
v 3.59114 0.07708 -1.00946 0.22167865065392292 0.21664049950269737 0.2468694064100505
v 3.92456 0.14954 -0.66213 0.22167865065392292 0.21664049950269737 0.2468694064100505
v 3.48326 0.18412 -0.8758 0.22167865065392292 0.21664049950269737 0.2468694064100505
v 3.59114 0.07708 -1.00946 0.22167865065392292 0.21664049950269737 0.2468694064100505
v 4.06565 0.03876 -0.77971 0.22167865065392292 0.21664049950269737 0.2468694064100505
v 3.92456 0.14954 -0.66213 0.22167865065392292 0.21664049950269737 0.2468694064100505
v 4.06565 0.03876 -0.77971 0.22955337353302144 0.22433625140727095 0.2556389841617739
v 4.10302 0.11278 -0.2507 0.22955337353302144 0.22433625140727095 0.2556389841617739
v 3.92456 0.14954 -0.66213 0.22955337353302144 0.22433625140727095 0.2556389841617739
v 4.06565 0.03876 -0.77971 0.22955337353302144 0.22433625140727095 0.2556389841617739
v 4.25755 -0.00013 -0.33732 0.22955337353302144 0.22433625140727095 0.2556389841617739
v 4.10302 0.11278 -0.2507 0.22955337353302144 0.22433625140727095 0.2556389841617739
v 4.25755 -0.00013 -0.33732 0.230298657741916 0.22506459733869064 0.2564689597580428
v 4.43781 0.06378 0.9 0.230298657741916 0.22506459733869064 0.2564689597580428
v 4.10302 0.11278 -0.2507 0.230298657741916 0.22506459733869064 0.2564689597580428
v 4.25755 -0.00013 -0.33732 0.230298657741916 0.22506459733869064 0.2564689597580428
v 4.61753 -0.03858 0.9 0.230298657741916 0.22506459733869064 0.2564689597580428
v 4.43781 0.06378 0.9 0.230298657741916 0.22506459733869064 0.2564689597580428
v 2.05 0.07 0.9 0.28 0.27 0.295
v 4.16603 0.06354 2.08602 0.28 0.27 0.295
v 4.43781 0.06378 0.9 0.28 0.27 0.295
v 2.05 -0.35 0.9 0.16 0.15 0.18
v 4.43781 -0.35622 0.9 0.16 0.15 0.18
v 4.16603 -0.35646 2.08602 0.16 0.15 0.18
v 2.05 0.07 0.9 0.28 0.27 0.295
v 4.04984 0.06955 2.56654 0.28 0.27 0.295
v 4.16603 0.06354 2.08602 0.28 0.27 0.295
v 2.05 -0.35 0.9 0.16 0.15 0.18
v 4.16603 -0.35646 2.08602 0.16 0.15 0.18
v 4.04984 -0.35045 2.56654 0.16 0.15 0.18
v 2.05 0.07 0.9 0.28 0.27 0.295
v 3.39794 0.02726 2.57009 0.28 0.27 0.295
v 4.04984 0.06955 2.56654 0.28 0.27 0.295
v 2.05 -0.35 0.9 0.16 0.15 0.18
v 4.04984 -0.35045 2.56654 0.16 0.15 0.18
v 3.39794 -0.39274 2.57009 0.16 0.15 0.18
v 2.05 0.07 0.9 0.28 0.27 0.295
v 2.05 0.05442 2.7541 0.28 0.27 0.295
v 3.39794 0.02726 2.57009 0.28 0.27 0.295
v 2.05 -0.35 0.9 0.16 0.15 0.18
v 3.39794 -0.39274 2.57009 0.16 0.15 0.18
v 2.05 -0.36558 2.7541 0.16 0.15 0.18
v 2.05 0.07 0.9 0.28 0.27 0.295
v 0.5859 0.10825 2.714 0.28 0.27 0.295
v 2.05 0.05442 2.7541 0.28 0.27 0.295
v 2.05 -0.35 0.9 0.16 0.15 0.18
v 2.05 -0.36558 2.7541 0.16 0.15 0.18
v 0.5859 -0.31175 2.714 0.16 0.15 0.18
v 2.05 0.07 0.9 0.28 0.27 0.295
v 0.10518 0.07828 2.52068 0.28 0.27 0.295
v 0.5859 0.10825 2.714 0.28 0.27 0.295
v 2.05 -0.35 0.9 0.16 0.15 0.18
v 0.5859 -0.31175 2.714 0.16 0.15 0.18
v 0.10518 -0.34172 2.52068 0.16 0.15 0.18
v 2.05 0.07 0.9 0.28 0.27 0.295
v -0.20473 0.02796 2.16376 0.28 0.27 0.295
v 0.10518 0.07828 2.52068 0.28 0.27 0.295
v 2.05 -0.35 0.9 0.16 0.15 0.18
v 0.10518 -0.34172 2.52068 0.16 0.15 0.18
v -0.20473 -0.39204 2.16376 0.16 0.15 0.18
v 2.05 0.07 0.9 0.28 0.27 0.295
v -0.02619 -0.02634 0.9 0.28 0.27 0.295
v -0.20473 0.02796 2.16376 0.28 0.27 0.295
v 2.05 -0.35 0.9 0.16 0.15 0.18
v -0.20473 -0.39204 2.16376 0.16 0.15 0.18
v -0.02619 -0.44634 0.9 0.16 0.15 0.18
v 2.05 0.07 0.9 0.28 0.27 0.295
v -0.14173 -0.09221 -0.32845 0.28 0.27 0.295
v -0.02619 -0.02634 0.9 0.28 0.27 0.295
v 2.05 -0.35 0.9 0.16 0.15 0.18
v -0.02619 -0.44634 0.9 0.16 0.15 0.18
v -0.14173 -0.51221 -0.32845 0.16 0.15 0.18
v 2.05 0.07 0.9 0.28 0.27 0.295
v 0.23047 -0.07153 -0.61628 0.28 0.27 0.295
v -0.14173 -0.09221 -0.32845 0.28 0.27 0.295
v 2.05 -0.35 0.9 0.16 0.15 0.18
v -0.14173 -0.51221 -0.32845 0.16 0.15 0.18
v 0.23047 -0.49153 -0.61628 0.16 0.15 0.18
v 2.05 0.07 0.9 0.28 0.27 0.295
v 0.50058 -0.06141 -1.01971 0.28 0.27 0.295
v 0.23047 -0.07153 -0.61628 0.28 0.27 0.295
v 2.05 -0.35 0.9 0.16 0.15 0.18
v 0.23047 -0.49153 -0.61628 0.16 0.15 0.18
v 0.50058 -0.48141 -1.01971 0.16 0.15 0.18
v 2.05 0.07 0.9 0.28 0.27 0.295
v 2.05 0.12877 -0.9659 0.28 0.27 0.295
v 0.50058 -0.06141 -1.01971 0.28 0.27 0.295
v 2.05 -0.35 0.9 0.16 0.15 0.18
v 0.50058 -0.48141 -1.01971 0.16 0.15 0.18
v 2.05 -0.29123 -0.9659 0.16 0.15 0.18
v 2.05 0.07 0.9 0.28 0.27 0.295
v 3.48326 0.18412 -0.8758 0.28 0.27 0.295
v 2.05 0.12877 -0.9659 0.28 0.27 0.295
v 2.05 -0.35 0.9 0.16 0.15 0.18
v 2.05 -0.29123 -0.9659 0.16 0.15 0.18
v 3.48326 -0.23588 -0.8758 0.16 0.15 0.18
v 2.05 0.07 0.9 0.28 0.27 0.295
v 3.92456 0.14954 -0.66213 0.28 0.27 0.295
v 3.48326 0.18412 -0.8758 0.28 0.27 0.295
v 2.05 -0.35 0.9 0.16 0.15 0.18
v 3.48326 -0.23588 -0.8758 0.16 0.15 0.18
v 3.92456 -0.27046 -0.66213 0.16 0.15 0.18
v 2.05 0.07 0.9 0.28 0.27 0.295
v 4.10302 0.11278 -0.2507 0.28 0.27 0.295
v 3.92456 0.14954 -0.66213 0.28 0.27 0.295
v 2.05 -0.35 0.9 0.16 0.15 0.18
v 3.92456 -0.27046 -0.66213 0.16 0.15 0.18
v 4.10302 -0.30722 -0.2507 0.16 0.15 0.18
v 2.05 0.07 0.9 0.28 0.27 0.295
v 4.43781 0.06378 0.9 0.28 0.27 0.295
v 4.10302 0.11278 -0.2507 0.28 0.27 0.295
v 2.05 -0.35 0.9 0.16 0.15 0.18
v 4.10302 -0.30722 -0.2507 0.16 0.15 0.18
v 4.43781 -0.35622 0.9 0.16 0.15 0.18
v 4.38229 0.14398 0.9 0.18520313635995614 0.18099397416995713 0.20624894730995116
v 4.35583 0.23566 2.12908 0.18520313635995614 0.18099397416995713 0.20624894730995116
v 4.55107 0.18779 0.9 0.18520313635995614 0.18099397416995713 0.20624894730995116
v 4.38229 0.14398 0.9 0.18520313635995614 0.18099397416995713 0.20624894730995116
v 4.20072 0.18437 2.04305 0.18520313635995614 0.18099397416995713 0.20624894730995116
v 4.35583 0.23566 2.12908 0.18520313635995614 0.18099397416995713 0.20624894730995116
v 4.20072 0.18437 2.04305 0.18676202356971908 0.18251743212495272 0.20798498079355077
v 4.15513 0.23601 2.56187 0.18676202356971908 0.18251743212495272 0.20798498079355077
v 4.35583 0.23566 2.12908 0.18676202356971908 0.18251743212495272 0.20798498079355077
v 4.20072 0.18437 2.04305 0.18676202356971908 0.18251743212495272 0.20798498079355077
v 4.01407 0.18463 2.44554 0.18676202356971908 0.18251743212495272 0.20798498079355077
v 4.15513 0.23601 2.56187 0.18676202356971908 0.18251743212495272 0.20798498079355077
v 4.01407 0.18463 2.44554 0.19513771648311973 0.19070276838123063 0.21731245699256513
v 3.52057 0.15557 2.59279 0.19513771648311973 0.19070276838123063 0.21731245699256513
v 4.15513 0.23601 2.56187 0.19513771648311973 0.19070276838123063 0.21731245699256513
v 4.01407 0.18463 2.44554 0.19513771648311973 0.19070276838123063 0.21731245699256513
v 3.42393 0.11351 2.47429 0.19513771648311973 0.19070276838123063 0.21731245699256513
v 3.52057 0.15557 2.59279 0.19513771648311973 0.19070276838123063 0.21731245699256513
v 3.42393 0.11351 2.47429 0.2052496321697525 0.20058486780225812 0.22857345400722437
v 2.14 0.0691 2.89898 0.2052496321697525 0.20058486780225812 0.22857345400722437
v 3.52057 0.15557 2.59279 0.2052496321697525 0.20058486780225812 0.22857345400722437
v 3.42393 0.11351 2.47429 0.2052496321697525 0.20058486780225812 0.22857345400722437
v 2.14 0.04687 2.75905 0.2052496321697525 0.20058486780225812 0.22857345400722437
v 2.14 0.0691 2.89898 0.2052496321697525 0.20058486780225812 0.22857345400722437
v 2.14 0.04687 2.75905 0.21096401826281136 0.2061693814841111 0.23493720215631264
v 0.65547 0.14502 2.72025 0.21096401826281136 0.2061693814841111 0.23493720215631264
v 2.14 0.0691 2.89898 0.21096401826281136 0.2061693814841111 0.23493720215631264
v 2.14 0.04687 2.75905 0.21096401826281136 0.2061693814841111 0.23493720215631264
v 0.75939 0.12144 2.59284 0.21096401826281136 0.2061693814841111 0.23493720215631264
v 0.65547 0.14502 2.72025 0.21096401826281136 0.2061693814841111 0.23493720215631264
v 0.75939 0.12144 2.59284 0.20881460483784725 0.20406881836425983 0.23254353720578444
v 0.04447 0.16635 2.62818 0.20881460483784725 0.20406881836425983 0.23254353720578444
v 0.65547 0.14502 2.72025 0.20881460483784725 0.20406881836425983 0.23254353720578444
v 0.75939 0.12144 2.59284 0.20881460483784725 0.20406881836425983 0.23254353720578444
v 0.19116 0.14366 2.5072 0.20881460483784725 0.20406881836425983 0.23254353720578444
v 0.04447 0.16635 2.62818 0.20881460483784725 0.20406881836425983 0.23254353720578444
v 0.19116 0.14366 2.5072 0.2001051972361217 0.19555735184439163 0.22284442419477188
v -0.0417 0.16834 2.11015 0.2001051972361217 0.19555735184439163 0.22284442419477188
v 0.04447 0.16635 2.62818 0.2001051972361217 0.19555735184439163 0.22284442419477188
v 0.19116 0.14366 2.5072 0.2001051972361217 0.19555735184439163 0.22284442419477188
v 0.11102 0.14899 2.02544 0.2001051972361217 0.19555735184439163 0.22284442419477188
v -0.0417 0.16834 2.11015 0.2001051972361217 0.19555735184439163 0.22284442419477188
v 0.11102 0.14899 2.02544 0.19011880523996294 0.18579792330269104 0.21172321492632235
v -0.08093 0.12639 0.9 0.19011880523996294 0.18579792330269104 0.21172321492632235
v -0.0417 0.16834 2.11015 0.19011880523996294 0.18579792330269104 0.21172321492632235
v 0.11102 0.14899 2.02544 0.19011880523996294 0.18579792330269104 0.21172321492632235
v 0.07453 0.11877 0.9 0.19011880523996294 0.18579792330269104 0.21172321492632235
v -0.08093 0.12639 0.9 0.19011880523996294 0.18579792330269104 0.21172321492632235
v 0.07453 0.11877 0.9 0.18491304022989916 0.1807104711337651 0.20592588571056952
v -0.11405 0.04655 -0.35029 0.18491304022989916 0.1807104711337651 0.20592588571056952
v -0.08093 0.12639 0.9 0.18491304022989916 0.1807104711337651 0.20592588571056952
v 0.07453 0.11877 0.9 0.18491304022989916 0.1807104711337651 0.20592588571056952
v 0.04373 0.04746 -0.26277 0.18491304022989916 0.1807104711337651 0.20592588571056952
v -0.11405 0.04655 -0.35029 0.18491304022989916 0.1807104711337651 0.20592588571056952
v 0.04373 0.04746 -0.26277 0.18764564940646575 0.1833809755563188 0.2089690186572005
v 0.19201 0.06479 -0.7065 0.18764564940646575 0.1833809755563188 0.2089690186572005
v -0.11405 0.04655 -0.35029 0.18764564940646575 0.1833809755563188 0.2089690186572005
v 0.04373 0.04746 -0.26277 0.18764564940646575 0.1833809755563188 0.2089690186572005
v 0.32837 0.06471 -0.59405 0.18764564940646575 0.1833809755563188 0.2089690186572005
v 0.19201 0.06479 -0.7065 0.18764564940646575 0.1833809755563188 0.2089690186572005
v 0.32837 0.06471 -0.59405 0.1966590687112046 0.1921895444223136 0.21900669015565966
v 0.51417 0.08341 -1.09351 0.1966590687112046 0.1921895444223136 0.21900669015565966
v 0.19201 0.06479 -0.7065 0.1966590687112046 0.1921895444223136 0.21900669015565966
v 0.32837 0.06471 -0.59405 0.1966590687112046 0.1921895444223136 0.21900669015565966
v 0.62798 0.08218 -0.95396 0.1966590687112046 0.1921895444223136 0.21900669015565966
v 0.51417 0.08341 -1.09351 0.1966590687112046 0.1921895444223136 0.21900669015565966
v 0.62798 0.08218 -0.95396 0.20648587894217962 0.20179301805713007 0.22995018336742729
v 2.14 0.24387 -0.92102 0.20648587894217962 0.20179301805713007 0.22995018336742729
v 0.51417 0.08341 -1.09351 0.20648587894217962 0.20179301805713007 0.22995018336742729
v 0.62798 0.08218 -0.95396 0.20648587894217962 0.20179301805713007 0.22995018336742729
v 2.14 0.21694 -0.79355 0.20648587894217962 0.20179301805713007 0.22995018336742729
v 2.14 0.24387 -0.92102 0.20648587894217962 0.20179301805713007 0.22995018336742729
v 2.14 0.21694 -0.79355 0.21116526887624418 0.2063660582199659 0.23516132215763555
v 3.66187 0.18673 -0.96604 0.21116526887624418 0.2063660582199659 0.23516132215763555
v 2.14 0.24387 -0.92102 0.21116526887624418 0.2063660582199659 0.23516132215763555
v 2.14 0.21694 -0.79355 0.21116526887624418 0.2063660582199659 0.23516132215763555
v 3.55534 0.16006 -0.83542 0.21116526887624418 0.2063660582199659 0.23516132215763555
v 3.66187 0.18673 -0.96604 0.21116526887624418 0.2063660582199659 0.23516132215763555
v 3.55534 0.16006 -0.83542 0.20785878337069777 0.20313472011227282 0.2314790996628225
v 4.00759 0.15281 -0.6402 0.20785878337069777 0.20313472011227282 0.2314790996628225
v 3.66187 0.18673 -0.96604 0.20785878337069777 0.20313472011227282 0.2314790996628225
v 3.55534 0.16006 -0.83542 0.20785878337069777 0.20313472011227282 0.2314790996628225
v 3.87686 0.12724 -0.53238 0.20785878337069777 0.20313472011227282 0.2314790996628225
v 4.00759 0.15281 -0.6402 0.20785878337069777 0.20313472011227282 0.2314790996628225
v 3.87686 0.12724 -0.53238 0.19857209216448665 0.1940590900698392 0.22113710263772376
v 4.42818 0.14548 -0.36922 0.19857209216448665 0.1940590900698392 0.22113710263772376
v 4.00759 0.15281 -0.6402 0.19857209216448665 0.1940590900698392 0.22113710263772376
v 3.87686 0.12724 -0.53238 0.19857209216448665 0.1940590900698392 0.22113710263772376
v 4.26801 0.11594 -0.28037 0.19857209216448665 0.1940590900698392 0.22113710263772376
v 4.42818 0.14548 -0.36922 0.19857209216448665 0.1940590900698392 0.22113710263772376
v 4.26801 0.11594 -0.28037 0.1889383775280278 0.18464432349329987 0.2104086477016673
v 4.55107 0.18779 0.9 0.1889383775280278 0.18464432349329987 0.2104086477016673
v 4.42818 0.14548 -0.36922 0.1889383775280278 0.18464432349329987 0.2104086477016673
v 4.26801 0.11594 -0.28037 0.1889383775280278 0.18464432349329987 0.2104086477016673
v 4.38229 0.14398 0.9 0.1889383775280278 0.18464432349329987 0.2104086477016673
v 4.55107 0.18779 0.9 0.1889383775280278 0.18464432349329987 0.2104086477016673
v 4.55107 0.18779 0.9 0.18520313635995614 0.18099397416995713 0.20624894730995116
v 4.35583 0.52126 2.12908 0.18520313635995614 0.18099397416995713 0.20624894730995116
v 4.55107 0.47339 0.9 0.18520313635995614 0.18099397416995713 0.20624894730995116
v 4.55107 0.18779 0.9 0.18520313635995614 0.18099397416995713 0.20624894730995116
v 4.35583 0.23566 2.12908 0.18520313635995614 0.18099397416995713 0.20624894730995116
v 4.35583 0.52126 2.12908 0.18520313635995614 0.18099397416995713 0.20624894730995116
v 4.35583 0.23566 2.12908 0.18676202356971908 0.18251743212495272 0.20798498079355077
v 4.15513 0.52161 2.56187 0.18676202356971908 0.18251743212495272 0.20798498079355077
v 4.35583 0.52126 2.12908 0.18676202356971908 0.18251743212495272 0.20798498079355077
v 4.35583 0.23566 2.12908 0.18676202356971908 0.18251743212495272 0.20798498079355077
v 4.15513 0.23601 2.56187 0.18676202356971908 0.18251743212495272 0.20798498079355077
v 4.15513 0.52161 2.56187 0.18676202356971908 0.18251743212495272 0.20798498079355077
v 4.15513 0.23601 2.56187 0.19513771648311973 0.19070276838123063 0.21731245699256513
v 3.52057 0.44117 2.59279 0.19513771648311973 0.19070276838123063 0.21731245699256513
v 4.15513 0.52161 2.56187 0.19513771648311973 0.19070276838123063 0.21731245699256513
v 4.15513 0.23601 2.56187 0.19513771648311973 0.19070276838123063 0.21731245699256513
v 3.52057 0.15557 2.59279 0.19513771648311973 0.19070276838123063 0.21731245699256513
v 3.52057 0.44117 2.59279 0.19513771648311973 0.19070276838123063 0.21731245699256513
v 3.52057 0.15557 2.59279 0.2052496321697525 0.20058486780225812 0.22857345400722437
v 2.14 0.3547 2.89898 0.2052496321697525 0.20058486780225812 0.22857345400722437
v 3.52057 0.44117 2.59279 0.2052496321697525 0.20058486780225812 0.22857345400722437
v 3.52057 0.15557 2.59279 0.2052496321697525 0.20058486780225812 0.22857345400722437
v 2.14 0.0691 2.89898 0.2052496321697525 0.20058486780225812 0.22857345400722437
v 2.14 0.3547 2.89898 0.2052496321697525 0.20058486780225812 0.22857345400722437
v 2.14 0.0691 2.89898 0.21096401826281136 0.2061693814841111 0.23493720215631264
v 0.65547 0.43062 2.72025 0.21096401826281136 0.2061693814841111 0.23493720215631264
v 2.14 0.3547 2.89898 0.21096401826281136 0.2061693814841111 0.23493720215631264
v 2.14 0.0691 2.89898 0.21096401826281136 0.2061693814841111 0.23493720215631264
v 0.65547 0.14502 2.72025 0.21096401826281136 0.2061693814841111 0.23493720215631264
v 0.65547 0.43062 2.72025 0.21096401826281136 0.2061693814841111 0.23493720215631264
v 0.65547 0.14502 2.72025 0.20881460483784725 0.20406881836425983 0.23254353720578444
v 0.04447 0.45195 2.62818 0.20881460483784725 0.20406881836425983 0.23254353720578444
v 0.65547 0.43062 2.72025 0.20881460483784725 0.20406881836425983 0.23254353720578444
v 0.65547 0.14502 2.72025 0.20881460483784725 0.20406881836425983 0.23254353720578444
v 0.04447 0.16635 2.62818 0.20881460483784725 0.20406881836425983 0.23254353720578444
v 0.04447 0.45195 2.62818 0.20881460483784725 0.20406881836425983 0.23254353720578444
v 0.04447 0.16635 2.62818 0.2001051972361217 0.19555735184439163 0.22284442419477188
v -0.0417 0.45394 2.11015 0.2001051972361217 0.19555735184439163 0.22284442419477188
v 0.04447 0.45195 2.62818 0.2001051972361217 0.19555735184439163 0.22284442419477188
v 0.04447 0.16635 2.62818 0.2001051972361217 0.19555735184439163 0.22284442419477188
v -0.0417 0.16834 2.11015 0.2001051972361217 0.19555735184439163 0.22284442419477188
v -0.0417 0.45394 2.11015 0.2001051972361217 0.19555735184439163 0.22284442419477188
v -0.0417 0.16834 2.11015 0.19011880523996294 0.18579792330269104 0.21172321492632235
v -0.08093 0.41199 0.9 0.19011880523996294 0.18579792330269104 0.21172321492632235
v -0.0417 0.45394 2.11015 0.19011880523996294 0.18579792330269104 0.21172321492632235
v -0.0417 0.16834 2.11015 0.19011880523996294 0.18579792330269104 0.21172321492632235
v -0.08093 0.12639 0.9 0.19011880523996294 0.18579792330269104 0.21172321492632235
v -0.08093 0.41199 0.9 0.19011880523996294 0.18579792330269104 0.21172321492632235
v -0.08093 0.12639 0.9 0.18491304022989916 0.1807104711337651 0.20592588571056952
v -0.11405 0.33215 -0.35029 0.18491304022989916 0.1807104711337651 0.20592588571056952
v -0.08093 0.41199 0.9 0.18491304022989916 0.1807104711337651 0.20592588571056952
v -0.08093 0.12639 0.9 0.18491304022989916 0.1807104711337651 0.20592588571056952
v -0.11405 0.04655 -0.35029 0.18491304022989916 0.1807104711337651 0.20592588571056952
v -0.11405 0.33215 -0.35029 0.18491304022989916 0.1807104711337651 0.20592588571056952
v -0.11405 0.04655 -0.35029 0.18764564940646575 0.1833809755563188 0.2089690186572005
v 0.19201 0.35039 -0.7065 0.18764564940646575 0.1833809755563188 0.2089690186572005
v -0.11405 0.33215 -0.35029 0.18764564940646575 0.1833809755563188 0.2089690186572005
v -0.11405 0.04655 -0.35029 0.18764564940646575 0.1833809755563188 0.2089690186572005
v 0.19201 0.06479 -0.7065 0.18764564940646575 0.1833809755563188 0.2089690186572005
v 0.19201 0.35039 -0.7065 0.18764564940646575 0.1833809755563188 0.2089690186572005
v 0.19201 0.06479 -0.7065 0.1966590687112046 0.1921895444223136 0.21900669015565966
v 0.51417 0.36901 -1.09351 0.1966590687112046 0.1921895444223136 0.21900669015565966
v 0.19201 0.35039 -0.7065 0.1966590687112046 0.1921895444223136 0.21900669015565966
v 0.19201 0.06479 -0.7065 0.1966590687112046 0.1921895444223136 0.21900669015565966
v 0.51417 0.08341 -1.09351 0.1966590687112046 0.1921895444223136 0.21900669015565966
v 0.51417 0.36901 -1.09351 0.1966590687112046 0.1921895444223136 0.21900669015565966
v 0.51417 0.08341 -1.09351 0.20648587894217962 0.20179301805713007 0.22995018336742729
v 2.14 0.52947 -0.92102 0.20648587894217962 0.20179301805713007 0.22995018336742729
v 0.51417 0.36901 -1.09351 0.20648587894217962 0.20179301805713007 0.22995018336742729
v 0.51417 0.08341 -1.09351 0.20648587894217962 0.20179301805713007 0.22995018336742729
v 2.14 0.24387 -0.92102 0.20648587894217962 0.20179301805713007 0.22995018336742729
v 2.14 0.52947 -0.92102 0.20648587894217962 0.20179301805713007 0.22995018336742729
v 2.14 0.24387 -0.92102 0.21116526887624418 0.2063660582199659 0.23516132215763555
v 3.66187 0.47233 -0.96604 0.21116526887624418 0.2063660582199659 0.23516132215763555
v 2.14 0.52947 -0.92102 0.21116526887624418 0.2063660582199659 0.23516132215763555
v 2.14 0.24387 -0.92102 0.21116526887624418 0.2063660582199659 0.23516132215763555
v 3.66187 0.18673 -0.96604 0.21116526887624418 0.2063660582199659 0.23516132215763555
v 3.66187 0.47233 -0.96604 0.21116526887624418 0.2063660582199659 0.23516132215763555
v 3.66187 0.18673 -0.96604 0.20785878337069777 0.20313472011227282 0.2314790996628225
v 4.00759 0.43841 -0.6402 0.20785878337069777 0.20313472011227282 0.2314790996628225
v 3.66187 0.47233 -0.96604 0.20785878337069777 0.20313472011227282 0.2314790996628225
v 3.66187 0.18673 -0.96604 0.20785878337069777 0.20313472011227282 0.2314790996628225
v 4.00759 0.15281 -0.6402 0.20785878337069777 0.20313472011227282 0.2314790996628225
v 4.00759 0.43841 -0.6402 0.20785878337069777 0.20313472011227282 0.2314790996628225
v 4.00759 0.15281 -0.6402 0.19857209216448665 0.1940590900698392 0.22113710263772376
v 4.42818 0.43108 -0.36922 0.19857209216448665 0.1940590900698392 0.22113710263772376
v 4.00759 0.43841 -0.6402 0.19857209216448665 0.1940590900698392 0.22113710263772376
v 4.00759 0.15281 -0.6402 0.19857209216448665 0.1940590900698392 0.22113710263772376
v 4.42818 0.14548 -0.36922 0.19857209216448665 0.1940590900698392 0.22113710263772376
v 4.42818 0.43108 -0.36922 0.19857209216448665 0.1940590900698392 0.22113710263772376
v 4.42818 0.14548 -0.36922 0.1889383775280278 0.18464432349329987 0.2104086477016673
v 4.55107 0.47339 0.9 0.1889383775280278 0.18464432349329987 0.2104086477016673
v 4.42818 0.43108 -0.36922 0.1889383775280278 0.18464432349329987 0.2104086477016673
v 4.42818 0.14548 -0.36922 0.1889383775280278 0.18464432349329987 0.2104086477016673
v 4.55107 0.18779 0.9 0.1889383775280278 0.18464432349329987 0.2104086477016673
v 4.55107 0.47339 0.9 0.1889383775280278 0.18464432349329987 0.2104086477016673
v 4.55107 0.47339 0.9 0.20500313635995615 0.20034397416995714 0.22829894730995115
v 4.20072 0.60437 2.04305 0.20500313635995615 0.20034397416995714 0.22829894730995115
v 4.38229 0.56398 0.9 0.20500313635995615 0.20034397416995714 0.22829894730995115
v 4.55107 0.47339 0.9 0.20500313635995615 0.20034397416995714 0.22829894730995115
v 4.35583 0.52126 2.12908 0.20500313635995615 0.20034397416995714 0.22829894730995115
v 4.20072 0.60437 2.04305 0.20500313635995615 0.20034397416995714 0.22829894730995115
v 4.35583 0.52126 2.12908 0.20656202356971906 0.20186743212495273 0.23003498079355078
v 4.01407 0.60463 2.44554 0.20656202356971906 0.20186743212495273 0.23003498079355078
v 4.20072 0.60437 2.04305 0.20656202356971906 0.20186743212495273 0.23003498079355078
v 4.35583 0.52126 2.12908 0.20656202356971906 0.20186743212495273 0.23003498079355078
v 4.15513 0.52161 2.56187 0.20656202356971906 0.20186743212495273 0.23003498079355078
v 4.01407 0.60463 2.44554 0.20656202356971906 0.20186743212495273 0.23003498079355078
v 4.15513 0.52161 2.56187 0.2149377164831197 0.21005276838123063 0.23936245699256514
v 3.42393 0.53351 2.47429 0.2149377164831197 0.21005276838123063 0.23936245699256514
v 4.01407 0.60463 2.44554 0.2149377164831197 0.21005276838123063 0.23936245699256514
v 4.15513 0.52161 2.56187 0.2149377164831197 0.21005276838123063 0.23936245699256514
v 3.52057 0.44117 2.59279 0.2149377164831197 0.21005276838123063 0.23936245699256514
v 3.42393 0.53351 2.47429 0.2149377164831197 0.21005276838123063 0.23936245699256514
v 3.52057 0.44117 2.59279 0.22504963216975252 0.21993486780225815 0.2506234540072244
v 2.14 0.46687 2.75905 0.22504963216975252 0.21993486780225815 0.2506234540072244
v 3.42393 0.53351 2.47429 0.22504963216975252 0.21993486780225815 0.2506234540072244
v 3.52057 0.44117 2.59279 0.22504963216975252 0.21993486780225815 0.2506234540072244
v 2.14 0.3547 2.89898 0.22504963216975252 0.21993486780225815 0.2506234540072244
v 2.14 0.46687 2.75905 0.22504963216975252 0.21993486780225815 0.2506234540072244
v 2.14 0.3547 2.89898 0.23076401826281134 0.22551938148411108 0.25698720215631266
v 0.75939 0.54144 2.59284 0.23076401826281134 0.22551938148411108 0.25698720215631266
v 2.14 0.46687 2.75905 0.23076401826281134 0.22551938148411108 0.25698720215631266
v 2.14 0.3547 2.89898 0.23076401826281134 0.22551938148411108 0.25698720215631266
v 0.65547 0.43062 2.72025 0.23076401826281134 0.22551938148411108 0.25698720215631266
v 0.75939 0.54144 2.59284 0.23076401826281134 0.22551938148411108 0.25698720215631266
v 0.65547 0.43062 2.72025 0.2286146048378473 0.22341881836425984 0.2545935372057845
v 0.19116 0.56366 2.5072 0.2286146048378473 0.22341881836425984 0.2545935372057845
v 0.75939 0.54144 2.59284 0.2286146048378473 0.22341881836425984 0.2545935372057845
v 0.65547 0.43062 2.72025 0.2286146048378473 0.22341881836425984 0.2545935372057845
v 0.04447 0.45195 2.62818 0.2286146048378473 0.22341881836425984 0.2545935372057845
v 0.19116 0.56366 2.5072 0.2286146048378473 0.22341881836425984 0.2545935372057845
v 0.04447 0.45195 2.62818 0.21990519723612167 0.21490735184439164 0.24489442419477186
v 0.11102 0.56899 2.02544 0.21990519723612167 0.21490735184439164 0.24489442419477186
v 0.19116 0.56366 2.5072 0.21990519723612167 0.21490735184439164 0.24489442419477186
v 0.04447 0.45195 2.62818 0.21990519723612167 0.21490735184439164 0.24489442419477186
v -0.0417 0.45394 2.11015 0.21990519723612167 0.21490735184439164 0.24489442419477186
v 0.11102 0.56899 2.02544 0.21990519723612167 0.21490735184439164 0.24489442419477186
v -0.0417 0.45394 2.11015 0.20991880523996292 0.20514792330269105 0.23377321492632236
v 0.07453 0.53877 0.9 0.20991880523996292 0.20514792330269105 0.23377321492632236
v 0.11102 0.56899 2.02544 0.20991880523996292 0.20514792330269105 0.23377321492632236
v -0.0417 0.45394 2.11015 0.20991880523996292 0.20514792330269105 0.23377321492632236
v -0.08093 0.41199 0.9 0.20991880523996292 0.20514792330269105 0.23377321492632236
v 0.07453 0.53877 0.9 0.20991880523996292 0.20514792330269105 0.23377321492632236
v -0.08093 0.41199 0.9 0.20471304022989914 0.20006047113376507 0.2279758857105695
v 0.04373 0.46746 -0.26277 0.20471304022989914 0.20006047113376507 0.2279758857105695
v 0.07453 0.53877 0.9 0.20471304022989914 0.20006047113376507 0.2279758857105695
v -0.08093 0.41199 0.9 0.20471304022989914 0.20006047113376507 0.2279758857105695
v -0.11405 0.33215 -0.35029 0.20471304022989914 0.20006047113376507 0.2279758857105695
v 0.04373 0.46746 -0.26277 0.20471304022989914 0.20006047113376507 0.2279758857105695
v -0.11405 0.33215 -0.35029 0.20744564940646573 0.2027309755563188 0.23101901865720048
v 0.32837 0.48471 -0.59405 0.20744564940646573 0.2027309755563188 0.23101901865720048
v 0.04373 0.46746 -0.26277 0.20744564940646573 0.2027309755563188 0.23101901865720048
v -0.11405 0.33215 -0.35029 0.20744564940646573 0.2027309755563188 0.23101901865720048
v 0.19201 0.35039 -0.7065 0.20744564940646573 0.2027309755563188 0.23101901865720048
v 0.32837 0.48471 -0.59405 0.20744564940646573 0.2027309755563188 0.23101901865720048
v 0.19201 0.35039 -0.7065 0.2164590687112046 0.21153954442231357 0.24105669015565964
v 0.62798 0.50218 -0.95396 0.2164590687112046 0.21153954442231357 0.24105669015565964
v 0.32837 0.48471 -0.59405 0.2164590687112046 0.21153954442231357 0.24105669015565964
v 0.19201 0.35039 -0.7065 0.2164590687112046 0.21153954442231357 0.24105669015565964
v 0.51417 0.36901 -1.09351 0.2164590687112046 0.21153954442231357 0.24105669015565964
v 0.62798 0.50218 -0.95396 0.2164590687112046 0.21153954442231357 0.24105669015565964
v 0.51417 0.36901 -1.09351 0.22628587894217964 0.2211430180571301 0.2520001833674273
v 2.14 0.63694 -0.79355 0.22628587894217964 0.2211430180571301 0.2520001833674273
v 0.62798 0.50218 -0.95396 0.22628587894217964 0.2211430180571301 0.2520001833674273
v 0.51417 0.36901 -1.09351 0.22628587894217964 0.2211430180571301 0.2520001833674273
v 2.14 0.52947 -0.92102 0.22628587894217964 0.2211430180571301 0.2520001833674273
v 2.14 0.63694 -0.79355 0.22628587894217964 0.2211430180571301 0.2520001833674273
v 2.14 0.52947 -0.92102 0.2309652688762442 0.2257160582199659 0.2572113221576356
v 3.55534 0.58006 -0.83542 0.2309652688762442 0.2257160582199659 0.2572113221576356
v 2.14 0.63694 -0.79355 0.2309652688762442 0.2257160582199659 0.2572113221576356
v 2.14 0.52947 -0.92102 0.2309652688762442 0.2257160582199659 0.2572113221576356
v 3.66187 0.47233 -0.96604 0.2309652688762442 0.2257160582199659 0.2572113221576356
v 3.55534 0.58006 -0.83542 0.2309652688762442 0.2257160582199659 0.2572113221576356
v 3.66187 0.47233 -0.96604 0.22765878337069775 0.2224847201122728 0.2535290996628225
v 3.87686 0.54724 -0.53238 0.22765878337069775 0.2224847201122728 0.2535290996628225
v 3.55534 0.58006 -0.83542 0.22765878337069775 0.2224847201122728 0.2535290996628225
v 3.66187 0.47233 -0.96604 0.22765878337069775 0.2224847201122728 0.2535290996628225
v 4.00759 0.43841 -0.6402 0.22765878337069775 0.2224847201122728 0.2535290996628225
v 3.87686 0.54724 -0.53238 0.22765878337069775 0.2224847201122728 0.2535290996628225
v 4.00759 0.43841 -0.6402 0.21837209216448664 0.2134090900698392 0.24318710263772375
v 4.26801 0.53594 -0.28037 0.21837209216448664 0.2134090900698392 0.24318710263772375
v 3.87686 0.54724 -0.53238 0.21837209216448664 0.2134090900698392 0.24318710263772375
v 4.00759 0.43841 -0.6402 0.21837209216448664 0.2134090900698392 0.24318710263772375
v 4.42818 0.43108 -0.36922 0.21837209216448664 0.2134090900698392 0.24318710263772375
v 4.26801 0.53594 -0.28037 0.21837209216448664 0.2134090900698392 0.24318710263772375
v 4.42818 0.43108 -0.36922 0.2087383775280278 0.20399432349329988 0.2324586477016673
v 4.38229 0.56398 0.9 0.2087383775280278 0.20399432349329988 0.2324586477016673
v 4.26801 0.53594 -0.28037 0.2087383775280278 0.20399432349329988 0.2324586477016673
v 4.42818 0.43108 -0.36922 0.2087383775280278 0.20399432349329988 0.2324586477016673
v 4.55107 0.47339 0.9 0.2087383775280278 0.20399432349329988 0.2324586477016673
v 4.38229 0.56398 0.9 0.2087383775280278 0.20399432349329988 0.2324586477016673
v 2.14 0.55 0.9 0.28 0.27 0.295
v 4.20072 0.60437 2.04305 0.28 0.27 0.295
v 4.38229 0.56398 0.9 0.28 0.27 0.295
v 2.14 0.13 0.9 0.16 0.15 0.18
v 4.38229 0.14398 0.9 0.16 0.15 0.18
v 4.20072 0.18437 2.04305 0.16 0.15 0.18
v 2.14 0.55 0.9 0.28 0.27 0.295
v 4.01407 0.60463 2.44554 0.28 0.27 0.295
v 4.20072 0.60437 2.04305 0.28 0.27 0.295
v 2.14 0.13 0.9 0.16 0.15 0.18
v 4.20072 0.18437 2.04305 0.16 0.15 0.18
v 4.01407 0.18463 2.44554 0.16 0.15 0.18
v 2.14 0.55 0.9 0.28 0.27 0.295
v 3.42393 0.53351 2.47429 0.28 0.27 0.295
v 4.01407 0.60463 2.44554 0.28 0.27 0.295
v 2.14 0.13 0.9 0.16 0.15 0.18
v 4.01407 0.18463 2.44554 0.16 0.15 0.18
v 3.42393 0.11351 2.47429 0.16 0.15 0.18
v 2.14 0.55 0.9 0.28 0.27 0.295
v 2.14 0.46687 2.75905 0.28 0.27 0.295
v 3.42393 0.53351 2.47429 0.28 0.27 0.295
v 2.14 0.13 0.9 0.16 0.15 0.18
v 3.42393 0.11351 2.47429 0.16 0.15 0.18
v 2.14 0.04687 2.75905 0.16 0.15 0.18
v 2.14 0.55 0.9 0.28 0.27 0.295
v 0.75939 0.54144 2.59284 0.28 0.27 0.295
v 2.14 0.46687 2.75905 0.28 0.27 0.295
v 2.14 0.13 0.9 0.16 0.15 0.18
v 2.14 0.04687 2.75905 0.16 0.15 0.18
v 0.75939 0.12144 2.59284 0.16 0.15 0.18
v 2.14 0.55 0.9 0.28 0.27 0.295
v 0.19116 0.56366 2.5072 0.28 0.27 0.295
v 0.75939 0.54144 2.59284 0.28 0.27 0.295
v 2.14 0.13 0.9 0.16 0.15 0.18
v 0.75939 0.12144 2.59284 0.16 0.15 0.18
v 0.19116 0.14366 2.5072 0.16 0.15 0.18
v 2.14 0.55 0.9 0.28 0.27 0.295
v 0.11102 0.56899 2.02544 0.28 0.27 0.295
v 0.19116 0.56366 2.5072 0.28 0.27 0.295
v 2.14 0.13 0.9 0.16 0.15 0.18
v 0.19116 0.14366 2.5072 0.16 0.15 0.18
v 0.11102 0.14899 2.02544 0.16 0.15 0.18
v 2.14 0.55 0.9 0.28 0.27 0.295
v 0.07453 0.53877 0.9 0.28 0.27 0.295
v 0.11102 0.56899 2.02544 0.28 0.27 0.295
v 2.14 0.13 0.9 0.16 0.15 0.18
v 0.11102 0.14899 2.02544 0.16 0.15 0.18
v 0.07453 0.11877 0.9 0.16 0.15 0.18
v 2.14 0.55 0.9 0.28 0.27 0.295
v 0.04373 0.46746 -0.26277 0.28 0.27 0.295
v 0.07453 0.53877 0.9 0.28 0.27 0.295
v 2.14 0.13 0.9 0.16 0.15 0.18
v 0.07453 0.11877 0.9 0.16 0.15 0.18
v 0.04373 0.04746 -0.26277 0.16 0.15 0.18
v 2.14 0.55 0.9 0.28 0.27 0.295
v 0.32837 0.48471 -0.59405 0.28 0.27 0.295
v 0.04373 0.46746 -0.26277 0.28 0.27 0.295
v 2.14 0.13 0.9 0.16 0.15 0.18
v 0.04373 0.04746 -0.26277 0.16 0.15 0.18
v 0.32837 0.06471 -0.59405 0.16 0.15 0.18
v 2.14 0.55 0.9 0.28 0.27 0.295
v 0.62798 0.50218 -0.95396 0.28 0.27 0.295
v 0.32837 0.48471 -0.59405 0.28 0.27 0.295
v 2.14 0.13 0.9 0.16 0.15 0.18
v 0.32837 0.06471 -0.59405 0.16 0.15 0.18
v 0.62798 0.08218 -0.95396 0.16 0.15 0.18
v 2.14 0.55 0.9 0.28 0.27 0.295
v 2.14 0.63694 -0.79355 0.28 0.27 0.295
v 0.62798 0.50218 -0.95396 0.28 0.27 0.295
v 2.14 0.13 0.9 0.16 0.15 0.18
v 0.62798 0.08218 -0.95396 0.16 0.15 0.18
v 2.14 0.21694 -0.79355 0.16 0.15 0.18
v 2.14 0.55 0.9 0.28 0.27 0.295
v 3.55534 0.58006 -0.83542 0.28 0.27 0.295
v 2.14 0.63694 -0.79355 0.28 0.27 0.295
v 2.14 0.13 0.9 0.16 0.15 0.18
v 2.14 0.21694 -0.79355 0.16 0.15 0.18
v 3.55534 0.16006 -0.83542 0.16 0.15 0.18
v 2.14 0.55 0.9 0.28 0.27 0.295
v 3.87686 0.54724 -0.53238 0.28 0.27 0.295
v 3.55534 0.58006 -0.83542 0.28 0.27 0.295
v 2.14 0.13 0.9 0.16 0.15 0.18
v 3.55534 0.16006 -0.83542 0.16 0.15 0.18
v 3.87686 0.12724 -0.53238 0.16 0.15 0.18
v 2.14 0.55 0.9 0.28 0.27 0.295
v 4.26801 0.53594 -0.28037 0.28 0.27 0.295
v 3.87686 0.54724 -0.53238 0.28 0.27 0.295
v 2.14 0.13 0.9 0.16 0.15 0.18
v 3.87686 0.12724 -0.53238 0.16 0.15 0.18
v 4.26801 0.11594 -0.28037 0.16 0.15 0.18
v 2.14 0.55 0.9 0.28 0.27 0.295
v 4.38229 0.56398 0.9 0.28 0.27 0.295
v 4.26801 0.53594 -0.28037 0.28 0.27 0.295
v 2.14 0.13 0.9 0.16 0.15 0.18
v 4.26801 0.11594 -0.28037 0.16 0.15 0.18
v 4.38229 0.14398 0.9 0.16 0.15 0.18
v 4.28544 0.68154 0.9 0.2003816819306423 0.19582755279585495 0.2231523276045789
v 4.41744 0.78653 2.09968 0.2003816819306423 0.19582755279585495 0.2231523276045789
v 4.44015 0.7274 0.9 0.2003816819306423 0.19582755279585495 0.2231523276045789
v 4.28544 0.68154 0.9 0.2003816819306423 0.19582755279585495 0.2231523276045789
v 4.26432 0.74276 2.0157 0.2003816819306423 0.19582755279585495 0.2231523276045789
v 4.41744 0.78653 2.09968 0.2003816819306423 0.19582755279585495 0.2231523276045789
v 4.26432 0.74276 2.0157 0.2089730248942126 0.20422363796479867 0.23271995954128222
v 4.06519 0.76404 2.39643 0.2089730248942126 0.20422363796479867 0.23271995954128222
v 4.41744 0.78653 2.09968 0.2089730248942126 0.20422363796479867 0.23271995954128222
v 4.26432 0.74276 2.0157 0.2089730248942126 0.20422363796479867 0.23271995954128222
v 3.93672 0.71952 2.29168 0.2089730248942126 0.20422363796479867 0.23271995954128222
v 4.06519 0.76404 2.39643 0.2089730248942126 0.20422363796479867 0.23271995954128222
v 3.93672 0.71952 2.29168 0.21090827820062052 0.2061149082415155 0.23487512799614557
v 3.63 0.72437 2.59728 0.21090827820062052 0.2061149082415155 0.23487512799614557
v 4.06519 0.76404 2.39643 0.21090827820062052 0.2061149082415155 0.23487512799614557
v 3.93672 0.71952 2.29168 0.21090827820062052 0.2061149082415155 0.23487512799614557
v 3.532 0.67972 2.47847 0.21090827820062052 0.2061149082415155 0.23487512799614557
v 3.63 0.72437 2.59728 0.21090827820062052 0.2061149082415155 0.23487512799614557
v 3.532 0.67972 2.47847 0.20501354316277143 0.20035414445452662 0.22831053670399545
v 2.23 0.56332 2.81492 0.20501354316277143 0.20035414445452662 0.22831053670399545
v 3.63 0.72437 2.59728 0.20501354316277143 0.20035414445452662 0.22831053670399545
v 3.532 0.67972 2.47847 0.20501354316277143 0.20035414445452662 0.22831053670399545
v 2.23 0.53336 2.68087 0.20501354316277143 0.20035414445452662 0.22831053670399545
v 2.23 0.56332 2.81492 0.20501354316277143 0.20035414445452662 0.22831053670399545
v 2.23 0.53336 2.68087 0.19486448695497713 0.19043574861509127 0.21700817865440633
v 0.79598 0.54063 2.63853 0.19486448695497713 0.19043574861509127 0.21700817865440633
v 2.23 0.56332 2.81492 0.19486448695497713 0.19043574861509127 0.21700817865440633
v 2.23 0.53336 2.68087 0.19486448695497713 0.19043574861509127 0.21700817865440633
v 0.89636 0.51698 2.51683 0.19486448695497713 0.19043574861509127 0.21700817865440633
v 0.79598 0.54063 2.63853 0.19486448695497713 0.19043574861509127 0.21700817865440633
v 0.89636 0.51698 2.51683 0.18661739088580256 0.18237608654748885 0.207823912577371
v 0.21377 0.58171 2.54406 0.18661739088580256 0.18237608654748885 0.207823912577371
v 0.79598 0.54063 2.63853 0.18661739088580256 0.18237608654748885 0.207823912577371
v 0.89636 0.51698 2.51683 0.18661739088580256 0.18237608654748885 0.207823912577371
v 0.35491 0.55481 2.42897 0.18661739088580256 0.18237608654748885 0.207823912577371
v 0.21377 0.58171 2.54406 0.18661739088580256 0.18237608654748885 0.207823912577371
v 0.35491 0.55481 2.42897 0.1852748327655477 0.18106404111178526 0.20632879103435994
v 0.24262 0.61246 1.98996 0.1852748327655477 0.18106404111178526 0.20632879103435994
v 0.21377 0.58171 2.54406 0.1852748327655477 0.18106404111178526 0.20632879103435994
v 0.35491 0.55481 2.42897 0.1852748327655477 0.18106404111178526 0.20632879103435994
v 0.38174 0.58425 1.91366 0.1852748327655477 0.18106404111178526 0.20632879103435994
v 0.24262 0.61246 1.98996 0.1852748327655477 0.18106404111178526 0.20632879103435994
v 0.38174 0.58425 1.91366 0.19165119033458214 0.18729548146334166 0.21342973469078466
v -0.02385 0.64627 0.9 0.19165119033458214 0.18729548146334166 0.21342973469078466
v 0.24262 0.61246 1.98996 0.19165119033458214 0.18729548146334166 0.21342973469078466
v 0.38174 0.58425 1.91366 0.19165119033458214 0.18729548146334166 0.21342973469078466
v 0.13392 0.62574 0.9 0.19165119033458214 0.18729548146334166 0.21342973469078466
v -0.02385 0.64627 0.9 0.19165119033458214 0.18729548146334166 0.21342973469078466
v 0.13392 0.62574 0.9 0.2018786506539229 0.1972904995026974 0.22481940641005052
v 0.10968 0.62986 -0.26286 0.2018786506539229 0.1972904995026974 0.22481940641005052
v -0.02385 0.64627 0.9 0.2018786506539229 0.1972904995026974 0.22481940641005052
v 0.13392 0.62574 0.9 0.2018786506539229 0.1972904995026974 0.22481940641005052
v 0.25811 0.62085 -0.18146 0.2018786506539229 0.1972904995026974 0.22481940641005052
v 0.10968 0.62986 -0.26286 0.2018786506539229 0.1972904995026974 0.22481940641005052
v 0.25811 0.62085 -0.18146 0.20975337353302145 0.20498625140727098 0.2335889841617739
v 0.24581 0.62391 -0.71793 0.20975337353302145 0.20498625140727098 0.2335889841617739
v 0.10968 0.62986 -0.26286 0.20975337353302145 0.20498625140727098 0.2335889841617739
v 0.25811 0.62085 -0.18146 0.20975337353302145 0.20498625140727098 0.2335889841617739
v 0.3847 0.61781 -0.60468 0.20975337353302145 0.20498625140727098 0.2335889841617739
v 0.24581 0.62391 -0.71793 0.20975337353302145 0.20498625140727098 0.2335889841617739
v 0.3847 0.61781 -0.60468 0.210498657741916 0.20571459733869063 0.2344189597580428
v 0.73264 0.663 -0.91532 0.210498657741916 0.20571459733869063 0.2344189597580428
v 0.24581 0.62391 -0.71793 0.210498657741916 0.20571459733869063 0.2344189597580428
v 0.3847 0.61781 -0.60468 0.210498657741916 0.20571459733869063 0.2344189597580428
v 0.83745 0.64808 -0.78825 0.210498657741916 0.20571459733869063 0.2344189597580428
v 0.73264 0.663 -0.91532 0.210498657741916 0.20571459733869063 0.2344189597580428
v 0.83745 0.64808 -0.78825 0.20366242388023215 0.1990337324284087 0.22680588113934944
v 2.23 0.66449 -0.82508 0.20366242388023215 0.1990337324284087 0.22680588113934944
v 0.73264 0.663 -0.91532 0.20366242388023215 0.1990337324284087 0.22680588113934944
v 0.83745 0.64808 -0.78825 0.20366242388023215 0.1990337324284087 0.22680588113934944
v 2.23 0.632 -0.70433 0.20366242388023215 0.1990337324284087 0.22680588113934944
v 2.23 0.66449 -0.82508 0.20366242388023215 0.1990337324284087 0.22680588113934944
v 2.23 0.632 -0.70433 0.19339143967513472 0.188996179682518 0.2153677396382182
v 3.69334 0.60118 -0.87407 0.19339143967513472 0.188996179682518 0.2153677396382182
v 2.23 0.66449 -0.82508 0.19339143967513472 0.188996179682518 0.2153677396382182
v 2.23 0.632 -0.70433 0.19339143967513472 0.188996179682518 0.2153677396382182
v 3.5909 0.57317 -0.74988 0.19339143967513472 0.188996179682518 0.2153677396382182
v 3.69334 0.60118 -0.87407 0.19339143967513472 0.188996179682518 0.2153677396382182
v 3.5909 0.57317 -0.74988 0.18591594632223815 0.18169058390582365 0.2070427584043107
v 4.03315 0.61132 -0.57031 0.18591594632223815 0.18169058390582365 0.2070427584043107
v 3.69334 0.60118 -0.87407 0.18591594632223815 0.18169058390582365 0.2070427584043107
v 3.5909 0.57317 -0.74988 0.18591594632223815 0.18169058390582365 0.2070427584043107
v 3.90693 0.58036 -0.46739 0.18591594632223815 0.18169058390582365 0.2070427584043107
v 4.03315 0.61132 -0.57031 0.18591594632223815 0.18169058390582365 0.2070427584043107
v 3.90693 0.58036 -0.46739 0.18577047777804948 0.18154842146491199 0.20688075934373693
v 4.55038 0.66531 -0.37258 0.18577047777804948 0.18154842146491199 0.20688075934373693
v 4.03315 0.61132 -0.57031 0.18577047777804948 0.18154842146491199 0.20688075934373693
v 3.90693 0.58036 -0.46739 0.18577047777804948 0.18154842146491199 0.20688075934373693
v 4.38795 0.62617 -0.2835 0.18577047777804948 0.18154842146491199 0.20688075934373693
v 4.55038 0.66531 -0.37258 0.18577047777804948 0.18154842146491199 0.20688075934373693
v 4.38795 0.62617 -0.2835 0.19304327330947543 0.18865592618880553 0.2149800089128249
v 4.44015 0.7274 0.9 0.19304327330947543 0.18865592618880553 0.2149800089128249
v 4.55038 0.66531 -0.37258 0.19304327330947543 0.18865592618880553 0.2149800089128249
v 4.38795 0.62617 -0.2835 0.19304327330947543 0.18865592618880553 0.2149800089128249
v 4.28544 0.68154 0.9 0.19304327330947543 0.18865592618880553 0.2149800089128249
v 4.44015 0.7274 0.9 0.19304327330947543 0.18865592618880553 0.2149800089128249
v 4.44015 0.7274 0.9 0.2003816819306423 0.19582755279585495 0.2231523276045789
v 4.41744 1.07213 2.09968 0.2003816819306423 0.19582755279585495 0.2231523276045789
v 4.44015 1.013 0.9 0.2003816819306423 0.19582755279585495 0.2231523276045789
v 4.44015 0.7274 0.9 0.2003816819306423 0.19582755279585495 0.2231523276045789
v 4.41744 0.78653 2.09968 0.2003816819306423 0.19582755279585495 0.2231523276045789
v 4.41744 1.07213 2.09968 0.2003816819306423 0.19582755279585495 0.2231523276045789
v 4.41744 0.78653 2.09968 0.2089730248942126 0.20422363796479867 0.23271995954128222
v 4.06519 1.04964 2.39643 0.2089730248942126 0.20422363796479867 0.23271995954128222
v 4.41744 1.07213 2.09968 0.2089730248942126 0.20422363796479867 0.23271995954128222
v 4.41744 0.78653 2.09968 0.2089730248942126 0.20422363796479867 0.23271995954128222
v 4.06519 0.76404 2.39643 0.2089730248942126 0.20422363796479867 0.23271995954128222
v 4.06519 1.04964 2.39643 0.2089730248942126 0.20422363796479867 0.23271995954128222
v 4.06519 0.76404 2.39643 0.21090827820062052 0.2061149082415155 0.23487512799614557
v 3.63 1.00997 2.59728 0.21090827820062052 0.2061149082415155 0.23487512799614557
v 4.06519 1.04964 2.39643 0.21090827820062052 0.2061149082415155 0.23487512799614557
v 4.06519 0.76404 2.39643 0.21090827820062052 0.2061149082415155 0.23487512799614557
v 3.63 0.72437 2.59728 0.21090827820062052 0.2061149082415155 0.23487512799614557
v 3.63 1.00997 2.59728 0.21090827820062052 0.2061149082415155 0.23487512799614557
v 3.63 0.72437 2.59728 0.20501354316277143 0.20035414445452662 0.22831053670399545
v 2.23 0.84892 2.81492 0.20501354316277143 0.20035414445452662 0.22831053670399545
v 3.63 1.00997 2.59728 0.20501354316277143 0.20035414445452662 0.22831053670399545
v 3.63 0.72437 2.59728 0.20501354316277143 0.20035414445452662 0.22831053670399545
v 2.23 0.56332 2.81492 0.20501354316277143 0.20035414445452662 0.22831053670399545
v 2.23 0.84892 2.81492 0.20501354316277143 0.20035414445452662 0.22831053670399545
v 2.23 0.56332 2.81492 0.19486448695497713 0.19043574861509127 0.21700817865440633
v 0.79598 0.82623 2.63853 0.19486448695497713 0.19043574861509127 0.21700817865440633
v 2.23 0.84892 2.81492 0.19486448695497713 0.19043574861509127 0.21700817865440633
v 2.23 0.56332 2.81492 0.19486448695497713 0.19043574861509127 0.21700817865440633
v 0.79598 0.54063 2.63853 0.19486448695497713 0.19043574861509127 0.21700817865440633
v 0.79598 0.82623 2.63853 0.19486448695497713 0.19043574861509127 0.21700817865440633
v 0.79598 0.54063 2.63853 0.18661739088580256 0.18237608654748885 0.207823912577371
v 0.21377 0.86731 2.54406 0.18661739088580256 0.18237608654748885 0.207823912577371
v 0.79598 0.82623 2.63853 0.18661739088580256 0.18237608654748885 0.207823912577371
v 0.79598 0.54063 2.63853 0.18661739088580256 0.18237608654748885 0.207823912577371
v 0.21377 0.58171 2.54406 0.18661739088580256 0.18237608654748885 0.207823912577371
v 0.21377 0.86731 2.54406 0.18661739088580256 0.18237608654748885 0.207823912577371
v 0.21377 0.58171 2.54406 0.1852748327655477 0.18106404111178526 0.20632879103435994
v 0.24262 0.89806 1.98996 0.1852748327655477 0.18106404111178526 0.20632879103435994
v 0.21377 0.86731 2.54406 0.1852748327655477 0.18106404111178526 0.20632879103435994
v 0.21377 0.58171 2.54406 0.1852748327655477 0.18106404111178526 0.20632879103435994
v 0.24262 0.61246 1.98996 0.1852748327655477 0.18106404111178526 0.20632879103435994
v 0.24262 0.89806 1.98996 0.1852748327655477 0.18106404111178526 0.20632879103435994
v 0.24262 0.61246 1.98996 0.19165119033458214 0.18729548146334166 0.21342973469078466
v -0.02385 0.93187 0.9 0.19165119033458214 0.18729548146334166 0.21342973469078466
v 0.24262 0.89806 1.98996 0.19165119033458214 0.18729548146334166 0.21342973469078466
v 0.24262 0.61246 1.98996 0.19165119033458214 0.18729548146334166 0.21342973469078466
v -0.02385 0.64627 0.9 0.19165119033458214 0.18729548146334166 0.21342973469078466
v -0.02385 0.93187 0.9 0.19165119033458214 0.18729548146334166 0.21342973469078466
v -0.02385 0.64627 0.9 0.2018786506539229 0.1972904995026974 0.22481940641005052
v 0.10968 0.91546 -0.26286 0.2018786506539229 0.1972904995026974 0.22481940641005052
v -0.02385 0.93187 0.9 0.2018786506539229 0.1972904995026974 0.22481940641005052
v -0.02385 0.64627 0.9 0.2018786506539229 0.1972904995026974 0.22481940641005052
v 0.10968 0.62986 -0.26286 0.2018786506539229 0.1972904995026974 0.22481940641005052
v 0.10968 0.91546 -0.26286 0.2018786506539229 0.1972904995026974 0.22481940641005052
v 0.10968 0.62986 -0.26286 0.20975337353302145 0.20498625140727098 0.2335889841617739
v 0.24581 0.90951 -0.71793 0.20975337353302145 0.20498625140727098 0.2335889841617739
v 0.10968 0.91546 -0.26286 0.20975337353302145 0.20498625140727098 0.2335889841617739
v 0.10968 0.62986 -0.26286 0.20975337353302145 0.20498625140727098 0.2335889841617739
v 0.24581 0.62391 -0.71793 0.20975337353302145 0.20498625140727098 0.2335889841617739
v 0.24581 0.90951 -0.71793 0.20975337353302145 0.20498625140727098 0.2335889841617739
v 0.24581 0.62391 -0.71793 0.210498657741916 0.20571459733869063 0.2344189597580428
v 0.73264 0.9486 -0.91532 0.210498657741916 0.20571459733869063 0.2344189597580428
v 0.24581 0.90951 -0.71793 0.210498657741916 0.20571459733869063 0.2344189597580428
v 0.24581 0.62391 -0.71793 0.210498657741916 0.20571459733869063 0.2344189597580428
v 0.73264 0.663 -0.91532 0.210498657741916 0.20571459733869063 0.2344189597580428
v 0.73264 0.9486 -0.91532 0.210498657741916 0.20571459733869063 0.2344189597580428
v 0.73264 0.663 -0.91532 0.20366242388023215 0.1990337324284087 0.22680588113934944
v 2.23 0.95009 -0.82508 0.20366242388023215 0.1990337324284087 0.22680588113934944
v 0.73264 0.9486 -0.91532 0.20366242388023215 0.1990337324284087 0.22680588113934944
v 0.73264 0.663 -0.91532 0.20366242388023215 0.1990337324284087 0.22680588113934944
v 2.23 0.66449 -0.82508 0.20366242388023215 0.1990337324284087 0.22680588113934944
v 2.23 0.95009 -0.82508 0.20366242388023215 0.1990337324284087 0.22680588113934944
v 2.23 0.66449 -0.82508 0.19339143967513472 0.188996179682518 0.2153677396382182
v 3.69334 0.88678 -0.87407 0.19339143967513472 0.188996179682518 0.2153677396382182
v 2.23 0.95009 -0.82508 0.19339143967513472 0.188996179682518 0.2153677396382182
v 2.23 0.66449 -0.82508 0.19339143967513472 0.188996179682518 0.2153677396382182
v 3.69334 0.60118 -0.87407 0.19339143967513472 0.188996179682518 0.2153677396382182
v 3.69334 0.88678 -0.87407 0.19339143967513472 0.188996179682518 0.2153677396382182
v 3.69334 0.60118 -0.87407 0.18591594632223815 0.18169058390582365 0.2070427584043107
v 4.03315 0.89692 -0.57031 0.18591594632223815 0.18169058390582365 0.2070427584043107
v 3.69334 0.88678 -0.87407 0.18591594632223815 0.18169058390582365 0.2070427584043107
v 3.69334 0.60118 -0.87407 0.18591594632223815 0.18169058390582365 0.2070427584043107
v 4.03315 0.61132 -0.57031 0.18591594632223815 0.18169058390582365 0.2070427584043107
v 4.03315 0.89692 -0.57031 0.18591594632223815 0.18169058390582365 0.2070427584043107
v 4.03315 0.61132 -0.57031 0.18577047777804948 0.18154842146491199 0.20688075934373693
v 4.55038 0.95091 -0.37258 0.18577047777804948 0.18154842146491199 0.20688075934373693
v 4.03315 0.89692 -0.57031 0.18577047777804948 0.18154842146491199 0.20688075934373693
v 4.03315 0.61132 -0.57031 0.18577047777804948 0.18154842146491199 0.20688075934373693
v 4.55038 0.66531 -0.37258 0.18577047777804948 0.18154842146491199 0.20688075934373693
v 4.55038 0.95091 -0.37258 0.18577047777804948 0.18154842146491199 0.20688075934373693
v 4.55038 0.66531 -0.37258 0.19304327330947543 0.18865592618880553 0.2149800089128249
v 4.44015 1.013 0.9 0.19304327330947543 0.18865592618880553 0.2149800089128249
v 4.55038 0.95091 -0.37258 0.19304327330947543 0.18865592618880553 0.2149800089128249
v 4.55038 0.66531 -0.37258 0.19304327330947543 0.18865592618880553 0.2149800089128249
v 4.44015 0.7274 0.9 0.19304327330947543 0.18865592618880553 0.2149800089128249
v 4.44015 1.013 0.9 0.19304327330947543 0.18865592618880553 0.2149800089128249
v 4.44015 1.013 0.9 0.2201816819306423 0.215177552795855 0.24520232760457894
v 4.26432 1.16276 2.0157 0.2201816819306423 0.215177552795855 0.24520232760457894
v 4.28544 1.10154 0.9 0.2201816819306423 0.215177552795855 0.24520232760457894
v 4.44015 1.013 0.9 0.2201816819306423 0.215177552795855 0.24520232760457894
v 4.41744 1.07213 2.09968 0.2201816819306423 0.215177552795855 0.24520232760457894
v 4.26432 1.16276 2.0157 0.2201816819306423 0.215177552795855 0.24520232760457894
v 4.41744 1.07213 2.09968 0.2287730248942126 0.22357363796479868 0.25476995954128223
v 3.93672 1.13952 2.29168 0.2287730248942126 0.22357363796479868 0.25476995954128223
v 4.26432 1.16276 2.0157 0.2287730248942126 0.22357363796479868 0.25476995954128223
v 4.41744 1.07213 2.09968 0.2287730248942126 0.22357363796479868 0.25476995954128223
v 4.06519 1.04964 2.39643 0.2287730248942126 0.22357363796479868 0.25476995954128223
v 3.93672 1.13952 2.29168 0.2287730248942126 0.22357363796479868 0.25476995954128223
v 4.06519 1.04964 2.39643 0.23070827820062054 0.22546490824151552 0.2569251279961456
v 3.532 1.09972 2.47847 0.23070827820062054 0.22546490824151552 0.2569251279961456
v 3.93672 1.13952 2.29168 0.23070827820062054 0.22546490824151552 0.2569251279961456
v 4.06519 1.04964 2.39643 0.23070827820062054 0.22546490824151552 0.2569251279961456
v 3.63 1.00997 2.59728 0.23070827820062054 0.22546490824151552 0.2569251279961456
v 3.532 1.09972 2.47847 0.23070827820062054 0.22546490824151552 0.2569251279961456
v 3.63 1.00997 2.59728 0.22481354316277144 0.21970414445452663 0.2503605367039955
v 2.23 0.95336 2.68087 0.22481354316277144 0.21970414445452663 0.2503605367039955
v 3.532 1.09972 2.47847 0.22481354316277144 0.21970414445452663 0.2503605367039955
v 3.63 1.00997 2.59728 0.22481354316277144 0.21970414445452663 0.2503605367039955
v 2.23 0.84892 2.81492 0.22481354316277144 0.21970414445452663 0.2503605367039955
v 2.23 0.95336 2.68087 0.22481354316277144 0.21970414445452663 0.2503605367039955
v 2.23 0.84892 2.81492 0.2146644869549771 0.20978574861509128 0.23905817865440634
v 0.89636 0.93698 2.51683 0.2146644869549771 0.20978574861509128 0.23905817865440634
v 2.23 0.95336 2.68087 0.2146644869549771 0.20978574861509128 0.23905817865440634
v 2.23 0.84892 2.81492 0.2146644869549771 0.20978574861509128 0.23905817865440634
v 0.79598 0.82623 2.63853 0.2146644869549771 0.20978574861509128 0.23905817865440634
v 0.89636 0.93698 2.51683 0.2146644869549771 0.20978574861509128 0.23905817865440634
v 0.79598 0.82623 2.63853 0.20641739088580255 0.20172608654748886 0.22987391257737103
v 0.35491 0.97481 2.42897 0.20641739088580255 0.20172608654748886 0.22987391257737103
v 0.89636 0.93698 2.51683 0.20641739088580255 0.20172608654748886 0.22987391257737103
v 0.79598 0.82623 2.63853 0.20641739088580255 0.20172608654748886 0.22987391257737103
v 0.21377 0.86731 2.54406 0.20641739088580255 0.20172608654748886 0.22987391257737103
v 0.35491 0.97481 2.42897 0.20641739088580255 0.20172608654748886 0.22987391257737103
v 0.21377 0.86731 2.54406 0.2050748327655477 0.20041404111178526 0.22837879103435993
v 0.38174 1.00425 1.91366 0.2050748327655477 0.20041404111178526 0.22837879103435993
v 0.35491 0.97481 2.42897 0.2050748327655477 0.20041404111178526 0.22837879103435993
v 0.21377 0.86731 2.54406 0.2050748327655477 0.20041404111178526 0.22837879103435993
v 0.24262 0.89806 1.98996 0.2050748327655477 0.20041404111178526 0.22837879103435993
v 0.38174 1.00425 1.91366 0.2050748327655477 0.20041404111178526 0.22837879103435993
v 0.24262 0.89806 1.98996 0.21145119033458215 0.20664548146334163 0.23547973469078465
v 0.13392 1.04574 0.9 0.21145119033458215 0.20664548146334163 0.23547973469078465
v 0.38174 1.00425 1.91366 0.21145119033458215 0.20664548146334163 0.23547973469078465
v 0.24262 0.89806 1.98996 0.21145119033458215 0.20664548146334163 0.23547973469078465
v -0.02385 0.93187 0.9 0.21145119033458215 0.20664548146334163 0.23547973469078465
v 0.13392 1.04574 0.9 0.21145119033458215 0.20664548146334163 0.23547973469078465
v -0.02385 0.93187 0.9 0.22167865065392292 0.21664049950269737 0.2468694064100505
v 0.25811 1.04085 -0.18146 0.22167865065392292 0.21664049950269737 0.2468694064100505
v 0.13392 1.04574 0.9 0.22167865065392292 0.21664049950269737 0.2468694064100505
v -0.02385 0.93187 0.9 0.22167865065392292 0.21664049950269737 0.2468694064100505
v 0.10968 0.91546 -0.26286 0.22167865065392292 0.21664049950269737 0.2468694064100505
v 0.25811 1.04085 -0.18146 0.22167865065392292 0.21664049950269737 0.2468694064100505
v 0.10968 0.91546 -0.26286 0.22955337353302144 0.22433625140727095 0.2556389841617739
v 0.3847 1.03781 -0.60468 0.22955337353302144 0.22433625140727095 0.2556389841617739
v 0.25811 1.04085 -0.18146 0.22955337353302144 0.22433625140727095 0.2556389841617739
v 0.10968 0.91546 -0.26286 0.22955337353302144 0.22433625140727095 0.2556389841617739
v 0.24581 0.90951 -0.71793 0.22955337353302144 0.22433625140727095 0.2556389841617739
v 0.3847 1.03781 -0.60468 0.22955337353302144 0.22433625140727095 0.2556389841617739
v 0.24581 0.90951 -0.71793 0.230298657741916 0.22506459733869064 0.2564689597580428
v 0.83745 1.06808 -0.78825 0.230298657741916 0.22506459733869064 0.2564689597580428
v 0.3847 1.03781 -0.60468 0.230298657741916 0.22506459733869064 0.2564689597580428
v 0.24581 0.90951 -0.71793 0.230298657741916 0.22506459733869064 0.2564689597580428
v 0.73264 0.9486 -0.91532 0.230298657741916 0.22506459733869064 0.2564689597580428
v 0.83745 1.06808 -0.78825 0.230298657741916 0.22506459733869064 0.2564689597580428
v 0.73264 0.9486 -0.91532 0.22346242388023216 0.2183837324284087 0.24885588113934945
v 2.23 1.052 -0.70433 0.22346242388023216 0.2183837324284087 0.24885588113934945
v 0.83745 1.06808 -0.78825 0.22346242388023216 0.2183837324284087 0.24885588113934945
v 0.73264 0.9486 -0.91532 0.22346242388023216 0.2183837324284087 0.24885588113934945
v 2.23 0.95009 -0.82508 0.22346242388023216 0.2183837324284087 0.24885588113934945
v 2.23 1.052 -0.70433 0.22346242388023216 0.2183837324284087 0.24885588113934945
v 2.23 0.95009 -0.82508 0.2131914396751347 0.208346179682518 0.2374177396382182
v 3.5909 0.99317 -0.74988 0.2131914396751347 0.208346179682518 0.2374177396382182
v 2.23 1.052 -0.70433 0.2131914396751347 0.208346179682518 0.2374177396382182
v 2.23 0.95009 -0.82508 0.2131914396751347 0.208346179682518 0.2374177396382182
v 3.69334 0.88678 -0.87407 0.2131914396751347 0.208346179682518 0.2374177396382182
v 3.5909 0.99317 -0.74988 0.2131914396751347 0.208346179682518 0.2374177396382182
v 3.69334 0.88678 -0.87407 0.20571594632223816 0.20104058390582366 0.22909275840431068
v 3.90693 1.00036 -0.46739 0.20571594632223816 0.20104058390582366 0.22909275840431068
v 3.5909 0.99317 -0.74988 0.20571594632223816 0.20104058390582366 0.22909275840431068
v 3.69334 0.88678 -0.87407 0.20571594632223816 0.20104058390582366 0.22909275840431068
v 4.03315 0.89692 -0.57031 0.20571594632223816 0.20104058390582366 0.22909275840431068
v 3.90693 1.00036 -0.46739 0.20571594632223816 0.20104058390582366 0.22909275840431068
v 4.03315 0.89692 -0.57031 0.2055704777780495 0.200898421464912 0.2289307593437369
v 4.38795 1.04617 -0.2835 0.2055704777780495 0.200898421464912 0.2289307593437369
v 3.90693 1.00036 -0.46739 0.2055704777780495 0.200898421464912 0.2289307593437369
v 4.03315 0.89692 -0.57031 0.2055704777780495 0.200898421464912 0.2289307593437369
v 4.55038 0.95091 -0.37258 0.2055704777780495 0.200898421464912 0.2289307593437369
v 4.38795 1.04617 -0.2835 0.2055704777780495 0.200898421464912 0.2289307593437369
v 4.55038 0.95091 -0.37258 0.21284327330947542 0.20800592618880553 0.23703000891282489
v 4.28544 1.10154 0.9 0.21284327330947542 0.20800592618880553 0.23703000891282489
v 4.38795 1.04617 -0.2835 0.21284327330947542 0.20800592618880553 0.23703000891282489
v 4.55038 0.95091 -0.37258 0.21284327330947542 0.20800592618880553 0.23703000891282489
v 4.44015 1.013 0.9 0.21284327330947542 0.20800592618880553 0.23703000891282489
v 4.28544 1.10154 0.9 0.21284327330947542 0.20800592618880553 0.23703000891282489
v 2.23 1.03 0.9 0.28 0.27 0.295
v 4.26432 1.16276 2.0157 0.28 0.27 0.295
v 4.28544 1.10154 0.9 0.28 0.27 0.295
v 2.23 0.61 0.9 0.16 0.15 0.18
v 4.28544 0.68154 0.9 0.16 0.15 0.18
v 4.26432 0.74276 2.0157 0.16 0.15 0.18
v 2.23 1.03 0.9 0.28 0.27 0.295
v 3.93672 1.13952 2.29168 0.28 0.27 0.295
v 4.26432 1.16276 2.0157 0.28 0.27 0.295
v 2.23 0.61 0.9 0.16 0.15 0.18
v 4.26432 0.74276 2.0157 0.16 0.15 0.18
v 3.93672 0.71952 2.29168 0.16 0.15 0.18
v 2.23 1.03 0.9 0.28 0.27 0.295
v 3.532 1.09972 2.47847 0.28 0.27 0.295
v 3.93672 1.13952 2.29168 0.28 0.27 0.295
v 2.23 0.61 0.9 0.16 0.15 0.18
v 3.93672 0.71952 2.29168 0.16 0.15 0.18
v 3.532 0.67972 2.47847 0.16 0.15 0.18
v 2.23 1.03 0.9 0.28 0.27 0.295
v 2.23 0.95336 2.68087 0.28 0.27 0.295
v 3.532 1.09972 2.47847 0.28 0.27 0.295
v 2.23 0.61 0.9 0.16 0.15 0.18
v 3.532 0.67972 2.47847 0.16 0.15 0.18
v 2.23 0.53336 2.68087 0.16 0.15 0.18
v 2.23 1.03 0.9 0.28 0.27 0.295
v 0.89636 0.93698 2.51683 0.28 0.27 0.295
v 2.23 0.95336 2.68087 0.28 0.27 0.295
v 2.23 0.61 0.9 0.16 0.15 0.18
v 2.23 0.53336 2.68087 0.16 0.15 0.18
v 0.89636 0.51698 2.51683 0.16 0.15 0.18
v 2.23 1.03 0.9 0.28 0.27 0.295
v 0.35491 0.97481 2.42897 0.28 0.27 0.295
v 0.89636 0.93698 2.51683 0.28 0.27 0.295
v 2.23 0.61 0.9 0.16 0.15 0.18
v 0.89636 0.51698 2.51683 0.16 0.15 0.18
v 0.35491 0.55481 2.42897 0.16 0.15 0.18
v 2.23 1.03 0.9 0.28 0.27 0.295
v 0.38174 1.00425 1.91366 0.28 0.27 0.295
v 0.35491 0.97481 2.42897 0.28 0.27 0.295
v 2.23 0.61 0.9 0.16 0.15 0.18
v 0.35491 0.55481 2.42897 0.16 0.15 0.18
v 0.38174 0.58425 1.91366 0.16 0.15 0.18
v 2.23 1.03 0.9 0.28 0.27 0.295
v 0.13392 1.04574 0.9 0.28 0.27 0.295
v 0.38174 1.00425 1.91366 0.28 0.27 0.295
v 2.23 0.61 0.9 0.16 0.15 0.18
v 0.38174 0.58425 1.91366 0.16 0.15 0.18
v 0.13392 0.62574 0.9 0.16 0.15 0.18
v 2.23 1.03 0.9 0.28 0.27 0.295
v 0.25811 1.04085 -0.18146 0.28 0.27 0.295
v 0.13392 1.04574 0.9 0.28 0.27 0.295
v 2.23 0.61 0.9 0.16 0.15 0.18
v 0.13392 0.62574 0.9 0.16 0.15 0.18
v 0.25811 0.62085 -0.18146 0.16 0.15 0.18
v 2.23 1.03 0.9 0.28 0.27 0.295
v 0.3847 1.03781 -0.60468 0.28 0.27 0.295
v 0.25811 1.04085 -0.18146 0.28 0.27 0.295
v 2.23 0.61 0.9 0.16 0.15 0.18
v 0.25811 0.62085 -0.18146 0.16 0.15 0.18
v 0.3847 0.61781 -0.60468 0.16 0.15 0.18
v 2.23 1.03 0.9 0.28 0.27 0.295
v 0.83745 1.06808 -0.78825 0.28 0.27 0.295
v 0.3847 1.03781 -0.60468 0.28 0.27 0.295
v 2.23 0.61 0.9 0.16 0.15 0.18
v 0.3847 0.61781 -0.60468 0.16 0.15 0.18
v 0.83745 0.64808 -0.78825 0.16 0.15 0.18
v 2.23 1.03 0.9 0.28 0.27 0.295
v 2.23 1.052 -0.70433 0.28 0.27 0.295
v 0.83745 1.06808 -0.78825 0.28 0.27 0.295
v 2.23 0.61 0.9 0.16 0.15 0.18
v 0.83745 0.64808 -0.78825 0.16 0.15 0.18
v 2.23 0.632 -0.70433 0.16 0.15 0.18
v 2.23 1.03 0.9 0.28 0.27 0.295
v 3.5909 0.99317 -0.74988 0.28 0.27 0.295
v 2.23 1.052 -0.70433 0.28 0.27 0.295
v 2.23 0.61 0.9 0.16 0.15 0.18
v 2.23 0.632 -0.70433 0.16 0.15 0.18
v 3.5909 0.57317 -0.74988 0.16 0.15 0.18
v 2.23 1.03 0.9 0.28 0.27 0.295
v 3.90693 1.00036 -0.46739 0.28 0.27 0.295
v 3.5909 0.99317 -0.74988 0.28 0.27 0.295
v 2.23 0.61 0.9 0.16 0.15 0.18
v 3.5909 0.57317 -0.74988 0.16 0.15 0.18
v 3.90693 0.58036 -0.46739 0.16 0.15 0.18
v 2.23 1.03 0.9 0.28 0.27 0.295
v 4.38795 1.04617 -0.2835 0.28 0.27 0.295
v 3.90693 1.00036 -0.46739 0.28 0.27 0.295
v 2.23 0.61 0.9 0.16 0.15 0.18
v 3.90693 0.58036 -0.46739 0.16 0.15 0.18
v 4.38795 0.62617 -0.2835 0.16 0.15 0.18
v 2.23 1.03 0.9 0.28 0.27 0.295
v 4.28544 1.10154 0.9 0.28 0.27 0.295
v 4.38795 1.04617 -0.2835 0.28 0.27 0.295
v 2.23 0.61 0.9 0.16 0.15 0.18
v 4.38795 0.62617 -0.2835 0.16 0.15 0.18
v 4.28544 0.68154 0.9 0.16 0.15 0.18
v 4.24018 1.22463 0.9 0.20881460483784725 0.20406881836425983 0.23254353720578444
v 4.43832 1.2754 2.0475 0.20881460483784725 0.20406881836425983 0.23254353720578444
v 4.38471 1.26347 0.9 0.20881460483784725 0.20406881836425983 0.23254353720578444
v 4.24018 1.22463 0.9 0.20881460483784725 0.20406881836425983 0.23254353720578444
v 4.29004 1.24868 1.96718 0.20881460483784725 0.20406881836425983 0.23254353720578444
v 4.43832 1.2754 2.0475 0.20881460483784725 0.20406881836425983 0.23254353720578444
v 4.29004 1.24868 1.96718 0.2001051972361217 0.19555735184439163 0.22284442419477188
v 4.02075 1.26472 2.26978 0.2001051972361217 0.19555735184439163 0.22284442419477188
v 4.43832 1.2754 2.0475 0.2001051972361217 0.19555735184439163 0.22284442419477188
v 4.29004 1.24868 1.96718 0.2001051972361217 0.19555735184439163 0.22284442419477188
v 3.90169 1.23348 2.1739 0.2001051972361217 0.19555735184439163 0.22284442419477188
v 4.02075 1.26472 2.26978 0.2001051972361217 0.19555735184439163 0.22284442419477188
v 3.90169 1.23348 2.1739 0.19011880523996294 0.18579792330269104 0.21172321492632235
v 3.76554 1.25574 2.63097 0.19011880523996294 0.18579792330269104 0.21172321492632235
v 4.02075 1.26472 2.26978 0.19011880523996294 0.18579792330269104 0.21172321492632235
v 3.90169 1.23348 2.1739 0.19011880523996294 0.18579792330269104 0.21172321492632235
v 3.66435 1.22467 2.5098 0.19011880523996294 0.18579792330269104 0.21172321492632235
v 3.76554 1.25574 2.63097 0.19011880523996294 0.18579792330269104 0.21172321492632235
v 3.66435 1.22467 2.5098 0.18491304022989916 0.1807104711337651 0.20592588571056952
v 2.32 1.11235 2.66255 0.18491304022989916 0.1807104711337651 0.20592588571056952
v 3.76554 1.25574 2.63097 0.18491304022989916 0.1807104711337651 0.20592588571056952
v 3.66435 1.22467 2.5098 0.18491304022989916 0.1807104711337651 0.20592588571056952
v 2.32 1.0794 2.53917 0.18491304022989916 0.1807104711337651 0.20592588571056952
v 2.32 1.11235 2.66255 0.18491304022989916 0.1807104711337651 0.20592588571056952
v 2.32 1.0794 2.53917 0.18764564940646575 0.1833809755563188 0.2089690186572005
v 0.90239 0.97578 2.59754 0.18764564940646575 0.1833809755563188 0.2089690186572005
v 2.32 1.11235 2.66255 0.18764564940646575 0.1833809755563188 0.2089690186572005
v 2.32 1.0794 2.53917 0.18764564940646575 0.1833809755563188 0.2089690186572005
v 1.00162 0.95393 2.47871 0.18764564940646575 0.1833809755563188 0.2089690186572005
v 0.90239 0.97578 2.59754 0.18764564940646575 0.1833809755563188 0.2089690186572005
v 1.00162 0.95393 2.47871 0.1966590687112046 0.1921895444223136 0.21900669015565966
v 0.47214 0.98086 2.38827 0.1966590687112046 0.1921895444223136 0.21900669015565966
v 0.90239 0.97578 2.59754 0.1966590687112046 0.1921895444223136 0.21900669015565966
v 1.00162 0.95393 2.47871 0.1966590687112046 0.1921895444223136 0.21900669015565966
v 0.60149 0.9564 2.28409 0.1966590687112046 0.1921895444223136 0.21900669015565966
v 0.47214 0.98086 2.38827 0.1966590687112046 0.1921895444223136 0.21900669015565966
v 0.60149 0.9564 2.28409 0.20648587894217962 0.20179301805713007 0.22995018336742729
v 0.39847 1.00551 1.9409 0.20648587894217962 0.20179301805713007 0.22995018336742729
v 0.47214 0.98086 2.38827 0.20648587894217962 0.20179301805713007 0.22995018336742729
v 0.60149 0.9564 2.28409 0.20648587894217962 0.20179301805713007 0.22995018336742729
v 0.53298 0.97753 1.86804 0.20648587894217962 0.20179301805713007 0.22995018336742729
v 0.39847 1.00551 1.9409 0.20648587894217962 0.20179301805713007 0.22995018336742729
v 0.53298 0.97753 1.86804 0.21116526887624418 0.2063660582199659 0.23516132215763555
v 0.08871 1.0863 0.9 0.21116526887624418 0.2063660582199659 0.23516132215763555
v 0.39847 1.00551 1.9409 0.21116526887624418 0.2063660582199659 0.23516132215763555
v 0.53298 0.97753 1.86804 0.21116526887624418 0.2063660582199659 0.23516132215763555
v 0.2449 1.05296 0.9 0.21116526887624418 0.2063660582199659 0.23516132215763555
v 0.08871 1.0863 0.9 0.21116526887624418 0.2063660582199659 0.23516132215763555
v 0.2449 1.05296 0.9 0.20785878337069777 0.20313472011227282 0.2314790996628225
v 0.29268 1.12536 -0.19821 0.20785878337069777 0.20313472011227282 0.2314790996628225
v 0.08871 1.0863 0.9 0.20785878337069777 0.20313472011227282 0.2314790996628225
v 0.2449 1.05296 0.9 0.20785878337069777 0.20313472011227282 0.2314790996628225
v 0.43459 1.09522 -0.12133 0.20785878337069777 0.20313472011227282 0.2314790996628225
v 0.29268 1.12536 -0.19821 0.20785878337069777 0.20313472011227282 0.2314790996628225
v 0.43459 1.09522 -0.12133 0.19857209216448665 0.1940590900698392 0.22113710263772376
v 0.34511 1.13491 -0.69058 0.19857209216448665 0.1940590900698392 0.22113710263772376
v 0.29268 1.12536 -0.19821 0.19857209216448665 0.1940590900698392 0.22113710263772376
v 0.43459 1.09522 -0.12133 0.19857209216448665 0.1940590900698392 0.22113710263772376
v 0.48335 1.10892 -0.57924 0.19857209216448665 0.1940590900698392 0.22113710263772376
v 0.34511 1.13491 -0.69058 0.19857209216448665 0.1940590900698392 0.22113710263772376
v 0.48335 1.10892 -0.57924 0.1889383775280278 0.18464432349329987 0.2104086477016673
v 0.97722 1.12799 -0.70793 0.1889383775280278 0.18464432349329987 0.2104086477016673
v 0.34511 1.13491 -0.69058 0.1889383775280278 0.18464432349329987 0.2104086477016673
v 0.48335 1.10892 -0.57924 0.1889383775280278 0.18464432349329987 0.2104086477016673
v 1.07121 1.0929 -0.59537 0.1889383775280278 0.18464432349329987 0.2104086477016673
v 0.97722 1.12799 -0.70793 0.1889383775280278 0.18464432349329987 0.2104086477016673
v 1.07121 1.0929 -0.59537 0.18480132148792516 0.18060129145410866 0.20580147165700757
v 2.32 1.05806 -0.79745 0.18480132148792516 0.18060129145410866 0.20580147165700757
v 0.97722 1.12799 -0.70793 0.18480132148792516 0.18060129145410866 0.20580147165700757
v 1.07121 1.0929 -0.59537 0.18480132148792516 0.18060129145410866 0.20580147165700757
v 2.32 1.02728 -0.67863 0.18480132148792516 0.18060129145410866 0.20580147165700757
v 2.32 1.05806 -0.79745 0.18480132148792516 0.18060129145410866 0.20580147165700757
v 2.32 1.02728 -0.67863 0.18867040672421453 0.18438244293502784 0.210110225670148
v 3.6907 1.0923 -0.74136 0.18867040672421453 0.18438244293502784 0.210110225670148
v 2.32 1.05806 -0.79745 0.18867040672421453 0.18438244293502784 0.210110225670148
v 2.32 1.02728 -0.67863 0.18867040672421453 0.18438244293502784 0.210110225670148
v 3.59475 1.06237 -0.62647 0.18867040672421453 0.18438244293502784 0.210110225670148
v 3.6907 1.0923 -0.74136 0.18867040672421453 0.18438244293502784 0.210110225670148
v 3.59475 1.06237 -0.62647 0.1981986980506351 0.19369418218584797 0.22072127737457092
v 4.14778 1.15383 -0.57209 0.1981986980506351 0.19369418218584797 0.22072127737457092
v 3.6907 1.0923 -0.74136 0.1981986980506351 0.19369418218584797 0.22072127737457092
v 3.59475 1.06237 -0.62647 0.1981986980506351 0.19369418218584797 0.22072127737457092
v 4.01983 1.1183 -0.46905 0.1981986980506351 0.19369418218584797 0.22072127737457092
v 4.14778 1.15383 -0.57209 0.1981986980506351 0.19369418218584797 0.22072127737457092
v 4.01983 1.1183 -0.46905 0.20760646180580872 0.20288813312840395 0.23119810519283243
v 4.54411 1.22286 -0.30481 0.20760646180580872 0.20288813312840395 0.23119810519283243
v 4.14778 1.15383 -0.57209 0.20760646180580872 0.20288813312840395 0.23119810519283243
v 4.01983 1.1183 -0.46905 0.20760646180580872 0.20288813312840395 0.23119810519283243
v 4.38842 1.18251 -0.22047 0.20760646180580872 0.20288813312840395 0.23119810519283243
v 4.54411 1.22286 -0.30481 0.20760646180580872 0.20288813312840395 0.23119810519283243
v 4.38842 1.18251 -0.22047 0.21118707473575335 0.20638736849175895 0.23518560595572532
v 4.38471 1.26347 0.9 0.21118707473575335 0.20638736849175895 0.23518560595572532
v 4.54411 1.22286 -0.30481 0.21118707473575335 0.20638736849175895 0.23518560595572532
v 4.38842 1.18251 -0.22047 0.21118707473575335 0.20638736849175895 0.23518560595572532
v 4.24018 1.22463 0.9 0.21118707473575335 0.20638736849175895 0.23518560595572532
v 4.38471 1.26347 0.9 0.21118707473575335 0.20638736849175895 0.23518560595572532
v 4.38471 1.26347 0.9 0.20881460483784725 0.20406881836425983 0.23254353720578444
v 4.43832 1.561 2.0475 0.20881460483784725 0.20406881836425983 0.23254353720578444
v 4.38471 1.54907 0.9 0.20881460483784725 0.20406881836425983 0.23254353720578444
v 4.38471 1.26347 0.9 0.20881460483784725 0.20406881836425983 0.23254353720578444
v 4.43832 1.2754 2.0475 0.20881460483784725 0.20406881836425983 0.23254353720578444
v 4.43832 1.561 2.0475 0.20881460483784725 0.20406881836425983 0.23254353720578444
v 4.43832 1.2754 2.0475 0.2001051972361217 0.19555735184439163 0.22284442419477188
v 4.02075 1.55032 2.26978 0.2001051972361217 0.19555735184439163 0.22284442419477188
v 4.43832 1.561 2.0475 0.2001051972361217 0.19555735184439163 0.22284442419477188
v 4.43832 1.2754 2.0475 0.2001051972361217 0.19555735184439163 0.22284442419477188
v 4.02075 1.26472 2.26978 0.2001051972361217 0.19555735184439163 0.22284442419477188
v 4.02075 1.55032 2.26978 0.2001051972361217 0.19555735184439163 0.22284442419477188
v 4.02075 1.26472 2.26978 0.19011880523996294 0.18579792330269104 0.21172321492632235
v 3.76554 1.54134 2.63097 0.19011880523996294 0.18579792330269104 0.21172321492632235
v 4.02075 1.55032 2.26978 0.19011880523996294 0.18579792330269104 0.21172321492632235
v 4.02075 1.26472 2.26978 0.19011880523996294 0.18579792330269104 0.21172321492632235
v 3.76554 1.25574 2.63097 0.19011880523996294 0.18579792330269104 0.21172321492632235
v 3.76554 1.54134 2.63097 0.19011880523996294 0.18579792330269104 0.21172321492632235
v 3.76554 1.25574 2.63097 0.18491304022989916 0.1807104711337651 0.20592588571056952
v 2.32 1.39795 2.66255 0.18491304022989916 0.1807104711337651 0.20592588571056952
v 3.76554 1.54134 2.63097 0.18491304022989916 0.1807104711337651 0.20592588571056952
v 3.76554 1.25574 2.63097 0.18491304022989916 0.1807104711337651 0.20592588571056952
v 2.32 1.11235 2.66255 0.18491304022989916 0.1807104711337651 0.20592588571056952
v 2.32 1.39795 2.66255 0.18491304022989916 0.1807104711337651 0.20592588571056952
v 2.32 1.11235 2.66255 0.18764564940646575 0.1833809755563188 0.2089690186572005
v 0.90239 1.26138 2.59754 0.18764564940646575 0.1833809755563188 0.2089690186572005
v 2.32 1.39795 2.66255 0.18764564940646575 0.1833809755563188 0.2089690186572005
v 2.32 1.11235 2.66255 0.18764564940646575 0.1833809755563188 0.2089690186572005
v 0.90239 0.97578 2.59754 0.18764564940646575 0.1833809755563188 0.2089690186572005
v 0.90239 1.26138 2.59754 0.18764564940646575 0.1833809755563188 0.2089690186572005
v 0.90239 0.97578 2.59754 0.1966590687112046 0.1921895444223136 0.21900669015565966
v 0.47214 1.26646 2.38827 0.1966590687112046 0.1921895444223136 0.21900669015565966
v 0.90239 1.26138 2.59754 0.1966590687112046 0.1921895444223136 0.21900669015565966
v 0.90239 0.97578 2.59754 0.1966590687112046 0.1921895444223136 0.21900669015565966
v 0.47214 0.98086 2.38827 0.1966590687112046 0.1921895444223136 0.21900669015565966
v 0.47214 1.26646 2.38827 0.1966590687112046 0.1921895444223136 0.21900669015565966
v 0.47214 0.98086 2.38827 0.20648587894217962 0.20179301805713007 0.22995018336742729
v 0.39847 1.29111 1.9409 0.20648587894217962 0.20179301805713007 0.22995018336742729
v 0.47214 1.26646 2.38827 0.20648587894217962 0.20179301805713007 0.22995018336742729
v 0.47214 0.98086 2.38827 0.20648587894217962 0.20179301805713007 0.22995018336742729
v 0.39847 1.00551 1.9409 0.20648587894217962 0.20179301805713007 0.22995018336742729
v 0.39847 1.29111 1.9409 0.20648587894217962 0.20179301805713007 0.22995018336742729
v 0.39847 1.00551 1.9409 0.21116526887624418 0.2063660582199659 0.23516132215763555
v 0.08871 1.3719 0.9 0.21116526887624418 0.2063660582199659 0.23516132215763555
v 0.39847 1.29111 1.9409 0.21116526887624418 0.2063660582199659 0.23516132215763555
v 0.39847 1.00551 1.9409 0.21116526887624418 0.2063660582199659 0.23516132215763555
v 0.08871 1.0863 0.9 0.21116526887624418 0.2063660582199659 0.23516132215763555
v 0.08871 1.3719 0.9 0.21116526887624418 0.2063660582199659 0.23516132215763555
v 0.08871 1.0863 0.9 0.20785878337069777 0.20313472011227282 0.2314790996628225
v 0.29268 1.41096 -0.19821 0.20785878337069777 0.20313472011227282 0.2314790996628225
v 0.08871 1.3719 0.9 0.20785878337069777 0.20313472011227282 0.2314790996628225
v 0.08871 1.0863 0.9 0.20785878337069777 0.20313472011227282 0.2314790996628225
v 0.29268 1.12536 -0.19821 0.20785878337069777 0.20313472011227282 0.2314790996628225
v 0.29268 1.41096 -0.19821 0.20785878337069777 0.20313472011227282 0.2314790996628225
v 0.29268 1.12536 -0.19821 0.19857209216448665 0.1940590900698392 0.22113710263772376
v 0.34511 1.42051 -0.69058 0.19857209216448665 0.1940590900698392 0.22113710263772376
v 0.29268 1.41096 -0.19821 0.19857209216448665 0.1940590900698392 0.22113710263772376
v 0.29268 1.12536 -0.19821 0.19857209216448665 0.1940590900698392 0.22113710263772376
v 0.34511 1.13491 -0.69058 0.19857209216448665 0.1940590900698392 0.22113710263772376
v 0.34511 1.42051 -0.69058 0.19857209216448665 0.1940590900698392 0.22113710263772376
v 0.34511 1.13491 -0.69058 0.1889383775280278 0.18464432349329987 0.2104086477016673
v 0.97722 1.41359 -0.70793 0.1889383775280278 0.18464432349329987 0.2104086477016673
v 0.34511 1.42051 -0.69058 0.1889383775280278 0.18464432349329987 0.2104086477016673
v 0.34511 1.13491 -0.69058 0.1889383775280278 0.18464432349329987 0.2104086477016673
v 0.97722 1.12799 -0.70793 0.1889383775280278 0.18464432349329987 0.2104086477016673
v 0.97722 1.41359 -0.70793 0.1889383775280278 0.18464432349329987 0.2104086477016673
v 0.97722 1.12799 -0.70793 0.18480132148792516 0.18060129145410866 0.20580147165700757
v 2.32 1.34366 -0.79745 0.18480132148792516 0.18060129145410866 0.20580147165700757
v 0.97722 1.41359 -0.70793 0.18480132148792516 0.18060129145410866 0.20580147165700757
v 0.97722 1.12799 -0.70793 0.18480132148792516 0.18060129145410866 0.20580147165700757
v 2.32 1.05806 -0.79745 0.18480132148792516 0.18060129145410866 0.20580147165700757
v 2.32 1.34366 -0.79745 0.18480132148792516 0.18060129145410866 0.20580147165700757
v 2.32 1.05806 -0.79745 0.18867040672421453 0.18438244293502784 0.210110225670148
v 3.6907 1.3779 -0.74136 0.18867040672421453 0.18438244293502784 0.210110225670148
v 2.32 1.34366 -0.79745 0.18867040672421453 0.18438244293502784 0.210110225670148
v 2.32 1.05806 -0.79745 0.18867040672421453 0.18438244293502784 0.210110225670148
v 3.6907 1.0923 -0.74136 0.18867040672421453 0.18438244293502784 0.210110225670148
v 3.6907 1.3779 -0.74136 0.18867040672421453 0.18438244293502784 0.210110225670148
v 3.6907 1.0923 -0.74136 0.1981986980506351 0.19369418218584797 0.22072127737457092
v 4.14778 1.43943 -0.57209 0.1981986980506351 0.19369418218584797 0.22072127737457092
v 3.6907 1.3779 -0.74136 0.1981986980506351 0.19369418218584797 0.22072127737457092
v 3.6907 1.0923 -0.74136 0.1981986980506351 0.19369418218584797 0.22072127737457092
v 4.14778 1.15383 -0.57209 0.1981986980506351 0.19369418218584797 0.22072127737457092
v 4.14778 1.43943 -0.57209 0.1981986980506351 0.19369418218584797 0.22072127737457092
v 4.14778 1.15383 -0.57209 0.20760646180580872 0.20288813312840395 0.23119810519283243
v 4.54411 1.50846 -0.30481 0.20760646180580872 0.20288813312840395 0.23119810519283243
v 4.14778 1.43943 -0.57209 0.20760646180580872 0.20288813312840395 0.23119810519283243
v 4.14778 1.15383 -0.57209 0.20760646180580872 0.20288813312840395 0.23119810519283243
v 4.54411 1.22286 -0.30481 0.20760646180580872 0.20288813312840395 0.23119810519283243
v 4.54411 1.50846 -0.30481 0.20760646180580872 0.20288813312840395 0.23119810519283243
v 4.54411 1.22286 -0.30481 0.21118707473575335 0.20638736849175895 0.23518560595572532
v 4.38471 1.54907 0.9 0.21118707473575335 0.20638736849175895 0.23518560595572532
v 4.54411 1.50846 -0.30481 0.21118707473575335 0.20638736849175895 0.23518560595572532
v 4.54411 1.22286 -0.30481 0.21118707473575335 0.20638736849175895 0.23518560595572532
v 4.38471 1.26347 0.9 0.21118707473575335 0.20638736849175895 0.23518560595572532
v 4.38471 1.54907 0.9 0.21118707473575335 0.20638736849175895 0.23518560595572532
v 4.38471 1.54907 0.9 0.2286146048378473 0.22341881836425984 0.2545935372057845
v 4.29004 1.66868 1.96718 0.2286146048378473 0.22341881836425984 0.2545935372057845
v 4.24018 1.64463 0.9 0.2286146048378473 0.22341881836425984 0.2545935372057845
v 4.38471 1.54907 0.9 0.2286146048378473 0.22341881836425984 0.2545935372057845
v 4.43832 1.561 2.0475 0.2286146048378473 0.22341881836425984 0.2545935372057845
v 4.29004 1.66868 1.96718 0.2286146048378473 0.22341881836425984 0.2545935372057845
v 4.43832 1.561 2.0475 0.21990519723612167 0.21490735184439164 0.24489442419477186
v 3.90169 1.65348 2.1739 0.21990519723612167 0.21490735184439164 0.24489442419477186
v 4.29004 1.66868 1.96718 0.21990519723612167 0.21490735184439164 0.24489442419477186
v 4.43832 1.561 2.0475 0.21990519723612167 0.21490735184439164 0.24489442419477186
v 4.02075 1.55032 2.26978 0.21990519723612167 0.21490735184439164 0.24489442419477186
v 3.90169 1.65348 2.1739 0.21990519723612167 0.21490735184439164 0.24489442419477186
v 4.02075 1.55032 2.26978 0.20991880523996292 0.20514792330269105 0.23377321492632236
v 3.66435 1.64467 2.5098 0.20991880523996292 0.20514792330269105 0.23377321492632236
v 3.90169 1.65348 2.1739 0.20991880523996292 0.20514792330269105 0.23377321492632236
v 4.02075 1.55032 2.26978 0.20991880523996292 0.20514792330269105 0.23377321492632236
v 3.76554 1.54134 2.63097 0.20991880523996292 0.20514792330269105 0.23377321492632236
v 3.66435 1.64467 2.5098 0.20991880523996292 0.20514792330269105 0.23377321492632236
v 3.76554 1.54134 2.63097 0.20471304022989914 0.20006047113376507 0.2279758857105695
v 2.32 1.4994 2.53917 0.20471304022989914 0.20006047113376507 0.2279758857105695
v 3.66435 1.64467 2.5098 0.20471304022989914 0.20006047113376507 0.2279758857105695
v 3.76554 1.54134 2.63097 0.20471304022989914 0.20006047113376507 0.2279758857105695
v 2.32 1.39795 2.66255 0.20471304022989914 0.20006047113376507 0.2279758857105695
v 2.32 1.4994 2.53917 0.20471304022989914 0.20006047113376507 0.2279758857105695
v 2.32 1.39795 2.66255 0.20744564940646573 0.2027309755563188 0.23101901865720048
v 1.00162 1.37393 2.47871 0.20744564940646573 0.2027309755563188 0.23101901865720048
v 2.32 1.4994 2.53917 0.20744564940646573 0.2027309755563188 0.23101901865720048
v 2.32 1.39795 2.66255 0.20744564940646573 0.2027309755563188 0.23101901865720048
v 0.90239 1.26138 2.59754 0.20744564940646573 0.2027309755563188 0.23101901865720048
v 1.00162 1.37393 2.47871 0.20744564940646573 0.2027309755563188 0.23101901865720048
v 0.90239 1.26138 2.59754 0.2164590687112046 0.21153954442231357 0.24105669015565964
v 0.60149 1.3764 2.28409 0.2164590687112046 0.21153954442231357 0.24105669015565964
v 1.00162 1.37393 2.47871 0.2164590687112046 0.21153954442231357 0.24105669015565964
v 0.90239 1.26138 2.59754 0.2164590687112046 0.21153954442231357 0.24105669015565964
v 0.47214 1.26646 2.38827 0.2164590687112046 0.21153954442231357 0.24105669015565964
v 0.60149 1.3764 2.28409 0.2164590687112046 0.21153954442231357 0.24105669015565964
v 0.47214 1.26646 2.38827 0.22628587894217964 0.2211430180571301 0.2520001833674273
v 0.53298 1.39753 1.86804 0.22628587894217964 0.2211430180571301 0.2520001833674273
v 0.60149 1.3764 2.28409 0.22628587894217964 0.2211430180571301 0.2520001833674273
v 0.47214 1.26646 2.38827 0.22628587894217964 0.2211430180571301 0.2520001833674273
v 0.39847 1.29111 1.9409 0.22628587894217964 0.2211430180571301 0.2520001833674273
v 0.53298 1.39753 1.86804 0.22628587894217964 0.2211430180571301 0.2520001833674273
v 0.39847 1.29111 1.9409 0.2309652688762442 0.2257160582199659 0.2572113221576356
v 0.2449 1.47296 0.9 0.2309652688762442 0.2257160582199659 0.2572113221576356
v 0.53298 1.39753 1.86804 0.2309652688762442 0.2257160582199659 0.2572113221576356
v 0.39847 1.29111 1.9409 0.2309652688762442 0.2257160582199659 0.2572113221576356
v 0.08871 1.3719 0.9 0.2309652688762442 0.2257160582199659 0.2572113221576356
v 0.2449 1.47296 0.9 0.2309652688762442 0.2257160582199659 0.2572113221576356
v 0.08871 1.3719 0.9 0.22765878337069775 0.2224847201122728 0.2535290996628225
v 0.43459 1.51522 -0.12133 0.22765878337069775 0.2224847201122728 0.2535290996628225
v 0.2449 1.47296 0.9 0.22765878337069775 0.2224847201122728 0.2535290996628225
v 0.08871 1.3719 0.9 0.22765878337069775 0.2224847201122728 0.2535290996628225
v 0.29268 1.41096 -0.19821 0.22765878337069775 0.2224847201122728 0.2535290996628225
v 0.43459 1.51522 -0.12133 0.22765878337069775 0.2224847201122728 0.2535290996628225
v 0.29268 1.41096 -0.19821 0.21837209216448664 0.2134090900698392 0.24318710263772375
v 0.48335 1.52892 -0.57924 0.21837209216448664 0.2134090900698392 0.24318710263772375
v 0.43459 1.51522 -0.12133 0.21837209216448664 0.2134090900698392 0.24318710263772375
v 0.29268 1.41096 -0.19821 0.21837209216448664 0.2134090900698392 0.24318710263772375
v 0.34511 1.42051 -0.69058 0.21837209216448664 0.2134090900698392 0.24318710263772375
v 0.48335 1.52892 -0.57924 0.21837209216448664 0.2134090900698392 0.24318710263772375
v 0.34511 1.42051 -0.69058 0.2087383775280278 0.20399432349329988 0.2324586477016673
v 1.07121 1.5129 -0.59537 0.2087383775280278 0.20399432349329988 0.2324586477016673
v 0.48335 1.52892 -0.57924 0.2087383775280278 0.20399432349329988 0.2324586477016673
v 0.34511 1.42051 -0.69058 0.2087383775280278 0.20399432349329988 0.2324586477016673
v 0.97722 1.41359 -0.70793 0.2087383775280278 0.20399432349329988 0.2324586477016673
v 1.07121 1.5129 -0.59537 0.2087383775280278 0.20399432349329988 0.2324586477016673
v 0.97722 1.41359 -0.70793 0.20460132148792515 0.19995129145410867 0.22785147165700756
v 2.32 1.44728 -0.67863 0.20460132148792515 0.19995129145410867 0.22785147165700756
v 1.07121 1.5129 -0.59537 0.20460132148792515 0.19995129145410867 0.22785147165700756
v 0.97722 1.41359 -0.70793 0.20460132148792515 0.19995129145410867 0.22785147165700756
v 2.32 1.34366 -0.79745 0.20460132148792515 0.19995129145410867 0.22785147165700756
v 2.32 1.44728 -0.67863 0.20460132148792515 0.19995129145410867 0.22785147165700756
v 2.32 1.34366 -0.79745 0.20847040672421452 0.20373244293502782 0.232160225670148
v 3.59475 1.48237 -0.62647 0.20847040672421452 0.20373244293502782 0.232160225670148
v 2.32 1.44728 -0.67863 0.20847040672421452 0.20373244293502782 0.232160225670148
v 2.32 1.34366 -0.79745 0.20847040672421452 0.20373244293502782 0.232160225670148
v 3.6907 1.3779 -0.74136 0.20847040672421452 0.20373244293502782 0.232160225670148
v 3.59475 1.48237 -0.62647 0.20847040672421452 0.20373244293502782 0.232160225670148
v 3.6907 1.3779 -0.74136 0.21799869805063513 0.21304418218584795 0.2427712773745709
v 4.01983 1.5383 -0.46905 0.21799869805063513 0.21304418218584795 0.2427712773745709
v 3.59475 1.48237 -0.62647 0.21799869805063513 0.21304418218584795 0.2427712773745709
v 3.6907 1.3779 -0.74136 0.21799869805063513 0.21304418218584795 0.2427712773745709
v 4.14778 1.43943 -0.57209 0.21799869805063513 0.21304418218584795 0.2427712773745709
v 4.01983 1.5383 -0.46905 0.21799869805063513 0.21304418218584795 0.2427712773745709
v 4.14778 1.43943 -0.57209 0.2274064618058087 0.22223813312840396 0.2532481051928324
v 4.38842 1.60251 -0.22047 0.2274064618058087 0.22223813312840396 0.2532481051928324
v 4.01983 1.5383 -0.46905 0.2274064618058087 0.22223813312840396 0.2532481051928324
v 4.14778 1.43943 -0.57209 0.2274064618058087 0.22223813312840396 0.2532481051928324
v 4.54411 1.50846 -0.30481 0.2274064618058087 0.22223813312840396 0.2532481051928324
v 4.38842 1.60251 -0.22047 0.2274064618058087 0.22223813312840396 0.2532481051928324
v 4.54411 1.50846 -0.30481 0.23098707473575333 0.22573736849175896 0.2572356059557253
v 4.24018 1.64463 0.9 0.23098707473575333 0.22573736849175896 0.2572356059557253
v 4.38842 1.60251 -0.22047 0.23098707473575333 0.22573736849175896 0.2572356059557253
v 4.54411 1.50846 -0.30481 0.23098707473575333 0.22573736849175896 0.2572356059557253
v 4.38471 1.54907 0.9 0.23098707473575333 0.22573736849175896 0.2572356059557253
v 4.24018 1.64463 0.9 0.23098707473575333 0.22573736849175896 0.2572356059557253
v 2.32 1.51 0.9 0.28 0.27 0.295
v 4.29004 1.66868 1.96718 0.28 0.27 0.295
v 4.24018 1.64463 0.9 0.28 0.27 0.295
v 2.32 1.09 0.9 0.16 0.15 0.18
v 4.24018 1.22463 0.9 0.16 0.15 0.18
v 4.29004 1.24868 1.96718 0.16 0.15 0.18
v 2.32 1.51 0.9 0.28 0.27 0.295
v 3.90169 1.65348 2.1739 0.28 0.27 0.295
v 4.29004 1.66868 1.96718 0.28 0.27 0.295
v 2.32 1.09 0.9 0.16 0.15 0.18
v 4.29004 1.24868 1.96718 0.16 0.15 0.18
v 3.90169 1.23348 2.1739 0.16 0.15 0.18
v 2.32 1.51 0.9 0.28 0.27 0.295
v 3.66435 1.64467 2.5098 0.28 0.27 0.295
v 3.90169 1.65348 2.1739 0.28 0.27 0.295
v 2.32 1.09 0.9 0.16 0.15 0.18
v 3.90169 1.23348 2.1739 0.16 0.15 0.18
v 3.66435 1.22467 2.5098 0.16 0.15 0.18
v 2.32 1.51 0.9 0.28 0.27 0.295
v 2.32 1.4994 2.53917 0.28 0.27 0.295
v 3.66435 1.64467 2.5098 0.28 0.27 0.295
v 2.32 1.09 0.9 0.16 0.15 0.18
v 3.66435 1.22467 2.5098 0.16 0.15 0.18
v 2.32 1.0794 2.53917 0.16 0.15 0.18
v 2.32 1.51 0.9 0.28 0.27 0.295
v 1.00162 1.37393 2.47871 0.28 0.27 0.295
v 2.32 1.4994 2.53917 0.28 0.27 0.295
v 2.32 1.09 0.9 0.16 0.15 0.18
v 2.32 1.0794 2.53917 0.16 0.15 0.18
v 1.00162 0.95393 2.47871 0.16 0.15 0.18
v 2.32 1.51 0.9 0.28 0.27 0.295
v 0.60149 1.3764 2.28409 0.28 0.27 0.295
v 1.00162 1.37393 2.47871 0.28 0.27 0.295
v 2.32 1.09 0.9 0.16 0.15 0.18
v 1.00162 0.95393 2.47871 0.16 0.15 0.18
v 0.60149 0.9564 2.28409 0.16 0.15 0.18
v 2.32 1.51 0.9 0.28 0.27 0.295
v 0.53298 1.39753 1.86804 0.28 0.27 0.295
v 0.60149 1.3764 2.28409 0.28 0.27 0.295
v 2.32 1.09 0.9 0.16 0.15 0.18
v 0.60149 0.9564 2.28409 0.16 0.15 0.18
v 0.53298 0.97753 1.86804 0.16 0.15 0.18
v 2.32 1.51 0.9 0.28 0.27 0.295
v 0.2449 1.47296 0.9 0.28 0.27 0.295
v 0.53298 1.39753 1.86804 0.28 0.27 0.295
v 2.32 1.09 0.9 0.16 0.15 0.18
v 0.53298 0.97753 1.86804 0.16 0.15 0.18
v 0.2449 1.05296 0.9 0.16 0.15 0.18
v 2.32 1.51 0.9 0.28 0.27 0.295
v 0.43459 1.51522 -0.12133 0.28 0.27 0.295
v 0.2449 1.47296 0.9 0.28 0.27 0.295
v 2.32 1.09 0.9 0.16 0.15 0.18
v 0.2449 1.05296 0.9 0.16 0.15 0.18
v 0.43459 1.09522 -0.12133 0.16 0.15 0.18
v 2.32 1.51 0.9 0.28 0.27 0.295
v 0.48335 1.52892 -0.57924 0.28 0.27 0.295
v 0.43459 1.51522 -0.12133 0.28 0.27 0.295
v 2.32 1.09 0.9 0.16 0.15 0.18
v 0.43459 1.09522 -0.12133 0.16 0.15 0.18
v 0.48335 1.10892 -0.57924 0.16 0.15 0.18
v 2.32 1.51 0.9 0.28 0.27 0.295
v 1.07121 1.5129 -0.59537 0.28 0.27 0.295
v 0.48335 1.52892 -0.57924 0.28 0.27 0.295
v 2.32 1.09 0.9 0.16 0.15 0.18
v 0.48335 1.10892 -0.57924 0.16 0.15 0.18
v 1.07121 1.0929 -0.59537 0.16 0.15 0.18
v 2.32 1.51 0.9 0.28 0.27 0.295
v 2.32 1.44728 -0.67863 0.28 0.27 0.295
v 1.07121 1.5129 -0.59537 0.28 0.27 0.295
v 2.32 1.09 0.9 0.16 0.15 0.18
v 1.07121 1.0929 -0.59537 0.16 0.15 0.18
v 2.32 1.02728 -0.67863 0.16 0.15 0.18
v 2.32 1.51 0.9 0.28 0.27 0.295
v 3.59475 1.48237 -0.62647 0.28 0.27 0.295
v 2.32 1.44728 -0.67863 0.28 0.27 0.295
v 2.32 1.09 0.9 0.16 0.15 0.18
v 2.32 1.02728 -0.67863 0.16 0.15 0.18
v 3.59475 1.06237 -0.62647 0.16 0.15 0.18
v 2.32 1.51 0.9 0.28 0.27 0.295
v 4.01983 1.5383 -0.46905 0.28 0.27 0.295
v 3.59475 1.48237 -0.62647 0.28 0.27 0.295
v 2.32 1.09 0.9 0.16 0.15 0.18
v 3.59475 1.06237 -0.62647 0.16 0.15 0.18
v 4.01983 1.1183 -0.46905 0.16 0.15 0.18
v 2.32 1.51 0.9 0.28 0.27 0.295
v 4.38842 1.60251 -0.22047 0.28 0.27 0.295
v 4.01983 1.5383 -0.46905 0.28 0.27 0.295
v 2.32 1.09 0.9 0.16 0.15 0.18
v 4.01983 1.1183 -0.46905 0.16 0.15 0.18
v 4.38842 1.18251 -0.22047 0.16 0.15 0.18
v 2.32 1.51 0.9 0.28 0.27 0.295
v 4.24018 1.64463 0.9 0.28 0.27 0.295
v 4.38842 1.60251 -0.22047 0.28 0.27 0.295
v 2.32 1.09 0.9 0.16 0.15 0.18
v 4.38842 1.18251 -0.22047 0.16 0.15 0.18
v 4.24018 1.22463 0.9 0.16 0.15 0.18
v 4.27557 1.72321 0.9 0.18661739088580256 0.18237608654748885 0.207823912577371
v 4.39305 1.70648 1.95979 0.18661739088580256 0.18237608654748885 0.207823912577371
v 4.41599 1.74931 0.9 0.18661739088580256 0.18237608654748885 0.207823912577371
v 4.27557 1.72321 0.9 0.18661739088580256 0.18237608654748885 0.207823912577371
v 4.25424 1.69173 1.8856 0.18661739088580256 0.18237608654748885 0.207823912577371
v 4.39305 1.70648 1.95979 0.18661739088580256 0.18237608654748885 0.207823912577371
v 4.25424 1.69173 1.8856 0.1852748327655477 0.18106404111178526 0.20632879103435994
v 4.07854 1.70761 2.22577 0.1852748327655477 0.18106404111178526 0.20632879103435994
v 4.39305 1.70648 1.95979 0.1852748327655477 0.18106404111178526 0.20632879103435994
v 4.25424 1.69173 1.8856 0.1852748327655477 0.18106404111178526 0.20632879103435994
v 3.96174 1.69115 2.13297 0.1852748327655477 0.18106404111178526 0.20632879103435994
v 4.07854 1.70761 2.22577 0.1852748327655477 0.18106404111178526 0.20632879103435994
v 3.96174 1.69115 2.13297 0.19165119033458214 0.18729548146334166 0.21342973469078466
v 3.85084 1.6987 2.60216 0.19165119033458214 0.18729548146334166 0.21342973469078466
v 4.07854 1.70761 2.22577 0.19165119033458214 0.18729548146334166 0.21342973469078466
v 3.96174 1.69115 2.13297 0.19165119033458214 0.18729548146334166 0.21342973469078466
v 3.74998 1.68301 2.48301 0.19165119033458214 0.18729548146334166 0.21342973469078466
v 3.85084 1.6987 2.60216 0.19165119033458214 0.18729548146334166 0.21342973469078466
v 3.74998 1.68301 2.48301 0.2018786506539229 0.1972904995026974 0.22481940641005052
v 2.41 1.66361 2.51274 0.2018786506539229 0.1972904995026974 0.22481940641005052
v 3.85084 1.6987 2.60216 0.2018786506539229 0.1972904995026974 0.22481940641005052
v 3.74998 1.68301 2.48301 0.2018786506539229 0.1972904995026974 0.22481940641005052
v 2.41 1.63358 2.39985 0.2018786506539229 0.1972904995026974 0.22481940641005052
v 2.41 1.66361 2.51274 0.2018786506539229 0.1972904995026974 0.22481940641005052
v 2.41 1.63358 2.39985 0.20975337353302145 0.20498625140727098 0.2335889841617739
v 1.01971 1.49242 2.54244 0.20975337353302145 0.20498625140727098 0.2335889841617739
v 2.41 1.66361 2.51274 0.20975337353302145 0.20498625140727098 0.2335889841617739
v 2.41 1.63358 2.39985 0.20975337353302145 0.20498625140727098 0.2335889841617739
v 1.11703 1.47256 2.42747 0.20975337353302145 0.20498625140727098 0.2335889841617739
v 1.01971 1.49242 2.54244 0.20975337353302145 0.20498625140727098 0.2335889841617739
v 1.11703 1.47256 2.42747 0.210498657741916 0.20571459733869063 0.2344189597580428
v 0.74613 1.45409 2.22207 0.210498657741916 0.20571459733869063 0.2344189597580428
v 1.01971 1.49242 2.54244 0.210498657741916 0.20571459733869063 0.2344189597580428
v 1.11703 1.47256 2.42747 0.210498657741916 0.20571459733869063 0.2344189597580428
v 0.8626 1.43535 2.12952 0.210498657741916 0.20571459733869063 0.2344189597580428
v 0.74613 1.45409 2.22207 0.210498657741916 0.20571459733869063 0.2344189597580428
v 0.8626 1.43535 2.12952 0.20366242388023215 0.1990337324284087 0.22680588113934944
v 0.45239 1.43729 1.94619 0.20366242388023215 0.1990337324284087 0.22680588113934944
v 0.74613 1.45409 2.22207 0.20366242388023215 0.1990337324284087 0.22680588113934944
v 0.8626 1.43535 2.12952 0.20366242388023215 0.1990337324284087 0.22680588113934944
v 0.58942 1.41629 1.87296 0.20366242388023215 0.1990337324284087 0.22680588113934944
v 0.45239 1.43729 1.94619 0.20366242388023215 0.1990337324284087 0.22680588113934944
v 0.58942 1.41629 1.87296 0.19339143967513472 0.188996179682518 0.2153677396382182
v 0.28799 1.47451 0.9 0.19339143967513472 0.188996179682518 0.2153677396382182
v 0.45239 1.43729 1.94619 0.19339143967513472 0.188996179682518 0.2153677396382182
v 0.58942 1.41629 1.87296 0.19339143967513472 0.188996179682518 0.2153677396382182
v 0.43653 1.44259 0.9 0.19339143967513472 0.188996179682518 0.2153677396382182
v 0.28799 1.47451 0.9 0.19339143967513472 0.188996179682518 0.2153677396382182
v 0.43653 1.44259 0.9 0.18591594632223815 0.18169058390582365 0.2070427584043107
v 0.40953 1.53173 -0.1691 0.18591594632223815 0.18169058390582365 0.2070427584043107
v 0.28799 1.47451 0.9 0.18591594632223815 0.18169058390582365 0.2070427584043107
v 0.43653 1.44259 0.9 0.18591594632223815 0.18169058390582365 0.2070427584043107
v 0.54957 1.49289 -0.09426 0.18591594632223815 0.18169058390582365 0.2070427584043107
v 0.40953 1.53173 -0.1691 0.18591594632223815 0.18169058390582365 0.2070427584043107
v 0.54957 1.49289 -0.09426 0.18577047777804948 0.18154842146491199 0.20688075934373693
v 0.54664 1.54874 -0.58058 0.18577047777804948 0.18154842146491199 0.20688075934373693
v 0.40953 1.53173 -0.1691 0.18577047777804948 0.18154842146491199 0.20688075934373693
v 0.54957 1.49289 -0.09426 0.18577047777804948 0.18154842146491199 0.20688075934373693
v 0.67708 1.5088 -0.47694 0.18577047777804948 0.18154842146491199 0.20688075934373693
v 0.54664 1.54874 -0.58058 0.18577047777804948 0.18154842146491199 0.20688075934373693
v 0.67708 1.5088 -0.47694 0.19304327330947543 0.18865592618880553 0.2149800089128249
v 1.17157 1.50952 -0.56304 0.19304327330947543 0.18865592618880553 0.2149800089128249
v 0.54664 1.54874 -0.58058 0.19304327330947543 0.18865592618880553 0.2149800089128249
v 0.67708 1.5088 -0.47694 0.19304327330947543 0.18865592618880553 0.2149800089128249
v 1.25826 1.47474 -0.46063 0.19304327330947543 0.18865592618880553 0.2149800089128249
v 1.17157 1.50952 -0.56304 0.19304327330947543 0.18865592618880553 0.2149800089128249
v 1.25826 1.47474 -0.46063 0.20332275273857323 0.19870178108542383 0.22642761100432018
v 2.41 1.50606 -0.76726 0.20332275273857323 0.19870178108542383 0.22642761100432018
v 1.17157 1.50952 -0.56304 0.20332275273857323 0.19870178108542383 0.22642761100432018
v 1.25826 1.47474 -0.46063 0.20332275273857323 0.19870178108542383 0.22642761100432018
v 2.41 1.48217 -0.65055 0.20332275273857323 0.19870178108542383 0.22642761100432018
v 2.41 1.50606 -0.76726 0.20332275273857323 0.19870178108542383 0.22642761100432018
v 2.41 1.48217 -0.65055 0.2103735217808445 0.2055923053767344 0.234279603801395
v 3.69898 1.64809 -0.62275 0.2103735217808445 0.2055923053767344 0.234279603801395
v 2.41 1.50606 -0.76726 0.2103735217808445 0.2055923053767344 0.234279603801395
v 2.41 1.48217 -0.65055 0.2103735217808445 0.2055923053767344 0.234279603801395
v 3.60875 1.61752 -0.51616 0.2103735217808445 0.2055923053767344 0.234279603801395
v 3.69898 1.64809 -0.62275 0.2103735217808445 0.2055923053767344 0.234279603801395
v 3.60875 1.61752 -0.51616 0.20991867854736204 0.20514779948946746 0.23377307383683502
v 4.27802 1.72195 -0.58428 0.20991867854736204 0.20514779948946746 0.23377307383683502
v 3.69898 1.64809 -0.62275 0.20991867854736204 0.20514779948946746 0.23377307383683502
v 3.60875 1.61752 -0.51616 0.20991867854736204 0.20514779948946746 0.23377307383683502
v 4.14726 1.68734 -0.48038 0.20991867854736204 0.20514779948946746 0.23377307383683502
v 4.27802 1.72195 -0.58428 0.20991867854736204 0.20514779948946746 0.23377307383683502
v 4.14726 1.68734 -0.48038 0.20223412484015402 0.1976378947301505 0.2252152753901715
v 4.4359 1.75016 -0.18269 0.20223412484015402 0.1976378947301505 0.2252152753901715
v 4.27802 1.72195 -0.58428 0.20223412484015402 0.1976378947301505 0.2252152753901715
v 4.14726 1.68734 -0.48038 0.20223412484015402 0.1976378947301505 0.2252152753901715
v 4.29409 1.71624 -0.1069 0.20223412484015402 0.1976378947301505 0.2252152753901715
v 4.4359 1.75016 -0.18269 0.20223412484015402 0.1976378947301505 0.2252152753901715
v 4.29409 1.71624 -0.1069 0.19198120782133554 0.1876179985526688 0.21379725416466913
v 4.41599 1.74931 0.9 0.19198120782133554 0.1876179985526688 0.21379725416466913
v 4.4359 1.75016 -0.18269 0.19198120782133554 0.1876179985526688 0.21379725416466913
v 4.29409 1.71624 -0.1069 0.19198120782133554 0.1876179985526688 0.21379725416466913
v 4.27557 1.72321 0.9 0.19198120782133554 0.1876179985526688 0.21379725416466913
v 4.41599 1.74931 0.9 0.19198120782133554 0.1876179985526688 0.21379725416466913
v 4.41599 1.74931 0.9 0.18661739088580256 0.18237608654748885 0.207823912577371
v 4.39305 1.99208 1.95979 0.18661739088580256 0.18237608654748885 0.207823912577371
v 4.41599 2.03491 0.9 0.18661739088580256 0.18237608654748885 0.207823912577371
v 4.41599 1.74931 0.9 0.18661739088580256 0.18237608654748885 0.207823912577371
v 4.39305 1.70648 1.95979 0.18661739088580256 0.18237608654748885 0.207823912577371
v 4.39305 1.99208 1.95979 0.18661739088580256 0.18237608654748885 0.207823912577371
v 4.39305 1.70648 1.95979 0.1852748327655477 0.18106404111178526 0.20632879103435994
v 4.07854 1.99321 2.22577 0.1852748327655477 0.18106404111178526 0.20632879103435994
v 4.39305 1.99208 1.95979 0.1852748327655477 0.18106404111178526 0.20632879103435994
v 4.39305 1.70648 1.95979 0.1852748327655477 0.18106404111178526 0.20632879103435994
v 4.07854 1.70761 2.22577 0.1852748327655477 0.18106404111178526 0.20632879103435994
v 4.07854 1.99321 2.22577 0.1852748327655477 0.18106404111178526 0.20632879103435994
v 4.07854 1.70761 2.22577 0.19165119033458214 0.18729548146334166 0.21342973469078466
v 3.85084 1.9843 2.60216 0.19165119033458214 0.18729548146334166 0.21342973469078466
v 4.07854 1.99321 2.22577 0.19165119033458214 0.18729548146334166 0.21342973469078466
v 4.07854 1.70761 2.22577 0.19165119033458214 0.18729548146334166 0.21342973469078466
v 3.85084 1.6987 2.60216 0.19165119033458214 0.18729548146334166 0.21342973469078466
v 3.85084 1.9843 2.60216 0.19165119033458214 0.18729548146334166 0.21342973469078466
v 3.85084 1.6987 2.60216 0.2018786506539229 0.1972904995026974 0.22481940641005052
v 2.41 1.94921 2.51274 0.2018786506539229 0.1972904995026974 0.22481940641005052
v 3.85084 1.9843 2.60216 0.2018786506539229 0.1972904995026974 0.22481940641005052
v 3.85084 1.6987 2.60216 0.2018786506539229 0.1972904995026974 0.22481940641005052
v 2.41 1.66361 2.51274 0.2018786506539229 0.1972904995026974 0.22481940641005052
v 2.41 1.94921 2.51274 0.2018786506539229 0.1972904995026974 0.22481940641005052
v 2.41 1.66361 2.51274 0.20975337353302145 0.20498625140727098 0.2335889841617739
v 1.01971 1.77802 2.54244 0.20975337353302145 0.20498625140727098 0.2335889841617739
v 2.41 1.94921 2.51274 0.20975337353302145 0.20498625140727098 0.2335889841617739
v 2.41 1.66361 2.51274 0.20975337353302145 0.20498625140727098 0.2335889841617739
v 1.01971 1.49242 2.54244 0.20975337353302145 0.20498625140727098 0.2335889841617739
v 1.01971 1.77802 2.54244 0.20975337353302145 0.20498625140727098 0.2335889841617739
v 1.01971 1.49242 2.54244 0.210498657741916 0.20571459733869063 0.2344189597580428
v 0.74613 1.73969 2.22207 0.210498657741916 0.20571459733869063 0.2344189597580428
v 1.01971 1.77802 2.54244 0.210498657741916 0.20571459733869063 0.2344189597580428
v 1.01971 1.49242 2.54244 0.210498657741916 0.20571459733869063 0.2344189597580428
v 0.74613 1.45409 2.22207 0.210498657741916 0.20571459733869063 0.2344189597580428
v 0.74613 1.73969 2.22207 0.210498657741916 0.20571459733869063 0.2344189597580428
v 0.74613 1.45409 2.22207 0.20366242388023215 0.1990337324284087 0.22680588113934944
v 0.45239 1.72289 1.94619 0.20366242388023215 0.1990337324284087 0.22680588113934944
v 0.74613 1.73969 2.22207 0.20366242388023215 0.1990337324284087 0.22680588113934944
v 0.74613 1.45409 2.22207 0.20366242388023215 0.1990337324284087 0.22680588113934944
v 0.45239 1.43729 1.94619 0.20366242388023215 0.1990337324284087 0.22680588113934944
v 0.45239 1.72289 1.94619 0.20366242388023215 0.1990337324284087 0.22680588113934944
v 0.45239 1.43729 1.94619 0.19339143967513472 0.188996179682518 0.2153677396382182
v 0.28799 1.76011 0.9 0.19339143967513472 0.188996179682518 0.2153677396382182
v 0.45239 1.72289 1.94619 0.19339143967513472 0.188996179682518 0.2153677396382182
v 0.45239 1.43729 1.94619 0.19339143967513472 0.188996179682518 0.2153677396382182
v 0.28799 1.47451 0.9 0.19339143967513472 0.188996179682518 0.2153677396382182
v 0.28799 1.76011 0.9 0.19339143967513472 0.188996179682518 0.2153677396382182
v 0.28799 1.47451 0.9 0.18591594632223815 0.18169058390582365 0.2070427584043107
v 0.40953 1.81733 -0.1691 0.18591594632223815 0.18169058390582365 0.2070427584043107
v 0.28799 1.76011 0.9 0.18591594632223815 0.18169058390582365 0.2070427584043107
v 0.28799 1.47451 0.9 0.18591594632223815 0.18169058390582365 0.2070427584043107
v 0.40953 1.53173 -0.1691 0.18591594632223815 0.18169058390582365 0.2070427584043107
v 0.40953 1.81733 -0.1691 0.18591594632223815 0.18169058390582365 0.2070427584043107
v 0.40953 1.53173 -0.1691 0.18577047777804948 0.18154842146491199 0.20688075934373693
v 0.54664 1.83434 -0.58058 0.18577047777804948 0.18154842146491199 0.20688075934373693
v 0.40953 1.81733 -0.1691 0.18577047777804948 0.18154842146491199 0.20688075934373693
v 0.40953 1.53173 -0.1691 0.18577047777804948 0.18154842146491199 0.20688075934373693
v 0.54664 1.54874 -0.58058 0.18577047777804948 0.18154842146491199 0.20688075934373693
v 0.54664 1.83434 -0.58058 0.18577047777804948 0.18154842146491199 0.20688075934373693
v 0.54664 1.54874 -0.58058 0.19304327330947543 0.18865592618880553 0.2149800089128249
v 1.17157 1.79512 -0.56304 0.19304327330947543 0.18865592618880553 0.2149800089128249
v 0.54664 1.83434 -0.58058 0.19304327330947543 0.18865592618880553 0.2149800089128249
v 0.54664 1.54874 -0.58058 0.19304327330947543 0.18865592618880553 0.2149800089128249
v 1.17157 1.50952 -0.56304 0.19304327330947543 0.18865592618880553 0.2149800089128249
v 1.17157 1.79512 -0.56304 0.19304327330947543 0.18865592618880553 0.2149800089128249
v 1.17157 1.50952 -0.56304 0.20332275273857323 0.19870178108542383 0.22642761100432018
v 2.41 1.79166 -0.76726 0.20332275273857323 0.19870178108542383 0.22642761100432018
v 1.17157 1.79512 -0.56304 0.20332275273857323 0.19870178108542383 0.22642761100432018
v 1.17157 1.50952 -0.56304 0.20332275273857323 0.19870178108542383 0.22642761100432018
v 2.41 1.50606 -0.76726 0.20332275273857323 0.19870178108542383 0.22642761100432018
v 2.41 1.79166 -0.76726 0.20332275273857323 0.19870178108542383 0.22642761100432018
v 2.41 1.50606 -0.76726 0.2103735217808445 0.2055923053767344 0.234279603801395
v 3.69898 1.93369 -0.62275 0.2103735217808445 0.2055923053767344 0.234279603801395
v 2.41 1.79166 -0.76726 0.2103735217808445 0.2055923053767344 0.234279603801395
v 2.41 1.50606 -0.76726 0.2103735217808445 0.2055923053767344 0.234279603801395
v 3.69898 1.64809 -0.62275 0.2103735217808445 0.2055923053767344 0.234279603801395
v 3.69898 1.93369 -0.62275 0.2103735217808445 0.2055923053767344 0.234279603801395
v 3.69898 1.64809 -0.62275 0.20991867854736204 0.20514779948946746 0.23377307383683502
v 4.27802 2.00755 -0.58428 0.20991867854736204 0.20514779948946746 0.23377307383683502
v 3.69898 1.93369 -0.62275 0.20991867854736204 0.20514779948946746 0.23377307383683502
v 3.69898 1.64809 -0.62275 0.20991867854736204 0.20514779948946746 0.23377307383683502
v 4.27802 1.72195 -0.58428 0.20991867854736204 0.20514779948946746 0.23377307383683502
v 4.27802 2.00755 -0.58428 0.20991867854736204 0.20514779948946746 0.23377307383683502
v 4.27802 1.72195 -0.58428 0.20223412484015402 0.1976378947301505 0.2252152753901715
v 4.4359 2.03576 -0.18269 0.20223412484015402 0.1976378947301505 0.2252152753901715
v 4.27802 2.00755 -0.58428 0.20223412484015402 0.1976378947301505 0.2252152753901715
v 4.27802 1.72195 -0.58428 0.20223412484015402 0.1976378947301505 0.2252152753901715
v 4.4359 1.75016 -0.18269 0.20223412484015402 0.1976378947301505 0.2252152753901715
v 4.4359 2.03576 -0.18269 0.20223412484015402 0.1976378947301505 0.2252152753901715
v 4.4359 1.75016 -0.18269 0.19198120782133554 0.1876179985526688 0.21379725416466913
v 4.41599 2.03491 0.9 0.19198120782133554 0.1876179985526688 0.21379725416466913
v 4.4359 2.03576 -0.18269 0.19198120782133554 0.1876179985526688 0.21379725416466913
v 4.4359 1.75016 -0.18269 0.19198120782133554 0.1876179985526688 0.21379725416466913
v 4.41599 1.74931 0.9 0.19198120782133554 0.1876179985526688 0.21379725416466913
v 4.41599 2.03491 0.9 0.19198120782133554 0.1876179985526688 0.21379725416466913
v 4.41599 2.03491 0.9 0.20641739088580255 0.20172608654748886 0.22987391257737103
v 4.25424 2.11173 1.8856 0.20641739088580255 0.20172608654748886 0.22987391257737103
v 4.27557 2.14321 0.9 0.20641739088580255 0.20172608654748886 0.22987391257737103
v 4.41599 2.03491 0.9 0.20641739088580255 0.20172608654748886 0.22987391257737103
v 4.39305 1.99208 1.95979 0.20641739088580255 0.20172608654748886 0.22987391257737103
v 4.25424 2.11173 1.8856 0.20641739088580255 0.20172608654748886 0.22987391257737103
v 4.39305 1.99208 1.95979 0.2050748327655477 0.20041404111178526 0.22837879103435993
v 3.96174 2.11115 2.13297 0.2050748327655477 0.20041404111178526 0.22837879103435993
v 4.25424 2.11173 1.8856 0.2050748327655477 0.20041404111178526 0.22837879103435993
v 4.39305 1.99208 1.95979 0.2050748327655477 0.20041404111178526 0.22837879103435993
v 4.07854 1.99321 2.22577 0.2050748327655477 0.20041404111178526 0.22837879103435993
v 3.96174 2.11115 2.13297 0.2050748327655477 0.20041404111178526 0.22837879103435993
v 4.07854 1.99321 2.22577 0.21145119033458215 0.20664548146334163 0.23547973469078465
v 3.74998 2.10301 2.48301 0.21145119033458215 0.20664548146334163 0.23547973469078465
v 3.96174 2.11115 2.13297 0.21145119033458215 0.20664548146334163 0.23547973469078465
v 4.07854 1.99321 2.22577 0.21145119033458215 0.20664548146334163 0.23547973469078465
v 3.85084 1.9843 2.60216 0.21145119033458215 0.20664548146334163 0.23547973469078465
v 3.74998 2.10301 2.48301 0.21145119033458215 0.20664548146334163 0.23547973469078465
v 3.85084 1.9843 2.60216 0.22167865065392292 0.21664049950269737 0.2468694064100505
v 2.41 2.05358 2.39985 0.22167865065392292 0.21664049950269737 0.2468694064100505
v 3.74998 2.10301 2.48301 0.22167865065392292 0.21664049950269737 0.2468694064100505
v 3.85084 1.9843 2.60216 0.22167865065392292 0.21664049950269737 0.2468694064100505
v 2.41 1.94921 2.51274 0.22167865065392292 0.21664049950269737 0.2468694064100505
v 2.41 2.05358 2.39985 0.22167865065392292 0.21664049950269737 0.2468694064100505
v 2.41 1.94921 2.51274 0.22955337353302144 0.22433625140727095 0.2556389841617739
v 1.11703 1.89256 2.42747 0.22955337353302144 0.22433625140727095 0.2556389841617739
v 2.41 2.05358 2.39985 0.22955337353302144 0.22433625140727095 0.2556389841617739
v 2.41 1.94921 2.51274 0.22955337353302144 0.22433625140727095 0.2556389841617739
v 1.01971 1.77802 2.54244 0.22955337353302144 0.22433625140727095 0.2556389841617739
v 1.11703 1.89256 2.42747 0.22955337353302144 0.22433625140727095 0.2556389841617739
v 1.01971 1.77802 2.54244 0.230298657741916 0.22506459733869064 0.2564689597580428
v 0.8626 1.85535 2.12952 0.230298657741916 0.22506459733869064 0.2564689597580428
v 1.11703 1.89256 2.42747 0.230298657741916 0.22506459733869064 0.2564689597580428
v 1.01971 1.77802 2.54244 0.230298657741916 0.22506459733869064 0.2564689597580428
v 0.74613 1.73969 2.22207 0.230298657741916 0.22506459733869064 0.2564689597580428
v 0.8626 1.85535 2.12952 0.230298657741916 0.22506459733869064 0.2564689597580428
v 0.74613 1.73969 2.22207 0.22346242388023216 0.2183837324284087 0.24885588113934945
v 0.58942 1.83629 1.87296 0.22346242388023216 0.2183837324284087 0.24885588113934945
v 0.8626 1.85535 2.12952 0.22346242388023216 0.2183837324284087 0.24885588113934945
v 0.74613 1.73969 2.22207 0.22346242388023216 0.2183837324284087 0.24885588113934945
v 0.45239 1.72289 1.94619 0.22346242388023216 0.2183837324284087 0.24885588113934945
v 0.58942 1.83629 1.87296 0.22346242388023216 0.2183837324284087 0.24885588113934945
v 0.45239 1.72289 1.94619 0.2131914396751347 0.208346179682518 0.2374177396382182
v 0.43653 1.86259 0.9 0.2131914396751347 0.208346179682518 0.2374177396382182
v 0.58942 1.83629 1.87296 0.2131914396751347 0.208346179682518 0.2374177396382182
v 0.45239 1.72289 1.94619 0.2131914396751347 0.208346179682518 0.2374177396382182
v 0.28799 1.76011 0.9 0.2131914396751347 0.208346179682518 0.2374177396382182
v 0.43653 1.86259 0.9 0.2131914396751347 0.208346179682518 0.2374177396382182
v 0.28799 1.76011 0.9 0.20571594632223816 0.20104058390582366 0.22909275840431068
v 0.54957 1.91289 -0.09426 0.20571594632223816 0.20104058390582366 0.22909275840431068
v 0.43653 1.86259 0.9 0.20571594632223816 0.20104058390582366 0.22909275840431068
v 0.28799 1.76011 0.9 0.20571594632223816 0.20104058390582366 0.22909275840431068
v 0.40953 1.81733 -0.1691 0.20571594632223816 0.20104058390582366 0.22909275840431068
v 0.54957 1.91289 -0.09426 0.20571594632223816 0.20104058390582366 0.22909275840431068
v 0.40953 1.81733 -0.1691 0.2055704777780495 0.200898421464912 0.2289307593437369
v 0.67708 1.9288 -0.47694 0.2055704777780495 0.200898421464912 0.2289307593437369
v 0.54957 1.91289 -0.09426 0.2055704777780495 0.200898421464912 0.2289307593437369
v 0.40953 1.81733 -0.1691 0.2055704777780495 0.200898421464912 0.2289307593437369
v 0.54664 1.83434 -0.58058 0.2055704777780495 0.200898421464912 0.2289307593437369
v 0.67708 1.9288 -0.47694 0.2055704777780495 0.200898421464912 0.2289307593437369
v 0.54664 1.83434 -0.58058 0.21284327330947542 0.20800592618880553 0.23703000891282489
v 1.25826 1.89474 -0.46063 0.21284327330947542 0.20800592618880553 0.23703000891282489
v 0.67708 1.9288 -0.47694 0.21284327330947542 0.20800592618880553 0.23703000891282489
v 0.54664 1.83434 -0.58058 0.21284327330947542 0.20800592618880553 0.23703000891282489
v 1.17157 1.79512 -0.56304 0.21284327330947542 0.20800592618880553 0.23703000891282489
v 1.25826 1.89474 -0.46063 0.21284327330947542 0.20800592618880553 0.23703000891282489
v 1.17157 1.79512 -0.56304 0.22312275273857324 0.21805178108542386 0.2484776110043202
v 2.41 1.90217 -0.65055 0.22312275273857324 0.21805178108542386 0.2484776110043202
v 1.25826 1.89474 -0.46063 0.22312275273857324 0.21805178108542386 0.2484776110043202
v 1.17157 1.79512 -0.56304 0.22312275273857324 0.21805178108542386 0.2484776110043202
v 2.41 1.79166 -0.76726 0.22312275273857324 0.21805178108542386 0.2484776110043202
v 2.41 1.90217 -0.65055 0.22312275273857324 0.21805178108542386 0.2484776110043202
v 2.41 1.79166 -0.76726 0.23017352178084452 0.22494230537673443 0.256329603801395
v 3.60875 2.03752 -0.51616 0.23017352178084452 0.22494230537673443 0.256329603801395
v 2.41 1.90217 -0.65055 0.23017352178084452 0.22494230537673443 0.256329603801395
v 2.41 1.79166 -0.76726 0.23017352178084452 0.22494230537673443 0.256329603801395
v 3.69898 1.93369 -0.62275 0.23017352178084452 0.22494230537673443 0.256329603801395
v 3.60875 2.03752 -0.51616 0.23017352178084452 0.22494230537673443 0.256329603801395
v 3.69898 1.93369 -0.62275 0.22971867854736205 0.22449779948946744 0.255823073836835
v 4.14726 2.10734 -0.48038 0.22971867854736205 0.22449779948946744 0.255823073836835
v 3.60875 2.03752 -0.51616 0.22971867854736205 0.22449779948946744 0.255823073836835
v 3.69898 1.93369 -0.62275 0.22971867854736205 0.22449779948946744 0.255823073836835
v 4.27802 2.00755 -0.58428 0.22971867854736205 0.22449779948946744 0.255823073836835
v 4.14726 2.10734 -0.48038 0.22971867854736205 0.22449779948946744 0.255823073836835
v 4.27802 2.00755 -0.58428 0.222034124840154 0.2169878947301505 0.2472652753901715
v 4.29409 2.13624 -0.1069 0.222034124840154 0.2169878947301505 0.2472652753901715
v 4.14726 2.10734 -0.48038 0.222034124840154 0.2169878947301505 0.2472652753901715
v 4.27802 2.00755 -0.58428 0.222034124840154 0.2169878947301505 0.2472652753901715
v 4.4359 2.03576 -0.18269 0.222034124840154 0.2169878947301505 0.2472652753901715
v 4.29409 2.13624 -0.1069 0.222034124840154 0.2169878947301505 0.2472652753901715
v 4.4359 2.03576 -0.18269 0.21178120782133553 0.2069679985526688 0.23584725416466912
v 4.27557 2.14321 0.9 0.21178120782133553 0.2069679985526688 0.23584725416466912
v 4.29409 2.13624 -0.1069 0.21178120782133553 0.2069679985526688 0.23584725416466912
v 4.4359 2.03576 -0.18269 0.21178120782133553 0.2069679985526688 0.23584725416466912
v 4.41599 2.03491 0.9 0.21178120782133553 0.2069679985526688 0.23584725416466912
v 4.27557 2.14321 0.9 0.21178120782133553 0.2069679985526688 0.23584725416466912
v 2.41 1.99 0.9 0.28 0.27 0.295
v 4.25424 2.11173 1.8856 0.28 0.27 0.295
v 4.27557 2.14321 0.9 0.28 0.27 0.295
v 2.41 1.57 0.9 0.16 0.15 0.18
v 4.27557 1.72321 0.9 0.16 0.15 0.18
v 4.25424 1.69173 1.8856 0.16 0.15 0.18
v 2.41 1.99 0.9 0.28 0.27 0.295
v 3.96174 2.11115 2.13297 0.28 0.27 0.295
v 4.25424 2.11173 1.8856 0.28 0.27 0.295
v 2.41 1.57 0.9 0.16 0.15 0.18
v 4.25424 1.69173 1.8856 0.16 0.15 0.18
v 3.96174 1.69115 2.13297 0.16 0.15 0.18
v 2.41 1.99 0.9 0.28 0.27 0.295
v 3.74998 2.10301 2.48301 0.28 0.27 0.295
v 3.96174 2.11115 2.13297 0.28 0.27 0.295
v 2.41 1.57 0.9 0.16 0.15 0.18
v 3.96174 1.69115 2.13297 0.16 0.15 0.18
v 3.74998 1.68301 2.48301 0.16 0.15 0.18
v 2.41 1.99 0.9 0.28 0.27 0.295
v 2.41 2.05358 2.39985 0.28 0.27 0.295
v 3.74998 2.10301 2.48301 0.28 0.27 0.295
v 2.41 1.57 0.9 0.16 0.15 0.18
v 3.74998 1.68301 2.48301 0.16 0.15 0.18
v 2.41 1.63358 2.39985 0.16 0.15 0.18
v 2.41 1.99 0.9 0.28 0.27 0.295
v 1.11703 1.89256 2.42747 0.28 0.27 0.295
v 2.41 2.05358 2.39985 0.28 0.27 0.295
v 2.41 1.57 0.9 0.16 0.15 0.18
v 2.41 1.63358 2.39985 0.16 0.15 0.18
v 1.11703 1.47256 2.42747 0.16 0.15 0.18
v 2.41 1.99 0.9 0.28 0.27 0.295
v 0.8626 1.85535 2.12952 0.28 0.27 0.295
v 1.11703 1.89256 2.42747 0.28 0.27 0.295
v 2.41 1.57 0.9 0.16 0.15 0.18
v 1.11703 1.47256 2.42747 0.16 0.15 0.18
v 0.8626 1.43535 2.12952 0.16 0.15 0.18
v 2.41 1.99 0.9 0.28 0.27 0.295
v 0.58942 1.83629 1.87296 0.28 0.27 0.295
v 0.8626 1.85535 2.12952 0.28 0.27 0.295
v 2.41 1.57 0.9 0.16 0.15 0.18
v 0.8626 1.43535 2.12952 0.16 0.15 0.18
v 0.58942 1.41629 1.87296 0.16 0.15 0.18
v 2.41 1.99 0.9 0.28 0.27 0.295
v 0.43653 1.86259 0.9 0.28 0.27 0.295
v 0.58942 1.83629 1.87296 0.28 0.27 0.295
v 2.41 1.57 0.9 0.16 0.15 0.18
v 0.58942 1.41629 1.87296 0.16 0.15 0.18
v 0.43653 1.44259 0.9 0.16 0.15 0.18
v 2.41 1.99 0.9 0.28 0.27 0.295
v 0.54957 1.91289 -0.09426 0.28 0.27 0.295
v 0.43653 1.86259 0.9 0.28 0.27 0.295
v 2.41 1.57 0.9 0.16 0.15 0.18
v 0.43653 1.44259 0.9 0.16 0.15 0.18
v 0.54957 1.49289 -0.09426 0.16 0.15 0.18
v 2.41 1.99 0.9 0.28 0.27 0.295
v 0.67708 1.9288 -0.47694 0.28 0.27 0.295
v 0.54957 1.91289 -0.09426 0.28 0.27 0.295
v 2.41 1.57 0.9 0.16 0.15 0.18
v 0.54957 1.49289 -0.09426 0.16 0.15 0.18
v 0.67708 1.5088 -0.47694 0.16 0.15 0.18
v 2.41 1.99 0.9 0.28 0.27 0.295
v 1.25826 1.89474 -0.46063 0.28 0.27 0.295
v 0.67708 1.9288 -0.47694 0.28 0.27 0.295
v 2.41 1.57 0.9 0.16 0.15 0.18
v 0.67708 1.5088 -0.47694 0.16 0.15 0.18
v 1.25826 1.47474 -0.46063 0.16 0.15 0.18
v 2.41 1.99 0.9 0.28 0.27 0.295
v 2.41 1.90217 -0.65055 0.28 0.27 0.295
v 1.25826 1.89474 -0.46063 0.28 0.27 0.295
v 2.41 1.57 0.9 0.16 0.15 0.18
v 1.25826 1.47474 -0.46063 0.16 0.15 0.18
v 2.41 1.48217 -0.65055 0.16 0.15 0.18
v 2.41 1.99 0.9 0.28 0.27 0.295
v 3.60875 2.03752 -0.51616 0.28 0.27 0.295
v 2.41 1.90217 -0.65055 0.28 0.27 0.295
v 2.41 1.57 0.9 0.16 0.15 0.18
v 2.41 1.48217 -0.65055 0.16 0.15 0.18
v 3.60875 1.61752 -0.51616 0.16 0.15 0.18
v 2.41 1.99 0.9 0.28 0.27 0.295
v 4.14726 2.10734 -0.48038 0.28 0.27 0.295
v 3.60875 2.03752 -0.51616 0.28 0.27 0.295
v 2.41 1.57 0.9 0.16 0.15 0.18
v 3.60875 1.61752 -0.51616 0.16 0.15 0.18
v 4.14726 1.68734 -0.48038 0.16 0.15 0.18
v 2.41 1.99 0.9 0.28 0.27 0.295
v 4.29409 2.13624 -0.1069 0.28 0.27 0.295
v 4.14726 2.10734 -0.48038 0.28 0.27 0.295
v 2.41 1.57 0.9 0.16 0.15 0.18
v 4.14726 1.68734 -0.48038 0.16 0.15 0.18
v 4.29409 1.71624 -0.1069 0.16 0.15 0.18
v 2.41 1.99 0.9 0.28 0.27 0.295
v 4.27557 2.14321 0.9 0.28 0.27 0.295
v 4.29409 2.13624 -0.1069 0.28 0.27 0.295
v 2.41 1.57 0.9 0.16 0.15 0.18
v 4.29409 1.71624 -0.1069 0.16 0.15 0.18
v 4.27557 1.72321 0.9 0.16 0.15 0.18
v 1.82307 -0.25911 -2.65 0.21118707473575335 0.20638736849175895 0.23518560595572532
v 2.07785 -0.16913 -1.7048 0.21118707473575335 0.20638736849175895 0.23518560595572532
v 1.95277 -0.21765 -2.65 0.21118707473575335 0.20638736849175895 0.23518560595572532
v 1.82307 -0.25911 -2.65 0.21118707473575335 0.20638736849175895 0.23518560595572532
v 1.9394 -0.20582 -1.77096 0.21118707473575335 0.20638736849175895 0.23518560595572532
v 2.07785 -0.16913 -1.7048 0.21118707473575335 0.20638736849175895 0.23518560595572532
v 1.9394 -0.20582 -1.77096 0.20676858508431506 0.20206929905967153 0.23026501520753268
v 1.66602 -0.19663 -1.5373 0.20676858508431506 0.20206929905967153 0.23026501520753268
v 2.07785 -0.16913 -1.7048 0.20676858508431506 0.20206929905967153 0.23026501520753268
v 1.9394 -0.20582 -1.77096 0.20676858508431506 0.20206929905967153 0.23026501520753268
v 1.5564 -0.23588 -1.61519 0.20676858508431506 0.20206929905967153 0.23026501520753268
v 1.66602 -0.19663 -1.5373 0.20676858508431506 0.20206929905967153 0.23026501520753268
v 1.5564 -0.23588 -1.61519 0.19703118938369424 0.1925532078067921 0.21942109726820494
v 1.31792 -0.22477 -1.36339 0.19703118938369424 0.1925532078067921 0.21942109726820494
v 1.66602 -0.19663 -1.5373 0.19703118938369424 0.1925532078067921 0.21942109726820494
v 1.5564 -0.23588 -1.61519 0.19703118938369424 0.1925532078067921 0.21942109726820494
v 1.23266 -0.26448 -1.45345 0.19703118938369424 0.1925532078067921 0.21942109726820494
v 1.31792 -0.22477 -1.36339 0.19703118938369424 0.1925532078067921 0.21942109726820494
v 1.23266 -0.26448 -1.45345 0.18788146120275084 0.18361142799359742 0.209231627248518
v 0.1 -0.37766 -1.33438 0.18788146120275084 0.18361142799359742 0.209231627248518
v 1.31792 -0.22477 -1.36339 0.18788146120275084 0.18361142799359742 0.209231627248518
v 1.23266 -0.26448 -1.45345 0.18788146120275084 0.18361142799359742 0.209231627248518
v 0.1 -0.40744 -1.42648 0.18788146120275084 0.18361142799359742 0.209231627248518
v 0.1 -0.37766 -1.33438 0.18788146120275084 0.18361142799359742 0.209231627248518
v 0.1 -0.40744 -1.42648 0.18486950287863976 0.18066792326776157 0.2058774009330306
v -1.128 -0.44994 -1.35274 0.18486950287863976 0.18066792326776157 0.2058774009330306
v 0.1 -0.37766 -1.33438 0.18486950287863976 0.18066792326776157 0.2058774009330306
v 0.1 -0.40744 -1.42648 0.18486950287863976 0.18066792326776157 0.2058774009330306
v -1.04204 -0.47323 -1.44355 0.18486950287863976 0.18066792326776157 0.2058774009330306
v -1.128 -0.44994 -1.35274 0.18486950287863976 0.18066792326776157 0.2058774009330306
v -1.04204 -0.47323 -1.44355 0.18982232791421844 0.1855081840979862 0.2113930469953796
v -1.63871 -0.43232 -1.4146 0.18982232791421844 0.1855081840979862 0.2113930469953796
v -1.128 -0.44994 -1.35274 0.18982232791421844 0.1855081840979862 0.2113930469953796
v -1.04204 -0.47323 -1.44355 0.18982232791421844 0.1855081840979862 0.2113930469953796
v -1.517 -0.45878 -1.50108 0.18982232791421844 0.1855081840979862 0.2113930469953796
v -1.63871 -0.43232 -1.4146 0.18982232791421844 0.1855081840979862 0.2113930469953796
v -1.517 -0.45878 -1.50108 0.1997356191033501 0.1951961732146376 0.22243284854691264
v -1.67324 -0.40787 -1.80258 0.1997356191033501 0.1951961732146376 0.22243284854691264
v -1.63871 -0.43232 -1.4146 0.1997356191033501 0.1951961732146376 0.22243284854691264
v -1.517 -0.45878 -1.50108 0.1997356191033501 0.1951961732146376 0.22243284854691264
v -1.54911 -0.43693 -1.8619 0.1997356191033501 0.1951961732146376 0.22243284854691264
v -1.67324 -0.40787 -1.80258 0.1997356191033501 0.1951961732146376 0.22243284854691264
v -1.54911 -0.43693 -1.8619 0.20859610703413187 0.20385528641971978 0.2323002101061923
v -1.84723 -0.34599 -2.65 0.20859610703413187 0.20385528641971978 0.2323002101061923
v -1.67324 -0.40787 -1.80258 0.20859610703413187 0.20385528641971978 0.2323002101061923
v -1.54911 -0.43693 -1.8619 0.20859610703413187 0.20385528641971978 0.2323002101061923
v -1.71093 -0.37841 -2.65 0.20859610703413187 0.20385528641971978 0.2323002101061923
v -1.84723 -0.34599 -2.65 0.20859610703413187 0.20385528641971978 0.2323002101061923
v -1.71093 -0.37841 -2.65 0.2110291386239306 0.2062330218370231 0.23500972255846816
v -1.58915 -0.31749 -3.45723 0.2110291386239306 0.2062330218370231 0.23500972255846816
v -1.84723 -0.34599 -2.65 0.2110291386239306 0.2062330218370231 0.23500972255846816
v -1.71093 -0.37841 -2.65 0.2110291386239306 0.2062330218370231 0.23500972255846816
v -1.47091 -0.34976 -3.40073 0.2110291386239306 0.2062330218370231 0.23500972255846816
v -1.58915 -0.31749 -3.45723 0.2110291386239306 0.2062330218370231 0.23500972255846816
v -1.47091 -0.34976 -3.40073 0.2055588695584816 0.20088707706851608 0.22891783200830904
v -1.58524 -0.30361 -3.84741 0.2055588695584816 0.20088707706851608 0.22891783200830904
v -1.58915 -0.31749 -3.45723 0.2055588695584816 0.20088707706851608 0.22891783200830904
v -1.47091 -0.34976 -3.40073 0.2055588695584816 0.20088707706851608 0.22891783200830904
v -1.46728 -0.33377 -3.76359 0.2055588695584816 0.20088707706851608 0.22891783200830904
v -1.58524 -0.30361 -3.84741 0.2055588695584816 0.20088707706851608 0.22891783200830904
v -1.46728 -0.33377 -3.76359 0.19550349164901776 0.19106023047517642 0.21771979751822432
v -1.14847 -0.31027 -3.96889 0.19550349164901776 0.19106023047517642 0.21771979751822432
v -1.58524 -0.30361 -3.84741 0.19550349164901776 0.19106023047517642 0.21771979751822432
v -1.46728 -0.33377 -3.76359 0.19550349164901776 0.19106023047517642 0.21771979751822432
v -1.06108 -0.34415 -3.87656 0.19550349164901776 0.19106023047517642 0.21771979751822432
v -1.14847 -0.31027 -3.96889 0.19550349164901776 0.19106023047517642 0.21771979751822432
v -1.06108 -0.34415 -3.87656 0.18696246220537727 0.18271331533707325 0.20820819654689743
v 0.1 -0.37738 -4.03438 0.18696246220537727 0.18271331533707325 0.20820819654689743
v -1.14847 -0.31027 -3.96889 0.18696246220537727 0.18271331533707325 0.20820819654689743
v -1.06108 -0.34415 -3.87656 0.18696246220537727 0.18271331533707325 0.20820819654689743
v 0.1 -0.40741 -3.93748 0.18696246220537727 0.18271331533707325 0.20820819654689743
v 0.1 -0.37738 -4.03438 0.18696246220537727 0.18271331533707325 0.20820819654689743
v 0.1 -0.40741 -3.93748 0.18511665507860905 0.18090945837227704 0.2061526386102692
v 1.33839 -0.36175 -3.95824 0.18511665507860905 0.18090945837227704 0.2061526386102692
v 0.1 -0.37738 -4.03438 0.18511665507860905 0.18090945837227704 0.2061526386102692
v 0.1 -0.40741 -3.93748 0.18511665507860905 0.18090945837227704 0.2061526386102692
v 1.2517 -0.39122 -3.86666 0.18511665507860905 0.18090945837227704 0.2061526386102692
v 1.33839 -0.36175 -3.95824 0.18511665507860905 0.18090945837227704 0.2061526386102692
v 1.2517 -0.39122 -3.86666 0.19108571210348926 0.18674285501022814 0.21279999756979484
v 1.61255 -0.3254 -3.72471 0.19108571210348926 0.18674285501022814 0.21279999756979484
v 1.33839 -0.36175 -3.95824 0.19108571210348926 0.18674285501022814 0.21279999756979484
v 1.2517 -0.39122 -3.86666 0.19108571210348926 0.18674285501022814 0.21279999756979484
v 1.50667 -0.35881 -3.64948 0.19108571210348926 0.18674285501022814 0.21279999756979484
v 1.61255 -0.3254 -3.72471 0.19108571210348926 0.18674285501022814 0.21279999756979484
v 1.50667 -0.35881 -3.64948 0.20124888338567698 0.19667504512691159 0.2241180746795039
v 1.99376 -0.26742 -3.55502 0.20124888338567698 0.19667504512691159 0.2241180746795039
v 1.61255 -0.3254 -3.72471 0.20124888338567698 0.19667504512691159 0.2241180746795039
v 1.50667 -0.35881 -3.64948 0.20124888338567698 0.19667504512691159 0.2241180746795039
v 1.8612 -0.30628 -3.49167 0.20124888338567698 0.19667504512691159 0.2241180746795039
v 1.99376 -0.26742 -3.55502 0.20124888338567698 0.19667504512691159 0.2241180746795039
v 1.8612 -0.30628 -3.49167 0.20944132560188614 0.20468129547457053 0.23324147623846408
v 1.95277 -0.21765 -2.65 0.20944132560188614 0.20468129547457053 0.23324147623846408
v 1.99376 -0.26742 -3.55502 0.20944132560188614 0.20468129547457053 0.23324147623846408
v 1.8612 -0.30628 -3.49167 0.20944132560188614 0.20468129547457053 0.23324147623846408
v 1.82307 -0.25911 -2.65 0.20944132560188614 0.20468129547457053 0.23324147623846408
v 1.95277 -0.21765 -2.65 0.20944132560188614 0.20468129547457053 0.23324147623846408
v 1.95277 -0.21765 -2.65 0.21118707473575335 0.20638736849175895 0.23518560595572532
v 2.07785 0.11647 -1.7048 0.21118707473575335 0.20638736849175895 0.23518560595572532
v 1.95277 0.06795 -2.65 0.21118707473575335 0.20638736849175895 0.23518560595572532
v 1.95277 -0.21765 -2.65 0.21118707473575335 0.20638736849175895 0.23518560595572532
v 2.07785 -0.16913 -1.7048 0.21118707473575335 0.20638736849175895 0.23518560595572532
v 2.07785 0.11647 -1.7048 0.21118707473575335 0.20638736849175895 0.23518560595572532
v 2.07785 -0.16913 -1.7048 0.20676858508431506 0.20206929905967153 0.23026501520753268
v 1.66602 0.08897 -1.5373 0.20676858508431506 0.20206929905967153 0.23026501520753268
v 2.07785 0.11647 -1.7048 0.20676858508431506 0.20206929905967153 0.23026501520753268
v 2.07785 -0.16913 -1.7048 0.20676858508431506 0.20206929905967153 0.23026501520753268
v 1.66602 -0.19663 -1.5373 0.20676858508431506 0.20206929905967153 0.23026501520753268
v 1.66602 0.08897 -1.5373 0.20676858508431506 0.20206929905967153 0.23026501520753268
v 1.66602 -0.19663 -1.5373 0.19703118938369424 0.1925532078067921 0.21942109726820494
v 1.31792 0.06083 -1.36339 0.19703118938369424 0.1925532078067921 0.21942109726820494
v 1.66602 0.08897 -1.5373 0.19703118938369424 0.1925532078067921 0.21942109726820494
v 1.66602 -0.19663 -1.5373 0.19703118938369424 0.1925532078067921 0.21942109726820494
v 1.31792 -0.22477 -1.36339 0.19703118938369424 0.1925532078067921 0.21942109726820494
v 1.31792 0.06083 -1.36339 0.19703118938369424 0.1925532078067921 0.21942109726820494
v 1.31792 -0.22477 -1.36339 0.18788146120275084 0.18361142799359742 0.209231627248518
v 0.1 -0.09206 -1.33438 0.18788146120275084 0.18361142799359742 0.209231627248518
v 1.31792 0.06083 -1.36339 0.18788146120275084 0.18361142799359742 0.209231627248518
v 1.31792 -0.22477 -1.36339 0.18788146120275084 0.18361142799359742 0.209231627248518
v 0.1 -0.37766 -1.33438 0.18788146120275084 0.18361142799359742 0.209231627248518
v 0.1 -0.09206 -1.33438 0.18788146120275084 0.18361142799359742 0.209231627248518
v 0.1 -0.37766 -1.33438 0.18486950287863976 0.18066792326776157 0.2058774009330306
v -1.128 -0.16434 -1.35274 0.18486950287863976 0.18066792326776157 0.2058774009330306
v 0.1 -0.09206 -1.33438 0.18486950287863976 0.18066792326776157 0.2058774009330306
v 0.1 -0.37766 -1.33438 0.18486950287863976 0.18066792326776157 0.2058774009330306
v -1.128 -0.44994 -1.35274 0.18486950287863976 0.18066792326776157 0.2058774009330306
v -1.128 -0.16434 -1.35274 0.18486950287863976 0.18066792326776157 0.2058774009330306
v -1.128 -0.44994 -1.35274 0.18982232791421844 0.1855081840979862 0.2113930469953796
v -1.63871 -0.14672 -1.4146 0.18982232791421844 0.1855081840979862 0.2113930469953796
v -1.128 -0.16434 -1.35274 0.18982232791421844 0.1855081840979862 0.2113930469953796
v -1.128 -0.44994 -1.35274 0.18982232791421844 0.1855081840979862 0.2113930469953796
v -1.63871 -0.43232 -1.4146 0.18982232791421844 0.1855081840979862 0.2113930469953796
v -1.63871 -0.14672 -1.4146 0.18982232791421844 0.1855081840979862 0.2113930469953796
v -1.63871 -0.43232 -1.4146 0.1997356191033501 0.1951961732146376 0.22243284854691264
v -1.67324 -0.12227 -1.80258 0.1997356191033501 0.1951961732146376 0.22243284854691264
v -1.63871 -0.14672 -1.4146 0.1997356191033501 0.1951961732146376 0.22243284854691264
v -1.63871 -0.43232 -1.4146 0.1997356191033501 0.1951961732146376 0.22243284854691264
v -1.67324 -0.40787 -1.80258 0.1997356191033501 0.1951961732146376 0.22243284854691264
v -1.67324 -0.12227 -1.80258 0.1997356191033501 0.1951961732146376 0.22243284854691264
v -1.67324 -0.40787 -1.80258 0.20859610703413187 0.20385528641971978 0.2323002101061923
v -1.84723 -0.06039 -2.65 0.20859610703413187 0.20385528641971978 0.2323002101061923
v -1.67324 -0.12227 -1.80258 0.20859610703413187 0.20385528641971978 0.2323002101061923
v -1.67324 -0.40787 -1.80258 0.20859610703413187 0.20385528641971978 0.2323002101061923
v -1.84723 -0.34599 -2.65 0.20859610703413187 0.20385528641971978 0.2323002101061923
v -1.84723 -0.06039 -2.65 0.20859610703413187 0.20385528641971978 0.2323002101061923
v -1.84723 -0.34599 -2.65 0.2110291386239306 0.2062330218370231 0.23500972255846816
v -1.58915 -0.03189 -3.45723 0.2110291386239306 0.2062330218370231 0.23500972255846816
v -1.84723 -0.06039 -2.65 0.2110291386239306 0.2062330218370231 0.23500972255846816
v -1.84723 -0.34599 -2.65 0.2110291386239306 0.2062330218370231 0.23500972255846816
v -1.58915 -0.31749 -3.45723 0.2110291386239306 0.2062330218370231 0.23500972255846816
v -1.58915 -0.03189 -3.45723 0.2110291386239306 0.2062330218370231 0.23500972255846816
v -1.58915 -0.31749 -3.45723 0.2055588695584816 0.20088707706851608 0.22891783200830904
v -1.58524 -0.01801 -3.84741 0.2055588695584816 0.20088707706851608 0.22891783200830904
v -1.58915 -0.03189 -3.45723 0.2055588695584816 0.20088707706851608 0.22891783200830904
v -1.58915 -0.31749 -3.45723 0.2055588695584816 0.20088707706851608 0.22891783200830904
v -1.58524 -0.30361 -3.84741 0.2055588695584816 0.20088707706851608 0.22891783200830904
v -1.58524 -0.01801 -3.84741 0.2055588695584816 0.20088707706851608 0.22891783200830904
v -1.58524 -0.30361 -3.84741 0.19550349164901776 0.19106023047517642 0.21771979751822432
v -1.14847 -0.02467 -3.96889 0.19550349164901776 0.19106023047517642 0.21771979751822432
v -1.58524 -0.01801 -3.84741 0.19550349164901776 0.19106023047517642 0.21771979751822432
v -1.58524 -0.30361 -3.84741 0.19550349164901776 0.19106023047517642 0.21771979751822432
v -1.14847 -0.31027 -3.96889 0.19550349164901776 0.19106023047517642 0.21771979751822432
v -1.14847 -0.02467 -3.96889 0.19550349164901776 0.19106023047517642 0.21771979751822432
v -1.14847 -0.31027 -3.96889 0.18696246220537727 0.18271331533707325 0.20820819654689743
v 0.1 -0.09178 -4.03438 0.18696246220537727 0.18271331533707325 0.20820819654689743
v -1.14847 -0.02467 -3.96889 0.18696246220537727 0.18271331533707325 0.20820819654689743
v -1.14847 -0.31027 -3.96889 0.18696246220537727 0.18271331533707325 0.20820819654689743
v 0.1 -0.37738 -4.03438 0.18696246220537727 0.18271331533707325 0.20820819654689743
v 0.1 -0.09178 -4.03438 0.18696246220537727 0.18271331533707325 0.20820819654689743
v 0.1 -0.37738 -4.03438 0.18511665507860905 0.18090945837227704 0.2061526386102692
v 1.33839 -0.07615 -3.95824 0.18511665507860905 0.18090945837227704 0.2061526386102692
v 0.1 -0.09178 -4.03438 0.18511665507860905 0.18090945837227704 0.2061526386102692
v 0.1 -0.37738 -4.03438 0.18511665507860905 0.18090945837227704 0.2061526386102692
v 1.33839 -0.36175 -3.95824 0.18511665507860905 0.18090945837227704 0.2061526386102692
v 1.33839 -0.07615 -3.95824 0.18511665507860905 0.18090945837227704 0.2061526386102692
v 1.33839 -0.36175 -3.95824 0.19108571210348926 0.18674285501022814 0.21279999756979484
v 1.61255 -0.0398 -3.72471 0.19108571210348926 0.18674285501022814 0.21279999756979484
v 1.33839 -0.07615 -3.95824 0.19108571210348926 0.18674285501022814 0.21279999756979484
v 1.33839 -0.36175 -3.95824 0.19108571210348926 0.18674285501022814 0.21279999756979484
v 1.61255 -0.3254 -3.72471 0.19108571210348926 0.18674285501022814 0.21279999756979484
v 1.61255 -0.0398 -3.72471 0.19108571210348926 0.18674285501022814 0.21279999756979484
v 1.61255 -0.3254 -3.72471 0.20124888338567698 0.19667504512691159 0.2241180746795039
v 1.99376 0.01818 -3.55502 0.20124888338567698 0.19667504512691159 0.2241180746795039
v 1.61255 -0.0398 -3.72471 0.20124888338567698 0.19667504512691159 0.2241180746795039
v 1.61255 -0.3254 -3.72471 0.20124888338567698 0.19667504512691159 0.2241180746795039
v 1.99376 -0.26742 -3.55502 0.20124888338567698 0.19667504512691159 0.2241180746795039
v 1.99376 0.01818 -3.55502 0.20124888338567698 0.19667504512691159 0.2241180746795039
v 1.99376 -0.26742 -3.55502 0.20944132560188614 0.20468129547457053 0.23324147623846408
v 1.95277 0.06795 -2.65 0.20944132560188614 0.20468129547457053 0.23324147623846408
v 1.99376 0.01818 -3.55502 0.20944132560188614 0.20468129547457053 0.23324147623846408
v 1.99376 -0.26742 -3.55502 0.20944132560188614 0.20468129547457053 0.23324147623846408
v 1.95277 -0.21765 -2.65 0.20944132560188614 0.20468129547457053 0.23324147623846408
v 1.95277 0.06795 -2.65 0.20944132560188614 0.20468129547457053 0.23324147623846408
v 1.95277 0.06795 -2.65 0.23098707473575333 0.22573736849175896 0.2572356059557253
v 1.9394 0.21418 -1.77096 0.23098707473575333 0.22573736849175896 0.2572356059557253
v 1.82307 0.16089 -2.65 0.23098707473575333 0.22573736849175896 0.2572356059557253
v 1.95277 0.06795 -2.65 0.23098707473575333 0.22573736849175896 0.2572356059557253
v 2.07785 0.11647 -1.7048 0.23098707473575333 0.22573736849175896 0.2572356059557253
v 1.9394 0.21418 -1.77096 0.23098707473575333 0.22573736849175896 0.2572356059557253
v 2.07785 0.11647 -1.7048 0.22656858508431507 0.22141929905967156 0.2523150152075327
v 1.5564 0.18412 -1.61519 0.22656858508431507 0.22141929905967156 0.2523150152075327
v 1.9394 0.21418 -1.77096 0.22656858508431507 0.22141929905967156 0.2523150152075327
v 2.07785 0.11647 -1.7048 0.22656858508431507 0.22141929905967156 0.2523150152075327
v 1.66602 0.08897 -1.5373 0.22656858508431507 0.22141929905967156 0.2523150152075327
v 1.5564 0.18412 -1.61519 0.22656858508431507 0.22141929905967156 0.2523150152075327
v 1.66602 0.08897 -1.5373 0.21683118938369425 0.2119032078067921 0.24147109726820495
v 1.23266 0.15552 -1.45345 0.21683118938369425 0.2119032078067921 0.24147109726820495
v 1.5564 0.18412 -1.61519 0.21683118938369425 0.2119032078067921 0.24147109726820495
v 1.66602 0.08897 -1.5373 0.21683118938369425 0.2119032078067921 0.24147109726820495
v 1.31792 0.06083 -1.36339 0.21683118938369425 0.2119032078067921 0.24147109726820495
v 1.23266 0.15552 -1.45345 0.21683118938369425 0.2119032078067921 0.24147109726820495
v 1.31792 0.06083 -1.36339 0.20768146120275083 0.2029614279935974 0.23128162724851797
v 0.1 0.01256 -1.42648 0.20768146120275083 0.2029614279935974 0.23128162724851797
v 1.23266 0.15552 -1.45345 0.20768146120275083 0.2029614279935974 0.23128162724851797
v 1.31792 0.06083 -1.36339 0.20768146120275083 0.2029614279935974 0.23128162724851797
v 0.1 -0.09206 -1.33438 0.20768146120275083 0.2029614279935974 0.23128162724851797
v 0.1 0.01256 -1.42648 0.20768146120275083 0.2029614279935974 0.23128162724851797
v 0.1 -0.09206 -1.33438 0.20466950287863975 0.20001792326776155 0.22792740093303063
v -1.04204 -0.05323 -1.44355 0.20466950287863975 0.20001792326776155 0.22792740093303063
v 0.1 0.01256 -1.42648 0.20466950287863975 0.20001792326776155 0.22792740093303063
v 0.1 -0.09206 -1.33438 0.20466950287863975 0.20001792326776155 0.22792740093303063
v -1.128 -0.16434 -1.35274 0.20466950287863975 0.20001792326776155 0.22792740093303063
v -1.04204 -0.05323 -1.44355 0.20466950287863975 0.20001792326776155 0.22792740093303063
v -1.128 -0.16434 -1.35274 0.20962232791421842 0.20485818409798617 0.2334430469953796
v -1.517 -0.03878 -1.50108 0.20962232791421842 0.20485818409798617 0.2334430469953796
v -1.04204 -0.05323 -1.44355 0.20962232791421842 0.20485818409798617 0.2334430469953796
v -1.128 -0.16434 -1.35274 0.20962232791421842 0.20485818409798617 0.2334430469953796
v -1.63871 -0.14672 -1.4146 0.20962232791421842 0.20485818409798617 0.2334430469953796
v -1.517 -0.03878 -1.50108 0.20962232791421842 0.20485818409798617 0.2334430469953796
v -1.63871 -0.14672 -1.4146 0.21953561910335012 0.21454617321463762 0.24448284854691263
v -1.54911 -0.01693 -1.8619 0.21953561910335012 0.21454617321463762 0.24448284854691263
v -1.517 -0.03878 -1.50108 0.21953561910335012 0.21454617321463762 0.24448284854691263
v -1.63871 -0.14672 -1.4146 0.21953561910335012 0.21454617321463762 0.24448284854691263
v -1.67324 -0.12227 -1.80258 0.21953561910335012 0.21454617321463762 0.24448284854691263
v -1.54911 -0.01693 -1.8619 0.21953561910335012 0.21454617321463762 0.24448284854691263
v -1.67324 -0.12227 -1.80258 0.22839610703413188 0.2232052864197198 0.2543502101061923
v -1.71093 0.04159 -2.65 0.22839610703413188 0.2232052864197198 0.2543502101061923
v -1.54911 -0.01693 -1.8619 0.22839610703413188 0.2232052864197198 0.2543502101061923
v -1.67324 -0.12227 -1.80258 0.22839610703413188 0.2232052864197198 0.2543502101061923
v -1.84723 -0.06039 -2.65 0.22839610703413188 0.2232052864197198 0.2543502101061923
v -1.71093 0.04159 -2.65 0.22839610703413188 0.2232052864197198 0.2543502101061923
v -1.84723 -0.06039 -2.65 0.23082913862393062 0.2255830218370231 0.2570597225584682
v -1.47091 0.07024 -3.40073 0.23082913862393062 0.2255830218370231 0.2570597225584682
v -1.71093 0.04159 -2.65 0.23082913862393062 0.2255830218370231 0.2570597225584682
v -1.84723 -0.06039 -2.65 0.23082913862393062 0.2255830218370231 0.2570597225584682
v -1.58915 -0.03189 -3.45723 0.23082913862393062 0.2255830218370231 0.2570597225584682
v -1.47091 0.07024 -3.40073 0.23082913862393062 0.2255830218370231 0.2570597225584682
v -1.58915 -0.03189 -3.45723 0.2253588695584816 0.2202370770685161 0.2509678320083091
v -1.46728 0.08623 -3.76359 0.2253588695584816 0.2202370770685161 0.2509678320083091
v -1.47091 0.07024 -3.40073 0.2253588695584816 0.2202370770685161 0.2509678320083091
v -1.58915 -0.03189 -3.45723 0.2253588695584816 0.2202370770685161 0.2509678320083091
v -1.58524 -0.01801 -3.84741 0.2253588695584816 0.2202370770685161 0.2509678320083091
v -1.46728 0.08623 -3.76359 0.2253588695584816 0.2202370770685161 0.2509678320083091
v -1.58524 -0.01801 -3.84741 0.21530349164901774 0.21041023047517643 0.2397697975182243
v -1.06108 0.07585 -3.87656 0.21530349164901774 0.21041023047517643 0.2397697975182243
v -1.46728 0.08623 -3.76359 0.21530349164901774 0.21041023047517643 0.2397697975182243
v -1.58524 -0.01801 -3.84741 0.21530349164901774 0.21041023047517643 0.2397697975182243
v -1.14847 -0.02467 -3.96889 0.21530349164901774 0.21041023047517643 0.2397697975182243
v -1.06108 0.07585 -3.87656 0.21530349164901774 0.21041023047517643 0.2397697975182243
v -1.14847 -0.02467 -3.96889 0.20676246220537728 0.20206331533707322 0.23025819654689741
v 0.1 0.01259 -3.93748 0.20676246220537728 0.20206331533707322 0.23025819654689741
v -1.06108 0.07585 -3.87656 0.20676246220537728 0.20206331533707322 0.23025819654689741
v -1.14847 -0.02467 -3.96889 0.20676246220537728 0.20206331533707322 0.23025819654689741
v 0.1 -0.09178 -4.03438 0.20676246220537728 0.20206331533707322 0.23025819654689741
v 0.1 0.01259 -3.93748 0.20676246220537728 0.20206331533707322 0.23025819654689741
v 0.1 -0.09178 -4.03438 0.20491665507860907 0.20025945837227704 0.22820263861026918
v 1.2517 0.02878 -3.86666 0.20491665507860907 0.20025945837227704 0.22820263861026918
v 0.1 0.01259 -3.93748 0.20491665507860907 0.20025945837227704 0.22820263861026918
v 0.1 -0.09178 -4.03438 0.20491665507860907 0.20025945837227704 0.22820263861026918
v 1.33839 -0.07615 -3.95824 0.20491665507860907 0.20025945837227704 0.22820263861026918
v 1.2517 0.02878 -3.86666 0.20491665507860907 0.20025945837227704 0.22820263861026918
v 1.33839 -0.07615 -3.95824 0.21088571210348925 0.20609285501022812 0.23484999756979483
v 1.50667 0.06119 -3.64948 0.21088571210348925 0.20609285501022812 0.23484999756979483
v 1.2517 0.02878 -3.86666 0.21088571210348925 0.20609285501022812 0.23484999756979483
v 1.33839 -0.07615 -3.95824 0.21088571210348925 0.20609285501022812 0.23484999756979483
v 1.61255 -0.0398 -3.72471 0.21088571210348925 0.20609285501022812 0.23484999756979483
v 1.50667 0.06119 -3.64948 0.21088571210348925 0.20609285501022812 0.23484999756979483
v 1.61255 -0.0398 -3.72471 0.221048883385677 0.21602504512691162 0.2461680746795039
v 1.8612 0.11372 -3.49167 0.221048883385677 0.21602504512691162 0.2461680746795039
v 1.50667 0.06119 -3.64948 0.221048883385677 0.21602504512691162 0.2461680746795039
v 1.61255 -0.0398 -3.72471 0.221048883385677 0.21602504512691162 0.2461680746795039
v 1.99376 0.01818 -3.55502 0.221048883385677 0.21602504512691162 0.2461680746795039
v 1.8612 0.11372 -3.49167 0.221048883385677 0.21602504512691162 0.2461680746795039
v 1.99376 0.01818 -3.55502 0.22924132560188612 0.2240312954745705 0.2552914762384641
v 1.82307 0.16089 -2.65 0.22924132560188612 0.2240312954745705 0.2552914762384641
v 1.8612 0.11372 -3.49167 0.22924132560188612 0.2240312954745705 0.2552914762384641
v 1.99376 0.01818 -3.55502 0.22924132560188612 0.2240312954745705 0.2552914762384641
v 1.95277 0.06795 -2.65 0.22924132560188612 0.2240312954745705 0.2552914762384641
v 1.82307 0.16089 -2.65 0.22924132560188612 0.2240312954745705 0.2552914762384641
v 0.1 0.07 -2.65 0.28 0.27 0.295
v 1.9394 0.21418 -1.77096 0.28 0.27 0.295
v 1.82307 0.16089 -2.65 0.28 0.27 0.295
v 0.1 -0.35 -2.65 0.16 0.15 0.18
v 1.82307 -0.25911 -2.65 0.16 0.15 0.18
v 1.9394 -0.20582 -1.77096 0.16 0.15 0.18
v 0.1 0.07 -2.65 0.28 0.27 0.295
v 1.5564 0.18412 -1.61519 0.28 0.27 0.295
v 1.9394 0.21418 -1.77096 0.28 0.27 0.295
v 0.1 -0.35 -2.65 0.16 0.15 0.18
v 1.9394 -0.20582 -1.77096 0.16 0.15 0.18
v 1.5564 -0.23588 -1.61519 0.16 0.15 0.18
v 0.1 0.07 -2.65 0.28 0.27 0.295
v 1.23266 0.15552 -1.45345 0.28 0.27 0.295
v 1.5564 0.18412 -1.61519 0.28 0.27 0.295
v 0.1 -0.35 -2.65 0.16 0.15 0.18
v 1.5564 -0.23588 -1.61519 0.16 0.15 0.18
v 1.23266 -0.26448 -1.45345 0.16 0.15 0.18
v 0.1 0.07 -2.65 0.28 0.27 0.295
v 0.1 0.01256 -1.42648 0.28 0.27 0.295
v 1.23266 0.15552 -1.45345 0.28 0.27 0.295
v 0.1 -0.35 -2.65 0.16 0.15 0.18
v 1.23266 -0.26448 -1.45345 0.16 0.15 0.18
v 0.1 -0.40744 -1.42648 0.16 0.15 0.18
v 0.1 0.07 -2.65 0.28 0.27 0.295
v -1.04204 -0.05323 -1.44355 0.28 0.27 0.295
v 0.1 0.01256 -1.42648 0.28 0.27 0.295
v 0.1 -0.35 -2.65 0.16 0.15 0.18
v 0.1 -0.40744 -1.42648 0.16 0.15 0.18
v -1.04204 -0.47323 -1.44355 0.16 0.15 0.18
v 0.1 0.07 -2.65 0.28 0.27 0.295
v -1.517 -0.03878 -1.50108 0.28 0.27 0.295
v -1.04204 -0.05323 -1.44355 0.28 0.27 0.295
v 0.1 -0.35 -2.65 0.16 0.15 0.18
v -1.04204 -0.47323 -1.44355 0.16 0.15 0.18
v -1.517 -0.45878 -1.50108 0.16 0.15 0.18
v 0.1 0.07 -2.65 0.28 0.27 0.295
v -1.54911 -0.01693 -1.8619 0.28 0.27 0.295
v -1.517 -0.03878 -1.50108 0.28 0.27 0.295
v 0.1 -0.35 -2.65 0.16 0.15 0.18
v -1.517 -0.45878 -1.50108 0.16 0.15 0.18
v -1.54911 -0.43693 -1.8619 0.16 0.15 0.18
v 0.1 0.07 -2.65 0.28 0.27 0.295
v -1.71093 0.04159 -2.65 0.28 0.27 0.295
v -1.54911 -0.01693 -1.8619 0.28 0.27 0.295
v 0.1 -0.35 -2.65 0.16 0.15 0.18
v -1.54911 -0.43693 -1.8619 0.16 0.15 0.18
v -1.71093 -0.37841 -2.65 0.16 0.15 0.18
v 0.1 0.07 -2.65 0.28 0.27 0.295
v -1.47091 0.07024 -3.40073 0.28 0.27 0.295
v -1.71093 0.04159 -2.65 0.28 0.27 0.295
v 0.1 -0.35 -2.65 0.16 0.15 0.18
v -1.71093 -0.37841 -2.65 0.16 0.15 0.18
v -1.47091 -0.34976 -3.40073 0.16 0.15 0.18
v 0.1 0.07 -2.65 0.28 0.27 0.295
v -1.46728 0.08623 -3.76359 0.28 0.27 0.295
v -1.47091 0.07024 -3.40073 0.28 0.27 0.295
v 0.1 -0.35 -2.65 0.16 0.15 0.18
v -1.47091 -0.34976 -3.40073 0.16 0.15 0.18
v -1.46728 -0.33377 -3.76359 0.16 0.15 0.18
v 0.1 0.07 -2.65 0.28 0.27 0.295
v -1.06108 0.07585 -3.87656 0.28 0.27 0.295
v -1.46728 0.08623 -3.76359 0.28 0.27 0.295
v 0.1 -0.35 -2.65 0.16 0.15 0.18
v -1.46728 -0.33377 -3.76359 0.16 0.15 0.18
v -1.06108 -0.34415 -3.87656 0.16 0.15 0.18
v 0.1 0.07 -2.65 0.28 0.27 0.295
v 0.1 0.01259 -3.93748 0.28 0.27 0.295
v -1.06108 0.07585 -3.87656 0.28 0.27 0.295
v 0.1 -0.35 -2.65 0.16 0.15 0.18
v -1.06108 -0.34415 -3.87656 0.16 0.15 0.18
v 0.1 -0.40741 -3.93748 0.16 0.15 0.18
v 0.1 0.07 -2.65 0.28 0.27 0.295
v 1.2517 0.02878 -3.86666 0.28 0.27 0.295
v 0.1 0.01259 -3.93748 0.28 0.27 0.295
v 0.1 -0.35 -2.65 0.16 0.15 0.18
v 0.1 -0.40741 -3.93748 0.16 0.15 0.18
v 1.2517 -0.39122 -3.86666 0.16 0.15 0.18
v 0.1 0.07 -2.65 0.28 0.27 0.295
v 1.50667 0.06119 -3.64948 0.28 0.27 0.295
v 1.2517 0.02878 -3.86666 0.28 0.27 0.295
v 0.1 -0.35 -2.65 0.16 0.15 0.18
v 1.2517 -0.39122 -3.86666 0.16 0.15 0.18
v 1.50667 -0.35881 -3.64948 0.16 0.15 0.18
v 0.1 0.07 -2.65 0.28 0.27 0.295
v 1.8612 0.11372 -3.49167 0.28 0.27 0.295
v 1.50667 0.06119 -3.64948 0.28 0.27 0.295
v 0.1 -0.35 -2.65 0.16 0.15 0.18
v 1.50667 -0.35881 -3.64948 0.16 0.15 0.18
v 1.8612 -0.30628 -3.49167 0.16 0.15 0.18
v 0.1 0.07 -2.65 0.28 0.27 0.295
v 1.82307 0.16089 -2.65 0.28 0.27 0.295
v 1.8612 0.11372 -3.49167 0.28 0.27 0.295
v 0.1 -0.35 -2.65 0.16 0.15 0.18
v 1.8612 -0.30628 -3.49167 0.16 0.15 0.18
v 1.82307 -0.25911 -2.65 0.16 0.15 0.18
v 1.91022 0.27789 -2.65 0.19198120782133554 0.1876179985526688 0.21379725416466913
v 2.05848 0.29711 -1.76632 0.19198120782133554 0.1876179985526688 0.21379725416466913
v 2.0397 0.30962 -2.65 0.19198120782133554 0.1876179985526688 0.21379725416466913
v 1.91022 0.27789 -2.65 0.19198120782133554 0.1876179985526688 0.21379725416466913
v 1.92768 0.27482 -1.82818 0.19198120782133554 0.1876179985526688 0.21379725416466913
v 2.05848 0.29711 -1.76632 0.19198120782133554 0.1876179985526688 0.21379725416466913
v 1.92768 0.27482 -1.82818 0.18537920937376243 0.18116604552435875 0.20644502862078087
v 1.64647 0.29439 -1.62587 0.18537920937376243 0.18116604552435875 0.20644502862078087
v 2.05848 0.29711 -1.76632 0.18537920937376243 0.18116604552435875 0.20644502862078087
v 1.92768 0.27482 -1.82818 0.18537920937376243 0.18116604552435875 0.20644502862078087
v 1.54451 0.26735 -1.69756 0.18537920937376243 0.18116604552435875 0.20644502862078087
v 1.64647 0.29439 -1.62587 0.18537920937376243 0.18116604552435875 0.20644502862078087
v 1.54451 0.26735 -1.69756 0.18643281316553334 0.18219570377540759 0.20761836011616214
v 1.39931 0.28711 -1.38572 0.18643281316553334 0.18219570377540759 0.20761836011616214
v 1.64647 0.29439 -1.62587 0.18643281316553334 0.18219570377540759 0.20761836011616214
v 1.54451 0.26735 -1.69756 0.18643281316553334 0.18219570377540759 0.20761836011616214
v 1.31466 0.2592 -1.47422 0.18643281316553334 0.18219570377540759 0.20761836011616214
v 1.39931 0.28711 -1.38572 0.18643281316553334 0.18219570377540759 0.20761836011616214
v 1.31466 0.2592 -1.47422 0.19450291727454744 0.19008239642739863 0.21660552151029147
v 0.19 0.18292 -1.4189 0.19450291727454744 0.19008239642739863 0.21660552151029147
v 1.39931 0.28711 -1.38572 0.19450291727454744 0.19008239642739863 0.21660552151029147
v 1.31466 0.2592 -1.47422 0.19450291727454744 0.19008239642739863 0.21660552151029147
v 0.19 0.15251 -1.50508 0.19450291727454744 0.19008239642739863 0.21660552151029147
v 0.19 0.18292 -1.4189 0.19450291727454744 0.19008239642739863 0.21660552151029147
v 0.19 0.15251 -1.50508 0.20469430483853684 0.20004216154675192 0.22795502129746148
v -1.07233 0.03464 -1.33029 0.20469430483853684 0.20004216154675192 0.22795502129746148
v 0.19 0.18292 -1.4189 0.20469430483853684 0.20004216154675192 0.22795502129746148
v 0.19 0.15251 -1.50508 0.20469430483853684 0.20004216154675192 0.22795502129746148
v -0.98397 0.01412 -1.42267 0.20469430483853684 0.20004216154675192 0.22795502129746148
v -1.07233 0.03464 -1.33029 0.20469430483853684 0.20004216154675192 0.22795502129746148
v -0.98397 0.01412 -1.42267 0.2108250169163002 0.20603353925911155 0.2347824052022434
v -1.40178 0.00962 -1.53072 0.2108250169163002 0.20603353925911155 0.2347824052022434
v -1.07233 0.03464 -1.33029 0.2108250169163002 0.20603353925911155 0.2347824052022434
v -0.98397 0.01412 -1.42267 0.2108250169163002 0.20603353925911155 0.2347824052022434
v -1.29035 -0.01114 -1.60907 0.2108250169163002 0.20603353925911155 0.2347824052022434
v -1.40178 0.00962 -1.53072 0.2108250169163002 0.20603353925911155 0.2347824052022434
v -1.29035 -0.01114 -1.60907 0.20917624582761768 0.20442224024062636 0.2329462737625742
v -1.54594 0.00881 -1.829 0.20917624582761768 0.20442224024062636 0.2329462737625742
v -1.40178 0.00962 -1.53072 0.20917624582761768 0.20442224024062636 0.2329462737625742
v -1.29035 -0.01114 -1.60907 0.20917624582761768 0.20442224024062636 0.2329462737625742
v -1.42442 -0.01435 -1.88647 0.20917624582761768 0.20442224024062636 0.2329462737625742
v -1.54594 0.00881 -1.829 0.20917624582761768 0.20442224024062636 0.2329462737625742
v -1.42442 -0.01435 -1.88647 0.20074811399052886 0.19618565685438047 0.22356039967127075
v -1.6273 0.04123 -2.65 0.20074811399052886 0.19618565685438047 0.22356039967127075
v -1.54594 0.00881 -1.829 0.20074811399052886 0.19618565685438047 0.22356039967127075
v -1.42442 -0.01435 -1.88647 0.20074811399052886 0.19618565685438047 0.22356039967127075
v -1.50009 0.01057 -2.65 0.20074811399052886 0.19618565685438047 0.22356039967127075
v -1.6273 0.04123 -2.65 0.20074811399052886 0.19618565685438047 0.22356039967127075
v -1.50009 0.01057 -2.65 0.1906530130828867 0.18631999005827565 0.21231812820594204
v -1.48018 0.07862 -3.4399 0.1906530130828867 0.18631999005827565 0.21231812820594204
v -1.6273 0.04123 -2.65 0.1906530130828867 0.18631999005827565 0.21231812820594204
v -1.50009 0.01057 -2.65 0.1906530130828867 0.18631999005827565 0.21231812820594204
v -1.36326 0.04308 -3.3846 0.1906530130828867 0.18631999005827565 0.21231812820594204
v -1.48018 0.07862 -3.4399 0.1906530130828867 0.18631999005827565 0.21231812820594204
v -1.36326 0.04308 -3.3846 0.18501449585219393 0.18080962094646225 0.20603887038085233
v -1.491 0.10388 -3.83202 0.18501449585219393 0.18080962094646225 0.20603887038085233
v -1.48018 0.07862 -3.4399 0.18501449585219393 0.18080962094646225 0.20603887038085233
v -1.36326 0.04308 -3.3846 0.18501449585219393 0.18080962094646225 0.20603887038085233
v -1.37333 0.06596 -3.74928 0.18501449585219393 0.18080962094646225 0.20603887038085233
v -1.491 0.10388 -3.83202 0.18501449585219393 0.18080962094646225 0.20603887038085233
v -1.37333 0.06596 -3.74928 0.18725281118904938 0.18299706548020736 0.20853153973325952
v -0.98075 0.07521 -3.87397 0.18725281118904938 0.18299706548020736 0.20853153973325952
v -1.491 0.10388 -3.83202 0.18725281118904938 0.18299706548020736 0.20853153973325952
v -1.37333 0.06596 -3.74928 0.18725281118904938 0.18299706548020736 0.20853153973325952
v -0.8988 0.04119 -3.78829 0.18725281118904938 0.18299706548020736 0.20853153973325952
v -0.98075 0.07521 -3.87397 0.18725281118904938 0.18299706548020736 0.20853153973325952
v -0.8988 0.04119 -3.78829 0.19601022704538584 0.1915554491579907 0.21828411648236148
v 0.19 0.06548 -3.9974 0.19601022704538584 0.1915554491579907 0.21828411648236148
v -0.98075 0.07521 -3.87397 0.19601022704538584 0.1915554491579907 0.21828411648236148
v -0.8988 0.04119 -3.78829 0.19601022704538584 0.1915554491579907 0.21828411648236148
v 0.19 0.04094 -3.90308 0.19601022704538584 0.1915554491579907 0.21828411648236148
v 0.19 0.06548 -3.9974 0.19601022704538584 0.1915554491579907 0.21828411648236148
v 0.19 0.04094 -3.90308 0.20597461247583618 0.20129337128320351 0.22938081843899938
v 1.30773 0.18202 -3.81854 0.20597461247583618 0.20129337128320351 0.22938081843899938
v 0.19 0.06548 -3.9974 0.20597461247583618 0.20129337128320351 0.22938081843899938
v 0.19 0.04094 -3.90308 0.20597461247583618 0.20129337128320351 0.22938081843899938
v 1.22949 0.15152 -3.73674 0.20597461247583618 0.20129337128320351 0.22938081843899938
v 1.30773 0.18202 -3.81854 0.20597461247583618 0.20129337128320351 0.22938081843899938
v 1.22949 0.15152 -3.73674 0.21110170498733155 0.20630393896489221 0.23509053509952832
v 1.73569 0.24358 -3.73687 0.21110170498733155 0.20630393896489221 0.23509053509952832
v 1.30773 0.18202 -3.81854 0.21110170498733155 0.20630393896489221 0.23509053509952832
v 1.22949 0.15152 -3.73674 0.21110170498733155 0.20630393896489221 0.23509053509952832
v 1.62749 0.20905 -3.66079 0.21110170498733155 0.20630393896489221 0.23509053509952832
v 1.73569 0.24358 -3.73687 0.21110170498733155 0.20630393896489221 0.23509053509952832
v 1.62749 0.20905 -3.66079 0.20828147906128597 0.20354780908262038 0.2319498289546139
v 1.99271 0.28516 -3.50258 0.20828147906128597 0.20354780908262038 0.2319498289546139
v 1.73569 0.24358 -3.73687 0.20828147906128597 0.20354780908262038 0.2319498289546139
v 1.62749 0.20905 -3.66079 0.20828147906128597 0.20354780908262038 0.2319498289546139
v 1.86652 0.2494 -3.4429 0.20828147906128597 0.20354780908262038 0.2319498289546139
v 1.99271 0.28516 -3.50258 0.20828147906128597 0.20354780908262038 0.2319498289546139
v 1.86652 0.2494 -3.4429 0.1992246459006891 0.1946968130393098 0.22186381020758558
v 2.0397 0.30962 -2.65 0.1992246459006891 0.1946968130393098 0.22186381020758558
v 1.99271 0.28516 -3.50258 0.1992246459006891 0.1946968130393098 0.22186381020758558
v 1.86652 0.2494 -3.4429 0.1992246459006891 0.1946968130393098 0.22186381020758558
v 1.91022 0.27789 -2.65 0.1992246459006891 0.1946968130393098 0.22186381020758558
v 2.0397 0.30962 -2.65 0.1992246459006891 0.1946968130393098 0.22186381020758558
v 2.0397 0.30962 -2.65 0.19198120782133554 0.1876179985526688 0.21379725416466913
v 2.05848 0.58271 -1.76632 0.19198120782133554 0.1876179985526688 0.21379725416466913
v 2.0397 0.59522 -2.65 0.19198120782133554 0.1876179985526688 0.21379725416466913
v 2.0397 0.30962 -2.65 0.19198120782133554 0.1876179985526688 0.21379725416466913
v 2.05848 0.29711 -1.76632 0.19198120782133554 0.1876179985526688 0.21379725416466913
v 2.05848 0.58271 -1.76632 0.19198120782133554 0.1876179985526688 0.21379725416466913
v 2.05848 0.29711 -1.76632 0.18537920937376243 0.18116604552435875 0.20644502862078087
v 1.64647 0.57999 -1.62587 0.18537920937376243 0.18116604552435875 0.20644502862078087
v 2.05848 0.58271 -1.76632 0.18537920937376243 0.18116604552435875 0.20644502862078087
v 2.05848 0.29711 -1.76632 0.18537920937376243 0.18116604552435875 0.20644502862078087
v 1.64647 0.29439 -1.62587 0.18537920937376243 0.18116604552435875 0.20644502862078087
v 1.64647 0.57999 -1.62587 0.18537920937376243 0.18116604552435875 0.20644502862078087
v 1.64647 0.29439 -1.62587 0.18643281316553334 0.18219570377540759 0.20761836011616214
v 1.39931 0.57271 -1.38572 0.18643281316553334 0.18219570377540759 0.20761836011616214
v 1.64647 0.57999 -1.62587 0.18643281316553334 0.18219570377540759 0.20761836011616214
v 1.64647 0.29439 -1.62587 0.18643281316553334 0.18219570377540759 0.20761836011616214
v 1.39931 0.28711 -1.38572 0.18643281316553334 0.18219570377540759 0.20761836011616214
v 1.39931 0.57271 -1.38572 0.18643281316553334 0.18219570377540759 0.20761836011616214
v 1.39931 0.28711 -1.38572 0.19450291727454744 0.19008239642739863 0.21660552151029147
v 0.19 0.46852 -1.4189 0.19450291727454744 0.19008239642739863 0.21660552151029147
v 1.39931 0.57271 -1.38572 0.19450291727454744 0.19008239642739863 0.21660552151029147
v 1.39931 0.28711 -1.38572 0.19450291727454744 0.19008239642739863 0.21660552151029147
v 0.19 0.18292 -1.4189 0.19450291727454744 0.19008239642739863 0.21660552151029147
v 0.19 0.46852 -1.4189 0.19450291727454744 0.19008239642739863 0.21660552151029147
v 0.19 0.18292 -1.4189 0.20469430483853684 0.20004216154675192 0.22795502129746148
v -1.07233 0.32024 -1.33029 0.20469430483853684 0.20004216154675192 0.22795502129746148
v 0.19 0.46852 -1.4189 0.20469430483853684 0.20004216154675192 0.22795502129746148
v 0.19 0.18292 -1.4189 0.20469430483853684 0.20004216154675192 0.22795502129746148
v -1.07233 0.03464 -1.33029 0.20469430483853684 0.20004216154675192 0.22795502129746148
v -1.07233 0.32024 -1.33029 0.20469430483853684 0.20004216154675192 0.22795502129746148
v -1.07233 0.03464 -1.33029 0.2108250169163002 0.20603353925911155 0.2347824052022434
v -1.40178 0.29522 -1.53072 0.2108250169163002 0.20603353925911155 0.2347824052022434
v -1.07233 0.32024 -1.33029 0.2108250169163002 0.20603353925911155 0.2347824052022434
v -1.07233 0.03464 -1.33029 0.2108250169163002 0.20603353925911155 0.2347824052022434
v -1.40178 0.00962 -1.53072 0.2108250169163002 0.20603353925911155 0.2347824052022434
v -1.40178 0.29522 -1.53072 0.2108250169163002 0.20603353925911155 0.2347824052022434
v -1.40178 0.00962 -1.53072 0.20917624582761768 0.20442224024062636 0.2329462737625742
v -1.54594 0.29441 -1.829 0.20917624582761768 0.20442224024062636 0.2329462737625742
v -1.40178 0.29522 -1.53072 0.20917624582761768 0.20442224024062636 0.2329462737625742
v -1.40178 0.00962 -1.53072 0.20917624582761768 0.20442224024062636 0.2329462737625742
v -1.54594 0.00881 -1.829 0.20917624582761768 0.20442224024062636 0.2329462737625742
v -1.54594 0.29441 -1.829 0.20917624582761768 0.20442224024062636 0.2329462737625742
v -1.54594 0.00881 -1.829 0.20074811399052886 0.19618565685438047 0.22356039967127075
v -1.6273 0.32683 -2.65 0.20074811399052886 0.19618565685438047 0.22356039967127075
v -1.54594 0.29441 -1.829 0.20074811399052886 0.19618565685438047 0.22356039967127075
v -1.54594 0.00881 -1.829 0.20074811399052886 0.19618565685438047 0.22356039967127075
v -1.6273 0.04123 -2.65 0.20074811399052886 0.19618565685438047 0.22356039967127075
v -1.6273 0.32683 -2.65 0.20074811399052886 0.19618565685438047 0.22356039967127075
v -1.6273 0.04123 -2.65 0.1906530130828867 0.18631999005827565 0.21231812820594204
v -1.48018 0.36422 -3.4399 0.1906530130828867 0.18631999005827565 0.21231812820594204
v -1.6273 0.32683 -2.65 0.1906530130828867 0.18631999005827565 0.21231812820594204
v -1.6273 0.04123 -2.65 0.1906530130828867 0.18631999005827565 0.21231812820594204
v -1.48018 0.07862 -3.4399 0.1906530130828867 0.18631999005827565 0.21231812820594204
v -1.48018 0.36422 -3.4399 0.1906530130828867 0.18631999005827565 0.21231812820594204
v -1.48018 0.07862 -3.4399 0.18501449585219393 0.18080962094646225 0.20603887038085233
v -1.491 0.38948 -3.83202 0.18501449585219393 0.18080962094646225 0.20603887038085233
v -1.48018 0.36422 -3.4399 0.18501449585219393 0.18080962094646225 0.20603887038085233
v -1.48018 0.07862 -3.4399 0.18501449585219393 0.18080962094646225 0.20603887038085233
v -1.491 0.10388 -3.83202 0.18501449585219393 0.18080962094646225 0.20603887038085233
v -1.491 0.38948 -3.83202 0.18501449585219393 0.18080962094646225 0.20603887038085233
v -1.491 0.10388 -3.83202 0.18725281118904938 0.18299706548020736 0.20853153973325952
v -0.98075 0.36081 -3.87397 0.18725281118904938 0.18299706548020736 0.20853153973325952
v -1.491 0.38948 -3.83202 0.18725281118904938 0.18299706548020736 0.20853153973325952
v -1.491 0.10388 -3.83202 0.18725281118904938 0.18299706548020736 0.20853153973325952
v -0.98075 0.07521 -3.87397 0.18725281118904938 0.18299706548020736 0.20853153973325952
v -0.98075 0.36081 -3.87397 0.18725281118904938 0.18299706548020736 0.20853153973325952
v -0.98075 0.07521 -3.87397 0.19601022704538584 0.1915554491579907 0.21828411648236148
v 0.19 0.35108 -3.9974 0.19601022704538584 0.1915554491579907 0.21828411648236148
v -0.98075 0.36081 -3.87397 0.19601022704538584 0.1915554491579907 0.21828411648236148
v -0.98075 0.07521 -3.87397 0.19601022704538584 0.1915554491579907 0.21828411648236148
v 0.19 0.06548 -3.9974 0.19601022704538584 0.1915554491579907 0.21828411648236148
v 0.19 0.35108 -3.9974 0.19601022704538584 0.1915554491579907 0.21828411648236148
v 0.19 0.06548 -3.9974 0.20597461247583618 0.20129337128320351 0.22938081843899938
v 1.30773 0.46762 -3.81854 0.20597461247583618 0.20129337128320351 0.22938081843899938
v 0.19 0.35108 -3.9974 0.20597461247583618 0.20129337128320351 0.22938081843899938
v 0.19 0.06548 -3.9974 0.20597461247583618 0.20129337128320351 0.22938081843899938
v 1.30773 0.18202 -3.81854 0.20597461247583618 0.20129337128320351 0.22938081843899938
v 1.30773 0.46762 -3.81854 0.20597461247583618 0.20129337128320351 0.22938081843899938
v 1.30773 0.18202 -3.81854 0.21110170498733155 0.20630393896489221 0.23509053509952832
v 1.73569 0.52918 -3.73687 0.21110170498733155 0.20630393896489221 0.23509053509952832
v 1.30773 0.46762 -3.81854 0.21110170498733155 0.20630393896489221 0.23509053509952832
v 1.30773 0.18202 -3.81854 0.21110170498733155 0.20630393896489221 0.23509053509952832
v 1.73569 0.24358 -3.73687 0.21110170498733155 0.20630393896489221 0.23509053509952832
v 1.73569 0.52918 -3.73687 0.21110170498733155 0.20630393896489221 0.23509053509952832
v 1.73569 0.24358 -3.73687 0.20828147906128597 0.20354780908262038 0.2319498289546139
v 1.99271 0.57076 -3.50258 0.20828147906128597 0.20354780908262038 0.2319498289546139
v 1.73569 0.52918 -3.73687 0.20828147906128597 0.20354780908262038 0.2319498289546139
v 1.73569 0.24358 -3.73687 0.20828147906128597 0.20354780908262038 0.2319498289546139
v 1.99271 0.28516 -3.50258 0.20828147906128597 0.20354780908262038 0.2319498289546139
v 1.99271 0.57076 -3.50258 0.20828147906128597 0.20354780908262038 0.2319498289546139
v 1.99271 0.28516 -3.50258 0.1992246459006891 0.1946968130393098 0.22186381020758558
v 2.0397 0.59522 -2.65 0.1992246459006891 0.1946968130393098 0.22186381020758558
v 1.99271 0.57076 -3.50258 0.1992246459006891 0.1946968130393098 0.22186381020758558
v 1.99271 0.28516 -3.50258 0.1992246459006891 0.1946968130393098 0.22186381020758558
v 2.0397 0.30962 -2.65 0.1992246459006891 0.1946968130393098 0.22186381020758558
v 2.0397 0.59522 -2.65 0.1992246459006891 0.1946968130393098 0.22186381020758558
v 2.0397 0.59522 -2.65 0.21178120782133553 0.2069679985526688 0.23584725416466912
v 1.92768 0.69482 -1.82818 0.21178120782133553 0.2069679985526688 0.23584725416466912
v 1.91022 0.69789 -2.65 0.21178120782133553 0.2069679985526688 0.23584725416466912
v 2.0397 0.59522 -2.65 0.21178120782133553 0.2069679985526688 0.23584725416466912
v 2.05848 0.58271 -1.76632 0.21178120782133553 0.2069679985526688 0.23584725416466912
v 1.92768 0.69482 -1.82818 0.21178120782133553 0.2069679985526688 0.23584725416466912
v 2.05848 0.58271 -1.76632 0.2051792093737624 0.20051604552435873 0.2284950286207809
v 1.54451 0.68735 -1.69756 0.2051792093737624 0.20051604552435873 0.2284950286207809
v 1.92768 0.69482 -1.82818 0.2051792093737624 0.20051604552435873 0.2284950286207809
v 2.05848 0.58271 -1.76632 0.2051792093737624 0.20051604552435873 0.2284950286207809
v 1.64647 0.57999 -1.62587 0.2051792093737624 0.20051604552435873 0.2284950286207809
v 1.54451 0.68735 -1.69756 0.2051792093737624 0.20051604552435873 0.2284950286207809
v 1.64647 0.57999 -1.62587 0.20623281316553335 0.20154570377540756 0.22966836011616212
v 1.31466 0.6792 -1.47422 0.20623281316553335 0.20154570377540756 0.22966836011616212
v 1.54451 0.68735 -1.69756 0.20623281316553335 0.20154570377540756 0.22966836011616212
v 1.64647 0.57999 -1.62587 0.20623281316553335 0.20154570377540756 0.22966836011616212
v 1.39931 0.57271 -1.38572 0.20623281316553335 0.20154570377540756 0.22966836011616212
v 1.31466 0.6792 -1.47422 0.20623281316553335 0.20154570377540756 0.22966836011616212
v 1.39931 0.57271 -1.38572 0.21430291727454745 0.20943239642739864 0.23865552151029146
v 0.19 0.57251 -1.50508 0.21430291727454745 0.20943239642739864 0.23865552151029146
v 1.31466 0.6792 -1.47422 0.21430291727454745 0.20943239642739864 0.23865552151029146
v 1.39931 0.57271 -1.38572 0.21430291727454745 0.20943239642739864 0.23865552151029146
v 0.19 0.46852 -1.4189 0.21430291727454745 0.20943239642739864 0.23865552151029146
v 0.19 0.57251 -1.50508 0.21430291727454745 0.20943239642739864 0.23865552151029146
v 0.19 0.46852 -1.4189 0.22449430483853686 0.21939216154675192 0.2500050212974615
v -0.98397 0.43412 -1.42267 0.22449430483853686 0.21939216154675192 0.2500050212974615
v 0.19 0.57251 -1.50508 0.22449430483853686 0.21939216154675192 0.2500050212974615
v 0.19 0.46852 -1.4189 0.22449430483853686 0.21939216154675192 0.2500050212974615
v -1.07233 0.32024 -1.33029 0.22449430483853686 0.21939216154675192 0.2500050212974615
v -0.98397 0.43412 -1.42267 0.22449430483853686 0.21939216154675192 0.2500050212974615
v -1.07233 0.32024 -1.33029 0.23062501691630022 0.22538353925911156 0.25683240520224343
v -1.29035 0.40886 -1.60907 0.23062501691630022 0.22538353925911156 0.25683240520224343
v -0.98397 0.43412 -1.42267 0.23062501691630022 0.22538353925911156 0.25683240520224343
v -1.07233 0.32024 -1.33029 0.23062501691630022 0.22538353925911156 0.25683240520224343
v -1.40178 0.29522 -1.53072 0.23062501691630022 0.22538353925911156 0.25683240520224343
v -1.29035 0.40886 -1.60907 0.23062501691630022 0.22538353925911156 0.25683240520224343
v -1.40178 0.29522 -1.53072 0.22897624582761766 0.22377224024062634 0.2549962737625742
v -1.42442 0.40565 -1.88647 0.22897624582761766 0.22377224024062634 0.2549962737625742
v -1.29035 0.40886 -1.60907 0.22897624582761766 0.22377224024062634 0.2549962737625742
v -1.40178 0.29522 -1.53072 0.22897624582761766 0.22377224024062634 0.2549962737625742
v -1.54594 0.29441 -1.829 0.22897624582761766 0.22377224024062634 0.2549962737625742
v -1.42442 0.40565 -1.88647 0.22897624582761766 0.22377224024062634 0.2549962737625742
v -1.54594 0.29441 -1.829 0.22054811399052884 0.21553565685438045 0.24561039967127074
v -1.50009 0.43057 -2.65 0.22054811399052884 0.21553565685438045 0.24561039967127074
v -1.42442 0.40565 -1.88647 0.22054811399052884 0.21553565685438045 0.24561039967127074
v -1.54594 0.29441 -1.829 0.22054811399052884 0.21553565685438045 0.24561039967127074
v -1.6273 0.32683 -2.65 0.22054811399052884 0.21553565685438045 0.24561039967127074
v -1.50009 0.43057 -2.65 0.22054811399052884 0.21553565685438045 0.24561039967127074
v -1.6273 0.32683 -2.65 0.21045301308288672 0.20566999005827566 0.23436812820594202
v -1.36326 0.46308 -3.3846 0.21045301308288672 0.20566999005827566 0.23436812820594202
v -1.50009 0.43057 -2.65 0.21045301308288672 0.20566999005827566 0.23436812820594202
v -1.6273 0.32683 -2.65 0.21045301308288672 0.20566999005827566 0.23436812820594202
v -1.48018 0.36422 -3.4399 0.21045301308288672 0.20566999005827566 0.23436812820594202
v -1.36326 0.46308 -3.3846 0.21045301308288672 0.20566999005827566 0.23436812820594202
v -1.48018 0.36422 -3.4399 0.20481449585219394 0.20015962094646225 0.22808887038085232
v -1.37333 0.48596 -3.74928 0.20481449585219394 0.20015962094646225 0.22808887038085232
v -1.36326 0.46308 -3.3846 0.20481449585219394 0.20015962094646225 0.22808887038085232
v -1.48018 0.36422 -3.4399 0.20481449585219394 0.20015962094646225 0.22808887038085232
v -1.491 0.38948 -3.83202 0.20481449585219394 0.20015962094646225 0.22808887038085232
v -1.37333 0.48596 -3.74928 0.20481449585219394 0.20015962094646225 0.22808887038085232
v -1.491 0.38948 -3.83202 0.20705281118904936 0.20234706548020734 0.23058153973325954
v -0.8988 0.46119 -3.78829 0.20705281118904936 0.20234706548020734 0.23058153973325954
v -1.37333 0.48596 -3.74928 0.20705281118904936 0.20234706548020734 0.23058153973325954
v -1.491 0.38948 -3.83202 0.20705281118904936 0.20234706548020734 0.23058153973325954
v -0.98075 0.36081 -3.87397 0.20705281118904936 0.20234706548020734 0.23058153973325954
v -0.8988 0.46119 -3.78829 0.20705281118904936 0.20234706548020734 0.23058153973325954
v -0.98075 0.36081 -3.87397 0.21581022704538583 0.2109054491579907 0.2403341164823615
v 0.19 0.46094 -3.90308 0.21581022704538583 0.2109054491579907 0.2403341164823615
v -0.8988 0.46119 -3.78829 0.21581022704538583 0.2109054491579907 0.2403341164823615
v -0.98075 0.36081 -3.87397 0.21581022704538583 0.2109054491579907 0.2403341164823615
v 0.19 0.35108 -3.9974 0.21581022704538583 0.2109054491579907 0.2403341164823615
v 0.19 0.46094 -3.90308 0.21581022704538583 0.2109054491579907 0.2403341164823615
v 0.19 0.35108 -3.9974 0.2257746124758362 0.22064337128320355 0.2514308184389994
v 1.22949 0.57152 -3.73674 0.2257746124758362 0.22064337128320355 0.2514308184389994
v 0.19 0.46094 -3.90308 0.2257746124758362 0.22064337128320355 0.2514308184389994
v 0.19 0.35108 -3.9974 0.2257746124758362 0.22064337128320355 0.2514308184389994
v 1.30773 0.46762 -3.81854 0.2257746124758362 0.22064337128320355 0.2514308184389994
v 1.22949 0.57152 -3.73674 0.2257746124758362 0.22064337128320355 0.2514308184389994
v 1.30773 0.46762 -3.81854 0.2309017049873316 0.22565393896489222 0.25714053509952833
v 1.62749 0.62905 -3.66079 0.2309017049873316 0.22565393896489222 0.25714053509952833
v 1.22949 0.57152 -3.73674 0.2309017049873316 0.22565393896489222 0.25714053509952833
v 1.30773 0.46762 -3.81854 0.2309017049873316 0.22565393896489222 0.25714053509952833
v 1.73569 0.52918 -3.73687 0.2309017049873316 0.22565393896489222 0.25714053509952833
v 1.62749 0.62905 -3.66079 0.2309017049873316 0.22565393896489222 0.25714053509952833
v 1.73569 0.52918 -3.73687 0.22808147906128598 0.22289780908262039 0.2539998289546139
v 1.86652 0.6694 -3.4429 0.22808147906128598 0.22289780908262039 0.2539998289546139
v 1.62749 0.62905 -3.66079 0.22808147906128598 0.22289780908262039 0.2539998289546139
v 1.73569 0.52918 -3.73687 0.22808147906128598 0.22289780908262039 0.2539998289546139
v 1.99271 0.57076 -3.50258 0.22808147906128598 0.22289780908262039 0.2539998289546139
v 1.86652 0.6694 -3.4429 0.22808147906128598 0.22289780908262039 0.2539998289546139
v 1.99271 0.57076 -3.50258 0.2190246459006891 0.2140468130393098 0.2439138102075856
v 1.91022 0.69789 -2.65 0.2190246459006891 0.2140468130393098 0.2439138102075856
v 1.86652 0.6694 -3.4429 0.2190246459006891 0.2140468130393098 0.2439138102075856
v 1.99271 0.57076 -3.50258 0.2190246459006891 0.2140468130393098 0.2439138102075856
v 2.0397 0.59522 -2.65 0.2190246459006891 0.2140468130393098 0.2439138102075856
v 1.91022 0.69789 -2.65 0.2190246459006891 0.2140468130393098 0.2439138102075856
v 0.19 0.55 -2.65 0.28 0.27 0.295
v 1.92768 0.69482 -1.82818 0.28 0.27 0.295
v 1.91022 0.69789 -2.65 0.28 0.27 0.295
v 0.19 0.13 -2.65 0.16 0.15 0.18
v 1.91022 0.27789 -2.65 0.16 0.15 0.18
v 1.92768 0.27482 -1.82818 0.16 0.15 0.18
v 0.19 0.55 -2.65 0.28 0.27 0.295
v 1.54451 0.68735 -1.69756 0.28 0.27 0.295
v 1.92768 0.69482 -1.82818 0.28 0.27 0.295
v 0.19 0.13 -2.65 0.16 0.15 0.18
v 1.92768 0.27482 -1.82818 0.16 0.15 0.18
v 1.54451 0.26735 -1.69756 0.16 0.15 0.18
v 0.19 0.55 -2.65 0.28 0.27 0.295
v 1.31466 0.6792 -1.47422 0.28 0.27 0.295
v 1.54451 0.68735 -1.69756 0.28 0.27 0.295
v 0.19 0.13 -2.65 0.16 0.15 0.18
v 1.54451 0.26735 -1.69756 0.16 0.15 0.18
v 1.31466 0.2592 -1.47422 0.16 0.15 0.18
v 0.19 0.55 -2.65 0.28 0.27 0.295
v 0.19 0.57251 -1.50508 0.28 0.27 0.295
v 1.31466 0.6792 -1.47422 0.28 0.27 0.295
v 0.19 0.13 -2.65 0.16 0.15 0.18
v 1.31466 0.2592 -1.47422 0.16 0.15 0.18
v 0.19 0.15251 -1.50508 0.16 0.15 0.18
v 0.19 0.55 -2.65 0.28 0.27 0.295
v -0.98397 0.43412 -1.42267 0.28 0.27 0.295
v 0.19 0.57251 -1.50508 0.28 0.27 0.295
v 0.19 0.13 -2.65 0.16 0.15 0.18
v 0.19 0.15251 -1.50508 0.16 0.15 0.18
v -0.98397 0.01412 -1.42267 0.16 0.15 0.18
v 0.19 0.55 -2.65 0.28 0.27 0.295
v -1.29035 0.40886 -1.60907 0.28 0.27 0.295
v -0.98397 0.43412 -1.42267 0.28 0.27 0.295
v 0.19 0.13 -2.65 0.16 0.15 0.18
v -0.98397 0.01412 -1.42267 0.16 0.15 0.18
v -1.29035 -0.01114 -1.60907 0.16 0.15 0.18
v 0.19 0.55 -2.65 0.28 0.27 0.295
v -1.42442 0.40565 -1.88647 0.28 0.27 0.295
v -1.29035 0.40886 -1.60907 0.28 0.27 0.295
v 0.19 0.13 -2.65 0.16 0.15 0.18
v -1.29035 -0.01114 -1.60907 0.16 0.15 0.18
v -1.42442 -0.01435 -1.88647 0.16 0.15 0.18
v 0.19 0.55 -2.65 0.28 0.27 0.295
v -1.50009 0.43057 -2.65 0.28 0.27 0.295
v -1.42442 0.40565 -1.88647 0.28 0.27 0.295
v 0.19 0.13 -2.65 0.16 0.15 0.18
v -1.42442 -0.01435 -1.88647 0.16 0.15 0.18
v -1.50009 0.01057 -2.65 0.16 0.15 0.18
v 0.19 0.55 -2.65 0.28 0.27 0.295
v -1.36326 0.46308 -3.3846 0.28 0.27 0.295
v -1.50009 0.43057 -2.65 0.28 0.27 0.295
v 0.19 0.13 -2.65 0.16 0.15 0.18
v -1.50009 0.01057 -2.65 0.16 0.15 0.18
v -1.36326 0.04308 -3.3846 0.16 0.15 0.18
v 0.19 0.55 -2.65 0.28 0.27 0.295
v -1.37333 0.48596 -3.74928 0.28 0.27 0.295
v -1.36326 0.46308 -3.3846 0.28 0.27 0.295
v 0.19 0.13 -2.65 0.16 0.15 0.18
v -1.36326 0.04308 -3.3846 0.16 0.15 0.18
v -1.37333 0.06596 -3.74928 0.16 0.15 0.18
v 0.19 0.55 -2.65 0.28 0.27 0.295
v -0.8988 0.46119 -3.78829 0.28 0.27 0.295
v -1.37333 0.48596 -3.74928 0.28 0.27 0.295
v 0.19 0.13 -2.65 0.16 0.15 0.18
v -1.37333 0.06596 -3.74928 0.16 0.15 0.18
v -0.8988 0.04119 -3.78829 0.16 0.15 0.18
v 0.19 0.55 -2.65 0.28 0.27 0.295
v 0.19 0.46094 -3.90308 0.28 0.27 0.295
v -0.8988 0.46119 -3.78829 0.28 0.27 0.295
v 0.19 0.13 -2.65 0.16 0.15 0.18
v -0.8988 0.04119 -3.78829 0.16 0.15 0.18
v 0.19 0.04094 -3.90308 0.16 0.15 0.18
v 0.19 0.55 -2.65 0.28 0.27 0.295
v 1.22949 0.57152 -3.73674 0.28 0.27 0.295
v 0.19 0.46094 -3.90308 0.28 0.27 0.295
v 0.19 0.13 -2.65 0.16 0.15 0.18
v 0.19 0.04094 -3.90308 0.16 0.15 0.18
v 1.22949 0.15152 -3.73674 0.16 0.15 0.18
v 0.19 0.55 -2.65 0.28 0.27 0.295
v 1.62749 0.62905 -3.66079 0.28 0.27 0.295
v 1.22949 0.57152 -3.73674 0.28 0.27 0.295
v 0.19 0.13 -2.65 0.16 0.15 0.18
v 1.22949 0.15152 -3.73674 0.16 0.15 0.18
v 1.62749 0.20905 -3.66079 0.16 0.15 0.18
v 0.19 0.55 -2.65 0.28 0.27 0.295
v 1.86652 0.6694 -3.4429 0.28 0.27 0.295
v 1.62749 0.62905 -3.66079 0.28 0.27 0.295
v 0.19 0.13 -2.65 0.16 0.15 0.18
v 1.62749 0.20905 -3.66079 0.16 0.15 0.18
v 1.86652 0.2494 -3.4429 0.16 0.15 0.18
v 0.19 0.55 -2.65 0.28 0.27 0.295
v 1.91022 0.69789 -2.65 0.28 0.27 0.295
v 1.86652 0.6694 -3.4429 0.28 0.27 0.295
v 0.19 0.13 -2.65 0.16 0.15 0.18
v 1.86652 0.2494 -3.4429 0.16 0.15 0.18
v 1.91022 0.27789 -2.65 0.16 0.15 0.18
v 2.00562 0.73446 -2.65 0.18982232791421844 0.1855081840979862 0.2113930469953796
v 1.96612 0.7194 -1.86154 0.18982232791421844 0.1855081840979862 0.2113930469953796
v 2.1355 0.75455 -2.65 0.18982232791421844 0.1855081840979862 0.2113930469953796
v 2.00562 0.73446 -2.65 0.18982232791421844 0.1855081840979862 0.2113930469953796
v 1.84809 0.7042 -1.91673 0.18982232791421844 0.1855081840979862 0.2113930469953796
v 1.96612 0.7194 -1.86154 0.18982232791421844 0.1855081840979862 0.2113930469953796
v 1.84809 0.7042 -1.91673 0.1997356191033501 0.1951961732146376 0.22243284854691264
v 1.71477 0.7216 -1.65248 0.1997356191033501 0.1951961732146376 0.22243284854691264
v 1.96612 0.7194 -1.86154 0.1997356191033501 0.1951961732146376 0.22243284854691264
v 1.84809 0.7042 -1.91673 0.1997356191033501 0.1951961732146376 0.22243284854691264
v 1.61434 0.7055 -1.72231 0.1997356191033501 0.1951961732146376 0.22243284854691264
v 1.71477 0.7216 -1.65248 0.1997356191033501 0.1951961732146376 0.22243284854691264
v 1.61434 0.7055 -1.72231 0.20859610703413187 0.20385528641971978 0.2323002101061923
v 1.44406 0.72432 -1.44673 0.20859610703413187 0.20385528641971978 0.2323002101061923
v 1.71477 0.7216 -1.65248 0.20859610703413187 0.20385528641971978 0.2323002101061923
v 1.61434 0.7055 -1.72231 0.20859610703413187 0.20385528641971978 0.2323002101061923
v 1.36258 0.70697 -1.53096 0.20859610703413187 0.20385528641971978 0.2323002101061923
v 1.44406 0.72432 -1.44673 0.20859610703413187 0.20385528641971978 0.2323002101061923
v 1.36258 0.70697 -1.53096 0.2110291386239306 0.2062330218370231 0.23500972255846816
v 0.28 0.72168 -1.45144 0.2110291386239306 0.2062330218370231 0.23500972255846816
v 1.44406 0.72432 -1.44673 0.2110291386239306 0.2062330218370231 0.23500972255846816
v 1.36258 0.70697 -1.53096 0.2110291386239306 0.2062330218370231 0.23500972255846816
v 0.28 0.69487 -1.53534 0.2110291386239306 0.2062330218370231 0.23500972255846816
v 0.28 0.72168 -1.45144 0.2110291386239306 0.2062330218370231 0.23500972255846816
v 0.28 0.69487 -1.53534 0.2055588695584816 0.20088707706851608 0.22891783200830904
v -0.96313 0.5902 -1.365 0.2055588695584816 0.20088707706851608 0.22891783200830904
v 0.28 0.72168 -1.45144 0.2055588695584816 0.20088707706851608 0.22891783200830904
v 0.28 0.69487 -1.53534 0.2055588695584816 0.20088707706851608 0.22891783200830904
v -0.87611 0.57099 -1.45495 0.2055588695584816 0.20088707706851608 0.22891783200830904
v -0.96313 0.5902 -1.365 0.2055588695584816 0.20088707706851608 0.22891783200830904
v -0.87611 0.57099 -1.45495 0.19550349164901776 0.19106023047517642 0.21771979751822432
v -1.16861 0.5464 -1.64286 0.19550349164901776 0.19106023047517642 0.21771979751822432
v -0.96313 0.5902 -1.365 0.19550349164901776 0.19106023047517642 0.21771979751822432
v -0.87611 0.57099 -1.45495 0.19550349164901776 0.19106023047517642 0.21771979751822432
v -1.06721 0.52989 -1.71336 0.19550349164901776 0.19106023047517642 0.21771979751822432
v -1.16861 0.5464 -1.64286 0.19550349164901776 0.19106023047517642 0.21771979751822432
v -1.06721 0.52989 -1.71336 0.18696246220537727 0.18271331533707325 0.20820819654689743
v -1.43793 0.50593 -1.84667 0.18696246220537727 0.18271331533707325 0.20820819654689743
v -1.16861 0.5464 -1.64286 0.18696246220537727 0.18271331533707325 0.20820819654689743
v -1.06721 0.52989 -1.71336 0.18696246220537727 0.18271331533707325 0.20820819654689743
v -1.31767 0.49059 -1.9029 0.18696246220537727 0.18271331533707325 0.20820819654689743
v -1.43793 0.50593 -1.84667 0.18696246220537727 0.18271331533707325 0.20820819654689743
v -1.31767 0.49059 -1.9029 0.18511665507860905 0.18090945837227704 0.2061526386102692
v -1.3985 0.48784 -2.65 0.18511665507860905 0.18090945837227704 0.2061526386102692
v -1.43793 0.50593 -1.84667 0.18511665507860905 0.18090945837227704 0.2061526386102692
v -1.31767 0.49059 -1.9029 0.18511665507860905 0.18090945837227704 0.2061526386102692
v -1.281 0.46952 -2.65 0.18511665507860905 0.18090945837227704 0.2061526386102692
v -1.3985 0.48784 -2.65 0.18511665507860905 0.18090945837227704 0.2061526386102692
v -1.281 0.46952 -2.65 0.19108571210348926 0.18674285501022814 0.21279999756979484
v -1.44418 0.49338 -3.45626 0.19108571210348926 0.18674285501022814 0.21279999756979484
v -1.3985 0.48784 -2.65 0.19108571210348926 0.18674285501022814 0.21279999756979484
v -1.281 0.46952 -2.65 0.19108571210348926 0.18674285501022814 0.21279999756979484
v -1.32349 0.46706 -3.39982 0.19108571210348926 0.18674285501022814 0.21279999756979484
v -1.44418 0.49338 -3.45626 0.19108571210348926 0.18674285501022814 0.21279999756979484
v -1.32349 0.46706 -3.39982 0.20124888338567698 0.19667504512691159 0.2241180746795039
v -1.3089 0.50056 -3.75468 0.20124888338567698 0.19667504512691159 0.2241180746795039
v -1.44418 0.49338 -3.45626 0.20124888338567698 0.19667504512691159 0.2241180746795039
v -1.32349 0.46706 -3.39982 0.20124888338567698 0.19667504512691159 0.2241180746795039
v -1.19768 0.47292 -3.67735 0.20124888338567698 0.19667504512691159 0.2241180746795039
v -1.3089 0.50056 -3.75468 0.20124888338567698 0.19667504512691159 0.2241180746795039
v -1.19768 0.47292 -3.67735 0.20944132560188614 0.20468129547457053 0.23324147623846408
v -0.84968 0.50573 -3.81773 0.20944132560188614 0.20468129547457053 0.23324147623846408
v -1.3089 0.50056 -3.75468 0.20944132560188614 0.20468129547457053 0.23324147623846408
v -1.19768 0.47292 -3.67735 0.20944132560188614 0.20468129547457053 0.23324147623846408
v -0.7706 0.48374 -3.73599 0.20944132560188614 0.20468129547457053 0.23324147623846408
v -0.84968 0.50573 -3.81773 0.20944132560188614 0.20468129547457053 0.23324147623846408
v -0.7706 0.48374 -3.73599 0.2106936132356422 0.20590512202574124 0.234636069285147
v 0.28 0.59772 -3.90844 0.2106936132356422 0.20590512202574124 0.234636069285147
v -0.84968 0.50573 -3.81773 0.2106936132356422 0.20590512202574124 0.234636069285147
v -0.7706 0.48374 -3.73599 0.2106936132356422 0.20590512202574124 0.234636069285147
v 0.28 0.57763 -3.82035 0.2106936132356422 0.20590512202574124 0.234636069285147
v 0.28 0.59772 -3.90844 0.2106936132356422 0.20590512202574124 0.234636069285147
v 0.28 0.57763 -3.82035 0.20424612541237372 0.19960416801663794 0.22745591239105253
v 1.33061 0.7394 -3.736 0.20424612541237372 0.19960416801663794 0.22745591239105253
v 0.28 0.59772 -3.90844 0.20424612541237372 0.19960416801663794 0.22745591239105253
v 0.28 0.57763 -3.82035 0.20424612541237372 0.19960416801663794 0.22745591239105253
v 1.25707 0.70995 -3.65998 0.20424612541237372 0.19960416801663794 0.22745591239105253
v 1.33061 0.7394 -3.736 0.20424612541237372 0.19960416801663794 0.22745591239105253
v 1.25707 0.70995 -3.65998 0.19400982172880685 0.18960050759860667 0.21605639237980762
v 1.85506 0.77927 -3.74506 0.19400982172880685 0.18960050759860667 0.21605639237980762
v 1.33061 0.7394 -3.736 0.19400982172880685 0.18960050759860667 0.21605639237980762
v 1.25707 0.70995 -3.65998 0.19400982172880685 0.18960050759860667 0.21605639237980762
v 1.74481 0.74908 -3.6684 0.19400982172880685 0.18960050759860667 0.21605639237980762
v 1.85506 0.77927 -3.74506 0.19400982172880685 0.18960050759860667 0.21605639237980762
v 1.74481 0.74908 -3.6684 0.18619390664156332 0.18196222694516415 0.20735230512355915
v 1.97238 0.78284 -3.44138 0.18619390664156332 0.18196222694516415 0.20735230512355915
v 1.85506 0.77927 -3.74506 0.18619390664156332 0.18196222694516415 0.20735230512355915
v 1.74481 0.74908 -3.6684 0.18619390664156332 0.18196222694516415 0.20735230512355915
v 1.85391 0.75467 -3.38599 0.18619390664156332 0.18196222694516415 0.20735230512355915
v 1.97238 0.78284 -3.44138 0.18619390664156332 0.18196222694516415 0.20735230512355915
v 1.85391 0.75467 -3.38599 0.18553940936318944 0.18132260460493513 0.20662343315446097
v 2.1355 0.75455 -2.65 0.18553940936318944 0.18132260460493513 0.20662343315446097
v 1.97238 0.78284 -3.44138 0.18553940936318944 0.18132260460493513 0.20662343315446097
v 1.85391 0.75467 -3.38599 0.18553940936318944 0.18132260460493513 0.20662343315446097
v 2.00562 0.73446 -2.65 0.18553940936318944 0.18132260460493513 0.20662343315446097
v 2.1355 0.75455 -2.65 0.18553940936318944 0.18132260460493513 0.20662343315446097
v 2.1355 0.75455 -2.65 0.18982232791421844 0.1855081840979862 0.2113930469953796
v 1.96612 1.005 -1.86154 0.18982232791421844 0.1855081840979862 0.2113930469953796
v 2.1355 1.04015 -2.65 0.18982232791421844 0.1855081840979862 0.2113930469953796
v 2.1355 0.75455 -2.65 0.18982232791421844 0.1855081840979862 0.2113930469953796
v 1.96612 0.7194 -1.86154 0.18982232791421844 0.1855081840979862 0.2113930469953796
v 1.96612 1.005 -1.86154 0.18982232791421844 0.1855081840979862 0.2113930469953796
v 1.96612 0.7194 -1.86154 0.1997356191033501 0.1951961732146376 0.22243284854691264
v 1.71477 1.0072 -1.65248 0.1997356191033501 0.1951961732146376 0.22243284854691264
v 1.96612 1.005 -1.86154 0.1997356191033501 0.1951961732146376 0.22243284854691264
v 1.96612 0.7194 -1.86154 0.1997356191033501 0.1951961732146376 0.22243284854691264
v 1.71477 0.7216 -1.65248 0.1997356191033501 0.1951961732146376 0.22243284854691264
v 1.71477 1.0072 -1.65248 0.1997356191033501 0.1951961732146376 0.22243284854691264
v 1.71477 0.7216 -1.65248 0.20859610703413187 0.20385528641971978 0.2323002101061923
v 1.44406 1.00992 -1.44673 0.20859610703413187 0.20385528641971978 0.2323002101061923
v 1.71477 1.0072 -1.65248 0.20859610703413187 0.20385528641971978 0.2323002101061923
v 1.71477 0.7216 -1.65248 0.20859610703413187 0.20385528641971978 0.2323002101061923
v 1.44406 0.72432 -1.44673 0.20859610703413187 0.20385528641971978 0.2323002101061923
v 1.44406 1.00992 -1.44673 0.20859610703413187 0.20385528641971978 0.2323002101061923
v 1.44406 0.72432 -1.44673 0.2110291386239306 0.2062330218370231 0.23500972255846816
v 0.28 1.00728 -1.45144 0.2110291386239306 0.2062330218370231 0.23500972255846816
v 1.44406 1.00992 -1.44673 0.2110291386239306 0.2062330218370231 0.23500972255846816
v 1.44406 0.72432 -1.44673 0.2110291386239306 0.2062330218370231 0.23500972255846816
v 0.28 0.72168 -1.45144 0.2110291386239306 0.2062330218370231 0.23500972255846816
v 0.28 1.00728 -1.45144 0.2110291386239306 0.2062330218370231 0.23500972255846816
v 0.28 0.72168 -1.45144 0.2055588695584816 0.20088707706851608 0.22891783200830904
v -0.96313 0.8758 -1.365 0.2055588695584816 0.20088707706851608 0.22891783200830904
v 0.28 1.00728 -1.45144 0.2055588695584816 0.20088707706851608 0.22891783200830904
v 0.28 0.72168 -1.45144 0.2055588695584816 0.20088707706851608 0.22891783200830904
v -0.96313 0.5902 -1.365 0.2055588695584816 0.20088707706851608 0.22891783200830904
v -0.96313 0.8758 -1.365 0.2055588695584816 0.20088707706851608 0.22891783200830904
v -0.96313 0.5902 -1.365 0.19550349164901776 0.19106023047517642 0.21771979751822432
v -1.16861 0.832 -1.64286 0.19550349164901776 0.19106023047517642 0.21771979751822432
v -0.96313 0.8758 -1.365 0.19550349164901776 0.19106023047517642 0.21771979751822432
v -0.96313 0.5902 -1.365 0.19550349164901776 0.19106023047517642 0.21771979751822432
v -1.16861 0.5464 -1.64286 0.19550349164901776 0.19106023047517642 0.21771979751822432
v -1.16861 0.832 -1.64286 0.19550349164901776 0.19106023047517642 0.21771979751822432
v -1.16861 0.5464 -1.64286 0.18696246220537727 0.18271331533707325 0.20820819654689743
v -1.43793 0.79153 -1.84667 0.18696246220537727 0.18271331533707325 0.20820819654689743
v -1.16861 0.832 -1.64286 0.18696246220537727 0.18271331533707325 0.20820819654689743
v -1.16861 0.5464 -1.64286 0.18696246220537727 0.18271331533707325 0.20820819654689743
v -1.43793 0.50593 -1.84667 0.18696246220537727 0.18271331533707325 0.20820819654689743
v -1.43793 0.79153 -1.84667 0.18696246220537727 0.18271331533707325 0.20820819654689743
v -1.43793 0.50593 -1.84667 0.18511665507860905 0.18090945837227704 0.2061526386102692
v -1.3985 0.77344 -2.65 0.18511665507860905 0.18090945837227704 0.2061526386102692
v -1.43793 0.79153 -1.84667 0.18511665507860905 0.18090945837227704 0.2061526386102692
v -1.43793 0.50593 -1.84667 0.18511665507860905 0.18090945837227704 0.2061526386102692
v -1.3985 0.48784 -2.65 0.18511665507860905 0.18090945837227704 0.2061526386102692
v -1.3985 0.77344 -2.65 0.18511665507860905 0.18090945837227704 0.2061526386102692
v -1.3985 0.48784 -2.65 0.19108571210348926 0.18674285501022814 0.21279999756979484
v -1.44418 0.77898 -3.45626 0.19108571210348926 0.18674285501022814 0.21279999756979484
v -1.3985 0.77344 -2.65 0.19108571210348926 0.18674285501022814 0.21279999756979484
v -1.3985 0.48784 -2.65 0.19108571210348926 0.18674285501022814 0.21279999756979484
v -1.44418 0.49338 -3.45626 0.19108571210348926 0.18674285501022814 0.21279999756979484
v -1.44418 0.77898 -3.45626 0.19108571210348926 0.18674285501022814 0.21279999756979484
v -1.44418 0.49338 -3.45626 0.20124888338567698 0.19667504512691159 0.2241180746795039
v -1.3089 0.78616 -3.75468 0.20124888338567698 0.19667504512691159 0.2241180746795039
v -1.44418 0.77898 -3.45626 0.20124888338567698 0.19667504512691159 0.2241180746795039
v -1.44418 0.49338 -3.45626 0.20124888338567698 0.19667504512691159 0.2241180746795039
v -1.3089 0.50056 -3.75468 0.20124888338567698 0.19667504512691159 0.2241180746795039
v -1.3089 0.78616 -3.75468 0.20124888338567698 0.19667504512691159 0.2241180746795039
v -1.3089 0.50056 -3.75468 0.20944132560188614 0.20468129547457053 0.23324147623846408
v -0.84968 0.79133 -3.81773 0.20944132560188614 0.20468129547457053 0.23324147623846408
v -1.3089 0.78616 -3.75468 0.20944132560188614 0.20468129547457053 0.23324147623846408
v -1.3089 0.50056 -3.75468 0.20944132560188614 0.20468129547457053 0.23324147623846408
v -0.84968 0.50573 -3.81773 0.20944132560188614 0.20468129547457053 0.23324147623846408
v -0.84968 0.79133 -3.81773 0.20944132560188614 0.20468129547457053 0.23324147623846408
v -0.84968 0.50573 -3.81773 0.2106936132356422 0.20590512202574124 0.234636069285147
v 0.28 0.88332 -3.90844 0.2106936132356422 0.20590512202574124 0.234636069285147
v -0.84968 0.79133 -3.81773 0.2106936132356422 0.20590512202574124 0.234636069285147
v -0.84968 0.50573 -3.81773 0.2106936132356422 0.20590512202574124 0.234636069285147
v 0.28 0.59772 -3.90844 0.2106936132356422 0.20590512202574124 0.234636069285147
v 0.28 0.88332 -3.90844 0.2106936132356422 0.20590512202574124 0.234636069285147
v 0.28 0.59772 -3.90844 0.20424612541237372 0.19960416801663794 0.22745591239105253
v 1.33061 1.025 -3.736 0.20424612541237372 0.19960416801663794 0.22745591239105253
v 0.28 0.88332 -3.90844 0.20424612541237372 0.19960416801663794 0.22745591239105253
v 0.28 0.59772 -3.90844 0.20424612541237372 0.19960416801663794 0.22745591239105253
v 1.33061 0.7394 -3.736 0.20424612541237372 0.19960416801663794 0.22745591239105253
v 1.33061 1.025 -3.736 0.20424612541237372 0.19960416801663794 0.22745591239105253
v 1.33061 0.7394 -3.736 0.19400982172880685 0.18960050759860667 0.21605639237980762
v 1.85506 1.06487 -3.74506 0.19400982172880685 0.18960050759860667 0.21605639237980762
v 1.33061 1.025 -3.736 0.19400982172880685 0.18960050759860667 0.21605639237980762
v 1.33061 0.7394 -3.736 0.19400982172880685 0.18960050759860667 0.21605639237980762
v 1.85506 0.77927 -3.74506 0.19400982172880685 0.18960050759860667 0.21605639237980762
v 1.85506 1.06487 -3.74506 0.19400982172880685 0.18960050759860667 0.21605639237980762
v 1.85506 0.77927 -3.74506 0.18619390664156332 0.18196222694516415 0.20735230512355915
v 1.97238 1.06844 -3.44138 0.18619390664156332 0.18196222694516415 0.20735230512355915
v 1.85506 1.06487 -3.74506 0.18619390664156332 0.18196222694516415 0.20735230512355915
v 1.85506 0.77927 -3.74506 0.18619390664156332 0.18196222694516415 0.20735230512355915
v 1.97238 0.78284 -3.44138 0.18619390664156332 0.18196222694516415 0.20735230512355915
v 1.97238 1.06844 -3.44138 0.18619390664156332 0.18196222694516415 0.20735230512355915
v 1.97238 0.78284 -3.44138 0.18553940936318944 0.18132260460493513 0.20662343315446097
v 2.1355 1.04015 -2.65 0.18553940936318944 0.18132260460493513 0.20662343315446097
v 1.97238 1.06844 -3.44138 0.18553940936318944 0.18132260460493513 0.20662343315446097
v 1.97238 0.78284 -3.44138 0.18553940936318944 0.18132260460493513 0.20662343315446097
v 2.1355 0.75455 -2.65 0.18553940936318944 0.18132260460493513 0.20662343315446097
v 2.1355 1.04015 -2.65 0.18553940936318944 0.18132260460493513 0.20662343315446097
v 2.1355 1.04015 -2.65 0.20962232791421842 0.20485818409798617 0.2334430469953796
v 1.84809 1.1242 -1.91673 0.20962232791421842 0.20485818409798617 0.2334430469953796
v 2.00562 1.15446 -2.65 0.20962232791421842 0.20485818409798617 0.2334430469953796
v 2.1355 1.04015 -2.65 0.20962232791421842 0.20485818409798617 0.2334430469953796
v 1.96612 1.005 -1.86154 0.20962232791421842 0.20485818409798617 0.2334430469953796
v 1.84809 1.1242 -1.91673 0.20962232791421842 0.20485818409798617 0.2334430469953796
v 1.96612 1.005 -1.86154 0.21953561910335012 0.21454617321463762 0.24448284854691263
v 1.61434 1.1255 -1.72231 0.21953561910335012 0.21454617321463762 0.24448284854691263
v 1.84809 1.1242 -1.91673 0.21953561910335012 0.21454617321463762 0.24448284854691263
v 1.96612 1.005 -1.86154 0.21953561910335012 0.21454617321463762 0.24448284854691263
v 1.71477 1.0072 -1.65248 0.21953561910335012 0.21454617321463762 0.24448284854691263
v 1.61434 1.1255 -1.72231 0.21953561910335012 0.21454617321463762 0.24448284854691263
v 1.71477 1.0072 -1.65248 0.22839610703413188 0.2232052864197198 0.2543502101061923
v 1.36258 1.12697 -1.53096 0.22839610703413188 0.2232052864197198 0.2543502101061923
v 1.61434 1.1255 -1.72231 0.22839610703413188 0.2232052864197198 0.2543502101061923
v 1.71477 1.0072 -1.65248 0.22839610703413188 0.2232052864197198 0.2543502101061923
v 1.44406 1.00992 -1.44673 0.22839610703413188 0.2232052864197198 0.2543502101061923
v 1.36258 1.12697 -1.53096 0.22839610703413188 0.2232052864197198 0.2543502101061923
v 1.44406 1.00992 -1.44673 0.23082913862393062 0.2255830218370231 0.2570597225584682
v 0.28 1.11487 -1.53534 0.23082913862393062 0.2255830218370231 0.2570597225584682
v 1.36258 1.12697 -1.53096 0.23082913862393062 0.2255830218370231 0.2570597225584682
v 1.44406 1.00992 -1.44673 0.23082913862393062 0.2255830218370231 0.2570597225584682
v 0.28 1.00728 -1.45144 0.23082913862393062 0.2255830218370231 0.2570597225584682
v 0.28 1.11487 -1.53534 0.23082913862393062 0.2255830218370231 0.2570597225584682
v 0.28 1.00728 -1.45144 0.2253588695584816 0.2202370770685161 0.2509678320083091
v -0.87611 0.99099 -1.45495 0.2253588695584816 0.2202370770685161 0.2509678320083091
v 0.28 1.11487 -1.53534 0.2253588695584816 0.2202370770685161 0.2509678320083091
v 0.28 1.00728 -1.45144 0.2253588695584816 0.2202370770685161 0.2509678320083091
v -0.96313 0.8758 -1.365 0.2253588695584816 0.2202370770685161 0.2509678320083091
v -0.87611 0.99099 -1.45495 0.2253588695584816 0.2202370770685161 0.2509678320083091
v -0.96313 0.8758 -1.365 0.21530349164901774 0.21041023047517643 0.2397697975182243
v -1.06721 0.94989 -1.71336 0.21530349164901774 0.21041023047517643 0.2397697975182243
v -0.87611 0.99099 -1.45495 0.21530349164901774 0.21041023047517643 0.2397697975182243
v -0.96313 0.8758 -1.365 0.21530349164901774 0.21041023047517643 0.2397697975182243
v -1.16861 0.832 -1.64286 0.21530349164901774 0.21041023047517643 0.2397697975182243
v -1.06721 0.94989 -1.71336 0.21530349164901774 0.21041023047517643 0.2397697975182243
v -1.16861 0.832 -1.64286 0.20676246220537728 0.20206331533707322 0.23025819654689741
v -1.31767 0.91059 -1.9029 0.20676246220537728 0.20206331533707322 0.23025819654689741
v -1.06721 0.94989 -1.71336 0.20676246220537728 0.20206331533707322 0.23025819654689741
v -1.16861 0.832 -1.64286 0.20676246220537728 0.20206331533707322 0.23025819654689741
v -1.43793 0.79153 -1.84667 0.20676246220537728 0.20206331533707322 0.23025819654689741
v -1.31767 0.91059 -1.9029 0.20676246220537728 0.20206331533707322 0.23025819654689741
v -1.43793 0.79153 -1.84667 0.20491665507860907 0.20025945837227704 0.22820263861026918
v -1.281 0.88952 -2.65 0.20491665507860907 0.20025945837227704 0.22820263861026918
v -1.31767 0.91059 -1.9029 0.20491665507860907 0.20025945837227704 0.22820263861026918
v -1.43793 0.79153 -1.84667 0.20491665507860907 0.20025945837227704 0.22820263861026918
v -1.3985 0.77344 -2.65 0.20491665507860907 0.20025945837227704 0.22820263861026918
v -1.281 0.88952 -2.65 0.20491665507860907 0.20025945837227704 0.22820263861026918
v -1.3985 0.77344 -2.65 0.21088571210348925 0.20609285501022812 0.23484999756979483
v -1.32349 0.88706 -3.39982 0.21088571210348925 0.20609285501022812 0.23484999756979483
v -1.281 0.88952 -2.65 0.21088571210348925 0.20609285501022812 0.23484999756979483
v -1.3985 0.77344 -2.65 0.21088571210348925 0.20609285501022812 0.23484999756979483
v -1.44418 0.77898 -3.45626 0.21088571210348925 0.20609285501022812 0.23484999756979483
v -1.32349 0.88706 -3.39982 0.21088571210348925 0.20609285501022812 0.23484999756979483
v -1.44418 0.77898 -3.45626 0.221048883385677 0.21602504512691162 0.2461680746795039
v -1.19768 0.89292 -3.67735 0.221048883385677 0.21602504512691162 0.2461680746795039
v -1.32349 0.88706 -3.39982 0.221048883385677 0.21602504512691162 0.2461680746795039
v -1.44418 0.77898 -3.45626 0.221048883385677 0.21602504512691162 0.2461680746795039
v -1.3089 0.78616 -3.75468 0.221048883385677 0.21602504512691162 0.2461680746795039
v -1.19768 0.89292 -3.67735 0.221048883385677 0.21602504512691162 0.2461680746795039
v -1.3089 0.78616 -3.75468 0.22924132560188612 0.2240312954745705 0.2552914762384641
v -0.7706 0.90374 -3.73599 0.22924132560188612 0.2240312954745705 0.2552914762384641
v -1.19768 0.89292 -3.67735 0.22924132560188612 0.2240312954745705 0.2552914762384641
v -1.3089 0.78616 -3.75468 0.22924132560188612 0.2240312954745705 0.2552914762384641
v -0.84968 0.79133 -3.81773 0.22924132560188612 0.2240312954745705 0.2552914762384641
v -0.7706 0.90374 -3.73599 0.22924132560188612 0.2240312954745705 0.2552914762384641
v -0.84968 0.79133 -3.81773 0.23049361323564221 0.22525512202574124 0.25668606928514703
v 0.28 0.99763 -3.82035 0.23049361323564221 0.22525512202574124 0.25668606928514703
v -0.7706 0.90374 -3.73599 0.23049361323564221 0.22525512202574124 0.25668606928514703
v -0.84968 0.79133 -3.81773 0.23049361323564221 0.22525512202574124 0.25668606928514703
v 0.28 0.88332 -3.90844 0.23049361323564221 0.22525512202574124 0.25668606928514703
v 0.28 0.99763 -3.82035 0.23049361323564221 0.22525512202574124 0.25668606928514703
v 0.28 0.88332 -3.90844 0.22404612541237373 0.21895416801663797 0.24950591239105258
v 1.25707 1.12995 -3.65998 0.22404612541237373 0.21895416801663797 0.24950591239105258
v 0.28 0.99763 -3.82035 0.22404612541237373 0.21895416801663797 0.24950591239105258
v 0.28 0.88332 -3.90844 0.22404612541237373 0.21895416801663797 0.24950591239105258
v 1.33061 1.025 -3.736 0.22404612541237373 0.21895416801663797 0.24950591239105258
v 1.25707 1.12995 -3.65998 0.22404612541237373 0.21895416801663797 0.24950591239105258
v 1.33061 1.025 -3.736 0.21380982172880683 0.20895050759860667 0.2381063923798076
v 1.74481 1.16908 -3.6684 0.21380982172880683 0.20895050759860667 0.2381063923798076
v 1.25707 1.12995 -3.65998 0.21380982172880683 0.20895050759860667 0.2381063923798076
v 1.33061 1.025 -3.736 0.21380982172880683 0.20895050759860667 0.2381063923798076
v 1.85506 1.06487 -3.74506 0.21380982172880683 0.20895050759860667 0.2381063923798076
v 1.74481 1.16908 -3.6684 0.21380982172880683 0.20895050759860667 0.2381063923798076
v 1.85506 1.06487 -3.74506 0.20599390664156333 0.20131222694516415 0.22940230512355914
v 1.85391 1.17467 -3.38599 0.20599390664156333 0.20131222694516415 0.22940230512355914
v 1.74481 1.16908 -3.6684 0.20599390664156333 0.20131222694516415 0.22940230512355914
v 1.85506 1.06487 -3.74506 0.20599390664156333 0.20131222694516415 0.22940230512355914
v 1.97238 1.06844 -3.44138 0.20599390664156333 0.20131222694516415 0.22940230512355914
v 1.85391 1.17467 -3.38599 0.20599390664156333 0.20131222694516415 0.22940230512355914
v 1.97238 1.06844 -3.44138 0.20533940936318945 0.20067260460493513 0.22867343315446095
v 2.00562 1.15446 -2.65 0.20533940936318945 0.20067260460493513 0.22867343315446095
v 1.85391 1.17467 -3.38599 0.20533940936318945 0.20067260460493513 0.22867343315446095
v 1.97238 1.06844 -3.44138 0.20533940936318945 0.20067260460493513 0.22867343315446095
v 2.1355 1.04015 -2.65 0.20533940936318945 0.20067260460493513 0.22867343315446095
v 2.00562 1.15446 -2.65 0.20533940936318945 0.20067260460493513 0.22867343315446095
v 0.28 1.03 -2.65 0.28 0.27 0.295
v 1.84809 1.1242 -1.91673 0.28 0.27 0.295
v 2.00562 1.15446 -2.65 0.28 0.27 0.295
v 0.28 0.61 -2.65 0.16 0.15 0.18
v 2.00562 0.73446 -2.65 0.16 0.15 0.18
v 1.84809 0.7042 -1.91673 0.16 0.15 0.18
v 0.28 1.03 -2.65 0.28 0.27 0.295
v 1.61434 1.1255 -1.72231 0.28 0.27 0.295
v 1.84809 1.1242 -1.91673 0.28 0.27 0.295
v 0.28 0.61 -2.65 0.16 0.15 0.18
v 1.84809 0.7042 -1.91673 0.16 0.15 0.18
v 1.61434 0.7055 -1.72231 0.16 0.15 0.18
v 0.28 1.03 -2.65 0.28 0.27 0.295
v 1.36258 1.12697 -1.53096 0.28 0.27 0.295
v 1.61434 1.1255 -1.72231 0.28 0.27 0.295
v 0.28 0.61 -2.65 0.16 0.15 0.18
v 1.61434 0.7055 -1.72231 0.16 0.15 0.18
v 1.36258 0.70697 -1.53096 0.16 0.15 0.18
v 0.28 1.03 -2.65 0.28 0.27 0.295
v 0.28 1.11487 -1.53534 0.28 0.27 0.295
v 1.36258 1.12697 -1.53096 0.28 0.27 0.295
v 0.28 0.61 -2.65 0.16 0.15 0.18
v 1.36258 0.70697 -1.53096 0.16 0.15 0.18
v 0.28 0.69487 -1.53534 0.16 0.15 0.18
v 0.28 1.03 -2.65 0.28 0.27 0.295
v -0.87611 0.99099 -1.45495 0.28 0.27 0.295
v 0.28 1.11487 -1.53534 0.28 0.27 0.295
v 0.28 0.61 -2.65 0.16 0.15 0.18
v 0.28 0.69487 -1.53534 0.16 0.15 0.18
v -0.87611 0.57099 -1.45495 0.16 0.15 0.18
v 0.28 1.03 -2.65 0.28 0.27 0.295
v -1.06721 0.94989 -1.71336 0.28 0.27 0.295
v -0.87611 0.99099 -1.45495 0.28 0.27 0.295
v 0.28 0.61 -2.65 0.16 0.15 0.18
v -0.87611 0.57099 -1.45495 0.16 0.15 0.18
v -1.06721 0.52989 -1.71336 0.16 0.15 0.18
v 0.28 1.03 -2.65 0.28 0.27 0.295
v -1.31767 0.91059 -1.9029 0.28 0.27 0.295
v -1.06721 0.94989 -1.71336 0.28 0.27 0.295
v 0.28 0.61 -2.65 0.16 0.15 0.18
v -1.06721 0.52989 -1.71336 0.16 0.15 0.18
v -1.31767 0.49059 -1.9029 0.16 0.15 0.18
v 0.28 1.03 -2.65 0.28 0.27 0.295
v -1.281 0.88952 -2.65 0.28 0.27 0.295
v -1.31767 0.91059 -1.9029 0.28 0.27 0.295
v 0.28 0.61 -2.65 0.16 0.15 0.18
v -1.31767 0.49059 -1.9029 0.16 0.15 0.18
v -1.281 0.46952 -2.65 0.16 0.15 0.18
v 0.28 1.03 -2.65 0.28 0.27 0.295
v -1.32349 0.88706 -3.39982 0.28 0.27 0.295
v -1.281 0.88952 -2.65 0.28 0.27 0.295
v 0.28 0.61 -2.65 0.16 0.15 0.18
v -1.281 0.46952 -2.65 0.16 0.15 0.18
v -1.32349 0.46706 -3.39982 0.16 0.15 0.18
v 0.28 1.03 -2.65 0.28 0.27 0.295
v -1.19768 0.89292 -3.67735 0.28 0.27 0.295
v -1.32349 0.88706 -3.39982 0.28 0.27 0.295
v 0.28 0.61 -2.65 0.16 0.15 0.18
v -1.32349 0.46706 -3.39982 0.16 0.15 0.18
v -1.19768 0.47292 -3.67735 0.16 0.15 0.18
v 0.28 1.03 -2.65 0.28 0.27 0.295
v -0.7706 0.90374 -3.73599 0.28 0.27 0.295
v -1.19768 0.89292 -3.67735 0.28 0.27 0.295
v 0.28 0.61 -2.65 0.16 0.15 0.18
v -1.19768 0.47292 -3.67735 0.16 0.15 0.18
v -0.7706 0.48374 -3.73599 0.16 0.15 0.18
v 0.28 1.03 -2.65 0.28 0.27 0.295
v 0.28 0.99763 -3.82035 0.28 0.27 0.295
v -0.7706 0.90374 -3.73599 0.28 0.27 0.295
v 0.28 0.61 -2.65 0.16 0.15 0.18
v -0.7706 0.48374 -3.73599 0.16 0.15 0.18
v 0.28 0.57763 -3.82035 0.16 0.15 0.18
v 0.28 1.03 -2.65 0.28 0.27 0.295
v 1.25707 1.12995 -3.65998 0.28 0.27 0.295
v 0.28 0.99763 -3.82035 0.28 0.27 0.295
v 0.28 0.61 -2.65 0.16 0.15 0.18
v 0.28 0.57763 -3.82035 0.16 0.15 0.18
v 1.25707 0.70995 -3.65998 0.16 0.15 0.18
v 0.28 1.03 -2.65 0.28 0.27 0.295
v 1.74481 1.16908 -3.6684 0.28 0.27 0.295
v 1.25707 1.12995 -3.65998 0.28 0.27 0.295
v 0.28 0.61 -2.65 0.16 0.15 0.18
v 1.25707 0.70995 -3.65998 0.16 0.15 0.18
v 1.74481 0.74908 -3.6684 0.16 0.15 0.18
v 0.28 1.03 -2.65 0.28 0.27 0.295
v 1.85391 1.17467 -3.38599 0.28 0.27 0.295
v 1.74481 1.16908 -3.6684 0.28 0.27 0.295
v 0.28 0.61 -2.65 0.16 0.15 0.18
v 1.74481 0.74908 -3.6684 0.16 0.15 0.18
v 1.85391 0.75467 -3.38599 0.16 0.15 0.18
v 0.28 1.03 -2.65 0.28 0.27 0.295
v 2.00562 1.15446 -2.65 0.28 0.27 0.295
v 1.85391 1.17467 -3.38599 0.28 0.27 0.295
v 0.28 0.61 -2.65 0.16 0.15 0.18
v 1.85391 0.75467 -3.38599 0.16 0.15 0.18
v 2.00562 0.73446 -2.65 0.16 0.15 0.18
v 2.04317 1.13509 -2.65 0.2108250169163002 0.20603353925911155 0.2347824052022434
v 1.89317 1.12714 -1.94649 0.2108250169163002 0.20603353925911155 0.2347824052022434
v 2.16911 1.15254 -2.65 0.2108250169163002 0.20603353925911155 0.2347824052022434
v 2.04317 1.13509 -2.65 0.2108250169163002 0.20603353925911155 0.2347824052022434
v 1.78655 1.11076 -1.99573 0.2108250169163002 0.20603353925911155 0.2347824052022434
v 1.89317 1.12714 -1.94649 0.2108250169163002 0.20603353925911155 0.2347824052022434
v 1.78655 1.11076 -1.99573 0.20917624582761768 0.20442224024062636 0.2329462737625742
v 1.82633 1.11448 -1.64993 0.20917624582761768 0.20442224024062636 0.2329462737625742
v 1.89317 1.12714 -1.94649 0.20917624582761768 0.20442224024062636 0.2329462737625742
v 1.78655 1.11076 -1.99573 0.20917624582761768 0.20442224024062636 0.2329462737625742
v 1.72439 1.09821 -1.71993 0.20917624582761768 0.20442224024062636 0.2329462737625742
v 1.82633 1.11448 -1.64993 0.20917624582761768 0.20442224024062636 0.2329462737625742
v 1.72439 1.09821 -1.71993 0.20074811399052886 0.19618565685438047 0.22356039967127075
v 1.46467 1.12724 -1.53235 0.20074811399052886 0.19618565685438047 0.22356039967127075
v 1.82633 1.11448 -1.64993 0.20074811399052886 0.19618565685438047 0.22356039967127075
v 1.72439 1.09821 -1.71993 0.20074811399052886 0.19618565685438047 0.22356039967127075
v 1.38804 1.11154 -1.61059 0.20074811399052886 0.19618565685438047 0.22356039967127075
v 1.46467 1.12724 -1.53235 0.20074811399052886 0.19618565685438047 0.22356039967127075
v 1.38804 1.11154 -1.61059 0.1906530130828867 0.18631999005827565 0.21231812820594204
v 0.37 1.18281 -1.44952 0.1906530130828867 0.18631999005827565 0.21231812820594204
v 1.46467 1.12724 -1.53235 0.1906530130828867 0.18631999005827565 0.21231812820594204
v 1.38804 1.11154 -1.61059 0.1906530130828867 0.18631999005827565 0.21231812820594204
v 0.37 1.16099 -1.53355 0.1906530130828867 0.18631999005827565 0.21231812820594204
v 0.37 1.18281 -1.44952 0.1906530130828867 0.18631999005827565 0.21231812820594204
v 0.37 1.16099 -1.53355 0.18501449585219393 0.18080962094646225 0.20603887038085233
v -0.78362 1.15089 -1.47217 0.18501449585219393 0.18080962094646225 0.20603887038085233
v 0.37 1.18281 -1.44952 0.18501449585219393 0.18080962094646225 0.20603887038085233
v 0.37 1.16099 -1.53355 0.18501449585219393 0.18080962094646225 0.20603887038085233
v -0.70286 1.12997 -1.55461 0.18501449585219393 0.18080962094646225 0.20603887038085233
v -0.78362 1.15089 -1.47217 0.18501449585219393 0.18080962094646225 0.20603887038085233
v -0.70286 1.12997 -1.55461 0.18725281118904938 0.18299706548020736 0.20853153973325952
v -1.00135 1.11817 -1.70828 0.18725281118904938 0.18299706548020736 0.20853153973325952
v -0.78362 1.15089 -1.47217 0.18725281118904938 0.18299706548020736 0.20853153973325952
v -0.70286 1.12997 -1.55461 0.18725281118904938 0.18299706548020736 0.20853153973325952
v -0.90536 1.10065 -1.7742 0.18725281118904938 0.18299706548020736 0.20853153973325952
v -1.00135 1.11817 -1.70828 0.18725281118904938 0.18299706548020736 0.20853153973325952
v -0.90536 1.10065 -1.7742 0.19601022704538584 0.1915554491579907 0.21828411648236148
v -1.29321 1.07128 -1.8818 0.19601022704538584 0.1915554491579907 0.21828411648236148
v -1.00135 1.11817 -1.70828 0.19601022704538584 0.1915554491579907 0.21828411648236148
v -0.90536 1.10065 -1.7742 0.19601022704538584 0.1915554491579907 0.21828411648236148
v -1.17679 1.05813 -1.93558 0.19601022704538584 0.1915554491579907 0.21828411648236148
v -1.29321 1.07128 -1.8818 0.19601022704538584 0.1915554491579907 0.21828411648236148
v -1.17679 1.05813 -1.93558 0.20597461247583618 0.20129337128320351 0.22938081843899938
v -1.23189 1.03161 -2.65 0.20597461247583618 0.20129337128320351 0.22938081843899938
v -1.29321 1.07128 -1.8818 0.20597461247583618 0.20129337128320351 0.22938081843899938
v -1.17679 1.05813 -1.93558 0.20597461247583618 0.20129337128320351 0.22938081843899938
v -1.11976 1.02109 -2.65 0.20597461247583618 0.20129337128320351 0.22938081843899938
v -1.23189 1.03161 -2.65 0.20597461247583618 0.20129337128320351 0.22938081843899938
v -1.11976 1.02109 -2.65 0.21110170498733155 0.20630393896489221 0.23509053509952832
v -1.3888 0.97549 -3.46234 0.21110170498733155 0.20630393896489221 0.23509053509952832
v -1.23189 1.03161 -2.65 0.21110170498733155 0.20630393896489221 0.23509053509952832
v -1.11976 1.02109 -2.65 0.21110170498733155 0.20630393896489221 0.23509053509952832
v -1.26568 0.96357 -3.40548 0.21110170498733155 0.20630393896489221 0.23509053509952832
v -1.3888 0.97549 -3.46234 0.21110170498733155 0.20630393896489221 0.23509053509952832
v -1.26568 0.96357 -3.40548 0.20828147906128597 0.20354780908262038 0.2319498289546139
v -1.08355 0.99693 -3.64817 0.20828147906128597 0.20354780908262038 0.2319498289546139
v -1.3888 0.97549 -3.46234 0.20828147906128597 0.20354780908262038 0.2319498289546139
v -1.26568 0.96357 -3.40548 0.20828147906128597 0.20354780908262038 0.2319498289546139
v -0.9818 0.98571 -3.5783 0.20828147906128597 0.20354780908262038 0.2319498289546139
v -1.08355 0.99693 -3.64817 0.20828147906128597 0.20354780908262038 0.2319498289546139
v -0.9818 0.98571 -3.5783 0.1992246459006891 0.1946968130393098 0.22186381020758558
v -0.74275 1.02784 -3.78611 0.1992246459006891 0.1946968130393098 0.22186381020758558
v -1.08355 0.99693 -3.64817 0.1992246459006891 0.1946968130393098 0.22186381020758558
v -0.9818 0.98571 -3.5783 0.1992246459006891 0.1946968130393098 0.22186381020758558
v -0.66486 1.01654 -3.70658 0.1992246459006891 0.1946968130393098 0.22186381020758558
v -0.74275 1.02784 -3.78611 0.1992246459006891 0.1946968130393098 0.22186381020758558
v -0.66486 1.01654 -3.70658 0.18942495896988326 0.18511984626602226 0.21095052248918816
v 0.37 1.17015 -3.78502 0.18942495896988326 0.18511984626602226 0.21095052248918816
v -0.74275 1.02784 -3.78611 0.18942495896988326 0.18511984626602226 0.21095052248918816
v -0.66486 1.01654 -3.70658 0.18942495896988326 0.18511984626602226 0.21095052248918816
v 0.37 1.14883 -3.70556 0.18942495896988326 0.18511984626602226 0.21095052248918816
v 0.37 1.17015 -3.78502 0.18942495896988326 0.18511984626602226 0.21095052248918816
v 0.37 1.14883 -3.70556 0.18482677686209173 0.1806261682970442 0.20582981968732944
v 1.4238 1.23841 -3.72592 0.18482677686209173 0.1806261682970442 0.20582981968732944
v 0.37 1.17015 -3.78502 0.18482677686209173 0.1806261682970442 0.20582981968732944
v 0.37 1.14883 -3.70556 0.18482677686209173 0.1806261682970442 0.20582981968732944
v 1.35003 1.21132 -3.65061 0.18482677686209173 0.1806261682970442 0.20582981968732944
v 1.4238 1.23841 -3.72592 0.18482677686209173 0.1806261682970442 0.20582981968732944
v 1.35003 1.21132 -3.65061 0.1882192951423008 0.18394158388906667 0.20960785140847132
v 1.90853 1.22956 -3.70652 0.1882192951423008 0.18394158388906667 0.20960785140847132
v 1.4238 1.23841 -3.72592 0.1882192951423008 0.18394158388906667 0.20960785140847132
v 1.35003 1.21132 -3.65061 0.1882192951423008 0.18394158388906667 0.20960785140847132
v 1.80083 1.2049 -3.63257 0.1882192951423008 0.18394158388906667 0.20960785140847132
v 1.90853 1.22956 -3.70652 0.1882192951423008 0.18394158388906667 0.20960785140847132
v 1.80083 1.2049 -3.63257 0.19754465774490132 0.1930550064325172 0.2199929143068219
v 1.98875 1.20962 -3.39766 0.19754465774490132 0.1930550064325172 0.2199929143068219
v 1.90853 1.22956 -3.70652 0.19754465774490132 0.1930550064325172 0.2199929143068219
v 1.80083 1.2049 -3.63257 0.19754465774490132 0.1930550064325172 0.2199929143068219
v 1.87544 1.18749 -3.34532 0.19754465774490132 0.1930550064325172 0.2199929143068219
v 1.98875 1.20962 -3.39766 0.19754465774490132 0.1930550064325172 0.2199929143068219
v 1.87544 1.18749 -3.34532 0.20714622484934617 0.2024383561027701 0.2306855685822264
v 2.16911 1.15254 -2.65 0.20714622484934617 0.2024383561027701 0.2306855685822264
v 1.98875 1.20962 -3.39766 0.20714622484934617 0.2024383561027701 0.2306855685822264
v 1.87544 1.18749 -3.34532 0.20714622484934617 0.2024383561027701 0.2306855685822264
v 2.04317 1.13509 -2.65 0.20714622484934617 0.2024383561027701 0.2306855685822264
v 2.16911 1.15254 -2.65 0.20714622484934617 0.2024383561027701 0.2306855685822264
v 2.16911 1.15254 -2.65 0.2108250169163002 0.20603353925911155 0.2347824052022434
v 1.89317 1.41274 -1.94649 0.2108250169163002 0.20603353925911155 0.2347824052022434
v 2.16911 1.43814 -2.65 0.2108250169163002 0.20603353925911155 0.2347824052022434
v 2.16911 1.15254 -2.65 0.2108250169163002 0.20603353925911155 0.2347824052022434
v 1.89317 1.12714 -1.94649 0.2108250169163002 0.20603353925911155 0.2347824052022434
v 1.89317 1.41274 -1.94649 0.2108250169163002 0.20603353925911155 0.2347824052022434
v 1.89317 1.12714 -1.94649 0.20917624582761768 0.20442224024062636 0.2329462737625742
v 1.82633 1.40008 -1.64993 0.20917624582761768 0.20442224024062636 0.2329462737625742
v 1.89317 1.41274 -1.94649 0.20917624582761768 0.20442224024062636 0.2329462737625742
v 1.89317 1.12714 -1.94649 0.20917624582761768 0.20442224024062636 0.2329462737625742
v 1.82633 1.11448 -1.64993 0.20917624582761768 0.20442224024062636 0.2329462737625742
v 1.82633 1.40008 -1.64993 0.20917624582761768 0.20442224024062636 0.2329462737625742
v 1.82633 1.11448 -1.64993 0.20074811399052886 0.19618565685438047 0.22356039967127075
v 1.46467 1.41284 -1.53235 0.20074811399052886 0.19618565685438047 0.22356039967127075
v 1.82633 1.40008 -1.64993 0.20074811399052886 0.19618565685438047 0.22356039967127075
v 1.82633 1.11448 -1.64993 0.20074811399052886 0.19618565685438047 0.22356039967127075
v 1.46467 1.12724 -1.53235 0.20074811399052886 0.19618565685438047 0.22356039967127075
v 1.46467 1.41284 -1.53235 0.20074811399052886 0.19618565685438047 0.22356039967127075
v 1.46467 1.12724 -1.53235 0.1906530130828867 0.18631999005827565 0.21231812820594204
v 0.37 1.46841 -1.44952 0.1906530130828867 0.18631999005827565 0.21231812820594204
v 1.46467 1.41284 -1.53235 0.1906530130828867 0.18631999005827565 0.21231812820594204
v 1.46467 1.12724 -1.53235 0.1906530130828867 0.18631999005827565 0.21231812820594204
v 0.37 1.18281 -1.44952 0.1906530130828867 0.18631999005827565 0.21231812820594204
v 0.37 1.46841 -1.44952 0.1906530130828867 0.18631999005827565 0.21231812820594204
v 0.37 1.18281 -1.44952 0.18501449585219393 0.18080962094646225 0.20603887038085233
v -0.78362 1.43649 -1.47217 0.18501449585219393 0.18080962094646225 0.20603887038085233
v 0.37 1.46841 -1.44952 0.18501449585219393 0.18080962094646225 0.20603887038085233
v 0.37 1.18281 -1.44952 0.18501449585219393 0.18080962094646225 0.20603887038085233
v -0.78362 1.15089 -1.47217 0.18501449585219393 0.18080962094646225 0.20603887038085233
v -0.78362 1.43649 -1.47217 0.18501449585219393 0.18080962094646225 0.20603887038085233
v -0.78362 1.15089 -1.47217 0.18725281118904938 0.18299706548020736 0.20853153973325952
v -1.00135 1.40377 -1.70828 0.18725281118904938 0.18299706548020736 0.20853153973325952
v -0.78362 1.43649 -1.47217 0.18725281118904938 0.18299706548020736 0.20853153973325952
v -0.78362 1.15089 -1.47217 0.18725281118904938 0.18299706548020736 0.20853153973325952
v -1.00135 1.11817 -1.70828 0.18725281118904938 0.18299706548020736 0.20853153973325952
v -1.00135 1.40377 -1.70828 0.18725281118904938 0.18299706548020736 0.20853153973325952
v -1.00135 1.11817 -1.70828 0.19601022704538584 0.1915554491579907 0.21828411648236148
v -1.29321 1.35688 -1.8818 0.19601022704538584 0.1915554491579907 0.21828411648236148
v -1.00135 1.40377 -1.70828 0.19601022704538584 0.1915554491579907 0.21828411648236148
v -1.00135 1.11817 -1.70828 0.19601022704538584 0.1915554491579907 0.21828411648236148
v -1.29321 1.07128 -1.8818 0.19601022704538584 0.1915554491579907 0.21828411648236148
v -1.29321 1.35688 -1.8818 0.19601022704538584 0.1915554491579907 0.21828411648236148
v -1.29321 1.07128 -1.8818 0.20597461247583618 0.20129337128320351 0.22938081843899938
v -1.23189 1.31721 -2.65 0.20597461247583618 0.20129337128320351 0.22938081843899938
v -1.29321 1.35688 -1.8818 0.20597461247583618 0.20129337128320351 0.22938081843899938
v -1.29321 1.07128 -1.8818 0.20597461247583618 0.20129337128320351 0.22938081843899938
v -1.23189 1.03161 -2.65 0.20597461247583618 0.20129337128320351 0.22938081843899938
v -1.23189 1.31721 -2.65 0.20597461247583618 0.20129337128320351 0.22938081843899938
v -1.23189 1.03161 -2.65 0.21110170498733155 0.20630393896489221 0.23509053509952832
v -1.3888 1.26109 -3.46234 0.21110170498733155 0.20630393896489221 0.23509053509952832
v -1.23189 1.31721 -2.65 0.21110170498733155 0.20630393896489221 0.23509053509952832
v -1.23189 1.03161 -2.65 0.21110170498733155 0.20630393896489221 0.23509053509952832
v -1.3888 0.97549 -3.46234 0.21110170498733155 0.20630393896489221 0.23509053509952832
v -1.3888 1.26109 -3.46234 0.21110170498733155 0.20630393896489221 0.23509053509952832
v -1.3888 0.97549 -3.46234 0.20828147906128597 0.20354780908262038 0.2319498289546139
v -1.08355 1.28253 -3.64817 0.20828147906128597 0.20354780908262038 0.2319498289546139
v -1.3888 1.26109 -3.46234 0.20828147906128597 0.20354780908262038 0.2319498289546139
v -1.3888 0.97549 -3.46234 0.20828147906128597 0.20354780908262038 0.2319498289546139
v -1.08355 0.99693 -3.64817 0.20828147906128597 0.20354780908262038 0.2319498289546139
v -1.08355 1.28253 -3.64817 0.20828147906128597 0.20354780908262038 0.2319498289546139
v -1.08355 0.99693 -3.64817 0.1992246459006891 0.1946968130393098 0.22186381020758558
v -0.74275 1.31344 -3.78611 0.1992246459006891 0.1946968130393098 0.22186381020758558
v -1.08355 1.28253 -3.64817 0.1992246459006891 0.1946968130393098 0.22186381020758558
v -1.08355 0.99693 -3.64817 0.1992246459006891 0.1946968130393098 0.22186381020758558
v -0.74275 1.02784 -3.78611 0.1992246459006891 0.1946968130393098 0.22186381020758558
v -0.74275 1.31344 -3.78611 0.1992246459006891 0.1946968130393098 0.22186381020758558
v -0.74275 1.02784 -3.78611 0.18942495896988326 0.18511984626602226 0.21095052248918816
v 0.37 1.45575 -3.78502 0.18942495896988326 0.18511984626602226 0.21095052248918816
v -0.74275 1.31344 -3.78611 0.18942495896988326 0.18511984626602226 0.21095052248918816
v -0.74275 1.02784 -3.78611 0.18942495896988326 0.18511984626602226 0.21095052248918816
v 0.37 1.17015 -3.78502 0.18942495896988326 0.18511984626602226 0.21095052248918816
v 0.37 1.45575 -3.78502 0.18942495896988326 0.18511984626602226 0.21095052248918816
v 0.37 1.17015 -3.78502 0.18482677686209173 0.1806261682970442 0.20582981968732944
v 1.4238 1.52401 -3.72592 0.18482677686209173 0.1806261682970442 0.20582981968732944
v 0.37 1.45575 -3.78502 0.18482677686209173 0.1806261682970442 0.20582981968732944
v 0.37 1.17015 -3.78502 0.18482677686209173 0.1806261682970442 0.20582981968732944
v 1.4238 1.23841 -3.72592 0.18482677686209173 0.1806261682970442 0.20582981968732944
v 1.4238 1.52401 -3.72592 0.18482677686209173 0.1806261682970442 0.20582981968732944
v 1.4238 1.23841 -3.72592 0.1882192951423008 0.18394158388906667 0.20960785140847132
v 1.90853 1.51516 -3.70652 0.1882192951423008 0.18394158388906667 0.20960785140847132
v 1.4238 1.52401 -3.72592 0.1882192951423008 0.18394158388906667 0.20960785140847132
v 1.4238 1.23841 -3.72592 0.1882192951423008 0.18394158388906667 0.20960785140847132
v 1.90853 1.22956 -3.70652 0.1882192951423008 0.18394158388906667 0.20960785140847132
v 1.90853 1.51516 -3.70652 0.1882192951423008 0.18394158388906667 0.20960785140847132
v 1.90853 1.22956 -3.70652 0.19754465774490132 0.1930550064325172 0.2199929143068219
v 1.98875 1.49522 -3.39766 0.19754465774490132 0.1930550064325172 0.2199929143068219
v 1.90853 1.51516 -3.70652 0.19754465774490132 0.1930550064325172 0.2199929143068219
v 1.90853 1.22956 -3.70652 0.19754465774490132 0.1930550064325172 0.2199929143068219
v 1.98875 1.20962 -3.39766 0.19754465774490132 0.1930550064325172 0.2199929143068219
v 1.98875 1.49522 -3.39766 0.19754465774490132 0.1930550064325172 0.2199929143068219
v 1.98875 1.20962 -3.39766 0.20714622484934617 0.2024383561027701 0.2306855685822264
v 2.16911 1.43814 -2.65 0.20714622484934617 0.2024383561027701 0.2306855685822264
v 1.98875 1.49522 -3.39766 0.20714622484934617 0.2024383561027701 0.2306855685822264
v 1.98875 1.20962 -3.39766 0.20714622484934617 0.2024383561027701 0.2306855685822264
v 2.16911 1.15254 -2.65 0.20714622484934617 0.2024383561027701 0.2306855685822264
v 2.16911 1.43814 -2.65 0.20714622484934617 0.2024383561027701 0.2306855685822264
v 2.16911 1.43814 -2.65 0.23062501691630022 0.22538353925911156 0.25683240520224343
v 1.78655 1.53076 -1.99573 0.23062501691630022 0.22538353925911156 0.25683240520224343
v 2.04317 1.55509 -2.65 0.23062501691630022 0.22538353925911156 0.25683240520224343
v 2.16911 1.43814 -2.65 0.23062501691630022 0.22538353925911156 0.25683240520224343
v 1.89317 1.41274 -1.94649 0.23062501691630022 0.22538353925911156 0.25683240520224343
v 1.78655 1.53076 -1.99573 0.23062501691630022 0.22538353925911156 0.25683240520224343
v 1.89317 1.41274 -1.94649 0.22897624582761766 0.22377224024062634 0.2549962737625742
v 1.72439 1.51821 -1.71993 0.22897624582761766 0.22377224024062634 0.2549962737625742
v 1.78655 1.53076 -1.99573 0.22897624582761766 0.22377224024062634 0.2549962737625742
v 1.89317 1.41274 -1.94649 0.22897624582761766 0.22377224024062634 0.2549962737625742
v 1.82633 1.40008 -1.64993 0.22897624582761766 0.22377224024062634 0.2549962737625742
v 1.72439 1.51821 -1.71993 0.22897624582761766 0.22377224024062634 0.2549962737625742
v 1.82633 1.40008 -1.64993 0.22054811399052884 0.21553565685438045 0.24561039967127074
v 1.38804 1.53154 -1.61059 0.22054811399052884 0.21553565685438045 0.24561039967127074
v 1.72439 1.51821 -1.71993 0.22054811399052884 0.21553565685438045 0.24561039967127074
v 1.82633 1.40008 -1.64993 0.22054811399052884 0.21553565685438045 0.24561039967127074
v 1.46467 1.41284 -1.53235 0.22054811399052884 0.21553565685438045 0.24561039967127074
v 1.38804 1.53154 -1.61059 0.22054811399052884 0.21553565685438045 0.24561039967127074
v 1.46467 1.41284 -1.53235 0.21045301308288672 0.20566999005827566 0.23436812820594202
v 0.37 1.58099 -1.53355 0.21045301308288672 0.20566999005827566 0.23436812820594202
v 1.38804 1.53154 -1.61059 0.21045301308288672 0.20566999005827566 0.23436812820594202
v 1.46467 1.41284 -1.53235 0.21045301308288672 0.20566999005827566 0.23436812820594202
v 0.37 1.46841 -1.44952 0.21045301308288672 0.20566999005827566 0.23436812820594202
v 0.37 1.58099 -1.53355 0.21045301308288672 0.20566999005827566 0.23436812820594202
v 0.37 1.46841 -1.44952 0.20481449585219394 0.20015962094646225 0.22808887038085232
v -0.70286 1.54997 -1.55461 0.20481449585219394 0.20015962094646225 0.22808887038085232
v 0.37 1.58099 -1.53355 0.20481449585219394 0.20015962094646225 0.22808887038085232
v 0.37 1.46841 -1.44952 0.20481449585219394 0.20015962094646225 0.22808887038085232
v -0.78362 1.43649 -1.47217 0.20481449585219394 0.20015962094646225 0.22808887038085232
v -0.70286 1.54997 -1.55461 0.20481449585219394 0.20015962094646225 0.22808887038085232
v -0.78362 1.43649 -1.47217 0.20705281118904936 0.20234706548020734 0.23058153973325954
v -0.90536 1.52065 -1.7742 0.20705281118904936 0.20234706548020734 0.23058153973325954
v -0.70286 1.54997 -1.55461 0.20705281118904936 0.20234706548020734 0.23058153973325954
v -0.78362 1.43649 -1.47217 0.20705281118904936 0.20234706548020734 0.23058153973325954
v -1.00135 1.40377 -1.70828 0.20705281118904936 0.20234706548020734 0.23058153973325954
v -0.90536 1.52065 -1.7742 0.20705281118904936 0.20234706548020734 0.23058153973325954
v -1.00135 1.40377 -1.70828 0.21581022704538583 0.2109054491579907 0.2403341164823615
v -1.17679 1.47813 -1.93558 0.21581022704538583 0.2109054491579907 0.2403341164823615
v -0.90536 1.52065 -1.7742 0.21581022704538583 0.2109054491579907 0.2403341164823615
v -1.00135 1.40377 -1.70828 0.21581022704538583 0.2109054491579907 0.2403341164823615
v -1.29321 1.35688 -1.8818 0.21581022704538583 0.2109054491579907 0.2403341164823615
v -1.17679 1.47813 -1.93558 0.21581022704538583 0.2109054491579907 0.2403341164823615
v -1.29321 1.35688 -1.8818 0.2257746124758362 0.22064337128320355 0.2514308184389994
v -1.11976 1.44109 -2.65 0.2257746124758362 0.22064337128320355 0.2514308184389994
v -1.17679 1.47813 -1.93558 0.2257746124758362 0.22064337128320355 0.2514308184389994
v -1.29321 1.35688 -1.8818 0.2257746124758362 0.22064337128320355 0.2514308184389994
v -1.23189 1.31721 -2.65 0.2257746124758362 0.22064337128320355 0.2514308184389994
v -1.11976 1.44109 -2.65 0.2257746124758362 0.22064337128320355 0.2514308184389994
v -1.23189 1.31721 -2.65 0.2309017049873316 0.22565393896489222 0.25714053509952833
v -1.26568 1.38357 -3.40548 0.2309017049873316 0.22565393896489222 0.25714053509952833
v -1.11976 1.44109 -2.65 0.2309017049873316 0.22565393896489222 0.25714053509952833
v -1.23189 1.31721 -2.65 0.2309017049873316 0.22565393896489222 0.25714053509952833
v -1.3888 1.26109 -3.46234 0.2309017049873316 0.22565393896489222 0.25714053509952833
v -1.26568 1.38357 -3.40548 0.2309017049873316 0.22565393896489222 0.25714053509952833
v -1.3888 1.26109 -3.46234 0.22808147906128598 0.22289780908262039 0.2539998289546139
v -0.9818 1.40571 -3.5783 0.22808147906128598 0.22289780908262039 0.2539998289546139
v -1.26568 1.38357 -3.40548 0.22808147906128598 0.22289780908262039 0.2539998289546139
v -1.3888 1.26109 -3.46234 0.22808147906128598 0.22289780908262039 0.2539998289546139
v -1.08355 1.28253 -3.64817 0.22808147906128598 0.22289780908262039 0.2539998289546139
v -0.9818 1.40571 -3.5783 0.22808147906128598 0.22289780908262039 0.2539998289546139
v -1.08355 1.28253 -3.64817 0.2190246459006891 0.2140468130393098 0.2439138102075856
v -0.66486 1.43654 -3.70658 0.2190246459006891 0.2140468130393098 0.2439138102075856
v -0.9818 1.40571 -3.5783 0.2190246459006891 0.2140468130393098 0.2439138102075856
v -1.08355 1.28253 -3.64817 0.2190246459006891 0.2140468130393098 0.2439138102075856
v -0.74275 1.31344 -3.78611 0.2190246459006891 0.2140468130393098 0.2439138102075856
v -0.66486 1.43654 -3.70658 0.2190246459006891 0.2140468130393098 0.2439138102075856
v -0.74275 1.31344 -3.78611 0.20922495896988325 0.20446984626602227 0.23300052248918818
v 0.37 1.56883 -3.70556 0.20922495896988325 0.20446984626602227 0.23300052248918818
v -0.66486 1.43654 -3.70658 0.20922495896988325 0.20446984626602227 0.23300052248918818
v -0.74275 1.31344 -3.78611 0.20922495896988325 0.20446984626602227 0.23300052248918818
v 0.37 1.45575 -3.78502 0.20922495896988325 0.20446984626602227 0.23300052248918818
v 0.37 1.56883 -3.70556 0.20922495896988325 0.20446984626602227 0.23300052248918818
v 0.37 1.45575 -3.78502 0.20462677686209174 0.19997616829704418 0.22787981968732943
v 1.35003 1.63132 -3.65061 0.20462677686209174 0.19997616829704418 0.22787981968732943
v 0.37 1.56883 -3.70556 0.20462677686209174 0.19997616829704418 0.22787981968732943
v 0.37 1.45575 -3.78502 0.20462677686209174 0.19997616829704418 0.22787981968732943
v 1.4238 1.52401 -3.72592 0.20462677686209174 0.19997616829704418 0.22787981968732943
v 1.35003 1.63132 -3.65061 0.20462677686209174 0.19997616829704418 0.22787981968732943
v 1.4238 1.52401 -3.72592 0.20801929514230078 0.20329158388906668 0.2316578514084713
v 1.80083 1.6249 -3.63257 0.20801929514230078 0.20329158388906668 0.2316578514084713
v 1.35003 1.63132 -3.65061 0.20801929514230078 0.20329158388906668 0.2316578514084713
v 1.4238 1.52401 -3.72592 0.20801929514230078 0.20329158388906668 0.2316578514084713
v 1.90853 1.51516 -3.70652 0.20801929514230078 0.20329158388906668 0.2316578514084713
v 1.80083 1.6249 -3.63257 0.20801929514230078 0.20329158388906668 0.2316578514084713
v 1.90853 1.51516 -3.70652 0.2173446577449013 0.2124050064325172 0.2420429143068219
v 1.87544 1.60749 -3.34532 0.2173446577449013 0.2124050064325172 0.2420429143068219
v 1.80083 1.6249 -3.63257 0.2173446577449013 0.2124050064325172 0.2420429143068219
v 1.90853 1.51516 -3.70652 0.2173446577449013 0.2124050064325172 0.2420429143068219
v 1.98875 1.49522 -3.39766 0.2173446577449013 0.2124050064325172 0.2420429143068219
v 1.87544 1.60749 -3.34532 0.2173446577449013 0.2124050064325172 0.2420429143068219
v 1.98875 1.49522 -3.39766 0.22694622484934618 0.22178835610277015 0.25273556858222646
v 2.04317 1.55509 -2.65 0.22694622484934618 0.22178835610277015 0.25273556858222646
v 1.87544 1.60749 -3.34532 0.22694622484934618 0.22178835610277015 0.25273556858222646
v 1.98875 1.49522 -3.39766 0.22694622484934618 0.22178835610277015 0.25273556858222646
v 2.16911 1.43814 -2.65 0.22694622484934618 0.22178835610277015 0.25273556858222646
v 2.04317 1.55509 -2.65 0.22694622484934618 0.22178835610277015 0.25273556858222646
v 0.37 1.51 -2.65 0.28 0.27 0.295
v 1.78655 1.53076 -1.99573 0.28 0.27 0.295
v 2.04317 1.55509 -2.65 0.28 0.27 0.295
v 0.37 1.09 -2.65 0.16 0.15 0.18
v 2.04317 1.13509 -2.65 0.16 0.15 0.18
v 1.78655 1.11076 -1.99573 0.16 0.15 0.18
v 0.37 1.51 -2.65 0.28 0.27 0.295
v 1.72439 1.51821 -1.71993 0.28 0.27 0.295
v 1.78655 1.53076 -1.99573 0.28 0.27 0.295
v 0.37 1.09 -2.65 0.16 0.15 0.18
v 1.78655 1.11076 -1.99573 0.16 0.15 0.18
v 1.72439 1.09821 -1.71993 0.16 0.15 0.18
v 0.37 1.51 -2.65 0.28 0.27 0.295
v 1.38804 1.53154 -1.61059 0.28 0.27 0.295
v 1.72439 1.51821 -1.71993 0.28 0.27 0.295
v 0.37 1.09 -2.65 0.16 0.15 0.18
v 1.72439 1.09821 -1.71993 0.16 0.15 0.18
v 1.38804 1.11154 -1.61059 0.16 0.15 0.18
v 0.37 1.51 -2.65 0.28 0.27 0.295
v 0.37 1.58099 -1.53355 0.28 0.27 0.295
v 1.38804 1.53154 -1.61059 0.28 0.27 0.295
v 0.37 1.09 -2.65 0.16 0.15 0.18
v 1.38804 1.11154 -1.61059 0.16 0.15 0.18
v 0.37 1.16099 -1.53355 0.16 0.15 0.18
v 0.37 1.51 -2.65 0.28 0.27 0.295
v -0.70286 1.54997 -1.55461 0.28 0.27 0.295
v 0.37 1.58099 -1.53355 0.28 0.27 0.295
v 0.37 1.09 -2.65 0.16 0.15 0.18
v 0.37 1.16099 -1.53355 0.16 0.15 0.18
v -0.70286 1.12997 -1.55461 0.16 0.15 0.18
v 0.37 1.51 -2.65 0.28 0.27 0.295
v -0.90536 1.52065 -1.7742 0.28 0.27 0.295
v -0.70286 1.54997 -1.55461 0.28 0.27 0.295
v 0.37 1.09 -2.65 0.16 0.15 0.18
v -0.70286 1.12997 -1.55461 0.16 0.15 0.18
v -0.90536 1.10065 -1.7742 0.16 0.15 0.18
v 0.37 1.51 -2.65 0.28 0.27 0.295
v -1.17679 1.47813 -1.93558 0.28 0.27 0.295
v -0.90536 1.52065 -1.7742 0.28 0.27 0.295
v 0.37 1.09 -2.65 0.16 0.15 0.18
v -0.90536 1.10065 -1.7742 0.16 0.15 0.18
v -1.17679 1.05813 -1.93558 0.16 0.15 0.18
v 0.37 1.51 -2.65 0.28 0.27 0.295
v -1.11976 1.44109 -2.65 0.28 0.27 0.295
v -1.17679 1.47813 -1.93558 0.28 0.27 0.295
v 0.37 1.09 -2.65 0.16 0.15 0.18
v -1.17679 1.05813 -1.93558 0.16 0.15 0.18
v -1.11976 1.02109 -2.65 0.16 0.15 0.18
v 0.37 1.51 -2.65 0.28 0.27 0.295
v -1.26568 1.38357 -3.40548 0.28 0.27 0.295
v -1.11976 1.44109 -2.65 0.28 0.27 0.295
v 0.37 1.09 -2.65 0.16 0.15 0.18
v -1.11976 1.02109 -2.65 0.16 0.15 0.18
v -1.26568 0.96357 -3.40548 0.16 0.15 0.18
v 0.37 1.51 -2.65 0.28 0.27 0.295
v -0.9818 1.40571 -3.5783 0.28 0.27 0.295
v -1.26568 1.38357 -3.40548 0.28 0.27 0.295
v 0.37 1.09 -2.65 0.16 0.15 0.18
v -1.26568 0.96357 -3.40548 0.16 0.15 0.18
v -0.9818 0.98571 -3.5783 0.16 0.15 0.18
v 0.37 1.51 -2.65 0.28 0.27 0.295
v -0.66486 1.43654 -3.70658 0.28 0.27 0.295
v -0.9818 1.40571 -3.5783 0.28 0.27 0.295
v 0.37 1.09 -2.65 0.16 0.15 0.18
v -0.9818 0.98571 -3.5783 0.16 0.15 0.18
v -0.66486 1.01654 -3.70658 0.16 0.15 0.18
v 0.37 1.51 -2.65 0.28 0.27 0.295
v 0.37 1.56883 -3.70556 0.28 0.27 0.295
v -0.66486 1.43654 -3.70658 0.28 0.27 0.295
v 0.37 1.09 -2.65 0.16 0.15 0.18
v -0.66486 1.01654 -3.70658 0.16 0.15 0.18
v 0.37 1.14883 -3.70556 0.16 0.15 0.18
v 0.37 1.51 -2.65 0.28 0.27 0.295
v 1.35003 1.63132 -3.65061 0.28 0.27 0.295
v 0.37 1.56883 -3.70556 0.28 0.27 0.295
v 0.37 1.09 -2.65 0.16 0.15 0.18
v 0.37 1.14883 -3.70556 0.16 0.15 0.18
v 1.35003 1.21132 -3.65061 0.16 0.15 0.18
v 0.37 1.51 -2.65 0.28 0.27 0.295
v 1.80083 1.6249 -3.63257 0.28 0.27 0.295
v 1.35003 1.63132 -3.65061 0.28 0.27 0.295
v 0.37 1.09 -2.65 0.16 0.15 0.18
v 1.35003 1.21132 -3.65061 0.16 0.15 0.18
v 1.80083 1.2049 -3.63257 0.16 0.15 0.18
v 0.37 1.51 -2.65 0.28 0.27 0.295
v 1.87544 1.60749 -3.34532 0.28 0.27 0.295
v 1.80083 1.6249 -3.63257 0.28 0.27 0.295
v 0.37 1.09 -2.65 0.16 0.15 0.18
v 1.80083 1.2049 -3.63257 0.16 0.15 0.18
v 1.87544 1.18749 -3.34532 0.16 0.15 0.18
v 0.37 1.51 -2.65 0.28 0.27 0.295
v 2.04317 1.55509 -2.65 0.28 0.27 0.295
v 1.87544 1.60749 -3.34532 0.28 0.27 0.295
v 0.37 1.09 -2.65 0.16 0.15 0.18
v 1.87544 1.18749 -3.34532 0.16 0.15 0.18
v 2.04317 1.13509 -2.65 0.16 0.15 0.18
v 5.79311 -0.17621 0.0 0.20589967291156372 0.20122013489084634 0.2292973630151505
v 5.78494 -0.16095 0.19165 0.20589967291156372 0.20122013489084634 0.2292973630151505
v 5.81517 -0.153 0.0 0.20589967291156372 0.20122013489084634 0.2292973630151505
v 5.79311 -0.17621 0.0 0.20589967291156372 0.20122013489084634 0.2292973630151505
v 5.76499 -0.18344 0.17823 0.20589967291156372 0.20122013489084634 0.2292973630151505
v 5.78494 -0.16095 0.19165 0.20589967291156372 0.20122013489084634 0.2292973630151505
v 5.76499 -0.18344 0.17823 0.19591756037574726 0.19146488854902574 0.2181809195093549
v 5.77406 -0.16464 0.27406 0.19591756037574726 0.19146488854902574 0.2181809195093549
v 5.78494 -0.16095 0.19165 0.19591756037574726 0.19146488854902574 0.2181809195093549
v 5.76499 -0.18344 0.17823 0.19591756037574726 0.19146488854902574 0.2181809195093549
v 5.75487 -0.1868 0.25487 0.19591756037574726 0.19146488854902574 0.2181809195093549
v 5.77406 -0.16464 0.27406 0.19591756037574726 0.19146488854902574 0.2181809195093549
v 5.75487 -0.1868 0.25487 0.18719862777238197 0.18294411350482784 0.20847119911015266
v 5.68373 -0.16071 0.27317 0.18719862777238197 0.18294411350482784 0.20847119911015266
v 5.77406 -0.16464 0.27406 0.18719862777238197 0.18294411350482784 0.20847119911015266
v 5.75487 -0.1868 0.25487 0.18719862777238197 0.18294411350482784 0.20847119911015266
v 5.67087 -0.18331 0.25404 0.18719862777238197 0.18294411350482784 0.20847119911015266
v 5.68373 -0.16071 0.27317 0.18719862777238197 0.18294411350482784 0.20847119911015266
v 5.67087 -0.18331 0.25404 0.18503166262197732 0.18082639756238691 0.20605798791992927
v 5.5 -0.15557 0.29637 0.18503166262197732 0.18082639756238691 0.20605798791992927
v 5.68373 -0.16071 0.27317 0.18503166262197732 0.18082639756238691 0.20605798791992927
v 5.67087 -0.18331 0.25404 0.18503166262197732 0.18082639756238691 0.20605798791992927
v 5.5 -0.17877 0.27562 0.18503166262197732 0.18082639756238691 0.20605798791992927
v 5.5 -0.15557 0.29637 0.18503166262197732 0.18082639756238691 0.20605798791992927
v 5.5 -0.17877 0.27562 0.19073111690692585 0.1863963187954048 0.21240510746453106
v 5.3075 -0.15182 0.2862 0.19073111690692585 0.1863963187954048 0.21240510746453106
v 5.5 -0.15557 0.29637 0.19073111690692585 0.1863963187954048 0.21240510746453106
v 5.5 -0.17877 0.27562 0.19073111690692585 0.1863963187954048 0.21240510746453106
v 5.32098 -0.17538 0.26617 0.19073111690692585 0.1863963187954048 0.21240510746453106
v 5.3075 -0.15182 0.2862 0.19073111690692585 0.1863963187954048 0.21240510746453106
v 5.32098 -0.17538 0.26617 0.200839778137213 0.19627523772500358 0.2236624801982599
v 5.24004 -0.15089 0.25996 0.200839778137213 0.19627523772500358 0.2236624801982599
v 5.3075 -0.15182 0.2862 0.200839778137213 0.19627523772500358 0.2236624801982599
v 5.32098 -0.17538 0.26617 0.200839778137213 0.19627523772500358 0.2236624801982599
v 5.25824 -0.17448 0.24176 0.200839778137213 0.19627523772500358 0.2236624801982599
v 5.24004 -0.15089 0.25996 0.200839778137213 0.19627523772500358 0.2236624801982599
v 5.25824 -0.17448 0.24176 0.20922586805558147 0.2044707346906819 0.23300153488007935
v 5.19245 -0.15005 0.20686 0.20922586805558147 0.2044707346906819 0.23300153488007935
v 5.24004 -0.15089 0.25996 0.20922586805558147 0.2044707346906819 0.23300153488007935
v 5.25824 -0.17448 0.24176 0.20922586805558147 0.2044707346906819 0.23300153488007935
v 5.21398 -0.17363 0.19238 0.20922586805558147 0.2044707346906819 0.23300153488007935
v 5.19245 -0.15005 0.20686 0.20922586805558147 0.2044707346906819 0.23300153488007935
v 5.21398 -0.17363 0.19238 0.21080249704792617 0.20601153120592786 0.2347573262579178
v 5.21517 -0.147 0.0 0.21080249704792617 0.20601153120592786 0.2347573262579178
v 5.19245 -0.15005 0.20686 0.21080249704792617 0.20601153120592786 0.2347573262579178
v 5.21398 -0.17363 0.19238 0.21080249704792617 0.20601153120592786 0.2347573262579178
v 5.23511 -0.17062 0.0 0.21080249704792617 0.20601153120592786 0.2347573262579178
v 5.21517 -0.147 0.0 0.21080249704792617 0.20601153120592786 0.2347573262579178
v 5.23511 -0.17062 0.0 0.2046133031237934 0.19996300078007082 0.22786481484240628
v 5.20594 -0.14629 -0.19778 0.2046133031237934 0.19996300078007082 0.22786481484240628
v 5.21517 -0.147 0.0 0.2046133031237934 0.19996300078007082 0.22786481484240628
v 5.23511 -0.17062 0.0 0.2046133031237934 0.19996300078007082 0.22786481484240628
v 5.22652 -0.16963 -0.18394 0.2046133031237934 0.19996300078007082 0.22786481484240628
v 5.20594 -0.14629 -0.19778 0.2046133031237934 0.19996300078007082 0.22786481484240628
v 5.22652 -0.16963 -0.18394 0.19441256826666095 0.189994100806055 0.2165049055696906
v 5.2607 -0.14443 -0.2393 0.19441256826666095 0.189994100806055 0.2165049055696906
v 5.20594 -0.14629 -0.19778 0.19441256826666095 0.189994100806055 0.2165049055696906
v 5.22652 -0.16963 -0.18394 0.19441256826666095 0.189994100806055 0.2165049055696906
v 5.27745 -0.16797 -0.22255 0.19441256826666095 0.189994100806055 0.2165049055696906
v 5.2607 -0.14443 -0.2393 0.19441256826666095 0.189994100806055 0.2165049055696906
v 5.27745 -0.16797 -0.22255 0.1863879213603218 0.18215183223849632 0.2075683669694493
v 5.2943 -0.14323 -0.30583 0.1863879213603218 0.18215183223849632 0.2075683669694493
v 5.2607 -0.14443 -0.2393 0.1863879213603218 0.18215183223849632 0.2075683669694493
v 5.27745 -0.16797 -0.22255 0.1863879213603218 0.18215183223849632 0.2075683669694493
v 5.3087 -0.16683 -0.28443 0.1863879213603218 0.18215183223849632 0.2075683669694493
v 5.2943 -0.14323 -0.30583 0.1863879213603218 0.18215183223849632 0.2075683669694493
v 5.3087 -0.16683 -0.28443 0.18540700553787787 0.18119320995747154 0.20647598343990942
v 5.5 -0.13884 -0.30363 0.18540700553787787 0.18119320995747154 0.20647598343990942
v 5.2943 -0.14323 -0.30583 0.18540700553787787 0.18119320995747154 0.20647598343990942
v 5.3087 -0.16683 -0.28443 0.18540700553787787 0.18119320995747154 0.20647598343990942
v 5.5 -0.16319 -0.28238 0.18540700553787787 0.18119320995747154 0.20647598343990942
v 5.5 -0.13884 -0.30363 0.18540700553787787 0.18119320995747154 0.20647598343990942
v 5.5 -0.16319 -0.28238 0.19206483117461365 0.18769972137519061 0.21389038017172884
v 5.69693 -0.13912 -0.2928 0.19206483117461365 0.18769972137519061 0.21389038017172884
v 5.5 -0.13884 -0.30363 0.19206483117461365 0.18769972137519061 0.21389038017172884
v 5.5 -0.16319 -0.28238 0.19206483117461365 0.18769972137519061 0.21389038017172884
v 5.68315 -0.16357 -0.2723 0.19206483117461365 0.18769972137519061 0.21389038017172884
v 5.69693 -0.13912 -0.2928 0.19206483117461365 0.18769972137519061 0.21389038017172884
v 5.68315 -0.16357 -0.2723 0.20232285057861274 0.19772460397455335 0.22531408359890964
v 5.7534 -0.14116 -0.2534 0.20232285057861274 0.19772460397455335 0.22531408359890964
v 5.69693 -0.13912 -0.2928 0.20232285057861274 0.19772460397455335 0.22531408359890964
v 5.68315 -0.16357 -0.2723 0.20232285057861274 0.19772460397455335 0.22531408359890964
v 5.73566 -0.16545 -0.23566 0.20232285057861274 0.19772460397455335 0.22531408359890964
v 5.7534 -0.14116 -0.2534 0.20232285057861274 0.19772460397455335 0.22531408359890964
v 5.73566 -0.16545 -0.23566 0.20995868682863567 0.20518689849162122 0.2338176285137079
v 5.77145 -0.14406 -0.18257 0.20995868682863567 0.20518689849162122 0.2338176285137079
v 5.7534 -0.14116 -0.2534 0.20995868682863567 0.20518689849162122 0.2338176285137079
v 5.73566 -0.16545 -0.23566 0.20995868682863567 0.20518689849162122 0.2338176285137079
v 5.75244 -0.1681 -0.16979 0.20995868682863567 0.20518689849162122 0.2338176285137079
v 5.77145 -0.14406 -0.18257 0.20995868682863567 0.20518689849162122 0.2338176285137079
v 5.75244 -0.1681 -0.16979 0.2103405441183715 0.20556007720659034 0.23424287867727736
v 5.81517 -0.153 0.0 0.2103405441183715 0.20556007720659034 0.23424287867727736
v 5.77145 -0.14406 -0.18257 0.2103405441183715 0.20556007720659034 0.23424287867727736
v 5.75244 -0.1681 -0.16979 0.2103405441183715 0.20556007720659034 0.23424287867727736
v 5.79311 -0.17621 0.0 0.2103405441183715 0.20556007720659034 0.23424287867727736
v 5.81517 -0.153 0.0 0.2103405441183715 0.20556007720659034 0.23424287867727736
v 5.81517 -0.153 0.0 0.20589967291156372 0.20122013489084634 0.2292973630151505
v 5.78494 0.11105 0.19165 0.20589967291156372 0.20122013489084634 0.2292973630151505
v 5.81517 0.119 0.0 0.20589967291156372 0.20122013489084634 0.2292973630151505
v 5.81517 -0.153 0.0 0.20589967291156372 0.20122013489084634 0.2292973630151505
v 5.78494 -0.16095 0.19165 0.20589967291156372 0.20122013489084634 0.2292973630151505
v 5.78494 0.11105 0.19165 0.20589967291156372 0.20122013489084634 0.2292973630151505
v 5.78494 -0.16095 0.19165 0.19591756037574726 0.19146488854902574 0.2181809195093549
v 5.77406 0.10736 0.27406 0.19591756037574726 0.19146488854902574 0.2181809195093549
v 5.78494 0.11105 0.19165 0.19591756037574726 0.19146488854902574 0.2181809195093549
v 5.78494 -0.16095 0.19165 0.19591756037574726 0.19146488854902574 0.2181809195093549
v 5.77406 -0.16464 0.27406 0.19591756037574726 0.19146488854902574 0.2181809195093549
v 5.77406 0.10736 0.27406 0.19591756037574726 0.19146488854902574 0.2181809195093549
v 5.77406 -0.16464 0.27406 0.18719862777238197 0.18294411350482784 0.20847119911015266
v 5.68373 0.11129 0.27317 0.18719862777238197 0.18294411350482784 0.20847119911015266
v 5.77406 0.10736 0.27406 0.18719862777238197 0.18294411350482784 0.20847119911015266
v 5.77406 -0.16464 0.27406 0.18719862777238197 0.18294411350482784 0.20847119911015266
v 5.68373 -0.16071 0.27317 0.18719862777238197 0.18294411350482784 0.20847119911015266
v 5.68373 0.11129 0.27317 0.18719862777238197 0.18294411350482784 0.20847119911015266
v 5.68373 -0.16071 0.27317 0.18503166262197732 0.18082639756238691 0.20605798791992927
v 5.5 0.11643 0.29637 0.18503166262197732 0.18082639756238691 0.20605798791992927
v 5.68373 0.11129 0.27317 0.18503166262197732 0.18082639756238691 0.20605798791992927
v 5.68373 -0.16071 0.27317 0.18503166262197732 0.18082639756238691 0.20605798791992927
v 5.5 -0.15557 0.29637 0.18503166262197732 0.18082639756238691 0.20605798791992927
v 5.5 0.11643 0.29637 0.18503166262197732 0.18082639756238691 0.20605798791992927
v 5.5 -0.15557 0.29637 0.19073111690692585 0.1863963187954048 0.21240510746453106
v 5.3075 0.12018 0.2862 0.19073111690692585 0.1863963187954048 0.21240510746453106
v 5.5 0.11643 0.29637 0.19073111690692585 0.1863963187954048 0.21240510746453106
v 5.5 -0.15557 0.29637 0.19073111690692585 0.1863963187954048 0.21240510746453106
v 5.3075 -0.15182 0.2862 0.19073111690692585 0.1863963187954048 0.21240510746453106
v 5.3075 0.12018 0.2862 0.19073111690692585 0.1863963187954048 0.21240510746453106
v 5.3075 -0.15182 0.2862 0.200839778137213 0.19627523772500358 0.2236624801982599
v 5.24004 0.12111 0.25996 0.200839778137213 0.19627523772500358 0.2236624801982599
v 5.3075 0.12018 0.2862 0.200839778137213 0.19627523772500358 0.2236624801982599
v 5.3075 -0.15182 0.2862 0.200839778137213 0.19627523772500358 0.2236624801982599
v 5.24004 -0.15089 0.25996 0.200839778137213 0.19627523772500358 0.2236624801982599
v 5.24004 0.12111 0.25996 0.200839778137213 0.19627523772500358 0.2236624801982599
v 5.24004 -0.15089 0.25996 0.20922586805558147 0.2044707346906819 0.23300153488007935
v 5.19245 0.12195 0.20686 0.20922586805558147 0.2044707346906819 0.23300153488007935
v 5.24004 0.12111 0.25996 0.20922586805558147 0.2044707346906819 0.23300153488007935
v 5.24004 -0.15089 0.25996 0.20922586805558147 0.2044707346906819 0.23300153488007935
v 5.19245 -0.15005 0.20686 0.20922586805558147 0.2044707346906819 0.23300153488007935
v 5.19245 0.12195 0.20686 0.20922586805558147 0.2044707346906819 0.23300153488007935
v 5.19245 -0.15005 0.20686 0.21080249704792617 0.20601153120592786 0.2347573262579178
v 5.21517 0.125 0.0 0.21080249704792617 0.20601153120592786 0.2347573262579178
v 5.19245 0.12195 0.20686 0.21080249704792617 0.20601153120592786 0.2347573262579178
v 5.19245 -0.15005 0.20686 0.21080249704792617 0.20601153120592786 0.2347573262579178
v 5.21517 -0.147 0.0 0.21080249704792617 0.20601153120592786 0.2347573262579178
v 5.21517 0.125 0.0 0.21080249704792617 0.20601153120592786 0.2347573262579178
v 5.21517 -0.147 0.0 0.2046133031237934 0.19996300078007082 0.22786481484240628
v 5.20594 0.12571 -0.19778 0.2046133031237934 0.19996300078007082 0.22786481484240628
v 5.21517 0.125 0.0 0.2046133031237934 0.19996300078007082 0.22786481484240628
v 5.21517 -0.147 0.0 0.2046133031237934 0.19996300078007082 0.22786481484240628
v 5.20594 -0.14629 -0.19778 0.2046133031237934 0.19996300078007082 0.22786481484240628
v 5.20594 0.12571 -0.19778 0.2046133031237934 0.19996300078007082 0.22786481484240628
v 5.20594 -0.14629 -0.19778 0.19441256826666095 0.189994100806055 0.2165049055696906
v 5.2607 0.12757 -0.2393 0.19441256826666095 0.189994100806055 0.2165049055696906
v 5.20594 0.12571 -0.19778 0.19441256826666095 0.189994100806055 0.2165049055696906
v 5.20594 -0.14629 -0.19778 0.19441256826666095 0.189994100806055 0.2165049055696906
v 5.2607 -0.14443 -0.2393 0.19441256826666095 0.189994100806055 0.2165049055696906
v 5.2607 0.12757 -0.2393 0.19441256826666095 0.189994100806055 0.2165049055696906
v 5.2607 -0.14443 -0.2393 0.1863879213603218 0.18215183223849632 0.2075683669694493
v 5.2943 0.12877 -0.30583 0.1863879213603218 0.18215183223849632 0.2075683669694493
v 5.2607 0.12757 -0.2393 0.1863879213603218 0.18215183223849632 0.2075683669694493
v 5.2607 -0.14443 -0.2393 0.1863879213603218 0.18215183223849632 0.2075683669694493
v 5.2943 -0.14323 -0.30583 0.1863879213603218 0.18215183223849632 0.2075683669694493
v 5.2943 0.12877 -0.30583 0.1863879213603218 0.18215183223849632 0.2075683669694493
v 5.2943 -0.14323 -0.30583 0.18540700553787787 0.18119320995747154 0.20647598343990942
v 5.5 0.13316 -0.30363 0.18540700553787787 0.18119320995747154 0.20647598343990942
v 5.2943 0.12877 -0.30583 0.18540700553787787 0.18119320995747154 0.20647598343990942
v 5.2943 -0.14323 -0.30583 0.18540700553787787 0.18119320995747154 0.20647598343990942
v 5.5 -0.13884 -0.30363 0.18540700553787787 0.18119320995747154 0.20647598343990942
v 5.5 0.13316 -0.30363 0.18540700553787787 0.18119320995747154 0.20647598343990942
v 5.5 -0.13884 -0.30363 0.19206483117461365 0.18769972137519061 0.21389038017172884
v 5.69693 0.13288 -0.2928 0.19206483117461365 0.18769972137519061 0.21389038017172884
v 5.5 0.13316 -0.30363 0.19206483117461365 0.18769972137519061 0.21389038017172884
v 5.5 -0.13884 -0.30363 0.19206483117461365 0.18769972137519061 0.21389038017172884
v 5.69693 -0.13912 -0.2928 0.19206483117461365 0.18769972137519061 0.21389038017172884
v 5.69693 0.13288 -0.2928 0.19206483117461365 0.18769972137519061 0.21389038017172884
v 5.69693 -0.13912 -0.2928 0.20232285057861274 0.19772460397455335 0.22531408359890964
v 5.7534 0.13084 -0.2534 0.20232285057861274 0.19772460397455335 0.22531408359890964
v 5.69693 0.13288 -0.2928 0.20232285057861274 0.19772460397455335 0.22531408359890964
v 5.69693 -0.13912 -0.2928 0.20232285057861274 0.19772460397455335 0.22531408359890964
v 5.7534 -0.14116 -0.2534 0.20232285057861274 0.19772460397455335 0.22531408359890964
v 5.7534 0.13084 -0.2534 0.20232285057861274 0.19772460397455335 0.22531408359890964
v 5.7534 -0.14116 -0.2534 0.20995868682863567 0.20518689849162122 0.2338176285137079
v 5.77145 0.12794 -0.18257 0.20995868682863567 0.20518689849162122 0.2338176285137079
v 5.7534 0.13084 -0.2534 0.20995868682863567 0.20518689849162122 0.2338176285137079
v 5.7534 -0.14116 -0.2534 0.20995868682863567 0.20518689849162122 0.2338176285137079
v 5.77145 -0.14406 -0.18257 0.20995868682863567 0.20518689849162122 0.2338176285137079
v 5.77145 0.12794 -0.18257 0.20995868682863567 0.20518689849162122 0.2338176285137079
v 5.77145 -0.14406 -0.18257 0.2103405441183715 0.20556007720659034 0.23424287867727736
v 5.81517 0.119 0.0 0.2103405441183715 0.20556007720659034 0.23424287867727736
v 5.77145 0.12794 -0.18257 0.2103405441183715 0.20556007720659034 0.23424287867727736
v 5.77145 -0.14406 -0.18257 0.2103405441183715 0.20556007720659034 0.23424287867727736
v 5.81517 -0.153 0.0 0.2103405441183715 0.20556007720659034 0.23424287867727736
v 5.81517 0.119 0.0 0.2103405441183715 0.20556007720659034 0.23424287867727736
v 5.81517 0.119 0.0 0.2256996729115637 0.22057013489084634 0.2513473630151505
v 5.76499 0.21656 0.17823 0.2256996729115637 0.22057013489084634 0.2513473630151505
v 5.79311 0.22379 0.0 0.2256996729115637 0.22057013489084634 0.2513473630151505
v 5.81517 0.119 0.0 0.2256996729115637 0.22057013489084634 0.2513473630151505
v 5.78494 0.11105 0.19165 0.2256996729115637 0.22057013489084634 0.2513473630151505
v 5.76499 0.21656 0.17823 0.2256996729115637 0.22057013489084634 0.2513473630151505
v 5.78494 0.11105 0.19165 0.21571756037574727 0.21081488854902572 0.2402309195093549
v 5.75487 0.2132 0.25487 0.21571756037574727 0.21081488854902572 0.2402309195093549
v 5.76499 0.21656 0.17823 0.21571756037574727 0.21081488854902572 0.2402309195093549
v 5.78494 0.11105 0.19165 0.21571756037574727 0.21081488854902572 0.2402309195093549
v 5.77406 0.10736 0.27406 0.21571756037574727 0.21081488854902572 0.2402309195093549
v 5.75487 0.2132 0.25487 0.21571756037574727 0.21081488854902572 0.2402309195093549
v 5.77406 0.10736 0.27406 0.20699862777238198 0.20229411350482784 0.23052119911015265
v 5.67087 0.21669 0.25404 0.20699862777238198 0.20229411350482784 0.23052119911015265
v 5.75487 0.2132 0.25487 0.20699862777238198 0.20229411350482784 0.23052119911015265
v 5.77406 0.10736 0.27406 0.20699862777238198 0.20229411350482784 0.23052119911015265
v 5.68373 0.11129 0.27317 0.20699862777238198 0.20229411350482784 0.23052119911015265
v 5.67087 0.21669 0.25404 0.20699862777238198 0.20229411350482784 0.23052119911015265
v 5.68373 0.11129 0.27317 0.2048316626219773 0.20017639756238692 0.22810798791992926
v 5.5 0.22123 0.27562 0.2048316626219773 0.20017639756238692 0.22810798791992926
v 5.67087 0.21669 0.25404 0.2048316626219773 0.20017639756238692 0.22810798791992926
v 5.68373 0.11129 0.27317 0.2048316626219773 0.20017639756238692 0.22810798791992926
v 5.5 0.11643 0.29637 0.2048316626219773 0.20017639756238692 0.22810798791992926
v 5.5 0.22123 0.27562 0.2048316626219773 0.20017639756238692 0.22810798791992926
v 5.5 0.11643 0.29637 0.21053111690692586 0.2057463187954048 0.23445510746453105
v 5.32098 0.22462 0.26617 0.21053111690692586 0.2057463187954048 0.23445510746453105
v 5.5 0.22123 0.27562 0.21053111690692586 0.2057463187954048 0.23445510746453105
v 5.5 0.11643 0.29637 0.21053111690692586 0.2057463187954048 0.23445510746453105
v 5.3075 0.12018 0.2862 0.21053111690692586 0.2057463187954048 0.23445510746453105
v 5.32098 0.22462 0.26617 0.21053111690692586 0.2057463187954048 0.23445510746453105
v 5.3075 0.12018 0.2862 0.220639778137213 0.2156252377250036 0.24571248019825992
v 5.25824 0.22552 0.24176 0.220639778137213 0.2156252377250036 0.24571248019825992
v 5.32098 0.22462 0.26617 0.220639778137213 0.2156252377250036 0.24571248019825992
v 5.3075 0.12018 0.2862 0.220639778137213 0.2156252377250036 0.24571248019825992
v 5.24004 0.12111 0.25996 0.220639778137213 0.2156252377250036 0.24571248019825992
v 5.25824 0.22552 0.24176 0.220639778137213 0.2156252377250036 0.24571248019825992
v 5.24004 0.12111 0.25996 0.22902586805558148 0.2238207346906819 0.25505153488007937
v 5.21398 0.22637 0.19238 0.22902586805558148 0.2238207346906819 0.25505153488007937
v 5.25824 0.22552 0.24176 0.22902586805558148 0.2238207346906819 0.25505153488007937
v 5.24004 0.12111 0.25996 0.22902586805558148 0.2238207346906819 0.25505153488007937
v 5.19245 0.12195 0.20686 0.22902586805558148 0.2238207346906819 0.25505153488007937
v 5.21398 0.22637 0.19238 0.22902586805558148 0.2238207346906819 0.25505153488007937
v 5.19245 0.12195 0.20686 0.23060249704792615 0.22536153120592783 0.25680732625791775
v 5.23511 0.22938 0.0 0.23060249704792615 0.22536153120592783 0.25680732625791775
v 5.21398 0.22637 0.19238 0.23060249704792615 0.22536153120592783 0.25680732625791775
v 5.19245 0.12195 0.20686 0.23060249704792615 0.22536153120592783 0.25680732625791775
v 5.21517 0.125 0.0 0.23060249704792615 0.22536153120592783 0.25680732625791775
v 5.23511 0.22938 0.0 0.23060249704792615 0.22536153120592783 0.25680732625791775
v 5.21517 0.125 0.0 0.2244133031237934 0.2193130007800708 0.24991481484240627
v 5.22652 0.23037 -0.18394 0.2244133031237934 0.2193130007800708 0.24991481484240627
v 5.23511 0.22938 0.0 0.2244133031237934 0.2193130007800708 0.24991481484240627
v 5.21517 0.125 0.0 0.2244133031237934 0.2193130007800708 0.24991481484240627
v 5.20594 0.12571 -0.19778 0.2244133031237934 0.2193130007800708 0.24991481484240627
v 5.22652 0.23037 -0.18394 0.2244133031237934 0.2193130007800708 0.24991481484240627
v 5.20594 0.12571 -0.19778 0.21421256826666094 0.209344100806055 0.23855490556969058
v 5.27745 0.23203 -0.22255 0.21421256826666094 0.209344100806055 0.23855490556969058
v 5.22652 0.23037 -0.18394 0.21421256826666094 0.209344100806055 0.23855490556969058
v 5.20594 0.12571 -0.19778 0.21421256826666094 0.209344100806055 0.23855490556969058
v 5.2607 0.12757 -0.2393 0.21421256826666094 0.209344100806055 0.23855490556969058
v 5.27745 0.23203 -0.22255 0.21421256826666094 0.209344100806055 0.23855490556969058
v 5.2607 0.12757 -0.2393 0.20618792136032182 0.20150183223849633 0.2296183669694493
v 5.3087 0.23317 -0.28443 0.20618792136032182 0.20150183223849633 0.2296183669694493
v 5.27745 0.23203 -0.22255 0.20618792136032182 0.20150183223849633 0.2296183669694493
v 5.2607 0.12757 -0.2393 0.20618792136032182 0.20150183223849633 0.2296183669694493
v 5.2943 0.12877 -0.30583 0.20618792136032182 0.20150183223849633 0.2296183669694493
v 5.3087 0.23317 -0.28443 0.20618792136032182 0.20150183223849633 0.2296183669694493
v 5.2943 0.12877 -0.30583 0.20520700553787785 0.20054320995747152 0.2285259834399094
v 5.5 0.23681 -0.28238 0.20520700553787785 0.20054320995747152 0.2285259834399094
v 5.3087 0.23317 -0.28443 0.20520700553787785 0.20054320995747152 0.2285259834399094
v 5.2943 0.12877 -0.30583 0.20520700553787785 0.20054320995747152 0.2285259834399094
v 5.5 0.13316 -0.30363 0.20520700553787785 0.20054320995747152 0.2285259834399094
v 5.5 0.23681 -0.28238 0.20520700553787785 0.20054320995747152 0.2285259834399094
v 5.5 0.13316 -0.30363 0.21186483117461366 0.2070497213751906 0.23594038017172883
v 5.68315 0.23643 -0.2723 0.21186483117461366 0.2070497213751906 0.23594038017172883
v 5.5 0.23681 -0.28238 0.21186483117461366 0.2070497213751906 0.23594038017172883
v 5.5 0.13316 -0.30363 0.21186483117461366 0.2070497213751906 0.23594038017172883
v 5.69693 0.13288 -0.2928 0.21186483117461366 0.2070497213751906 0.23594038017172883
v 5.68315 0.23643 -0.2723 0.21186483117461366 0.2070497213751906 0.23594038017172883
v 5.69693 0.13288 -0.2928 0.22212285057861275 0.2170746039745534 0.24736408359890966
v 5.73566 0.23455 -0.23566 0.22212285057861275 0.2170746039745534 0.24736408359890966
v 5.68315 0.23643 -0.2723 0.22212285057861275 0.2170746039745534 0.24736408359890966
v 5.69693 0.13288 -0.2928 0.22212285057861275 0.2170746039745534 0.24736408359890966
v 5.7534 0.13084 -0.2534 0.22212285057861275 0.2170746039745534 0.24736408359890966
v 5.73566 0.23455 -0.23566 0.22212285057861275 0.2170746039745534 0.24736408359890966
v 5.7534 0.13084 -0.2534 0.22975868682863568 0.2245368984916212 0.25586762851370787
v 5.75244 0.2319 -0.16979 0.22975868682863568 0.2245368984916212 0.25586762851370787
v 5.73566 0.23455 -0.23566 0.22975868682863568 0.2245368984916212 0.25586762851370787
v 5.7534 0.13084 -0.2534 0.22975868682863568 0.2245368984916212 0.25586762851370787
v 5.77145 0.12794 -0.18257 0.22975868682863568 0.2245368984916212 0.25586762851370787
v 5.75244 0.2319 -0.16979 0.22975868682863568 0.2245368984916212 0.25586762851370787
v 5.77145 0.12794 -0.18257 0.2301405441183715 0.22491007720659034 0.25629287867727735
v 5.79311 0.22379 0.0 0.2301405441183715 0.22491007720659034 0.25629287867727735
v 5.75244 0.2319 -0.16979 0.2301405441183715 0.22491007720659034 0.25629287867727735
v 5.77145 0.12794 -0.18257 0.2301405441183715 0.22491007720659034 0.25629287867727735
v 5.81517 0.119 0.0 0.2301405441183715 0.22491007720659034 0.25629287867727735
v 5.79311 0.22379 0.0 0.2301405441183715 0.22491007720659034 0.25629287867727735
v 5.5 0.15 0.0 0.28 0.27 0.295
v 5.76499 0.21656 0.17823 0.28 0.27 0.295
v 5.79311 0.22379 0.0 0.28 0.27 0.295
v 5.5 -0.25 0.0 0.16 0.15 0.18
v 5.79311 -0.17621 0.0 0.16 0.15 0.18
v 5.76499 -0.18344 0.17823 0.16 0.15 0.18
v 5.5 0.15 0.0 0.28 0.27 0.295
v 5.75487 0.2132 0.25487 0.28 0.27 0.295
v 5.76499 0.21656 0.17823 0.28 0.27 0.295
v 5.5 -0.25 0.0 0.16 0.15 0.18
v 5.76499 -0.18344 0.17823 0.16 0.15 0.18
v 5.75487 -0.1868 0.25487 0.16 0.15 0.18
v 5.5 0.15 0.0 0.28 0.27 0.295
v 5.67087 0.21669 0.25404 0.28 0.27 0.295
v 5.75487 0.2132 0.25487 0.28 0.27 0.295
v 5.5 -0.25 0.0 0.16 0.15 0.18
v 5.75487 -0.1868 0.25487 0.16 0.15 0.18
v 5.67087 -0.18331 0.25404 0.16 0.15 0.18
v 5.5 0.15 0.0 0.28 0.27 0.295
v 5.5 0.22123 0.27562 0.28 0.27 0.295
v 5.67087 0.21669 0.25404 0.28 0.27 0.295
v 5.5 -0.25 0.0 0.16 0.15 0.18
v 5.67087 -0.18331 0.25404 0.16 0.15 0.18
v 5.5 -0.17877 0.27562 0.16 0.15 0.18
v 5.5 0.15 0.0 0.28 0.27 0.295
v 5.32098 0.22462 0.26617 0.28 0.27 0.295
v 5.5 0.22123 0.27562 0.28 0.27 0.295
v 5.5 -0.25 0.0 0.16 0.15 0.18
v 5.5 -0.17877 0.27562 0.16 0.15 0.18
v 5.32098 -0.17538 0.26617 0.16 0.15 0.18
v 5.5 0.15 0.0 0.28 0.27 0.295
v 5.25824 0.22552 0.24176 0.28 0.27 0.295
v 5.32098 0.22462 0.26617 0.28 0.27 0.295
v 5.5 -0.25 0.0 0.16 0.15 0.18
v 5.32098 -0.17538 0.26617 0.16 0.15 0.18
v 5.25824 -0.17448 0.24176 0.16 0.15 0.18
v 5.5 0.15 0.0 0.28 0.27 0.295
v 5.21398 0.22637 0.19238 0.28 0.27 0.295
v 5.25824 0.22552 0.24176 0.28 0.27 0.295
v 5.5 -0.25 0.0 0.16 0.15 0.18
v 5.25824 -0.17448 0.24176 0.16 0.15 0.18
v 5.21398 -0.17363 0.19238 0.16 0.15 0.18
v 5.5 0.15 0.0 0.28 0.27 0.295
v 5.23511 0.22938 0.0 0.28 0.27 0.295
v 5.21398 0.22637 0.19238 0.28 0.27 0.295
v 5.5 -0.25 0.0 0.16 0.15 0.18
v 5.21398 -0.17363 0.19238 0.16 0.15 0.18
v 5.23511 -0.17062 0.0 0.16 0.15 0.18
v 5.5 0.15 0.0 0.28 0.27 0.295
v 5.22652 0.23037 -0.18394 0.28 0.27 0.295
v 5.23511 0.22938 0.0 0.28 0.27 0.295
v 5.5 -0.25 0.0 0.16 0.15 0.18
v 5.23511 -0.17062 0.0 0.16 0.15 0.18
v 5.22652 -0.16963 -0.18394 0.16 0.15 0.18
v 5.5 0.15 0.0 0.28 0.27 0.295
v 5.27745 0.23203 -0.22255 0.28 0.27 0.295
v 5.22652 0.23037 -0.18394 0.28 0.27 0.295
v 5.5 -0.25 0.0 0.16 0.15 0.18
v 5.22652 -0.16963 -0.18394 0.16 0.15 0.18
v 5.27745 -0.16797 -0.22255 0.16 0.15 0.18
v 5.5 0.15 0.0 0.28 0.27 0.295
v 5.3087 0.23317 -0.28443 0.28 0.27 0.295
v 5.27745 0.23203 -0.22255 0.28 0.27 0.295
v 5.5 -0.25 0.0 0.16 0.15 0.18
v 5.27745 -0.16797 -0.22255 0.16 0.15 0.18
v 5.3087 -0.16683 -0.28443 0.16 0.15 0.18
v 5.5 0.15 0.0 0.28 0.27 0.295
v 5.5 0.23681 -0.28238 0.28 0.27 0.295
v 5.3087 0.23317 -0.28443 0.28 0.27 0.295
v 5.5 -0.25 0.0 0.16 0.15 0.18
v 5.3087 -0.16683 -0.28443 0.16 0.15 0.18
v 5.5 -0.16319 -0.28238 0.16 0.15 0.18
v 5.5 0.15 0.0 0.28 0.27 0.295
v 5.68315 0.23643 -0.2723 0.28 0.27 0.295
v 5.5 0.23681 -0.28238 0.28 0.27 0.295
v 5.5 -0.25 0.0 0.16 0.15 0.18
v 5.5 -0.16319 -0.28238 0.16 0.15 0.18
v 5.68315 -0.16357 -0.2723 0.16 0.15 0.18
v 5.5 0.15 0.0 0.28 0.27 0.295
v 5.73566 0.23455 -0.23566 0.28 0.27 0.295
v 5.68315 0.23643 -0.2723 0.28 0.27 0.295
v 5.5 -0.25 0.0 0.16 0.15 0.18
v 5.68315 -0.16357 -0.2723 0.16 0.15 0.18
v 5.73566 -0.16545 -0.23566 0.16 0.15 0.18
v 5.5 0.15 0.0 0.28 0.27 0.295
v 5.75244 0.2319 -0.16979 0.28 0.27 0.295
v 5.73566 0.23455 -0.23566 0.28 0.27 0.295
v 5.5 -0.25 0.0 0.16 0.15 0.18
v 5.73566 -0.16545 -0.23566 0.16 0.15 0.18
v 5.75244 -0.1681 -0.16979 0.16 0.15 0.18
v 5.5 0.15 0.0 0.28 0.27 0.295
v 5.79311 0.22379 0.0 0.28 0.27 0.295
v 5.75244 0.2319 -0.16979 0.28 0.27 0.295
v 5.5 -0.25 0.0 0.16 0.15 0.18
v 5.75244 -0.1681 -0.16979 0.16 0.15 0.18
v 5.79311 -0.17621 0.0 0.16 0.15 0.18
v -3.60086 -0.26843 2.50194 0.18509656050988613 0.1808898204982978 0.2061302605678277
v -3.59514 -0.25208 2.76343 0.18509656050988613 0.1808898204982978 0.2061302605678277
v -3.5669 -0.23913 2.50194 0.18509656050988613 0.1808898204982978 0.2061302605678277
v -3.60086 -0.26843 2.50194 0.18509656050988613 0.1808898204982978 0.2061302605678277
v -3.62711 -0.28073 2.74512 0.18509656050988613 0.1808898204982978 0.2061302605678277
v -3.59514 -0.25208 2.76343 0.18509656050988613 0.1808898204982978 0.2061302605678277
v -3.62711 -0.28073 2.74512 0.18701418005818124 0.18276385778413168 0.2082657914284291
v -3.63534 -0.25506 2.8565 0.18701418005818124 0.18276385778413168 0.2082657914284291
v -3.59514 -0.25208 2.76343 0.18701418005818124 0.18276385778413168 0.2082657914284291
v -3.62711 -0.28073 2.74512 0.18701418005818124 0.18276385778413168 0.2082657914284291
v -3.6645 -0.28354 2.83168 0.18701418005818124 0.18276385778413168 0.2082657914284291
v -3.63534 -0.25506 2.8565 0.18701418005818124 0.18276385778413168 0.2082657914284291
v -3.6645 -0.28354 2.83168 0.1955956505678237 0.19115029487310042 0.21782242904144003
v -3.77169 -0.24816 2.85656 0.1955956505678237 0.19115029487310042 0.21782242904144003
v -3.63534 -0.25506 2.8565 0.1955956505678237 0.19115029487310042 0.21782242904144003
v -3.6645 -0.28354 2.83168 0.1955956505678237 0.19115029487310042 0.21782242904144003
v -3.79131 -0.27687 2.83174 0.1955956505678237 0.19115029487310042 0.21782242904144003
v -3.77169 -0.24816 2.85656 0.1955956505678237 0.19115029487310042 0.21782242904144003
v -3.79131 -0.27687 2.83174 0.2056355671797944 0.2009620315620718 0.2290032452684074
v -4.05195 -0.23504 2.91278 0.2056355671797944 0.2009620315620718 0.2290032452684074
v -3.77169 -0.24816 2.85656 0.2056355671797944 0.2009620315620718 0.2290032452684074
v -3.79131 -0.27687 2.83174 0.2056355671797944 0.2009620315620718 0.2290032452684074
v -4.05195 -0.26445 2.88402 0.2056355671797944 0.2009620315620718 0.2290032452684074
v -4.05195 -0.23504 2.91278 0.2056355671797944 0.2009620315620718 0.2290032452684074
v -4.05195 -0.26445 2.88402 0.2110438511998437 0.20624740003621087 0.23502610701800775
v -4.3485 -0.21398 2.87718 0.2110438511998437 0.20624740003621087 0.23502610701800775
v -4.05195 -0.23504 2.91278 0.2110438511998437 0.20624740003621087 0.23502610701800775
v -4.05195 -0.26445 2.88402 0.2110438511998437 0.20624740003621087 0.23502610701800775
v -4.32774 -0.24485 2.85091 0.2110438511998437 0.20624740003621087 0.23502610701800775
v -4.3485 -0.21398 2.87718 0.2110438511998437 0.20624740003621087 0.23502610701800775
v -4.32774 -0.24485 2.85091 0.20853991011352002 0.20380036670184912 0.23223762717187457
v -4.48073 -0.20529 2.86687 0.20853991011352002 0.20380036670184912 0.23223762717187457
v -4.3485 -0.21398 2.87718 0.20853991011352002 0.20380036670184912 0.23223762717187457
v -4.32774 -0.24485 2.85091 0.20853991011352002 0.20380036670184912 0.23223762717187457
v -4.45072 -0.23674 2.84132 0.20853991011352002 0.20380036670184912 0.23223762717187457
v -4.48073 -0.20529 2.86687 0.20853991011352002 0.20380036670184912 0.23223762717187457
v -4.45072 -0.23674 2.84132 0.199642600984167 0.19510526914361775 0.22232926018691326
v -4.50393 -0.19774 2.76066 0.199642600984167 0.19510526914361775 0.22232926018691326
v -4.48073 -0.20529 2.86687 0.199642600984167 0.19510526914361775 0.22232926018691326
v -4.45072 -0.23674 2.84132 0.199642600984167 0.19510526914361775 0.22232926018691326
v -4.47229 -0.22965 2.74255 0.199642600984167 0.19510526914361775 0.22232926018691326
v -4.50393 -0.19774 2.76066 0.199642600984167 0.19510526914361775 0.22232926018691326
v -4.47229 -0.22965 2.74255 0.18974891213937908 0.1854364368634841 0.21131128851885397
v -4.5069 -0.18341 2.50194 0.18974891213937908 0.1854364368634841 0.21131128851885397
v -4.50393 -0.19774 2.76066 0.18974891213937908 0.1854364368634841 0.21131128851885397
v -4.47229 -0.22965 2.74255 0.18974891213937908 0.1854364368634841 0.21131128851885397
v -4.47506 -0.21612 2.50194 0.18974891213937908 0.1854364368634841 0.21131128851885397
v -4.5069 -0.18341 2.50194 0.18974891213937908 0.1854364368634841 0.21131128851885397
v -4.47506 -0.21612 2.50194 0.18486022247201764 0.18065885377947177 0.2058670659347469
v -4.50223 -0.17114 2.24419 0.18486022247201764 0.18065885377947177 0.2058670659347469
v -4.5069 -0.18341 2.50194 0.18486022247201764 0.18065885377947177 0.2058670659347469
v -4.47506 -0.21612 2.50194 0.18486022247201764 0.18065885377947177 0.2058670659347469
v -4.47071 -0.20433 2.26223 0.18486022247201764 0.18065885377947177 0.2058670659347469
v -4.50223 -0.17114 2.24419 0.18486022247201764 0.18065885377947177 0.2058670659347469
v -4.47071 -0.20433 2.26223 0.18794194553447208 0.1836705376814159 0.20929898479975298
v -4.4396 -0.17013 2.17203 0.18794194553447208 0.1836705376814159 0.20929898479975298
v -4.50223 -0.17114 2.24419 0.18794194553447208 0.1836705376814159 0.20929898479975298
v -4.47071 -0.20433 2.26223 0.18794194553447208 0.1836705376814159 0.20929898479975298
v -4.41246 -0.20344 2.19512 0.18794194553447208 0.1836705376814159 0.20929898479975298
v -4.4396 -0.17013 2.17203 0.18794194553447208 0.1836705376814159 0.20929898479975298
v -4.41246 -0.20344 2.19512 0.1971247494697574 0.1926446415272629 0.21952528918222983
v -4.3818 -0.16826 2.08456 0.1971247494697574 0.1926446415272629 0.21952528918222983
v -4.4396 -0.17013 2.17203 0.1971247494697574 0.1926446415272629 0.21952528918222983
v -4.41246 -0.20344 2.19512 0.1971247494697574 0.1926446415272629 0.21952528918222983
v -4.35871 -0.20171 2.11378 0.1971247494697574 0.1926446415272629 0.21952528918222983
v -4.3818 -0.16826 2.08456 0.1971247494697574 0.1926446415272629 0.21952528918222983
v -4.35871 -0.20171 2.11378 0.20683846863196859 0.2021375943448784 0.23034284006741956
v -4.05195 -0.18553 2.11278 0.20683846863196859 0.2021375943448784 0.23034284006741956
v -4.3818 -0.16826 2.08456 0.20683846863196859 0.2021375943448784 0.23034284006741956
v -4.35871 -0.20171 2.11378 0.20683846863196859 0.2021375943448784 0.23034284006741956
v -4.05195 -0.21833 2.14002 0.20683846863196859 0.2021375943448784 0.23034284006741956
v -4.05195 -0.18553 2.11278 0.20683846863196859 0.2021375943448784 0.23034284006741956
v -4.05195 -0.21833 2.14002 0.21119089132273638 0.20639109833812874 0.23518985624577463
v -3.73839 -0.20432 2.10518 0.21119089132273638 0.20639109833812874 0.23518985624577463
v -4.05195 -0.18553 2.11278 0.21119089132273638 0.20639109833812874 0.23518985624577463
v -4.05195 -0.21833 2.14002 0.21119089132273638 0.20639109833812874 0.23518985624577463
v -3.76034 -0.23586 2.13295 0.21119089132273638 0.20639109833812874 0.23518985624577463
v -3.73839 -0.20432 2.10518 0.21119089132273638 0.20639109833812874 0.23518985624577463
v -3.76034 -0.23586 2.13295 0.20754189634167097 0.20282503506117844 0.23112620274413356
v -3.67648 -0.21313 2.18239 0.20754189634167097 0.20282503506117844 0.23112620274413356
v -3.73839 -0.20432 2.10518 0.20754189634167097 0.20282503506117844 0.23112620274413356
v -3.76034 -0.23586 2.13295 0.20754189634167097 0.20282503506117844 0.23112620274413356
v -3.70276 -0.24406 2.20476 0.20754189634167097 0.20282503506117844 0.23112620274413356
v -3.67648 -0.21313 2.18239 0.20754189634167097 0.20282503506117844 0.23112620274413356
v -3.70276 -0.24406 2.20476 0.1981049150795385 0.19360253064591262 0.22061683724766787
v -3.59683 -0.22182 2.24142 0.1981049150795385 0.19360253064591262 0.22061683724766787
v -3.67648 -0.21313 2.18239 0.1981049150795385 0.19360253064591262 0.22061683724766787
v -3.70276 -0.24406 2.20476 0.1981049150795385 0.19360253064591262 0.22061683724766787
v -3.62869 -0.25217 2.25966 0.1981049150795385 0.19360253064591262 0.22061683724766787
v -3.59683 -0.22182 2.24142 0.1981049150795385 0.19360253064591262 0.22061683724766787
v -3.62869 -0.25217 2.25966 0.1886042937379811 0.18431783251666334 0.21003659984456985
v -3.5669 -0.23913 2.50194 0.1886042937379811 0.18431783251666334 0.21003659984456985
v -3.59683 -0.22182 2.24142 0.1886042937379811 0.18431783251666334 0.21003659984456985
v -3.62869 -0.25217 2.25966 0.1886042937379811 0.18431783251666334 0.21003659984456985
v -3.60086 -0.26843 2.50194 0.1886042937379811 0.18431783251666334 0.21003659984456985
v -3.5669 -0.23913 2.50194 0.1886042937379811 0.18431783251666334 0.21003659984456985
v -3.5669 -0.23913 2.50194 0.18509656050988613 0.1808898204982978 0.2061302605678277
v -3.59514 0.10152 2.76343 0.18509656050988613 0.1808898204982978 0.2061302605678277
v -3.5669 0.11447 2.50194 0.18509656050988613 0.1808898204982978 0.2061302605678277
v -3.5669 -0.23913 2.50194 0.18509656050988613 0.1808898204982978 0.2061302605678277
v -3.59514 -0.25208 2.76343 0.18509656050988613 0.1808898204982978 0.2061302605678277
v -3.59514 0.10152 2.76343 0.18509656050988613 0.1808898204982978 0.2061302605678277
v -3.59514 -0.25208 2.76343 0.18701418005818124 0.18276385778413168 0.2082657914284291
v -3.63534 0.09854 2.8565 0.18701418005818124 0.18276385778413168 0.2082657914284291
v -3.59514 0.10152 2.76343 0.18701418005818124 0.18276385778413168 0.2082657914284291
v -3.59514 -0.25208 2.76343 0.18701418005818124 0.18276385778413168 0.2082657914284291
v -3.63534 -0.25506 2.8565 0.18701418005818124 0.18276385778413168 0.2082657914284291
v -3.63534 0.09854 2.8565 0.18701418005818124 0.18276385778413168 0.2082657914284291
v -3.63534 -0.25506 2.8565 0.1955956505678237 0.19115029487310042 0.21782242904144003
v -3.77169 0.10544 2.85656 0.1955956505678237 0.19115029487310042 0.21782242904144003
v -3.63534 0.09854 2.8565 0.1955956505678237 0.19115029487310042 0.21782242904144003
v -3.63534 -0.25506 2.8565 0.1955956505678237 0.19115029487310042 0.21782242904144003
v -3.77169 -0.24816 2.85656 0.1955956505678237 0.19115029487310042 0.21782242904144003
v -3.77169 0.10544 2.85656 0.1955956505678237 0.19115029487310042 0.21782242904144003
v -3.77169 -0.24816 2.85656 0.2056355671797944 0.2009620315620718 0.2290032452684074
v -4.05195 0.11856 2.91278 0.2056355671797944 0.2009620315620718 0.2290032452684074
v -3.77169 0.10544 2.85656 0.2056355671797944 0.2009620315620718 0.2290032452684074
v -3.77169 -0.24816 2.85656 0.2056355671797944 0.2009620315620718 0.2290032452684074
v -4.05195 -0.23504 2.91278 0.2056355671797944 0.2009620315620718 0.2290032452684074
v -4.05195 0.11856 2.91278 0.2056355671797944 0.2009620315620718 0.2290032452684074
v -4.05195 -0.23504 2.91278 0.2110438511998437 0.20624740003621087 0.23502610701800775
v -4.3485 0.13962 2.87718 0.2110438511998437 0.20624740003621087 0.23502610701800775
v -4.05195 0.11856 2.91278 0.2110438511998437 0.20624740003621087 0.23502610701800775
v -4.05195 -0.23504 2.91278 0.2110438511998437 0.20624740003621087 0.23502610701800775
v -4.3485 -0.21398 2.87718 0.2110438511998437 0.20624740003621087 0.23502610701800775
v -4.3485 0.13962 2.87718 0.2110438511998437 0.20624740003621087 0.23502610701800775
v -4.3485 -0.21398 2.87718 0.20853991011352002 0.20380036670184912 0.23223762717187457
v -4.48073 0.14831 2.86687 0.20853991011352002 0.20380036670184912 0.23223762717187457
v -4.3485 0.13962 2.87718 0.20853991011352002 0.20380036670184912 0.23223762717187457
v -4.3485 -0.21398 2.87718 0.20853991011352002 0.20380036670184912 0.23223762717187457
v -4.48073 -0.20529 2.86687 0.20853991011352002 0.20380036670184912 0.23223762717187457
v -4.48073 0.14831 2.86687 0.20853991011352002 0.20380036670184912 0.23223762717187457
v -4.48073 -0.20529 2.86687 0.199642600984167 0.19510526914361775 0.22232926018691326
v -4.50393 0.15586 2.76066 0.199642600984167 0.19510526914361775 0.22232926018691326
v -4.48073 0.14831 2.86687 0.199642600984167 0.19510526914361775 0.22232926018691326
v -4.48073 -0.20529 2.86687 0.199642600984167 0.19510526914361775 0.22232926018691326
v -4.50393 -0.19774 2.76066 0.199642600984167 0.19510526914361775 0.22232926018691326
v -4.50393 0.15586 2.76066 0.199642600984167 0.19510526914361775 0.22232926018691326
v -4.50393 -0.19774 2.76066 0.18974891213937908 0.1854364368634841 0.21131128851885397
v -4.5069 0.17019 2.50194 0.18974891213937908 0.1854364368634841 0.21131128851885397
v -4.50393 0.15586 2.76066 0.18974891213937908 0.1854364368634841 0.21131128851885397
v -4.50393 -0.19774 2.76066 0.18974891213937908 0.1854364368634841 0.21131128851885397
v -4.5069 -0.18341 2.50194 0.18974891213937908 0.1854364368634841 0.21131128851885397
v -4.5069 0.17019 2.50194 0.18974891213937908 0.1854364368634841 0.21131128851885397
v -4.5069 -0.18341 2.50194 0.18486022247201764 0.18065885377947177 0.2058670659347469
v -4.50223 0.18246 2.24419 0.18486022247201764 0.18065885377947177 0.2058670659347469
v -4.5069 0.17019 2.50194 0.18486022247201764 0.18065885377947177 0.2058670659347469
v -4.5069 -0.18341 2.50194 0.18486022247201764 0.18065885377947177 0.2058670659347469
v -4.50223 -0.17114 2.24419 0.18486022247201764 0.18065885377947177 0.2058670659347469
v -4.50223 0.18246 2.24419 0.18486022247201764 0.18065885377947177 0.2058670659347469
v -4.50223 -0.17114 2.24419 0.18794194553447208 0.1836705376814159 0.20929898479975298
v -4.4396 0.18347 2.17203 0.18794194553447208 0.1836705376814159 0.20929898479975298
v -4.50223 0.18246 2.24419 0.18794194553447208 0.1836705376814159 0.20929898479975298
v -4.50223 -0.17114 2.24419 0.18794194553447208 0.1836705376814159 0.20929898479975298
v -4.4396 -0.17013 2.17203 0.18794194553447208 0.1836705376814159 0.20929898479975298
v -4.4396 0.18347 2.17203 0.18794194553447208 0.1836705376814159 0.20929898479975298
v -4.4396 -0.17013 2.17203 0.1971247494697574 0.1926446415272629 0.21952528918222983
v -4.3818 0.18534 2.08456 0.1971247494697574 0.1926446415272629 0.21952528918222983
v -4.4396 0.18347 2.17203 0.1971247494697574 0.1926446415272629 0.21952528918222983
v -4.4396 -0.17013 2.17203 0.1971247494697574 0.1926446415272629 0.21952528918222983
v -4.3818 -0.16826 2.08456 0.1971247494697574 0.1926446415272629 0.21952528918222983
v -4.3818 0.18534 2.08456 0.1971247494697574 0.1926446415272629 0.21952528918222983
v -4.3818 -0.16826 2.08456 0.20683846863196859 0.2021375943448784 0.23034284006741956
v -4.05195 0.16807 2.11278 0.20683846863196859 0.2021375943448784 0.23034284006741956
v -4.3818 0.18534 2.08456 0.20683846863196859 0.2021375943448784 0.23034284006741956
v -4.3818 -0.16826 2.08456 0.20683846863196859 0.2021375943448784 0.23034284006741956
v -4.05195 -0.18553 2.11278 0.20683846863196859 0.2021375943448784 0.23034284006741956
v -4.05195 0.16807 2.11278 0.20683846863196859 0.2021375943448784 0.23034284006741956
v -4.05195 -0.18553 2.11278 0.21119089132273638 0.20639109833812874 0.23518985624577463
v -3.73839 0.14928 2.10518 0.21119089132273638 0.20639109833812874 0.23518985624577463
v -4.05195 0.16807 2.11278 0.21119089132273638 0.20639109833812874 0.23518985624577463
v -4.05195 -0.18553 2.11278 0.21119089132273638 0.20639109833812874 0.23518985624577463
v -3.73839 -0.20432 2.10518 0.21119089132273638 0.20639109833812874 0.23518985624577463
v -3.73839 0.14928 2.10518 0.21119089132273638 0.20639109833812874 0.23518985624577463
v -3.73839 -0.20432 2.10518 0.20754189634167097 0.20282503506117844 0.23112620274413356
v -3.67648 0.14047 2.18239 0.20754189634167097 0.20282503506117844 0.23112620274413356
v -3.73839 0.14928 2.10518 0.20754189634167097 0.20282503506117844 0.23112620274413356
v -3.73839 -0.20432 2.10518 0.20754189634167097 0.20282503506117844 0.23112620274413356
v -3.67648 -0.21313 2.18239 0.20754189634167097 0.20282503506117844 0.23112620274413356
v -3.67648 0.14047 2.18239 0.20754189634167097 0.20282503506117844 0.23112620274413356
v -3.67648 -0.21313 2.18239 0.1981049150795385 0.19360253064591262 0.22061683724766787
v -3.59683 0.13178 2.24142 0.1981049150795385 0.19360253064591262 0.22061683724766787
v -3.67648 0.14047 2.18239 0.1981049150795385 0.19360253064591262 0.22061683724766787
v -3.67648 -0.21313 2.18239 0.1981049150795385 0.19360253064591262 0.22061683724766787
v -3.59683 -0.22182 2.24142 0.1981049150795385 0.19360253064591262 0.22061683724766787
v -3.59683 0.13178 2.24142 0.1981049150795385 0.19360253064591262 0.22061683724766787
v -3.59683 -0.22182 2.24142 0.1886042937379811 0.18431783251666334 0.21003659984456985
v -3.5669 0.11447 2.50194 0.1886042937379811 0.18431783251666334 0.21003659984456985
v -3.59683 0.13178 2.24142 0.1886042937379811 0.18431783251666334 0.21003659984456985
v -3.59683 -0.22182 2.24142 0.1886042937379811 0.18431783251666334 0.21003659984456985
v -3.5669 -0.23913 2.50194 0.1886042937379811 0.18431783251666334 0.21003659984456985
v -3.5669 0.11447 2.50194 0.1886042937379811 0.18431783251666334 0.21003659984456985
v -3.5669 0.11447 2.50194 0.2048965605098861 0.20023982049829778 0.2281802605678277
v -3.62711 0.23927 2.74512 0.2048965605098861 0.20023982049829778 0.2281802605678277
v -3.60086 0.25157 2.50194 0.2048965605098861 0.20023982049829778 0.2281802605678277
v -3.5669 0.11447 2.50194 0.2048965605098861 0.20023982049829778 0.2281802605678277
v -3.59514 0.10152 2.76343 0.2048965605098861 0.20023982049829778 0.2281802605678277
v -3.62711 0.23927 2.74512 0.2048965605098861 0.20023982049829778 0.2281802605678277
v -3.59514 0.10152 2.76343 0.20681418005818125 0.20211385778413166 0.23031579142842912
v -3.6645 0.23646 2.83168 0.20681418005818125 0.20211385778413166 0.23031579142842912
v -3.62711 0.23927 2.74512 0.20681418005818125 0.20211385778413166 0.23031579142842912
v -3.59514 0.10152 2.76343 0.20681418005818125 0.20211385778413166 0.23031579142842912
v -3.63534 0.09854 2.8565 0.20681418005818125 0.20211385778413166 0.23031579142842912
v -3.6645 0.23646 2.83168 0.20681418005818125 0.20211385778413166 0.23031579142842912
v -3.63534 0.09854 2.8565 0.2153956505678237 0.21050029487310043 0.23987242904144002
v -3.79131 0.24313 2.83174 0.2153956505678237 0.21050029487310043 0.23987242904144002
v -3.6645 0.23646 2.83168 0.2153956505678237 0.21050029487310043 0.23987242904144002
v -3.63534 0.09854 2.8565 0.2153956505678237 0.21050029487310043 0.23987242904144002
v -3.77169 0.10544 2.85656 0.2153956505678237 0.21050029487310043 0.23987242904144002
v -3.79131 0.24313 2.83174 0.2153956505678237 0.21050029487310043 0.23987242904144002
v -3.77169 0.10544 2.85656 0.2254355671797944 0.2203120315620718 0.2510532452684074
v -4.05195 0.25555 2.88402 0.2254355671797944 0.2203120315620718 0.2510532452684074
v -3.79131 0.24313 2.83174 0.2254355671797944 0.2203120315620718 0.2510532452684074
v -3.77169 0.10544 2.85656 0.2254355671797944 0.2203120315620718 0.2510532452684074
v -4.05195 0.11856 2.91278 0.2254355671797944 0.2203120315620718 0.2510532452684074
v -4.05195 0.25555 2.88402 0.2254355671797944 0.2203120315620718 0.2510532452684074
v -4.05195 0.11856 2.91278 0.2308438511998437 0.2255974000362109 0.25707610701800776
v -4.32774 0.27515 2.85091 0.2308438511998437 0.2255974000362109 0.25707610701800776
v -4.05195 0.25555 2.88402 0.2308438511998437 0.2255974000362109 0.25707610701800776
v -4.05195 0.11856 2.91278 0.2308438511998437 0.2255974000362109 0.25707610701800776
v -4.3485 0.13962 2.87718 0.2308438511998437 0.2255974000362109 0.25707610701800776
v -4.32774 0.27515 2.85091 0.2308438511998437 0.2255974000362109 0.25707610701800776
v -4.3485 0.13962 2.87718 0.22833991011352 0.2231503667018491 0.25428762717187453
v -4.45072 0.28326 2.84132 0.22833991011352 0.2231503667018491 0.25428762717187453
v -4.32774 0.27515 2.85091 0.22833991011352 0.2231503667018491 0.25428762717187453
v -4.3485 0.13962 2.87718 0.22833991011352 0.2231503667018491 0.25428762717187453
v -4.48073 0.14831 2.86687 0.22833991011352 0.2231503667018491 0.25428762717187453
v -4.45072 0.28326 2.84132 0.22833991011352 0.2231503667018491 0.25428762717187453
v -4.48073 0.14831 2.86687 0.219442600984167 0.21445526914361776 0.24437926018691325
v -4.47229 0.29035 2.74255 0.219442600984167 0.21445526914361776 0.24437926018691325
v -4.45072 0.28326 2.84132 0.219442600984167 0.21445526914361776 0.24437926018691325
v -4.48073 0.14831 2.86687 0.219442600984167 0.21445526914361776 0.24437926018691325
v -4.50393 0.15586 2.76066 0.219442600984167 0.21445526914361776 0.24437926018691325
v -4.47229 0.29035 2.74255 0.219442600984167 0.21445526914361776 0.24437926018691325
v -4.50393 0.15586 2.76066 0.20954891213937907 0.2047864368634841 0.23336128851885396
v -4.47506 0.30388 2.50194 0.20954891213937907 0.2047864368634841 0.23336128851885396
v -4.47229 0.29035 2.74255 0.20954891213937907 0.2047864368634841 0.23336128851885396
v -4.50393 0.15586 2.76066 0.20954891213937907 0.2047864368634841 0.23336128851885396
v -4.5069 0.17019 2.50194 0.20954891213937907 0.2047864368634841 0.23336128851885396
v -4.47506 0.30388 2.50194 0.20954891213937907 0.2047864368634841 0.23336128851885396
v -4.5069 0.17019 2.50194 0.20466022247201762 0.20000885377947178 0.2279170659347469
v -4.47071 0.31567 2.26223 0.20466022247201762 0.20000885377947178 0.2279170659347469
v -4.47506 0.30388 2.50194 0.20466022247201762 0.20000885377947178 0.2279170659347469
v -4.5069 0.17019 2.50194 0.20466022247201762 0.20000885377947178 0.2279170659347469
v -4.50223 0.18246 2.24419 0.20466022247201762 0.20000885377947178 0.2279170659347469
v -4.47071 0.31567 2.26223 0.20466022247201762 0.20000885377947178 0.2279170659347469
v -4.50223 0.18246 2.24419 0.20774194553447206 0.20302053768141587 0.23134898479975297
v -4.41246 0.31656 2.19512 0.20774194553447206 0.20302053768141587 0.23134898479975297
v -4.47071 0.31567 2.26223 0.20774194553447206 0.20302053768141587 0.23134898479975297
v -4.50223 0.18246 2.24419 0.20774194553447206 0.20302053768141587 0.23134898479975297
v -4.4396 0.18347 2.17203 0.20774194553447206 0.20302053768141587 0.23134898479975297
v -4.41246 0.31656 2.19512 0.20774194553447206 0.20302053768141587 0.23134898479975297
v -4.4396 0.18347 2.17203 0.2169247494697574 0.21199464152726288 0.2415752891822298
v -4.35871 0.31829 2.11378 0.2169247494697574 0.21199464152726288 0.2415752891822298
v -4.41246 0.31656 2.19512 0.2169247494697574 0.21199464152726288 0.2415752891822298
v -4.4396 0.18347 2.17203 0.2169247494697574 0.21199464152726288 0.2415752891822298
v -4.3818 0.18534 2.08456 0.2169247494697574 0.21199464152726288 0.2415752891822298
v -4.35871 0.31829 2.11378 0.2169247494697574 0.21199464152726288 0.2415752891822298
v -4.3818 0.18534 2.08456 0.22663846863196863 0.2214875943448784 0.2523928400674196
v -4.05195 0.30167 2.14002 0.22663846863196863 0.2214875943448784 0.2523928400674196
v -4.35871 0.31829 2.11378 0.22663846863196863 0.2214875943448784 0.2523928400674196
v -4.3818 0.18534 2.08456 0.22663846863196863 0.2214875943448784 0.2523928400674196
v -4.05195 0.16807 2.11278 0.22663846863196863 0.2214875943448784 0.2523928400674196
v -4.05195 0.30167 2.14002 0.22663846863196863 0.2214875943448784 0.2523928400674196
v -4.05195 0.16807 2.11278 0.2309908913227364 0.22574109833812875 0.2572398562457746
v -3.76034 0.28414 2.13295 0.2309908913227364 0.22574109833812875 0.2572398562457746
v -4.05195 0.30167 2.14002 0.2309908913227364 0.22574109833812875 0.2572398562457746
v -4.05195 0.16807 2.11278 0.2309908913227364 0.22574109833812875 0.2572398562457746
v -3.73839 0.14928 2.10518 0.2309908913227364 0.22574109833812875 0.2572398562457746
v -3.76034 0.28414 2.13295 0.2309908913227364 0.22574109833812875 0.2572398562457746
v -3.73839 0.14928 2.10518 0.22734189634167096 0.22217503506117844 0.25317620274413355
v -3.70276 0.27594 2.20476 0.22734189634167096 0.22217503506117844 0.25317620274413355
v -3.76034 0.28414 2.13295 0.22734189634167096 0.22217503506117844 0.25317620274413355
v -3.73839 0.14928 2.10518 0.22734189634167096 0.22217503506117844 0.25317620274413355
v -3.67648 0.14047 2.18239 0.22734189634167096 0.22217503506117844 0.25317620274413355
v -3.70276 0.27594 2.20476 0.22734189634167096 0.22217503506117844 0.25317620274413355
v -3.67648 0.14047 2.18239 0.2179049150795385 0.21295253064591263 0.24266683724766785
v -3.62869 0.26783 2.25966 0.2179049150795385 0.21295253064591263 0.24266683724766785
v -3.70276 0.27594 2.20476 0.2179049150795385 0.21295253064591263 0.24266683724766785
v -3.67648 0.14047 2.18239 0.2179049150795385 0.21295253064591263 0.24266683724766785
v -3.59683 0.13178 2.24142 0.2179049150795385 0.21295253064591263 0.24266683724766785
v -3.62869 0.26783 2.25966 0.2179049150795385 0.21295253064591263 0.24266683724766785
v -3.59683 0.13178 2.24142 0.20840429373798108 0.20366783251666334 0.23208659984456984
v -3.60086 0.25157 2.50194 0.20840429373798108 0.20366783251666334 0.23208659984456984
v -3.62869 0.26783 2.25966 0.20840429373798108 0.20366783251666334 0.23208659984456984
v -3.59683 0.13178 2.24142 0.20840429373798108 0.20366783251666334 0.23208659984456984
v -3.5669 0.11447 2.50194 0.20840429373798108 0.20366783251666334 0.23208659984456984
v -3.60086 0.25157 2.50194 0.20840429373798108 0.20366783251666334 0.23208659984456984
v -4.05195 0.27 2.50194 0.28 0.27 0.295
v -3.62711 0.23927 2.74512 0.28 0.27 0.295
v -3.60086 0.25157 2.50194 0.28 0.27 0.295
v -4.05195 -0.25 2.50194 0.16 0.15 0.18
v -3.60086 -0.26843 2.50194 0.16 0.15 0.18
v -3.62711 -0.28073 2.74512 0.16 0.15 0.18
v -4.05195 0.27 2.50194 0.28 0.27 0.295
v -3.6645 0.23646 2.83168 0.28 0.27 0.295
v -3.62711 0.23927 2.74512 0.28 0.27 0.295
v -4.05195 -0.25 2.50194 0.16 0.15 0.18
v -3.62711 -0.28073 2.74512 0.16 0.15 0.18
v -3.6645 -0.28354 2.83168 0.16 0.15 0.18
v -4.05195 0.27 2.50194 0.28 0.27 0.295
v -3.79131 0.24313 2.83174 0.28 0.27 0.295
v -3.6645 0.23646 2.83168 0.28 0.27 0.295
v -4.05195 -0.25 2.50194 0.16 0.15 0.18
v -3.6645 -0.28354 2.83168 0.16 0.15 0.18
v -3.79131 -0.27687 2.83174 0.16 0.15 0.18
v -4.05195 0.27 2.50194 0.28 0.27 0.295
v -4.05195 0.25555 2.88402 0.28 0.27 0.295
v -3.79131 0.24313 2.83174 0.28 0.27 0.295
v -4.05195 -0.25 2.50194 0.16 0.15 0.18
v -3.79131 -0.27687 2.83174 0.16 0.15 0.18
v -4.05195 -0.26445 2.88402 0.16 0.15 0.18
v -4.05195 0.27 2.50194 0.28 0.27 0.295
v -4.32774 0.27515 2.85091 0.28 0.27 0.295
v -4.05195 0.25555 2.88402 0.28 0.27 0.295
v -4.05195 -0.25 2.50194 0.16 0.15 0.18
v -4.05195 -0.26445 2.88402 0.16 0.15 0.18
v -4.32774 -0.24485 2.85091 0.16 0.15 0.18
v -4.05195 0.27 2.50194 0.28 0.27 0.295
v -4.45072 0.28326 2.84132 0.28 0.27 0.295
v -4.32774 0.27515 2.85091 0.28 0.27 0.295
v -4.05195 -0.25 2.50194 0.16 0.15 0.18
v -4.32774 -0.24485 2.85091 0.16 0.15 0.18
v -4.45072 -0.23674 2.84132 0.16 0.15 0.18
v -4.05195 0.27 2.50194 0.28 0.27 0.295
v -4.47229 0.29035 2.74255 0.28 0.27 0.295
v -4.45072 0.28326 2.84132 0.28 0.27 0.295
v -4.05195 -0.25 2.50194 0.16 0.15 0.18
v -4.45072 -0.23674 2.84132 0.16 0.15 0.18
v -4.47229 -0.22965 2.74255 0.16 0.15 0.18
v -4.05195 0.27 2.50194 0.28 0.27 0.295
v -4.47506 0.30388 2.50194 0.28 0.27 0.295
v -4.47229 0.29035 2.74255 0.28 0.27 0.295
v -4.05195 -0.25 2.50194 0.16 0.15 0.18
v -4.47229 -0.22965 2.74255 0.16 0.15 0.18
v -4.47506 -0.21612 2.50194 0.16 0.15 0.18
v -4.05195 0.27 2.50194 0.28 0.27 0.295
v -4.47071 0.31567 2.26223 0.28 0.27 0.295
v -4.47506 0.30388 2.50194 0.28 0.27 0.295
v -4.05195 -0.25 2.50194 0.16 0.15 0.18
v -4.47506 -0.21612 2.50194 0.16 0.15 0.18
v -4.47071 -0.20433 2.26223 0.16 0.15 0.18
v -4.05195 0.27 2.50194 0.28 0.27 0.295
v -4.41246 0.31656 2.19512 0.28 0.27 0.295
v -4.47071 0.31567 2.26223 0.28 0.27 0.295
v -4.05195 -0.25 2.50194 0.16 0.15 0.18
v -4.47071 -0.20433 2.26223 0.16 0.15 0.18
v -4.41246 -0.20344 2.19512 0.16 0.15 0.18
v -4.05195 0.27 2.50194 0.28 0.27 0.295
v -4.35871 0.31829 2.11378 0.28 0.27 0.295
v -4.41246 0.31656 2.19512 0.28 0.27 0.295
v -4.05195 -0.25 2.50194 0.16 0.15 0.18
v -4.41246 -0.20344 2.19512 0.16 0.15 0.18
v -4.35871 -0.20171 2.11378 0.16 0.15 0.18
v -4.05195 0.27 2.50194 0.28 0.27 0.295
v -4.05195 0.30167 2.14002 0.28 0.27 0.295
v -4.35871 0.31829 2.11378 0.28 0.27 0.295
v -4.05195 -0.25 2.50194 0.16 0.15 0.18
v -4.35871 -0.20171 2.11378 0.16 0.15 0.18
v -4.05195 -0.21833 2.14002 0.16 0.15 0.18
v -4.05195 0.27 2.50194 0.28 0.27 0.295
v -3.76034 0.28414 2.13295 0.28 0.27 0.295
v -4.05195 0.30167 2.14002 0.28 0.27 0.295
v -4.05195 -0.25 2.50194 0.16 0.15 0.18
v -4.05195 -0.21833 2.14002 0.16 0.15 0.18
v -3.76034 -0.23586 2.13295 0.16 0.15 0.18
v -4.05195 0.27 2.50194 0.28 0.27 0.295
v -3.70276 0.27594 2.20476 0.28 0.27 0.295
v -3.76034 0.28414 2.13295 0.28 0.27 0.295
v -4.05195 -0.25 2.50194 0.16 0.15 0.18
v -3.76034 -0.23586 2.13295 0.16 0.15 0.18
v -3.70276 -0.24406 2.20476 0.16 0.15 0.18
v -4.05195 0.27 2.50194 0.28 0.27 0.295
v -3.62869 0.26783 2.25966 0.28 0.27 0.295
v -3.70276 0.27594 2.20476 0.28 0.27 0.295
v -4.05195 -0.25 2.50194 0.16 0.15 0.18
v -3.70276 -0.24406 2.20476 0.16 0.15 0.18
v -3.62869 -0.25217 2.25966 0.16 0.15 0.18
v -4.05195 0.27 2.50194 0.28 0.27 0.295
v -3.60086 0.25157 2.50194 0.28 0.27 0.295
v -3.62869 0.26783 2.25966 0.28 0.27 0.295
v -4.05195 -0.25 2.50194 0.16 0.15 0.18
v -3.62869 -0.25217 2.25966 0.16 0.15 0.18
v -3.60086 -0.26843 2.50194 0.16 0.15 0.18
v 1.06312 -0.31922 -3.68645 0.200839778137213 0.19627523772500358 0.2236624801982599
v 1.11104 -0.27789 -3.48443 0.200839778137213 0.19627523772500358 0.2236624801982599
v 1.10774 -0.27926 -3.68645 0.200839778137213 0.19627523772500358 0.2236624801982599
v 1.06312 -0.31922 -3.68645 0.200839778137213 0.19627523772500358 0.2236624801982599
v 1.06619 -0.3186 -3.49857 0.200839778137213 0.19627523772500358 0.2236624801982599
v 1.11104 -0.27789 -3.48443 0.200839778137213 0.19627523772500358 0.2236624801982599
v 1.06619 -0.3186 -3.49857 0.20922586805558147 0.2044707346906819 0.23300153488007935
v 1.00139 -0.28271 -3.43749 0.20922586805558147 0.2044707346906819 0.23300153488007935
v 1.11104 -0.27789 -3.48443 0.20922586805558147 0.2044707346906819 0.23300153488007935
v 1.06619 -0.3186 -3.49857 0.20922586805558147 0.2044707346906819 0.23300153488007935
v 0.96421 -0.32268 -3.45492 0.20922586805558147 0.2044707346906819 0.23300153488007935
v 1.00139 -0.28271 -3.43749 0.20922586805558147 0.2044707346906819 0.23300153488007935
v 0.96421 -0.32268 -3.45492 0.21080249704792617 0.20601153120592786 0.2347573262579178
v 0.86641 -0.28763 -3.41038 0.21080249704792617 0.20601153120592786 0.2347573262579178
v 1.00139 -0.28271 -3.43749 0.21080249704792617 0.20601153120592786 0.2347573262579178
v 0.96421 -0.32268 -3.45492 0.21080249704792617 0.20601153120592786 0.2347573262579178
v 0.83868 -0.32673 -3.42971 0.21080249704792617 0.20601153120592786 0.2347573262579178
v 0.86641 -0.28763 -3.41038 0.21080249704792617 0.20601153120592786 0.2347573262579178
v 0.83868 -0.32673 -3.42971 0.2046133031237934 0.19996300078007082 0.22786481484240628
v 0.47029 -0.29223 -3.37708 0.2046133031237934 0.19996300078007082 0.22786481484240628
v 0.86641 -0.28763 -3.41038 0.2046133031237934 0.19996300078007082 0.22786481484240628
v 0.83868 -0.32673 -3.42971 0.2046133031237934 0.19996300078007082 0.22786481484240628
v 0.47029 -0.33001 -3.39874 0.2046133031237934 0.19996300078007082 0.22786481484240628
v 0.47029 -0.29223 -3.37708 0.2046133031237934 0.19996300078007082 0.22786481484240628
v 0.47029 -0.33001 -3.39874 0.19441256826666095 0.189994100806055 0.2165049055696906
v 0.05969 -0.2799 -3.40029 0.19441256826666095 0.189994100806055 0.2165049055696906
v 0.47029 -0.29223 -3.37708 0.19441256826666095 0.189994100806055 0.2165049055696906
v 0.47029 -0.33001 -3.39874 0.19441256826666095 0.189994100806055 0.2165049055696906
v 0.08843 -0.31855 -3.42032 0.19441256826666095 0.189994100806055 0.2165049055696906
v 0.05969 -0.2799 -3.40029 0.19441256826666095 0.189994100806055 0.2165049055696906
v 0.08843 -0.31855 -3.42032 0.1863879213603218 0.18215183223849632 0.2075683669694493
v -0.1181 -0.2705 -3.41064 0.1863879213603218 0.18215183223849632 0.2075683669694493
v 0.05969 -0.2799 -3.40029 0.1863879213603218 0.18215183223849632 0.2075683669694493
v 0.08843 -0.31855 -3.42032 0.1863879213603218 0.18215183223849632 0.2075683669694493
v -0.07691 -0.31003 -3.42995 0.1863879213603218 0.18215183223849632 0.2075683669694493
v -0.1181 -0.2705 -3.41064 0.1863879213603218 0.18215183223849632 0.2075683669694493
v -0.07691 -0.31003 -3.42995 0.18540700553787787 0.18119320995747154 0.20647598343990942
v -0.10945 -0.26561 -3.50367 0.18540700553787787 0.18119320995747154 0.20647598343990942
v -0.1181 -0.2705 -3.41064 0.18540700553787787 0.18119320995747154 0.20647598343990942
v -0.07691 -0.31003 -3.42995 0.18540700553787787 0.18119320995747154 0.20647598343990942
v -0.06887 -0.30555 -3.51647 0.18540700553787787 0.18119320995747154 0.20647598343990942
v -0.10945 -0.26561 -3.50367 0.18540700553787787 0.18119320995747154 0.20647598343990942
v -0.06887 -0.30555 -3.51647 0.19206483117461365 0.18769972137519061 0.21389038017172884
v -0.17226 -0.25082 -3.68645 0.19206483117461365 0.18769972137519061 0.21389038017172884
v -0.10945 -0.26561 -3.50367 0.19206483117461365 0.18769972137519061 0.21389038017172884
v -0.06887 -0.30555 -3.51647 0.19206483117461365 0.18769972137519061 0.21389038017172884
v -0.12728 -0.292 -3.68645 0.19206483117461365 0.18769972137519061 0.21389038017172884
v -0.17226 -0.25082 -3.68645 0.19206483117461365 0.18769972137519061 0.21389038017172884
v -0.12728 -0.292 -3.68645 0.20232285057861274 0.19772460397455335 0.22531408359890964
v -0.12415 -0.24217 -3.87386 0.20232285057861274 0.19772460397455335 0.22531408359890964
v -0.17226 -0.25082 -3.68645 0.20232285057861274 0.19772460397455335 0.22531408359890964
v -0.12728 -0.292 -3.68645 0.20232285057861274 0.19772460397455335 0.22531408359890964
v -0.08254 -0.28402 -3.86074 0.20232285057861274 0.19772460397455335 0.22531408359890964
v -0.12415 -0.24217 -3.87386 0.20232285057861274 0.19772460397455335 0.22531408359890964
v -0.08254 -0.28402 -3.86074 0.20995868682863567 0.20518689849162122 0.2338176285137079
v -0.09377 -0.23928 -3.95085 0.20995868682863567 0.20518689849162122 0.2338176285137079
v -0.12415 -0.24217 -3.87386 0.20995868682863567 0.20518689849162122 0.2338176285137079
v -0.08254 -0.28402 -3.86074 0.20995868682863567 0.20518689849162122 0.2338176285137079
v -0.05429 -0.28133 -3.93234 0.20995868682863567 0.20518689849162122 0.2338176285137079
v -0.09377 -0.23928 -3.95085 0.20995868682863567 0.20518689849162122 0.2338176285137079
v -0.05429 -0.28133 -3.93234 0.2103405441183715 0.20556007720659034 0.23424287867727736
v 0.03562 -0.24501 -3.98938 0.2103405441183715 0.20556007720659034 0.23424287867727736
v -0.09377 -0.23928 -3.95085 0.2103405441183715 0.20556007720659034 0.23424287867727736
v -0.05429 -0.28133 -3.93234 0.2103405441183715 0.20556007720659034 0.23424287867727736
v 0.06605 -0.28658 -3.96817 0.2103405441183715 0.20556007720659034 0.23424287867727736
v 0.03562 -0.24501 -3.98938 0.2103405441183715 0.20556007720659034 0.23424287867727736
v 0.06605 -0.28658 -3.96817 0.20323679293989239 0.1986177749185312 0.22633188304669832
v 0.47029 -0.26891 -3.97708 0.20323679293989239 0.1986177749185312 0.22633188304669832
v 0.03562 -0.24501 -3.98938 0.20323679293989239 0.1986177749185312 0.22633188304669832
v 0.06605 -0.28658 -3.96817 0.20323679293989239 0.1986177749185312 0.22633188304669832
v 0.47029 -0.3083 -3.95674 0.20323679293989239 0.1986177749185312 0.22633188304669832
v 0.47029 -0.26891 -3.97708 0.20323679293989239 0.1986177749185312 0.22633188304669832
v 0.47029 -0.3083 -3.95674 0.19295647343499853 0.18857109903874855 0.21488334541624834
v 0.89048 -0.27908 -3.97929 0.19295647343499853 0.18857109903874855 0.21488334541624834
v 0.47029 -0.26891 -3.97708 0.19295647343499853 0.18857109903874855 0.21488334541624834
v 0.47029 -0.3083 -3.95674 0.19295647343499853 0.18857109903874855 0.21488334541624834
v 0.86106 -0.31784 -3.95879 0.19295647343499853 0.18857109903874855 0.21488334541624834
v 0.89048 -0.27908 -3.97929 0.19295647343499853 0.18857109903874855 0.21488334541624834
v 0.86106 -0.31784 -3.95879 0.18573548946689297 0.1815142283426454 0.20684179508813083
v 0.97706 -0.28021 -3.924 0.18573548946689297 0.1815142283426454 0.20684179508813083
v 0.89048 -0.27908 -3.97929 0.18573548946689297 0.1815142283426454 0.20684179508813083
v 0.86106 -0.31784 -3.95879 0.18573548946689297 0.1815142283426454 0.20684179508813083
v 0.94159 -0.31913 -3.90737 0.18573548946689297 0.1815142283426454 0.20684179508813083
v 0.97706 -0.28021 -3.924 0.18573548946689297 0.1815142283426454 0.20684179508813083
v 0.94159 -0.31913 -3.90737 0.18595399301445223 0.1817277659004874 0.20708512858427633
v 1.12574 -0.2782 -3.8931 0.18595399301445223 0.1817277659004874 0.20708512858427633
v 0.97706 -0.28021 -3.924 0.18595399301445223 0.1817277659004874 0.20708512858427633
v 0.94159 -0.31913 -3.90737 0.18595399301445223 0.1817277659004874 0.20708512858427633
v 1.07986 -0.31777 -3.87863 0.18595399301445223 0.1817277659004874 0.20708512858427633
v 1.12574 -0.2782 -3.8931 0.18595399301445223 0.1817277659004874 0.20708512858427633
v 1.07986 -0.31777 -3.87863 0.19347944275775916 0.1890821826950828 0.21546574307114089
v 1.10774 -0.27926 -3.68645 0.19347944275775916 0.1890821826950828 0.21546574307114089
v 1.12574 -0.2782 -3.8931 0.19347944275775916 0.1890821826950828 0.21546574307114089
v 1.07986 -0.31777 -3.87863 0.19347944275775916 0.1890821826950828 0.21546574307114089
v 1.06312 -0.31922 -3.68645 0.19347944275775916 0.1890821826950828 0.21546574307114089
v 1.10774 -0.27926 -3.68645 0.19347944275775916 0.1890821826950828 0.21546574307114089
v 1.10774 -0.27926 -3.68645 0.200839778137213 0.19627523772500358 0.2236624801982599
v 1.11104 0.15731 -3.48443 0.200839778137213 0.19627523772500358 0.2236624801982599
v 1.10774 0.15594 -3.68645 0.200839778137213 0.19627523772500358 0.2236624801982599
v 1.10774 -0.27926 -3.68645 0.200839778137213 0.19627523772500358 0.2236624801982599
v 1.11104 -0.27789 -3.48443 0.200839778137213 0.19627523772500358 0.2236624801982599
v 1.11104 0.15731 -3.48443 0.200839778137213 0.19627523772500358 0.2236624801982599
v 1.11104 -0.27789 -3.48443 0.20922586805558147 0.2044707346906819 0.23300153488007935
v 1.00139 0.15249 -3.43749 0.20922586805558147 0.2044707346906819 0.23300153488007935
v 1.11104 0.15731 -3.48443 0.20922586805558147 0.2044707346906819 0.23300153488007935
v 1.11104 -0.27789 -3.48443 0.20922586805558147 0.2044707346906819 0.23300153488007935
v 1.00139 -0.28271 -3.43749 0.20922586805558147 0.2044707346906819 0.23300153488007935
v 1.00139 0.15249 -3.43749 0.20922586805558147 0.2044707346906819 0.23300153488007935
v 1.00139 -0.28271 -3.43749 0.21080249704792617 0.20601153120592786 0.2347573262579178
v 0.86641 0.14757 -3.41038 0.21080249704792617 0.20601153120592786 0.2347573262579178
v 1.00139 0.15249 -3.43749 0.21080249704792617 0.20601153120592786 0.2347573262579178
v 1.00139 -0.28271 -3.43749 0.21080249704792617 0.20601153120592786 0.2347573262579178
v 0.86641 -0.28763 -3.41038 0.21080249704792617 0.20601153120592786 0.2347573262579178
v 0.86641 0.14757 -3.41038 0.21080249704792617 0.20601153120592786 0.2347573262579178
v 0.86641 -0.28763 -3.41038 0.2046133031237934 0.19996300078007082 0.22786481484240628
v 0.47029 0.14297 -3.37708 0.2046133031237934 0.19996300078007082 0.22786481484240628
v 0.86641 0.14757 -3.41038 0.2046133031237934 0.19996300078007082 0.22786481484240628
v 0.86641 -0.28763 -3.41038 0.2046133031237934 0.19996300078007082 0.22786481484240628
v 0.47029 -0.29223 -3.37708 0.2046133031237934 0.19996300078007082 0.22786481484240628
v 0.47029 0.14297 -3.37708 0.2046133031237934 0.19996300078007082 0.22786481484240628
v 0.47029 -0.29223 -3.37708 0.19441256826666095 0.189994100806055 0.2165049055696906
v 0.05969 0.1553 -3.40029 0.19441256826666095 0.189994100806055 0.2165049055696906
v 0.47029 0.14297 -3.37708 0.19441256826666095 0.189994100806055 0.2165049055696906
v 0.47029 -0.29223 -3.37708 0.19441256826666095 0.189994100806055 0.2165049055696906
v 0.05969 -0.2799 -3.40029 0.19441256826666095 0.189994100806055 0.2165049055696906
v 0.05969 0.1553 -3.40029 0.19441256826666095 0.189994100806055 0.2165049055696906
v 0.05969 -0.2799 -3.40029 0.1863879213603218 0.18215183223849632 0.2075683669694493
v -0.1181 0.1647 -3.41064 0.1863879213603218 0.18215183223849632 0.2075683669694493
v 0.05969 0.1553 -3.40029 0.1863879213603218 0.18215183223849632 0.2075683669694493
v 0.05969 -0.2799 -3.40029 0.1863879213603218 0.18215183223849632 0.2075683669694493
v -0.1181 -0.2705 -3.41064 0.1863879213603218 0.18215183223849632 0.2075683669694493
v -0.1181 0.1647 -3.41064 0.1863879213603218 0.18215183223849632 0.2075683669694493
v -0.1181 -0.2705 -3.41064 0.18540700553787787 0.18119320995747154 0.20647598343990942
v -0.10945 0.16959 -3.50367 0.18540700553787787 0.18119320995747154 0.20647598343990942
v -0.1181 0.1647 -3.41064 0.18540700553787787 0.18119320995747154 0.20647598343990942
v -0.1181 -0.2705 -3.41064 0.18540700553787787 0.18119320995747154 0.20647598343990942
v -0.10945 -0.26561 -3.50367 0.18540700553787787 0.18119320995747154 0.20647598343990942
v -0.10945 0.16959 -3.50367 0.18540700553787787 0.18119320995747154 0.20647598343990942
v -0.10945 -0.26561 -3.50367 0.19206483117461365 0.18769972137519061 0.21389038017172884
v -0.17226 0.18438 -3.68645 0.19206483117461365 0.18769972137519061 0.21389038017172884
v -0.10945 0.16959 -3.50367 0.19206483117461365 0.18769972137519061 0.21389038017172884
v -0.10945 -0.26561 -3.50367 0.19206483117461365 0.18769972137519061 0.21389038017172884
v -0.17226 -0.25082 -3.68645 0.19206483117461365 0.18769972137519061 0.21389038017172884
v -0.17226 0.18438 -3.68645 0.19206483117461365 0.18769972137519061 0.21389038017172884
v -0.17226 -0.25082 -3.68645 0.20232285057861274 0.19772460397455335 0.22531408359890964
v -0.12415 0.19303 -3.87386 0.20232285057861274 0.19772460397455335 0.22531408359890964
v -0.17226 0.18438 -3.68645 0.20232285057861274 0.19772460397455335 0.22531408359890964
v -0.17226 -0.25082 -3.68645 0.20232285057861274 0.19772460397455335 0.22531408359890964
v -0.12415 -0.24217 -3.87386 0.20232285057861274 0.19772460397455335 0.22531408359890964
v -0.12415 0.19303 -3.87386 0.20232285057861274 0.19772460397455335 0.22531408359890964
v -0.12415 -0.24217 -3.87386 0.20995868682863567 0.20518689849162122 0.2338176285137079
v -0.09377 0.19592 -3.95085 0.20995868682863567 0.20518689849162122 0.2338176285137079
v -0.12415 0.19303 -3.87386 0.20995868682863567 0.20518689849162122 0.2338176285137079
v -0.12415 -0.24217 -3.87386 0.20995868682863567 0.20518689849162122 0.2338176285137079
v -0.09377 -0.23928 -3.95085 0.20995868682863567 0.20518689849162122 0.2338176285137079
v -0.09377 0.19592 -3.95085 0.20995868682863567 0.20518689849162122 0.2338176285137079
v -0.09377 -0.23928 -3.95085 0.2103405441183715 0.20556007720659034 0.23424287867727736
v 0.03562 0.19019 -3.98938 0.2103405441183715 0.20556007720659034 0.23424287867727736
v -0.09377 0.19592 -3.95085 0.2103405441183715 0.20556007720659034 0.23424287867727736
v -0.09377 -0.23928 -3.95085 0.2103405441183715 0.20556007720659034 0.23424287867727736
v 0.03562 -0.24501 -3.98938 0.2103405441183715 0.20556007720659034 0.23424287867727736
v 0.03562 0.19019 -3.98938 0.2103405441183715 0.20556007720659034 0.23424287867727736
v 0.03562 -0.24501 -3.98938 0.20323679293989239 0.1986177749185312 0.22633188304669832
v 0.47029 0.16629 -3.97708 0.20323679293989239 0.1986177749185312 0.22633188304669832
v 0.03562 0.19019 -3.98938 0.20323679293989239 0.1986177749185312 0.22633188304669832
v 0.03562 -0.24501 -3.98938 0.20323679293989239 0.1986177749185312 0.22633188304669832
v 0.47029 -0.26891 -3.97708 0.20323679293989239 0.1986177749185312 0.22633188304669832
v 0.47029 0.16629 -3.97708 0.20323679293989239 0.1986177749185312 0.22633188304669832
v 0.47029 -0.26891 -3.97708 0.19295647343499853 0.18857109903874855 0.21488334541624834
v 0.89048 0.15612 -3.97929 0.19295647343499853 0.18857109903874855 0.21488334541624834
v 0.47029 0.16629 -3.97708 0.19295647343499853 0.18857109903874855 0.21488334541624834
v 0.47029 -0.26891 -3.97708 0.19295647343499853 0.18857109903874855 0.21488334541624834
v 0.89048 -0.27908 -3.97929 0.19295647343499853 0.18857109903874855 0.21488334541624834
v 0.89048 0.15612 -3.97929 0.19295647343499853 0.18857109903874855 0.21488334541624834
v 0.89048 -0.27908 -3.97929 0.18573548946689297 0.1815142283426454 0.20684179508813083
v 0.97706 0.15499 -3.924 0.18573548946689297 0.1815142283426454 0.20684179508813083
v 0.89048 0.15612 -3.97929 0.18573548946689297 0.1815142283426454 0.20684179508813083
v 0.89048 -0.27908 -3.97929 0.18573548946689297 0.1815142283426454 0.20684179508813083
v 0.97706 -0.28021 -3.924 0.18573548946689297 0.1815142283426454 0.20684179508813083
v 0.97706 0.15499 -3.924 0.18573548946689297 0.1815142283426454 0.20684179508813083
v 0.97706 -0.28021 -3.924 0.18595399301445223 0.1817277659004874 0.20708512858427633
v 1.12574 0.157 -3.8931 0.18595399301445223 0.1817277659004874 0.20708512858427633
v 0.97706 0.15499 -3.924 0.18595399301445223 0.1817277659004874 0.20708512858427633
v 0.97706 -0.28021 -3.924 0.18595399301445223 0.1817277659004874 0.20708512858427633
v 1.12574 -0.2782 -3.8931 0.18595399301445223 0.1817277659004874 0.20708512858427633
v 1.12574 0.157 -3.8931 0.18595399301445223 0.1817277659004874 0.20708512858427633
v 1.12574 -0.2782 -3.8931 0.19347944275775916 0.1890821826950828 0.21546574307114089
v 1.10774 0.15594 -3.68645 0.19347944275775916 0.1890821826950828 0.21546574307114089
v 1.12574 0.157 -3.8931 0.19347944275775916 0.1890821826950828 0.21546574307114089
v 1.12574 -0.2782 -3.8931 0.19347944275775916 0.1890821826950828 0.21546574307114089
v 1.10774 -0.27926 -3.68645 0.19347944275775916 0.1890821826950828 0.21546574307114089
v 1.10774 0.15594 -3.68645 0.19347944275775916 0.1890821826950828 0.21546574307114089
v 1.10774 0.15594 -3.68645 0.220639778137213 0.2156252377250036 0.24571248019825992
v 1.06619 0.3214 -3.49857 0.220639778137213 0.2156252377250036 0.24571248019825992
v 1.06312 0.32078 -3.68645 0.220639778137213 0.2156252377250036 0.24571248019825992
v 1.10774 0.15594 -3.68645 0.220639778137213 0.2156252377250036 0.24571248019825992
v 1.11104 0.15731 -3.48443 0.220639778137213 0.2156252377250036 0.24571248019825992
v 1.06619 0.3214 -3.49857 0.220639778137213 0.2156252377250036 0.24571248019825992
v 1.11104 0.15731 -3.48443 0.22902586805558148 0.2238207346906819 0.25505153488007937
v 0.96421 0.31732 -3.45492 0.22902586805558148 0.2238207346906819 0.25505153488007937
v 1.06619 0.3214 -3.49857 0.22902586805558148 0.2238207346906819 0.25505153488007937
v 1.11104 0.15731 -3.48443 0.22902586805558148 0.2238207346906819 0.25505153488007937
v 1.00139 0.15249 -3.43749 0.22902586805558148 0.2238207346906819 0.25505153488007937
v 0.96421 0.31732 -3.45492 0.22902586805558148 0.2238207346906819 0.25505153488007937
v 1.00139 0.15249 -3.43749 0.23060249704792615 0.22536153120592783 0.25680732625791775
v 0.83868 0.31327 -3.42971 0.23060249704792615 0.22536153120592783 0.25680732625791775
v 0.96421 0.31732 -3.45492 0.23060249704792615 0.22536153120592783 0.25680732625791775
v 1.00139 0.15249 -3.43749 0.23060249704792615 0.22536153120592783 0.25680732625791775
v 0.86641 0.14757 -3.41038 0.23060249704792615 0.22536153120592783 0.25680732625791775
v 0.83868 0.31327 -3.42971 0.23060249704792615 0.22536153120592783 0.25680732625791775
v 0.86641 0.14757 -3.41038 0.2244133031237934 0.2193130007800708 0.24991481484240627
v 0.47029 0.30999 -3.39874 0.2244133031237934 0.2193130007800708 0.24991481484240627
v 0.83868 0.31327 -3.42971 0.2244133031237934 0.2193130007800708 0.24991481484240627
v 0.86641 0.14757 -3.41038 0.2244133031237934 0.2193130007800708 0.24991481484240627
v 0.47029 0.14297 -3.37708 0.2244133031237934 0.2193130007800708 0.24991481484240627
v 0.47029 0.30999 -3.39874 0.2244133031237934 0.2193130007800708 0.24991481484240627
v 0.47029 0.14297 -3.37708 0.21421256826666094 0.209344100806055 0.23855490556969058
v 0.08843 0.32145 -3.42032 0.21421256826666094 0.209344100806055 0.23855490556969058
v 0.47029 0.30999 -3.39874 0.21421256826666094 0.209344100806055 0.23855490556969058
v 0.47029 0.14297 -3.37708 0.21421256826666094 0.209344100806055 0.23855490556969058
v 0.05969 0.1553 -3.40029 0.21421256826666094 0.209344100806055 0.23855490556969058
v 0.08843 0.32145 -3.42032 0.21421256826666094 0.209344100806055 0.23855490556969058
v 0.05969 0.1553 -3.40029 0.20618792136032182 0.20150183223849633 0.2296183669694493
v -0.07691 0.32997 -3.42995 0.20618792136032182 0.20150183223849633 0.2296183669694493
v 0.08843 0.32145 -3.42032 0.20618792136032182 0.20150183223849633 0.2296183669694493
v 0.05969 0.1553 -3.40029 0.20618792136032182 0.20150183223849633 0.2296183669694493
v -0.1181 0.1647 -3.41064 0.20618792136032182 0.20150183223849633 0.2296183669694493
v -0.07691 0.32997 -3.42995 0.20618792136032182 0.20150183223849633 0.2296183669694493
v -0.1181 0.1647 -3.41064 0.20520700553787785 0.20054320995747152 0.2285259834399094
v -0.06887 0.33445 -3.51647 0.20520700553787785 0.20054320995747152 0.2285259834399094
v -0.07691 0.32997 -3.42995 0.20520700553787785 0.20054320995747152 0.2285259834399094
v -0.1181 0.1647 -3.41064 0.20520700553787785 0.20054320995747152 0.2285259834399094
v -0.10945 0.16959 -3.50367 0.20520700553787785 0.20054320995747152 0.2285259834399094
v -0.06887 0.33445 -3.51647 0.20520700553787785 0.20054320995747152 0.2285259834399094
v -0.10945 0.16959 -3.50367 0.21186483117461366 0.2070497213751906 0.23594038017172883
v -0.12728 0.348 -3.68645 0.21186483117461366 0.2070497213751906 0.23594038017172883
v -0.06887 0.33445 -3.51647 0.21186483117461366 0.2070497213751906 0.23594038017172883
v -0.10945 0.16959 -3.50367 0.21186483117461366 0.2070497213751906 0.23594038017172883
v -0.17226 0.18438 -3.68645 0.21186483117461366 0.2070497213751906 0.23594038017172883
v -0.12728 0.348 -3.68645 0.21186483117461366 0.2070497213751906 0.23594038017172883
v -0.17226 0.18438 -3.68645 0.22212285057861275 0.2170746039745534 0.24736408359890966
v -0.08254 0.35598 -3.86074 0.22212285057861275 0.2170746039745534 0.24736408359890966
v -0.12728 0.348 -3.68645 0.22212285057861275 0.2170746039745534 0.24736408359890966
v -0.17226 0.18438 -3.68645 0.22212285057861275 0.2170746039745534 0.24736408359890966
v -0.12415 0.19303 -3.87386 0.22212285057861275 0.2170746039745534 0.24736408359890966
v -0.08254 0.35598 -3.86074 0.22212285057861275 0.2170746039745534 0.24736408359890966
v -0.12415 0.19303 -3.87386 0.22975868682863568 0.2245368984916212 0.25586762851370787
v -0.05429 0.35867 -3.93234 0.22975868682863568 0.2245368984916212 0.25586762851370787
v -0.08254 0.35598 -3.86074 0.22975868682863568 0.2245368984916212 0.25586762851370787
v -0.12415 0.19303 -3.87386 0.22975868682863568 0.2245368984916212 0.25586762851370787
v -0.09377 0.19592 -3.95085 0.22975868682863568 0.2245368984916212 0.25586762851370787
v -0.05429 0.35867 -3.93234 0.22975868682863568 0.2245368984916212 0.25586762851370787
v -0.09377 0.19592 -3.95085 0.2301405441183715 0.22491007720659034 0.25629287867727735
v 0.06605 0.35342 -3.96817 0.2301405441183715 0.22491007720659034 0.25629287867727735
v -0.05429 0.35867 -3.93234 0.2301405441183715 0.22491007720659034 0.25629287867727735
v -0.09377 0.19592 -3.95085 0.2301405441183715 0.22491007720659034 0.25629287867727735
v 0.03562 0.19019 -3.98938 0.2301405441183715 0.22491007720659034 0.25629287867727735
v 0.06605 0.35342 -3.96817 0.2301405441183715 0.22491007720659034 0.25629287867727735
v 0.03562 0.19019 -3.98938 0.22303679293989237 0.21796777491853117 0.2483818830466983
v 0.47029 0.3317 -3.95674 0.22303679293989237 0.21796777491853117 0.2483818830466983
v 0.06605 0.35342 -3.96817 0.22303679293989237 0.21796777491853117 0.2483818830466983
v 0.03562 0.19019 -3.98938 0.22303679293989237 0.21796777491853117 0.2483818830466983
v 0.47029 0.16629 -3.97708 0.22303679293989237 0.21796777491853117 0.2483818830466983
v 0.47029 0.3317 -3.95674 0.22303679293989237 0.21796777491853117 0.2483818830466983
v 0.47029 0.16629 -3.97708 0.2127564734349985 0.20792109903874856 0.23693334541624833
v 0.86106 0.32216 -3.95879 0.2127564734349985 0.20792109903874856 0.23693334541624833
v 0.47029 0.3317 -3.95674 0.2127564734349985 0.20792109903874856 0.23693334541624833
v 0.47029 0.16629 -3.97708 0.2127564734349985 0.20792109903874856 0.23693334541624833
v 0.89048 0.15612 -3.97929 0.2127564734349985 0.20792109903874856 0.23693334541624833
v 0.86106 0.32216 -3.95879 0.2127564734349985 0.20792109903874856 0.23693334541624833
v 0.89048 0.15612 -3.97929 0.20553548946689298 0.20086422834264542 0.22889179508813082
v 0.94159 0.32087 -3.90737 0.20553548946689298 0.20086422834264542 0.22889179508813082
v 0.86106 0.32216 -3.95879 0.20553548946689298 0.20086422834264542 0.22889179508813082
v 0.89048 0.15612 -3.97929 0.20553548946689298 0.20086422834264542 0.22889179508813082
v 0.97706 0.15499 -3.924 0.20553548946689298 0.20086422834264542 0.22889179508813082
v 0.94159 0.32087 -3.90737 0.20553548946689298 0.20086422834264542 0.22889179508813082
v 0.97706 0.15499 -3.924 0.2057539930144522 0.2010777659004874 0.22913512858427634
v 1.07986 0.32223 -3.87863 0.2057539930144522 0.2010777659004874 0.22913512858427634
v 0.94159 0.32087 -3.90737 0.2057539930144522 0.2010777659004874 0.22913512858427634
v 0.97706 0.15499 -3.924 0.2057539930144522 0.2010777659004874 0.22913512858427634
v 1.12574 0.157 -3.8931 0.2057539930144522 0.2010777659004874 0.22913512858427634
v 1.07986 0.32223 -3.87863 0.2057539930144522 0.2010777659004874 0.22913512858427634
v 1.12574 0.157 -3.8931 0.21327944275775917 0.20843218269508282 0.23751574307114087
v 1.06312 0.32078 -3.68645 0.21327944275775917 0.20843218269508282 0.23751574307114087
v 1.07986 0.32223 -3.87863 0.21327944275775917 0.20843218269508282 0.23751574307114087
v 1.12574 0.157 -3.8931 0.21327944275775917 0.20843218269508282 0.23751574307114087
v 1.10774 0.15594 -3.68645 0.21327944275775917 0.20843218269508282 0.23751574307114087
v 1.06312 0.32078 -3.68645 0.21327944275775917 0.20843218269508282 0.23751574307114087
v 0.47029 0.39 -3.68645 0.28 0.27 0.295
v 1.06619 0.3214 -3.49857 0.28 0.27 0.295
v 1.06312 0.32078 -3.68645 0.28 0.27 0.295
v 0.47029 -0.25 -3.68645 0.16 0.15 0.18
v 1.06312 -0.31922 -3.68645 0.16 0.15 0.18
v 1.06619 -0.3186 -3.49857 0.16 0.15 0.18
v 0.47029 0.39 -3.68645 0.28 0.27 0.295
v 0.96421 0.31732 -3.45492 0.28 0.27 0.295
v 1.06619 0.3214 -3.49857 0.28 0.27 0.295
v 0.47029 -0.25 -3.68645 0.16 0.15 0.18
v 1.06619 -0.3186 -3.49857 0.16 0.15 0.18
v 0.96421 -0.32268 -3.45492 0.16 0.15 0.18
v 0.47029 0.39 -3.68645 0.28 0.27 0.295
v 0.83868 0.31327 -3.42971 0.28 0.27 0.295
v 0.96421 0.31732 -3.45492 0.28 0.27 0.295
v 0.47029 -0.25 -3.68645 0.16 0.15 0.18
v 0.96421 -0.32268 -3.45492 0.16 0.15 0.18
v 0.83868 -0.32673 -3.42971 0.16 0.15 0.18
v 0.47029 0.39 -3.68645 0.28 0.27 0.295
v 0.47029 0.30999 -3.39874 0.28 0.27 0.295
v 0.83868 0.31327 -3.42971 0.28 0.27 0.295
v 0.47029 -0.25 -3.68645 0.16 0.15 0.18
v 0.83868 -0.32673 -3.42971 0.16 0.15 0.18
v 0.47029 -0.33001 -3.39874 0.16 0.15 0.18
v 0.47029 0.39 -3.68645 0.28 0.27 0.295
v 0.08843 0.32145 -3.42032 0.28 0.27 0.295
v 0.47029 0.30999 -3.39874 0.28 0.27 0.295
v 0.47029 -0.25 -3.68645 0.16 0.15 0.18
v 0.47029 -0.33001 -3.39874 0.16 0.15 0.18
v 0.08843 -0.31855 -3.42032 0.16 0.15 0.18
v 0.47029 0.39 -3.68645 0.28 0.27 0.295
v -0.07691 0.32997 -3.42995 0.28 0.27 0.295
v 0.08843 0.32145 -3.42032 0.28 0.27 0.295
v 0.47029 -0.25 -3.68645 0.16 0.15 0.18
v 0.08843 -0.31855 -3.42032 0.16 0.15 0.18
v -0.07691 -0.31003 -3.42995 0.16 0.15 0.18
v 0.47029 0.39 -3.68645 0.28 0.27 0.295
v -0.06887 0.33445 -3.51647 0.28 0.27 0.295
v -0.07691 0.32997 -3.42995 0.28 0.27 0.295
v 0.47029 -0.25 -3.68645 0.16 0.15 0.18
v -0.07691 -0.31003 -3.42995 0.16 0.15 0.18
v -0.06887 -0.30555 -3.51647 0.16 0.15 0.18
v 0.47029 0.39 -3.68645 0.28 0.27 0.295
v -0.12728 0.348 -3.68645 0.28 0.27 0.295
v -0.06887 0.33445 -3.51647 0.28 0.27 0.295
v 0.47029 -0.25 -3.68645 0.16 0.15 0.18
v -0.06887 -0.30555 -3.51647 0.16 0.15 0.18
v -0.12728 -0.292 -3.68645 0.16 0.15 0.18
v 0.47029 0.39 -3.68645 0.28 0.27 0.295
v -0.08254 0.35598 -3.86074 0.28 0.27 0.295
v -0.12728 0.348 -3.68645 0.28 0.27 0.295
v 0.47029 -0.25 -3.68645 0.16 0.15 0.18
v -0.12728 -0.292 -3.68645 0.16 0.15 0.18
v -0.08254 -0.28402 -3.86074 0.16 0.15 0.18
v 0.47029 0.39 -3.68645 0.28 0.27 0.295
v -0.05429 0.35867 -3.93234 0.28 0.27 0.295
v -0.08254 0.35598 -3.86074 0.28 0.27 0.295
v 0.47029 -0.25 -3.68645 0.16 0.15 0.18
v -0.08254 -0.28402 -3.86074 0.16 0.15 0.18
v -0.05429 -0.28133 -3.93234 0.16 0.15 0.18
v 0.47029 0.39 -3.68645 0.28 0.27 0.295
v 0.06605 0.35342 -3.96817 0.28 0.27 0.295
v -0.05429 0.35867 -3.93234 0.28 0.27 0.295
v 0.47029 -0.25 -3.68645 0.16 0.15 0.18
v -0.05429 -0.28133 -3.93234 0.16 0.15 0.18
v 0.06605 -0.28658 -3.96817 0.16 0.15 0.18
v 0.47029 0.39 -3.68645 0.28 0.27 0.295
v 0.47029 0.3317 -3.95674 0.28 0.27 0.295
v 0.06605 0.35342 -3.96817 0.28 0.27 0.295
v 0.47029 -0.25 -3.68645 0.16 0.15 0.18
v 0.06605 -0.28658 -3.96817 0.16 0.15 0.18
v 0.47029 -0.3083 -3.95674 0.16 0.15 0.18
v 0.47029 0.39 -3.68645 0.28 0.27 0.295
v 0.86106 0.32216 -3.95879 0.28 0.27 0.295
v 0.47029 0.3317 -3.95674 0.28 0.27 0.295
v 0.47029 -0.25 -3.68645 0.16 0.15 0.18
v 0.47029 -0.3083 -3.95674 0.16 0.15 0.18
v 0.86106 -0.31784 -3.95879 0.16 0.15 0.18
v 0.47029 0.39 -3.68645 0.28 0.27 0.295
v 0.94159 0.32087 -3.90737 0.28 0.27 0.295
v 0.86106 0.32216 -3.95879 0.28 0.27 0.295
v 0.47029 -0.25 -3.68645 0.16 0.15 0.18
v 0.86106 -0.31784 -3.95879 0.16 0.15 0.18
v 0.94159 -0.31913 -3.90737 0.16 0.15 0.18
v 0.47029 0.39 -3.68645 0.28 0.27 0.295
v 1.07986 0.32223 -3.87863 0.28 0.27 0.295
v 0.94159 0.32087 -3.90737 0.28 0.27 0.295
v 0.47029 -0.25 -3.68645 0.16 0.15 0.18
v 0.94159 -0.31913 -3.90737 0.16 0.15 0.18
v 1.07986 -0.31777 -3.87863 0.16 0.15 0.18
v 0.47029 0.39 -3.68645 0.28 0.27 0.295
v 1.06312 0.32078 -3.68645 0.28 0.27 0.295
v 1.07986 0.32223 -3.87863 0.28 0.27 0.295
v 0.47029 -0.25 -3.68645 0.16 0.15 0.18
v 1.07986 -0.31777 -3.87863 0.16 0.15 0.18
v 1.06312 -0.31922 -3.68645 0.16 0.15 0.18
v 3.63227 -0.3135 2.92981 0.20853991011352002 0.20380036670184912 0.23223762717187457
v 3.65991 -0.27535 3.19965 0.20853991011352002 0.20380036670184912 0.23223762717187457
v 3.65284 -0.28757 2.92981 0.20853991011352002 0.20380036670184912 0.23223762717187457
v 3.63227 -0.3135 2.92981 0.20853991011352002 0.20380036670184912 0.23223762717187457
v 3.63885 -0.30249 3.18076 0.20853991011352002 0.20380036670184912 0.23223762717187457
v 3.65991 -0.27535 3.19965 0.20853991011352002 0.20380036670184912 0.23223762717187457
v 3.63885 -0.30249 3.18076 0.199642600984167 0.19510526914361775 0.22232926018691326
v 3.59526 -0.28022 3.2448 0.199642600984167 0.19510526914361775 0.22232926018691326
v 3.65991 -0.27535 3.19965 0.199642600984167 0.19510526914361775 0.22232926018691326
v 3.63885 -0.30249 3.18076 0.199642600984167 0.19510526914361775 0.22232926018691326
v 3.57872 -0.30694 3.22275 0.199642600984167 0.19510526914361775 0.22232926018691326
v 3.59526 -0.28022 3.2448 0.199642600984167 0.19510526914361775 0.22232926018691326
v 3.57872 -0.30694 3.22275 0.18974891213937908 0.1854364368634841 0.21131128851885397
v 3.55696 -0.28077 3.32222 0.18974891213937908 0.1854364368634841 0.21131128851885397
v 3.59526 -0.28022 3.2448 0.18974891213937908 0.1854364368634841 0.21131128851885397
v 3.57872 -0.30694 3.22275 0.18974891213937908 0.1854364368634841 0.21131128851885397
v 3.54311 -0.30748 3.29475 0.18974891213937908 0.1854364368634841 0.21131128851885397
v 3.55696 -0.28077 3.32222 0.18974891213937908 0.1854364368634841 0.21131128851885397
v 3.54311 -0.30748 3.29475 0.18486022247201764 0.18065885377947177 0.2058670659347469
v 3.35901 -0.30003 3.33245 0.18486022247201764 0.18065885377947177 0.2058670659347469
v 3.55696 -0.28077 3.32222 0.18486022247201764 0.18065885377947177 0.2058670659347469
v 3.54311 -0.30748 3.29475 0.18486022247201764 0.18065885377947177 0.2058670659347469
v 3.35901 -0.32503 3.30426 0.18486022247201764 0.18065885377947177 0.2058670659347469
v 3.35901 -0.30003 3.33245 0.18486022247201764 0.18065885377947177 0.2058670659347469
v 3.35901 -0.32503 3.30426 0.18794194553447208 0.1836705376814159 0.20929898479975298
v 3.15847 -0.31658 3.32735 0.18794194553447208 0.1836705376814159 0.20929898479975298
v 3.35901 -0.30003 3.33245 0.18794194553447208 0.1836705376814159 0.20929898479975298
v 3.35901 -0.32503 3.30426 0.18794194553447208 0.1836705376814159 0.20929898479975298
v 3.17251 -0.34022 3.29952 0.18794194553447208 0.1836705376814159 0.20929898479975298
v 3.15847 -0.31658 3.32735 0.18794194553447208 0.1836705376814159 0.20929898479975298
v 3.17251 -0.34022 3.29952 0.1971247494697574 0.1926446415272629 0.21952528918222983
v 3.09582 -0.32173 3.28073 0.1971247494697574 0.1926446415272629 0.21952528918222983
v 3.15847 -0.31658 3.32735 0.1971247494697574 0.1926446415272629 0.21952528918222983
v 3.17251 -0.34022 3.29952 0.1971247494697574 0.1926446415272629 0.21952528918222983
v 3.11424 -0.34501 3.25617 0.1971247494697574 0.1926446415272629 0.21952528918222983
v 3.09582 -0.32173 3.28073 0.1971247494697574 0.1926446415272629 0.21952528918222983
v 3.11424 -0.34501 3.25617 0.20683846863196859 0.2021375943448784 0.23034284006741956
v 3.08942 -0.32372 3.17157 0.20683846863196859 0.2021375943448784 0.23034284006741956
v 3.09582 -0.32173 3.28073 0.20683846863196859 0.2021375943448784 0.23034284006741956
v 3.11424 -0.34501 3.25617 0.20683846863196859 0.2021375943448784 0.23034284006741956
v 3.10829 -0.3469 3.15465 0.20683846863196859 0.2021375943448784 0.23034284006741956
v 3.08942 -0.32372 3.17157 0.20683846863196859 0.2021375943448784 0.23034284006741956
v 3.10829 -0.3469 3.15465 0.21119089132273638 0.20639109833812874 0.23518985624577463
v 3.05284 -0.32671 2.92981 0.21119089132273638 0.20639109833812874 0.23518985624577463
v 3.08942 -0.32372 3.17157 0.21119089132273638 0.20639109833812874 0.23518985624577463
v 3.10829 -0.3469 3.15465 0.21119089132273638 0.20639109833812874 0.23518985624577463
v 3.07427 -0.34996 2.92981 0.21119089132273638 0.20639109833812874 0.23518985624577463
v 3.05284 -0.32671 2.92981 0.21119089132273638 0.20639109833812874 0.23518985624577463
v 3.07427 -0.34996 2.92981 0.20754189634167097 0.20282503506117844 0.23112620274413356
v 3.08091 -0.32462 2.68041 0.20754189634167097 0.20282503506117844 0.23112620274413356
v 3.05284 -0.32671 2.92981 0.20754189634167097 0.20282503506117844 0.23112620274413356
v 3.07427 -0.34996 2.92981 0.20754189634167097 0.20282503506117844 0.23112620274413356
v 3.10038 -0.34836 2.69787 0.20754189634167097 0.20282503506117844 0.23112620274413356
v 3.08091 -0.32462 2.68041 0.20754189634167097 0.20282503506117844 0.23112620274413356
v 3.10038 -0.34836 2.69787 0.1981049150795385 0.19360253064591262 0.22061683724766787
v 3.0819 -0.32311 2.56032 0.1981049150795385 0.19360253064591262 0.22061683724766787
v 3.08091 -0.32462 2.68041 0.1981049150795385 0.19360253064591262 0.22061683724766787
v 3.10038 -0.34836 2.69787 0.1981049150795385 0.19360253064591262 0.22061683724766787
v 3.1013 -0.34721 2.58618 0.1981049150795385 0.19360253064591262 0.22061683724766787
v 3.0819 -0.32311 2.56032 0.1981049150795385 0.19360253064591262 0.22061683724766787
v 3.1013 -0.34721 2.58618 0.1886042937379811 0.18431783251666334 0.21003659984456985
v 3.16753 -0.32165 2.55022 0.1886042937379811 0.18431783251666334 0.21003659984456985
v 3.0819 -0.32311 2.56032 0.1886042937379811 0.18431783251666334 0.21003659984456985
v 3.1013 -0.34721 2.58618 0.1886042937379811 0.18431783251666334 0.21003659984456985
v 3.18094 -0.34559 2.57679 0.1886042937379811 0.18431783251666334 0.21003659984456985
v 3.16753 -0.32165 2.55022 0.1886042937379811 0.18431783251666334 0.21003659984456985
v 3.18094 -0.34559 2.57679 0.18480298173685414 0.18060291397010747 0.20580332057058756
v 3.35901 -0.31591 2.53245 0.18480298173685414 0.18060291397010747 0.20580332057058756
v 3.16753 -0.32165 2.55022 0.18480298173685414 0.18060291397010747 0.20580332057058756
v 3.18094 -0.34559 2.57679 0.18480298173685414 0.18060291397010747 0.20580332057058756
v 3.35901 -0.33981 2.56026 0.18480298173685414 0.18060291397010747 0.20580332057058756
v 3.35901 -0.31591 2.53245 0.18480298173685414 0.18060291397010747 0.20580332057058756
v 3.35901 -0.33981 2.56026 0.18900680392739727 0.18471119474722913 0.21048484982823784
v 3.5479 -0.30616 2.55535 0.18900680392739727 0.18471119474722913 0.21048484982823784
v 3.35901 -0.31591 2.53245 0.18900680392739727 0.18471119474722913 0.21048484982823784
v 3.35901 -0.33981 2.56026 0.18900680392739727 0.18471119474722913 0.21048484982823784
v 3.53468 -0.33053 2.58156 0.18900680392739727 0.18471119474722913 0.21048484982823784
v 3.5479 -0.30616 2.55535 0.18900680392739727 0.18471119474722913 0.21048484982823784
v 3.53468 -0.33053 2.58156 0.19866577817863218 0.19415064685639055 0.22124143478984037
v 3.60918 -0.30132 2.59625 0.19866577817863218 0.19415064685639055 0.22124143478984037
v 3.5479 -0.30616 2.55535 0.19866577817863218 0.19415064685639055 0.22124143478984037
v 3.53468 -0.33053 2.58156 0.19866577817863218 0.19415064685639055 0.22124143478984037
v 3.59166 -0.32603 2.6196 0.19866577817863218 0.19415064685639055 0.22124143478984037
v 3.60918 -0.30132 2.59625 0.19866577817863218 0.19415064685639055 0.22124143478984037
v 3.59166 -0.32603 2.6196 0.20792090032058244 0.20319542531329648 0.23154827535701228
v 3.66842 -0.29545 2.65233 0.20792090032058244 0.20319542531329648 0.23154827535701228
v 3.60918 -0.30132 2.59625 0.20792090032058244 0.20319542531329648 0.23154827535701228
v 3.59166 -0.32603 2.6196 0.20792090032058244 0.20319542531329648 0.23154827535701228
v 3.64676 -0.32062 2.67176 0.20792090032058244 0.20319542531329648 0.23154827535701228
v 3.66842 -0.29545 2.65233 0.20792090032058244 0.20319542531329648 0.23154827535701228
v 3.64676 -0.32062 2.67176 0.21115813745359646 0.20635908887510562 0.2351533803460506
v 3.65284 -0.28757 2.92981 0.21115813745359646 0.20635908887510562 0.2351533803460506
v 3.66842 -0.29545 2.65233 0.21115813745359646 0.20635908887510562 0.2351533803460506
v 3.64676 -0.32062 2.67176 0.21115813745359646 0.20635908887510562 0.2351533803460506
v 3.63227 -0.3135 2.92981 0.21115813745359646 0.20635908887510562 0.2351533803460506
v 3.65284 -0.28757 2.92981 0.21115813745359646 0.20635908887510562 0.2351533803460506
v 3.65284 -0.28757 2.92981 0.20853991011352002 0.20380036670184912 0.23223762717187457
v 3.65991 -0.00335 3.19965 0.20853991011352002 0.20380036670184912 0.23223762717187457
v 3.65284 -0.01557 2.92981 0.20853991011352002 0.20380036670184912 0.23223762717187457
v 3.65284 -0.28757 2.92981 0.20853991011352002 0.20380036670184912 0.23223762717187457
v 3.65991 -0.27535 3.19965 0.20853991011352002 0.20380036670184912 0.23223762717187457
v 3.65991 -0.00335 3.19965 0.20853991011352002 0.20380036670184912 0.23223762717187457
v 3.65991 -0.27535 3.19965 0.199642600984167 0.19510526914361775 0.22232926018691326
v 3.59526 -0.00822 3.2448 0.199642600984167 0.19510526914361775 0.22232926018691326
v 3.65991 -0.00335 3.19965 0.199642600984167 0.19510526914361775 0.22232926018691326
v 3.65991 -0.27535 3.19965 0.199642600984167 0.19510526914361775 0.22232926018691326
v 3.59526 -0.28022 3.2448 0.199642600984167 0.19510526914361775 0.22232926018691326
v 3.59526 -0.00822 3.2448 0.199642600984167 0.19510526914361775 0.22232926018691326
v 3.59526 -0.28022 3.2448 0.18974891213937908 0.1854364368634841 0.21131128851885397
v 3.55696 -0.00877 3.32222 0.18974891213937908 0.1854364368634841 0.21131128851885397
v 3.59526 -0.00822 3.2448 0.18974891213937908 0.1854364368634841 0.21131128851885397
v 3.59526 -0.28022 3.2448 0.18974891213937908 0.1854364368634841 0.21131128851885397
v 3.55696 -0.28077 3.32222 0.18974891213937908 0.1854364368634841 0.21131128851885397
v 3.55696 -0.00877 3.32222 0.18974891213937908 0.1854364368634841 0.21131128851885397
v 3.55696 -0.28077 3.32222 0.18486022247201764 0.18065885377947177 0.2058670659347469
v 3.35901 -0.02803 3.33245 0.18486022247201764 0.18065885377947177 0.2058670659347469
v 3.55696 -0.00877 3.32222 0.18486022247201764 0.18065885377947177 0.2058670659347469
v 3.55696 -0.28077 3.32222 0.18486022247201764 0.18065885377947177 0.2058670659347469
v 3.35901 -0.30003 3.33245 0.18486022247201764 0.18065885377947177 0.2058670659347469
v 3.35901 -0.02803 3.33245 0.18486022247201764 0.18065885377947177 0.2058670659347469
v 3.35901 -0.30003 3.33245 0.18794194553447208 0.1836705376814159 0.20929898479975298
v 3.15847 -0.04458 3.32735 0.18794194553447208 0.1836705376814159 0.20929898479975298
v 3.35901 -0.02803 3.33245 0.18794194553447208 0.1836705376814159 0.20929898479975298
v 3.35901 -0.30003 3.33245 0.18794194553447208 0.1836705376814159 0.20929898479975298
v 3.15847 -0.31658 3.32735 0.18794194553447208 0.1836705376814159 0.20929898479975298
v 3.15847 -0.04458 3.32735 0.18794194553447208 0.1836705376814159 0.20929898479975298
v 3.15847 -0.31658 3.32735 0.1971247494697574 0.1926446415272629 0.21952528918222983
v 3.09582 -0.04973 3.28073 0.1971247494697574 0.1926446415272629 0.21952528918222983
v 3.15847 -0.04458 3.32735 0.1971247494697574 0.1926446415272629 0.21952528918222983
v 3.15847 -0.31658 3.32735 0.1971247494697574 0.1926446415272629 0.21952528918222983
v 3.09582 -0.32173 3.28073 0.1971247494697574 0.1926446415272629 0.21952528918222983
v 3.09582 -0.04973 3.28073 0.1971247494697574 0.1926446415272629 0.21952528918222983
v 3.09582 -0.32173 3.28073 0.20683846863196859 0.2021375943448784 0.23034284006741956
v 3.08942 -0.05172 3.17157 0.20683846863196859 0.2021375943448784 0.23034284006741956
v 3.09582 -0.04973 3.28073 0.20683846863196859 0.2021375943448784 0.23034284006741956
v 3.09582 -0.32173 3.28073 0.20683846863196859 0.2021375943448784 0.23034284006741956
v 3.08942 -0.32372 3.17157 0.20683846863196859 0.2021375943448784 0.23034284006741956
v 3.08942 -0.05172 3.17157 0.20683846863196859 0.2021375943448784 0.23034284006741956
v 3.08942 -0.32372 3.17157 0.21119089132273638 0.20639109833812874 0.23518985624577463
v 3.05284 -0.05471 2.92981 0.21119089132273638 0.20639109833812874 0.23518985624577463
v 3.08942 -0.05172 3.17157 0.21119089132273638 0.20639109833812874 0.23518985624577463
v 3.08942 -0.32372 3.17157 0.21119089132273638 0.20639109833812874 0.23518985624577463
v 3.05284 -0.32671 2.92981 0.21119089132273638 0.20639109833812874 0.23518985624577463
v 3.05284 -0.05471 2.92981 0.21119089132273638 0.20639109833812874 0.23518985624577463
v 3.05284 -0.32671 2.92981 0.20754189634167097 0.20282503506117844 0.23112620274413356
v 3.08091 -0.05262 2.68041 0.20754189634167097 0.20282503506117844 0.23112620274413356
v 3.05284 -0.05471 2.92981 0.20754189634167097 0.20282503506117844 0.23112620274413356
v 3.05284 -0.32671 2.92981 0.20754189634167097 0.20282503506117844 0.23112620274413356
v 3.08091 -0.32462 2.68041 0.20754189634167097 0.20282503506117844 0.23112620274413356
v 3.08091 -0.05262 2.68041 0.20754189634167097 0.20282503506117844 0.23112620274413356
v 3.08091 -0.32462 2.68041 0.1981049150795385 0.19360253064591262 0.22061683724766787
v 3.0819 -0.05111 2.56032 0.1981049150795385 0.19360253064591262 0.22061683724766787
v 3.08091 -0.05262 2.68041 0.1981049150795385 0.19360253064591262 0.22061683724766787
v 3.08091 -0.32462 2.68041 0.1981049150795385 0.19360253064591262 0.22061683724766787
v 3.0819 -0.32311 2.56032 0.1981049150795385 0.19360253064591262 0.22061683724766787
v 3.0819 -0.05111 2.56032 0.1981049150795385 0.19360253064591262 0.22061683724766787
v 3.0819 -0.32311 2.56032 0.1886042937379811 0.18431783251666334 0.21003659984456985
v 3.16753 -0.04965 2.55022 0.1886042937379811 0.18431783251666334 0.21003659984456985
v 3.0819 -0.05111 2.56032 0.1886042937379811 0.18431783251666334 0.21003659984456985
v 3.0819 -0.32311 2.56032 0.1886042937379811 0.18431783251666334 0.21003659984456985
v 3.16753 -0.32165 2.55022 0.1886042937379811 0.18431783251666334 0.21003659984456985
v 3.16753 -0.04965 2.55022 0.1886042937379811 0.18431783251666334 0.21003659984456985
v 3.16753 -0.32165 2.55022 0.18480298173685414 0.18060291397010747 0.20580332057058756
v 3.35901 -0.04391 2.53245 0.18480298173685414 0.18060291397010747 0.20580332057058756
v 3.16753 -0.04965 2.55022 0.18480298173685414 0.18060291397010747 0.20580332057058756
v 3.16753 -0.32165 2.55022 0.18480298173685414 0.18060291397010747 0.20580332057058756
v 3.35901 -0.31591 2.53245 0.18480298173685414 0.18060291397010747 0.20580332057058756
v 3.35901 -0.04391 2.53245 0.18480298173685414 0.18060291397010747 0.20580332057058756
v 3.35901 -0.31591 2.53245 0.18900680392739727 0.18471119474722913 0.21048484982823784
v 3.5479 -0.03416 2.55535 0.18900680392739727 0.18471119474722913 0.21048484982823784
v 3.35901 -0.04391 2.53245 0.18900680392739727 0.18471119474722913 0.21048484982823784
v 3.35901 -0.31591 2.53245 0.18900680392739727 0.18471119474722913 0.21048484982823784
v 3.5479 -0.30616 2.55535 0.18900680392739727 0.18471119474722913 0.21048484982823784
v 3.5479 -0.03416 2.55535 0.18900680392739727 0.18471119474722913 0.21048484982823784
v 3.5479 -0.30616 2.55535 0.19866577817863218 0.19415064685639055 0.22124143478984037
v 3.60918 -0.02932 2.59625 0.19866577817863218 0.19415064685639055 0.22124143478984037
v 3.5479 -0.03416 2.55535 0.19866577817863218 0.19415064685639055 0.22124143478984037
v 3.5479 -0.30616 2.55535 0.19866577817863218 0.19415064685639055 0.22124143478984037
v 3.60918 -0.30132 2.59625 0.19866577817863218 0.19415064685639055 0.22124143478984037
v 3.60918 -0.02932 2.59625 0.19866577817863218 0.19415064685639055 0.22124143478984037
v 3.60918 -0.30132 2.59625 0.20792090032058244 0.20319542531329648 0.23154827535701228
v 3.66842 -0.02345 2.65233 0.20792090032058244 0.20319542531329648 0.23154827535701228
v 3.60918 -0.02932 2.59625 0.20792090032058244 0.20319542531329648 0.23154827535701228
v 3.60918 -0.30132 2.59625 0.20792090032058244 0.20319542531329648 0.23154827535701228
v 3.66842 -0.29545 2.65233 0.20792090032058244 0.20319542531329648 0.23154827535701228
v 3.66842 -0.02345 2.65233 0.20792090032058244 0.20319542531329648 0.23154827535701228
v 3.66842 -0.29545 2.65233 0.21115813745359646 0.20635908887510562 0.2351533803460506
v 3.65284 -0.01557 2.92981 0.21115813745359646 0.20635908887510562 0.2351533803460506
v 3.66842 -0.02345 2.65233 0.21115813745359646 0.20635908887510562 0.2351533803460506
v 3.66842 -0.29545 2.65233 0.21115813745359646 0.20635908887510562 0.2351533803460506
v 3.65284 -0.28757 2.92981 0.21115813745359646 0.20635908887510562 0.2351533803460506
v 3.65284 -0.01557 2.92981 0.21115813745359646 0.20635908887510562 0.2351533803460506
v 3.65284 -0.01557 2.92981 0.22833991011352 0.2231503667018491 0.25428762717187453
v 3.63885 0.09751 3.18076 0.22833991011352 0.2231503667018491 0.25428762717187453
v 3.63227 0.0865 2.92981 0.22833991011352 0.2231503667018491 0.25428762717187453
v 3.65284 -0.01557 2.92981 0.22833991011352 0.2231503667018491 0.25428762717187453
v 3.65991 -0.00335 3.19965 0.22833991011352 0.2231503667018491 0.25428762717187453
v 3.63885 0.09751 3.18076 0.22833991011352 0.2231503667018491 0.25428762717187453
v 3.65991 -0.00335 3.19965 0.219442600984167 0.21445526914361776 0.24437926018691325
v 3.57872 0.09306 3.22275 0.219442600984167 0.21445526914361776 0.24437926018691325
v 3.63885 0.09751 3.18076 0.219442600984167 0.21445526914361776 0.24437926018691325
v 3.65991 -0.00335 3.19965 0.219442600984167 0.21445526914361776 0.24437926018691325
v 3.59526 -0.00822 3.2448 0.219442600984167 0.21445526914361776 0.24437926018691325
v 3.57872 0.09306 3.22275 0.219442600984167 0.21445526914361776 0.24437926018691325
v 3.59526 -0.00822 3.2448 0.20954891213937907 0.2047864368634841 0.23336128851885396
v 3.54311 0.09252 3.29475 0.20954891213937907 0.2047864368634841 0.23336128851885396
v 3.57872 0.09306 3.22275 0.20954891213937907 0.2047864368634841 0.23336128851885396
v 3.59526 -0.00822 3.2448 0.20954891213937907 0.2047864368634841 0.23336128851885396
v 3.55696 -0.00877 3.32222 0.20954891213937907 0.2047864368634841 0.23336128851885396
v 3.54311 0.09252 3.29475 0.20954891213937907 0.2047864368634841 0.23336128851885396
v 3.55696 -0.00877 3.32222 0.20466022247201762 0.20000885377947178 0.2279170659347469
v 3.35901 0.07497 3.30426 0.20466022247201762 0.20000885377947178 0.2279170659347469
v 3.54311 0.09252 3.29475 0.20466022247201762 0.20000885377947178 0.2279170659347469
v 3.55696 -0.00877 3.32222 0.20466022247201762 0.20000885377947178 0.2279170659347469
v 3.35901 -0.02803 3.33245 0.20466022247201762 0.20000885377947178 0.2279170659347469
v 3.35901 0.07497 3.30426 0.20466022247201762 0.20000885377947178 0.2279170659347469
v 3.35901 -0.02803 3.33245 0.20774194553447206 0.20302053768141587 0.23134898479975297
v 3.17251 0.05978 3.29952 0.20774194553447206 0.20302053768141587 0.23134898479975297
v 3.35901 0.07497 3.30426 0.20774194553447206 0.20302053768141587 0.23134898479975297
v 3.35901 -0.02803 3.33245 0.20774194553447206 0.20302053768141587 0.23134898479975297
v 3.15847 -0.04458 3.32735 0.20774194553447206 0.20302053768141587 0.23134898479975297
v 3.17251 0.05978 3.29952 0.20774194553447206 0.20302053768141587 0.23134898479975297
v 3.15847 -0.04458 3.32735 0.2169247494697574 0.21199464152726288 0.2415752891822298
v 3.11424 0.05499 3.25617 0.2169247494697574 0.21199464152726288 0.2415752891822298
v 3.17251 0.05978 3.29952 0.2169247494697574 0.21199464152726288 0.2415752891822298
v 3.15847 -0.04458 3.32735 0.2169247494697574 0.21199464152726288 0.2415752891822298
v 3.09582 -0.04973 3.28073 0.2169247494697574 0.21199464152726288 0.2415752891822298
v 3.11424 0.05499 3.25617 0.2169247494697574 0.21199464152726288 0.2415752891822298
v 3.09582 -0.04973 3.28073 0.22663846863196863 0.2214875943448784 0.2523928400674196
v 3.10829 0.0531 3.15465 0.22663846863196863 0.2214875943448784 0.2523928400674196
v 3.11424 0.05499 3.25617 0.22663846863196863 0.2214875943448784 0.2523928400674196
v 3.09582 -0.04973 3.28073 0.22663846863196863 0.2214875943448784 0.2523928400674196
v 3.08942 -0.05172 3.17157 0.22663846863196863 0.2214875943448784 0.2523928400674196
v 3.10829 0.0531 3.15465 0.22663846863196863 0.2214875943448784 0.2523928400674196
v 3.08942 -0.05172 3.17157 0.2309908913227364 0.22574109833812875 0.2572398562457746
v 3.07427 0.05004 2.92981 0.2309908913227364 0.22574109833812875 0.2572398562457746
v 3.10829 0.0531 3.15465 0.2309908913227364 0.22574109833812875 0.2572398562457746
v 3.08942 -0.05172 3.17157 0.2309908913227364 0.22574109833812875 0.2572398562457746
v 3.05284 -0.05471 2.92981 0.2309908913227364 0.22574109833812875 0.2572398562457746
v 3.07427 0.05004 2.92981 0.2309908913227364 0.22574109833812875 0.2572398562457746
v 3.05284 -0.05471 2.92981 0.22734189634167096 0.22217503506117844 0.25317620274413355
v 3.10038 0.05164 2.69787 0.22734189634167096 0.22217503506117844 0.25317620274413355
v 3.07427 0.05004 2.92981 0.22734189634167096 0.22217503506117844 0.25317620274413355
v 3.05284 -0.05471 2.92981 0.22734189634167096 0.22217503506117844 0.25317620274413355
v 3.08091 -0.05262 2.68041 0.22734189634167096 0.22217503506117844 0.25317620274413355
v 3.10038 0.05164 2.69787 0.22734189634167096 0.22217503506117844 0.25317620274413355
v 3.08091 -0.05262 2.68041 0.2179049150795385 0.21295253064591263 0.24266683724766785
v 3.1013 0.05279 2.58618 0.2179049150795385 0.21295253064591263 0.24266683724766785
v 3.10038 0.05164 2.69787 0.2179049150795385 0.21295253064591263 0.24266683724766785
v 3.08091 -0.05262 2.68041 0.2179049150795385 0.21295253064591263 0.24266683724766785
v 3.0819 -0.05111 2.56032 0.2179049150795385 0.21295253064591263 0.24266683724766785
v 3.1013 0.05279 2.58618 0.2179049150795385 0.21295253064591263 0.24266683724766785
v 3.0819 -0.05111 2.56032 0.20840429373798108 0.20366783251666334 0.23208659984456984
v 3.18094 0.05441 2.57679 0.20840429373798108 0.20366783251666334 0.23208659984456984
v 3.1013 0.05279 2.58618 0.20840429373798108 0.20366783251666334 0.23208659984456984
v 3.0819 -0.05111 2.56032 0.20840429373798108 0.20366783251666334 0.23208659984456984
v 3.16753 -0.04965 2.55022 0.20840429373798108 0.20366783251666334 0.23208659984456984
v 3.18094 0.05441 2.57679 0.20840429373798108 0.20366783251666334 0.23208659984456984
v 3.16753 -0.04965 2.55022 0.20460298173685415 0.19995291397010745 0.22785332057058755
v 3.35901 0.06019 2.56026 0.20460298173685415 0.19995291397010745 0.22785332057058755
v 3.18094 0.05441 2.57679 0.20460298173685415 0.19995291397010745 0.22785332057058755
v 3.16753 -0.04965 2.55022 0.20460298173685415 0.19995291397010745 0.22785332057058755
v 3.35901 -0.04391 2.53245 0.20460298173685415 0.19995291397010745 0.22785332057058755
v 3.35901 0.06019 2.56026 0.20460298173685415 0.19995291397010745 0.22785332057058755
v 3.35901 -0.04391 2.53245 0.20880680392739726 0.20406119474722914 0.23253484982823786
v 3.53468 0.06947 2.58156 0.20880680392739726 0.20406119474722914 0.23253484982823786
v 3.35901 0.06019 2.56026 0.20880680392739726 0.20406119474722914 0.23253484982823786
v 3.35901 -0.04391 2.53245 0.20880680392739726 0.20406119474722914 0.23253484982823786
v 3.5479 -0.03416 2.55535 0.20880680392739726 0.20406119474722914 0.23253484982823786
v 3.53468 0.06947 2.58156 0.20880680392739726 0.20406119474722914 0.23253484982823786
v 3.5479 -0.03416 2.55535 0.2184657781786322 0.21350064685639053 0.2432914347898404
v 3.59166 0.07397 2.6196 0.2184657781786322 0.21350064685639053 0.2432914347898404
v 3.53468 0.06947 2.58156 0.2184657781786322 0.21350064685639053 0.2432914347898404
v 3.5479 -0.03416 2.55535 0.2184657781786322 0.21350064685639053 0.2432914347898404
v 3.60918 -0.02932 2.59625 0.2184657781786322 0.21350064685639053 0.2432914347898404
v 3.59166 0.07397 2.6196 0.2184657781786322 0.21350064685639053 0.2432914347898404
v 3.60918 -0.02932 2.59625 0.22772090032058245 0.22254542531329646 0.25359827535701224
v 3.64676 0.07938 2.67176 0.22772090032058245 0.22254542531329646 0.25359827535701224
v 3.59166 0.07397 2.6196 0.22772090032058245 0.22254542531329646 0.25359827535701224
v 3.60918 -0.02932 2.59625 0.22772090032058245 0.22254542531329646 0.25359827535701224
v 3.66842 -0.02345 2.65233 0.22772090032058245 0.22254542531329646 0.25359827535701224
v 3.64676 0.07938 2.67176 0.22772090032058245 0.22254542531329646 0.25359827535701224
v 3.66842 -0.02345 2.65233 0.23095813745359647 0.22570908887510566 0.2572033803460506
v 3.63227 0.0865 2.92981 0.23095813745359647 0.22570908887510566 0.2572033803460506
v 3.64676 0.07938 2.67176 0.23095813745359647 0.22570908887510566 0.2572033803460506
v 3.66842 -0.02345 2.65233 0.23095813745359647 0.22570908887510566 0.2572033803460506
v 3.65284 -0.01557 2.92981 0.23095813745359647 0.22570908887510566 0.2572033803460506
v 3.63227 0.0865 2.92981 0.23095813745359647 0.22570908887510566 0.2572033803460506
v 3.35901 0.15 2.92981 0.28 0.27 0.295
v 3.63885 0.09751 3.18076 0.28 0.27 0.295
v 3.63227 0.0865 2.92981 0.28 0.27 0.295
v 3.35901 -0.25 2.92981 0.16 0.15 0.18
v 3.63227 -0.3135 2.92981 0.16 0.15 0.18
v 3.63885 -0.30249 3.18076 0.16 0.15 0.18
v 3.35901 0.15 2.92981 0.28 0.27 0.295
v 3.57872 0.09306 3.22275 0.28 0.27 0.295
v 3.63885 0.09751 3.18076 0.28 0.27 0.295
v 3.35901 -0.25 2.92981 0.16 0.15 0.18
v 3.63885 -0.30249 3.18076 0.16 0.15 0.18
v 3.57872 -0.30694 3.22275 0.16 0.15 0.18
v 3.35901 0.15 2.92981 0.28 0.27 0.295
v 3.54311 0.09252 3.29475 0.28 0.27 0.295
v 3.57872 0.09306 3.22275 0.28 0.27 0.295
v 3.35901 -0.25 2.92981 0.16 0.15 0.18
v 3.57872 -0.30694 3.22275 0.16 0.15 0.18
v 3.54311 -0.30748 3.29475 0.16 0.15 0.18
v 3.35901 0.15 2.92981 0.28 0.27 0.295
v 3.35901 0.07497 3.30426 0.28 0.27 0.295
v 3.54311 0.09252 3.29475 0.28 0.27 0.295
v 3.35901 -0.25 2.92981 0.16 0.15 0.18
v 3.54311 -0.30748 3.29475 0.16 0.15 0.18
v 3.35901 -0.32503 3.30426 0.16 0.15 0.18
v 3.35901 0.15 2.92981 0.28 0.27 0.295
v 3.17251 0.05978 3.29952 0.28 0.27 0.295
v 3.35901 0.07497 3.30426 0.28 0.27 0.295
v 3.35901 -0.25 2.92981 0.16 0.15 0.18
v 3.35901 -0.32503 3.30426 0.16 0.15 0.18
v 3.17251 -0.34022 3.29952 0.16 0.15 0.18
v 3.35901 0.15 2.92981 0.28 0.27 0.295
v 3.11424 0.05499 3.25617 0.28 0.27 0.295
v 3.17251 0.05978 3.29952 0.28 0.27 0.295
v 3.35901 -0.25 2.92981 0.16 0.15 0.18
v 3.17251 -0.34022 3.29952 0.16 0.15 0.18
v 3.11424 -0.34501 3.25617 0.16 0.15 0.18
v 3.35901 0.15 2.92981 0.28 0.27 0.295
v 3.10829 0.0531 3.15465 0.28 0.27 0.295
v 3.11424 0.05499 3.25617 0.28 0.27 0.295
v 3.35901 -0.25 2.92981 0.16 0.15 0.18
v 3.11424 -0.34501 3.25617 0.16 0.15 0.18
v 3.10829 -0.3469 3.15465 0.16 0.15 0.18
v 3.35901 0.15 2.92981 0.28 0.27 0.295
v 3.07427 0.05004 2.92981 0.28 0.27 0.295
v 3.10829 0.0531 3.15465 0.28 0.27 0.295
v 3.35901 -0.25 2.92981 0.16 0.15 0.18
v 3.10829 -0.3469 3.15465 0.16 0.15 0.18
v 3.07427 -0.34996 2.92981 0.16 0.15 0.18
v 3.35901 0.15 2.92981 0.28 0.27 0.295
v 3.10038 0.05164 2.69787 0.28 0.27 0.295
v 3.07427 0.05004 2.92981 0.28 0.27 0.295
v 3.35901 -0.25 2.92981 0.16 0.15 0.18
v 3.07427 -0.34996 2.92981 0.16 0.15 0.18
v 3.10038 -0.34836 2.69787 0.16 0.15 0.18
v 3.35901 0.15 2.92981 0.28 0.27 0.295
v 3.1013 0.05279 2.58618 0.28 0.27 0.295
v 3.10038 0.05164 2.69787 0.28 0.27 0.295
v 3.35901 -0.25 2.92981 0.16 0.15 0.18
v 3.10038 -0.34836 2.69787 0.16 0.15 0.18
v 3.1013 -0.34721 2.58618 0.16 0.15 0.18
v 3.35901 0.15 2.92981 0.28 0.27 0.295
v 3.18094 0.05441 2.57679 0.28 0.27 0.295
v 3.1013 0.05279 2.58618 0.28 0.27 0.295
v 3.35901 -0.25 2.92981 0.16 0.15 0.18
v 3.1013 -0.34721 2.58618 0.16 0.15 0.18
v 3.18094 -0.34559 2.57679 0.16 0.15 0.18
v 3.35901 0.15 2.92981 0.28 0.27 0.295
v 3.35901 0.06019 2.56026 0.28 0.27 0.295
v 3.18094 0.05441 2.57679 0.28 0.27 0.295
v 3.35901 -0.25 2.92981 0.16 0.15 0.18
v 3.18094 -0.34559 2.57679 0.16 0.15 0.18
v 3.35901 -0.33981 2.56026 0.16 0.15 0.18
v 3.35901 0.15 2.92981 0.28 0.27 0.295
v 3.53468 0.06947 2.58156 0.28 0.27 0.295
v 3.35901 0.06019 2.56026 0.28 0.27 0.295
v 3.35901 -0.25 2.92981 0.16 0.15 0.18
v 3.35901 -0.33981 2.56026 0.16 0.15 0.18
v 3.53468 -0.33053 2.58156 0.16 0.15 0.18
v 3.35901 0.15 2.92981 0.28 0.27 0.295
v 3.59166 0.07397 2.6196 0.28 0.27 0.295
v 3.53468 0.06947 2.58156 0.28 0.27 0.295
v 3.35901 -0.25 2.92981 0.16 0.15 0.18
v 3.53468 -0.33053 2.58156 0.16 0.15 0.18
v 3.59166 -0.32603 2.6196 0.16 0.15 0.18
v 3.35901 0.15 2.92981 0.28 0.27 0.295
v 3.64676 0.07938 2.67176 0.28 0.27 0.295
v 3.59166 0.07397 2.6196 0.28 0.27 0.295
v 3.35901 -0.25 2.92981 0.16 0.15 0.18
v 3.59166 -0.32603 2.6196 0.16 0.15 0.18
v 3.64676 -0.32062 2.67176 0.16 0.15 0.18
v 3.35901 0.15 2.92981 0.28 0.27 0.295
v 3.63227 0.0865 2.92981 0.28 0.27 0.295
v 3.64676 0.07938 2.67176 0.28 0.27 0.295
v 3.35901 -0.25 2.92981 0.16 0.15 0.18
v 3.64676 -0.32062 2.67176 0.16 0.15 0.18
v 3.63227 -0.3135 2.92981 0.16 0.15 0.18
v -4.98519 -0.21428 -0.63043 0.1863879213603218 0.18215183223849632 0.2075683669694493
v -4.96587 -0.1689 -0.43565 0.1863879213603218 0.18215183223849632 0.2075683669694493
v -4.9525 -0.17879 -0.63043 0.1863879213603218 0.18215183223849632 0.2075683669694493
v -4.98519 -0.21428 -0.63043 0.1863879213603218 0.18215183223849632 0.2075683669694493
v -4.99763 -0.20495 -0.44928 0.1863879213603218 0.18215183223849632 0.2075683669694493
v -4.96587 -0.1689 -0.43565 0.1863879213603218 0.18215183223849632 0.2075683669694493
v -4.99763 -0.20495 -0.44928 0.18540700553787787 0.18119320995747154 0.20647598343990942
v -5.04624 -0.17659 -0.39213 0.18540700553787787 0.18119320995747154 0.20647598343990942
v -4.96587 -0.1689 -0.43565 0.18540700553787787 0.18119320995747154 0.20647598343990942
v -4.99763 -0.20495 -0.44928 0.18540700553787787 0.18119320995747154 0.20647598343990942
v -5.07237 -0.21217 -0.40881 0.18540700553787787 0.18119320995747154 0.20647598343990942
v -5.04624 -0.17659 -0.39213 0.18540700553787787 0.18119320995747154 0.20647598343990942
v -5.07237 -0.21217 -0.40881 0.19206483117461365 0.18769972137519061 0.21389038017172884
v -5.09711 -0.1791 -0.3244 0.19206483117461365 0.18769972137519061 0.21389038017172884
v -5.04624 -0.17659 -0.39213 0.19206483117461365 0.18769972137519061 0.21389038017172884
v -5.07237 -0.21217 -0.40881 0.19206483117461365 0.18769972137519061 0.21389038017172884
v -5.11968 -0.21452 -0.34583 0.19206483117461365 0.18769972137519061 0.21389038017172884
v -5.09711 -0.1791 -0.3244 0.19206483117461365 0.18769972137519061 0.21389038017172884
v -5.11968 -0.21452 -0.34583 0.20232285057861274 0.19772460397455335 0.22531408359890964
v -5.41958 -0.22246 -0.33463 0.20232285057861274 0.19772460397455335 0.22531408359890964
v -5.09711 -0.1791 -0.3244 0.20232285057861274 0.19772460397455335 0.22531408359890964
v -5.11968 -0.21452 -0.34583 0.20232285057861274 0.19772460397455335 0.22531408359890964
v -5.41958 -0.25497 -0.35534 0.20232285057861274 0.19772460397455335 0.22531408359890964
v -5.41958 -0.22246 -0.33463 0.20232285057861274 0.19772460397455335 0.22531408359890964
v -5.41958 -0.25497 -0.35534 0.20995868682863567 0.20518689849162122 0.2338176285137079
v -5.74258 -0.2642 -0.32389 0.20995868682863567 0.20518689849162122 0.2338176285137079
v -5.41958 -0.22246 -0.33463 0.20995868682863567 0.20518689849162122 0.2338176285137079
v -5.41958 -0.25497 -0.35534 0.20995868682863567 0.20518689849162122 0.2338176285137079
v -5.71997 -0.29378 -0.34535 0.20995868682863567 0.20518689849162122 0.2338176285137079
v -5.74258 -0.2642 -0.32389 0.20995868682863567 0.20518689849162122 0.2338176285137079
v -5.71997 -0.29378 -0.34535 0.2103405441183715 0.20556007720659034 0.23424287867727736
v -5.80332 -0.27526 -0.38549 0.2103405441183715 0.20556007720659034 0.23424287867727736
v -5.74258 -0.2642 -0.32389 0.2103405441183715 0.20556007720659034 0.23424287867727736
v -5.71997 -0.29378 -0.34535 0.2103405441183715 0.20556007720659034 0.23424287867727736
v -5.77646 -0.30412 -0.40263 0.2103405441183715 0.20556007720659034 0.23424287867727736
v -5.80332 -0.27526 -0.38549 0.2103405441183715 0.20556007720659034 0.23424287867727736
v -5.77646 -0.30412 -0.40263 0.20323679293989239 0.1986177749185312 0.22633188304669832
v -5.86091 -0.28511 -0.44096 0.20323679293989239 0.1986177749185312 0.22633188304669832
v -5.80332 -0.27526 -0.38549 0.20323679293989239 0.1986177749185312 0.22633188304669832
v -5.77646 -0.30412 -0.40263 0.20323679293989239 0.1986177749185312 0.22633188304669832
v -5.83001 -0.31338 -0.45422 0.20323679293989239 0.1986177749185312 0.22633188304669832
v -5.86091 -0.28511 -0.44096 0.20323679293989239 0.1986177749185312 0.22633188304669832
v -5.83001 -0.31338 -0.45422 0.19295647343499853 0.18857109903874855 0.21488334541624834
v -5.8925 -0.29787 -0.63043 0.19295647343499853 0.18857109903874855 0.21488334541624834
v -5.86091 -0.28511 -0.44096 0.19295647343499853 0.18857109903874855 0.21488334541624834
v -5.83001 -0.31338 -0.45422 0.19295647343499853 0.18857109903874855 0.21488334541624834
v -5.85939 -0.32552 -0.63043 0.19295647343499853 0.18857109903874855 0.21488334541624834
v -5.8925 -0.29787 -0.63043 0.19295647343499853 0.18857109903874855 0.21488334541624834
v -5.85939 -0.32552 -0.63043 0.18573548946689297 0.1815142283426454 0.20684179508813083
v -5.87297 -0.30419 -0.82508 0.18573548946689297 0.1815142283426454 0.20684179508813083
v -5.8925 -0.29787 -0.63043 0.18573548946689297 0.1815142283426454 0.20684179508813083
v -5.85939 -0.32552 -0.63043 0.18573548946689297 0.1815142283426454 0.20684179508813083
v -5.84123 -0.33167 -0.81145 0.18573548946689297 0.1815142283426454 0.20684179508813083
v -5.87297 -0.30419 -0.82508 0.18573548946689297 0.1815142283426454 0.20684179508813083
v -5.84123 -0.33167 -0.81145 0.18595399301445223 0.1817277659004874 0.20708512858427633
v -5.8505 -0.30518 -0.90549 0.18595399301445223 0.1817277659004874 0.20708512858427633
v -5.87297 -0.30419 -0.82508 0.18595399301445223 0.1817277659004874 0.20708512858427633
v -5.84123 -0.33167 -0.81145 0.18595399301445223 0.1817277659004874 0.20708512858427633
v -5.82033 -0.33268 -0.88623 0.18595399301445223 0.1817277659004874 0.20708512858427633
v -5.8505 -0.30518 -0.90549 0.18595399301445223 0.1817277659004874 0.20708512858427633
v -5.82033 -0.33268 -0.88623 0.19347944275775916 0.1890821826950828 0.21546574307114089
v -5.70721 -0.29056 -0.9034 0.19347944275775916 0.1890821826950828 0.21546574307114089
v -5.8505 -0.30518 -0.90549 0.19347944275775916 0.1890821826950828 0.21546574307114089
v -5.82033 -0.33268 -0.88623 0.19347944275775916 0.1890821826950828 0.21546574307114089
v -5.68708 -0.31869 -0.8843 0.19347944275775916 0.1890821826950828 0.21546574307114089
v -5.70721 -0.29056 -0.9034 0.19347944275775916 0.1890821826950828 0.21546574307114089
v -5.68708 -0.31869 -0.8843 0.20374700186423364 0.19911638818550104 0.22690007025789655
v -5.41958 -0.25881 -0.93463 0.20374700186423364 0.19911638818550104 0.22690007025789655
v -5.70721 -0.29056 -0.9034 0.20374700186423364 0.19911638818550104 0.22690007025789655
v -5.68708 -0.31869 -0.8843 0.20374700186423364 0.19911638818550104 0.22690007025789655
v -5.41958 -0.28881 -0.91334 0.20374700186423364 0.19911638818550104 0.22690007025789655
v -5.41958 -0.25881 -0.93463 0.20374700186423364 0.19911638818550104 0.22690007025789655
v -5.41958 -0.28881 -0.91334 0.2105285067571251 0.20574376796719043 0.2344522007067984
v -5.13248 -0.21977 -0.90289 0.2105285067571251 0.20574376796719043 0.2344522007067984
v -5.41958 -0.25881 -0.93463 0.2105285067571251 0.20574376796719043 0.2344522007067984
v -5.41958 -0.28881 -0.91334 0.2105285067571251 0.20574376796719043 0.2344522007067984
v -5.15258 -0.25245 -0.88382 0.2105285067571251 0.20574376796719043 0.2344522007067984
v -5.13248 -0.21977 -0.90289 0.2105285067571251 0.20574376796719043 0.2344522007067984
v -5.15258 -0.25245 -0.88382 0.2097103875673472 0.20494424239536202 0.233541113427273
v -4.99906 -0.20166 -0.89884 0.2097103875673472 0.20494424239536202 0.233541113427273
v -5.13248 -0.21977 -0.90289 0.2097103875673472 0.20494424239536202 0.233541113427273
v -5.15258 -0.25245 -0.88382 0.2097103875673472 0.20494424239536202 0.233541113427273
v -5.0285 -0.23562 -0.88005 0.2097103875673472 0.20494424239536202 0.233541113427273
v -4.99906 -0.20166 -0.89884 0.2097103875673472 0.20494424239536202 0.233541113427273
v -5.0285 -0.23562 -0.88005 0.2017889044173279 0.19720279295329773 0.2247194617374788
v -4.95381 -0.19131 -0.83039 0.2017889044173279 0.19720279295329773 0.2247194617374788
v -4.99906 -0.20166 -0.89884 0.2017889044173279 0.19720279295329773 0.2247194617374788
v -5.0285 -0.23562 -0.88005 0.2017889044173279 0.19720279295329773 0.2247194617374788
v -4.98641 -0.22599 -0.81639 0.2017889044173279 0.19720279295329773 0.2247194617374788
v -4.95381 -0.19131 -0.83039 0.2017889044173279 0.19720279295329773 0.2247194617374788
v -4.98641 -0.22599 -0.81639 0.1915691226899075 0.1872152789924096 0.213338341177397
v -4.9525 -0.17879 -0.63043 0.1915691226899075 0.1872152789924096 0.213338341177397
v -4.95381 -0.19131 -0.83039 0.1915691226899075 0.1872152789924096 0.213338341177397
v -4.98641 -0.22599 -0.81639 0.1915691226899075 0.1872152789924096 0.213338341177397
v -4.98519 -0.21428 -0.63043 0.1915691226899075 0.1872152789924096 0.213338341177397
v -4.9525 -0.17879 -0.63043 0.1915691226899075 0.1872152789924096 0.213338341177397
v -4.9525 -0.17879 -0.63043 0.1863879213603218 0.18215183223849632 0.2075683669694493
v -4.96587 0.1847 -0.43565 0.1863879213603218 0.18215183223849632 0.2075683669694493
v -4.9525 0.17481 -0.63043 0.1863879213603218 0.18215183223849632 0.2075683669694493
v -4.9525 -0.17879 -0.63043 0.1863879213603218 0.18215183223849632 0.2075683669694493
v -4.96587 -0.1689 -0.43565 0.1863879213603218 0.18215183223849632 0.2075683669694493
v -4.96587 0.1847 -0.43565 0.1863879213603218 0.18215183223849632 0.2075683669694493
v -4.96587 -0.1689 -0.43565 0.18540700553787787 0.18119320995747154 0.20647598343990942
v -5.04624 0.17701 -0.39213 0.18540700553787787 0.18119320995747154 0.20647598343990942
v -4.96587 0.1847 -0.43565 0.18540700553787787 0.18119320995747154 0.20647598343990942
v -4.96587 -0.1689 -0.43565 0.18540700553787787 0.18119320995747154 0.20647598343990942
v -5.04624 -0.17659 -0.39213 0.18540700553787787 0.18119320995747154 0.20647598343990942
v -5.04624 0.17701 -0.39213 0.18540700553787787 0.18119320995747154 0.20647598343990942
v -5.04624 -0.17659 -0.39213 0.19206483117461365 0.18769972137519061 0.21389038017172884
v -5.09711 0.1745 -0.3244 0.19206483117461365 0.18769972137519061 0.21389038017172884
v -5.04624 0.17701 -0.39213 0.19206483117461365 0.18769972137519061 0.21389038017172884
v -5.04624 -0.17659 -0.39213 0.19206483117461365 0.18769972137519061 0.21389038017172884
v -5.09711 -0.1791 -0.3244 0.19206483117461365 0.18769972137519061 0.21389038017172884
v -5.09711 0.1745 -0.3244 0.19206483117461365 0.18769972137519061 0.21389038017172884
v -5.09711 -0.1791 -0.3244 0.20232285057861274 0.19772460397455335 0.22531408359890964
v -5.41958 0.13114 -0.33463 0.20232285057861274 0.19772460397455335 0.22531408359890964
v -5.09711 0.1745 -0.3244 0.20232285057861274 0.19772460397455335 0.22531408359890964
v -5.09711 -0.1791 -0.3244 0.20232285057861274 0.19772460397455335 0.22531408359890964
v -5.41958 -0.22246 -0.33463 0.20232285057861274 0.19772460397455335 0.22531408359890964
v -5.41958 0.13114 -0.33463 0.20232285057861274 0.19772460397455335 0.22531408359890964
v -5.41958 -0.22246 -0.33463 0.20995868682863567 0.20518689849162122 0.2338176285137079
v -5.74258 0.0894 -0.32389 0.20995868682863567 0.20518689849162122 0.2338176285137079
v -5.41958 0.13114 -0.33463 0.20995868682863567 0.20518689849162122 0.2338176285137079
v -5.41958 -0.22246 -0.33463 0.20995868682863567 0.20518689849162122 0.2338176285137079
v -5.74258 -0.2642 -0.32389 0.20995868682863567 0.20518689849162122 0.2338176285137079
v -5.74258 0.0894 -0.32389 0.20995868682863567 0.20518689849162122 0.2338176285137079
v -5.74258 -0.2642 -0.32389 0.2103405441183715 0.20556007720659034 0.23424287867727736
v -5.80332 0.07834 -0.38549 0.2103405441183715 0.20556007720659034 0.23424287867727736
v -5.74258 0.0894 -0.32389 0.2103405441183715 0.20556007720659034 0.23424287867727736
v -5.74258 -0.2642 -0.32389 0.2103405441183715 0.20556007720659034 0.23424287867727736
v -5.80332 -0.27526 -0.38549 0.2103405441183715 0.20556007720659034 0.23424287867727736
v -5.80332 0.07834 -0.38549 0.2103405441183715 0.20556007720659034 0.23424287867727736
v -5.80332 -0.27526 -0.38549 0.20323679293989239 0.1986177749185312 0.22633188304669832
v -5.86091 0.06849 -0.44096 0.20323679293989239 0.1986177749185312 0.22633188304669832
v -5.80332 0.07834 -0.38549 0.20323679293989239 0.1986177749185312 0.22633188304669832
v -5.80332 -0.27526 -0.38549 0.20323679293989239 0.1986177749185312 0.22633188304669832
v -5.86091 -0.28511 -0.44096 0.20323679293989239 0.1986177749185312 0.22633188304669832
v -5.86091 0.06849 -0.44096 0.20323679293989239 0.1986177749185312 0.22633188304669832
v -5.86091 -0.28511 -0.44096 0.19295647343499853 0.18857109903874855 0.21488334541624834
v -5.8925 0.05573 -0.63043 0.19295647343499853 0.18857109903874855 0.21488334541624834
v -5.86091 0.06849 -0.44096 0.19295647343499853 0.18857109903874855 0.21488334541624834
v -5.86091 -0.28511 -0.44096 0.19295647343499853 0.18857109903874855 0.21488334541624834
v -5.8925 -0.29787 -0.63043 0.19295647343499853 0.18857109903874855 0.21488334541624834
v -5.8925 0.05573 -0.63043 0.19295647343499853 0.18857109903874855 0.21488334541624834
v -5.8925 -0.29787 -0.63043 0.18573548946689297 0.1815142283426454 0.20684179508813083
v -5.87297 0.04941 -0.82508 0.18573548946689297 0.1815142283426454 0.20684179508813083
v -5.8925 0.05573 -0.63043 0.18573548946689297 0.1815142283426454 0.20684179508813083
v -5.8925 -0.29787 -0.63043 0.18573548946689297 0.1815142283426454 0.20684179508813083
v -5.87297 -0.30419 -0.82508 0.18573548946689297 0.1815142283426454 0.20684179508813083
v -5.87297 0.04941 -0.82508 0.18573548946689297 0.1815142283426454 0.20684179508813083
v -5.87297 -0.30419 -0.82508 0.18595399301445223 0.1817277659004874 0.20708512858427633
v -5.8505 0.04842 -0.90549 0.18595399301445223 0.1817277659004874 0.20708512858427633
v -5.87297 0.04941 -0.82508 0.18595399301445223 0.1817277659004874 0.20708512858427633
v -5.87297 -0.30419 -0.82508 0.18595399301445223 0.1817277659004874 0.20708512858427633
v -5.8505 -0.30518 -0.90549 0.18595399301445223 0.1817277659004874 0.20708512858427633
v -5.8505 0.04842 -0.90549 0.18595399301445223 0.1817277659004874 0.20708512858427633
v -5.8505 -0.30518 -0.90549 0.19347944275775916 0.1890821826950828 0.21546574307114089
v -5.70721 0.06304 -0.9034 0.19347944275775916 0.1890821826950828 0.21546574307114089
v -5.8505 0.04842 -0.90549 0.19347944275775916 0.1890821826950828 0.21546574307114089
v -5.8505 -0.30518 -0.90549 0.19347944275775916 0.1890821826950828 0.21546574307114089
v -5.70721 -0.29056 -0.9034 0.19347944275775916 0.1890821826950828 0.21546574307114089
v -5.70721 0.06304 -0.9034 0.19347944275775916 0.1890821826950828 0.21546574307114089
v -5.70721 -0.29056 -0.9034 0.20374700186423364 0.19911638818550104 0.22690007025789655
v -5.41958 0.09479 -0.93463 0.20374700186423364 0.19911638818550104 0.22690007025789655
v -5.70721 0.06304 -0.9034 0.20374700186423364 0.19911638818550104 0.22690007025789655
v -5.70721 -0.29056 -0.9034 0.20374700186423364 0.19911638818550104 0.22690007025789655
v -5.41958 -0.25881 -0.93463 0.20374700186423364 0.19911638818550104 0.22690007025789655
v -5.41958 0.09479 -0.93463 0.20374700186423364 0.19911638818550104 0.22690007025789655
v -5.41958 -0.25881 -0.93463 0.2105285067571251 0.20574376796719043 0.2344522007067984
v -5.13248 0.13383 -0.90289 0.2105285067571251 0.20574376796719043 0.2344522007067984
v -5.41958 0.09479 -0.93463 0.2105285067571251 0.20574376796719043 0.2344522007067984
v -5.41958 -0.25881 -0.93463 0.2105285067571251 0.20574376796719043 0.2344522007067984
v -5.13248 -0.21977 -0.90289 0.2105285067571251 0.20574376796719043 0.2344522007067984
v -5.13248 0.13383 -0.90289 0.2105285067571251 0.20574376796719043 0.2344522007067984
v -5.13248 -0.21977 -0.90289 0.2097103875673472 0.20494424239536202 0.233541113427273
v -4.99906 0.15194 -0.89884 0.2097103875673472 0.20494424239536202 0.233541113427273
v -5.13248 0.13383 -0.90289 0.2097103875673472 0.20494424239536202 0.233541113427273
v -5.13248 -0.21977 -0.90289 0.2097103875673472 0.20494424239536202 0.233541113427273
v -4.99906 -0.20166 -0.89884 0.2097103875673472 0.20494424239536202 0.233541113427273
v -4.99906 0.15194 -0.89884 0.2097103875673472 0.20494424239536202 0.233541113427273
v -4.99906 -0.20166 -0.89884 0.2017889044173279 0.19720279295329773 0.2247194617374788
v -4.95381 0.16229 -0.83039 0.2017889044173279 0.19720279295329773 0.2247194617374788
v -4.99906 0.15194 -0.89884 0.2017889044173279 0.19720279295329773 0.2247194617374788
v -4.99906 -0.20166 -0.89884 0.2017889044173279 0.19720279295329773 0.2247194617374788
v -4.95381 -0.19131 -0.83039 0.2017889044173279 0.19720279295329773 0.2247194617374788
v -4.95381 0.16229 -0.83039 0.2017889044173279 0.19720279295329773 0.2247194617374788
v -4.95381 -0.19131 -0.83039 0.1915691226899075 0.1872152789924096 0.213338341177397
v -4.9525 0.17481 -0.63043 0.1915691226899075 0.1872152789924096 0.213338341177397
v -4.95381 0.16229 -0.83039 0.1915691226899075 0.1872152789924096 0.213338341177397
v -4.95381 -0.19131 -0.83039 0.1915691226899075 0.1872152789924096 0.213338341177397
v -4.9525 -0.17879 -0.63043 0.1915691226899075 0.1872152789924096 0.213338341177397
v -4.9525 0.17481 -0.63043 0.1915691226899075 0.1872152789924096 0.213338341177397
v -4.9525 0.17481 -0.63043 0.20618792136032182 0.20150183223849633 0.2296183669694493
v -4.99763 0.31505 -0.44928 0.20618792136032182 0.20150183223849633 0.2296183669694493
v -4.98519 0.30572 -0.63043 0.20618792136032182 0.20150183223849633 0.2296183669694493
v -4.9525 0.17481 -0.63043 0.20618792136032182 0.20150183223849633 0.2296183669694493
v -4.96587 0.1847 -0.43565 0.20618792136032182 0.20150183223849633 0.2296183669694493
v -4.99763 0.31505 -0.44928 0.20618792136032182 0.20150183223849633 0.2296183669694493
v -4.96587 0.1847 -0.43565 0.20520700553787785 0.20054320995747152 0.2285259834399094
v -5.07237 0.30783 -0.40881 0.20520700553787785 0.20054320995747152 0.2285259834399094
v -4.99763 0.31505 -0.44928 0.20520700553787785 0.20054320995747152 0.2285259834399094
v -4.96587 0.1847 -0.43565 0.20520700553787785 0.20054320995747152 0.2285259834399094
v -5.04624 0.17701 -0.39213 0.20520700553787785 0.20054320995747152 0.2285259834399094
v -5.07237 0.30783 -0.40881 0.20520700553787785 0.20054320995747152 0.2285259834399094
v -5.04624 0.17701 -0.39213 0.21186483117461366 0.2070497213751906 0.23594038017172883
v -5.11968 0.30548 -0.34583 0.21186483117461366 0.2070497213751906 0.23594038017172883
v -5.07237 0.30783 -0.40881 0.21186483117461366 0.2070497213751906 0.23594038017172883
v -5.04624 0.17701 -0.39213 0.21186483117461366 0.2070497213751906 0.23594038017172883
v -5.09711 0.1745 -0.3244 0.21186483117461366 0.2070497213751906 0.23594038017172883
v -5.11968 0.30548 -0.34583 0.21186483117461366 0.2070497213751906 0.23594038017172883
v -5.09711 0.1745 -0.3244 0.22212285057861275 0.2170746039745534 0.24736408359890966
v -5.41958 0.26503 -0.35534 0.22212285057861275 0.2170746039745534 0.24736408359890966
v -5.11968 0.30548 -0.34583 0.22212285057861275 0.2170746039745534 0.24736408359890966
v -5.09711 0.1745 -0.3244 0.22212285057861275 0.2170746039745534 0.24736408359890966
v -5.41958 0.13114 -0.33463 0.22212285057861275 0.2170746039745534 0.24736408359890966
v -5.41958 0.26503 -0.35534 0.22212285057861275 0.2170746039745534 0.24736408359890966
v -5.41958 0.13114 -0.33463 0.22975868682863568 0.2245368984916212 0.25586762851370787
v -5.71997 0.22622 -0.34535 0.22975868682863568 0.2245368984916212 0.25586762851370787
v -5.41958 0.26503 -0.35534 0.22975868682863568 0.2245368984916212 0.25586762851370787
v -5.41958 0.13114 -0.33463 0.22975868682863568 0.2245368984916212 0.25586762851370787
v -5.74258 0.0894 -0.32389 0.22975868682863568 0.2245368984916212 0.25586762851370787
v -5.71997 0.22622 -0.34535 0.22975868682863568 0.2245368984916212 0.25586762851370787
v -5.74258 0.0894 -0.32389 0.2301405441183715 0.22491007720659034 0.25629287867727735
v -5.77646 0.21588 -0.40263 0.2301405441183715 0.22491007720659034 0.25629287867727735
v -5.71997 0.22622 -0.34535 0.2301405441183715 0.22491007720659034 0.25629287867727735
v -5.74258 0.0894 -0.32389 0.2301405441183715 0.22491007720659034 0.25629287867727735
v -5.80332 0.07834 -0.38549 0.2301405441183715 0.22491007720659034 0.25629287867727735
v -5.77646 0.21588 -0.40263 0.2301405441183715 0.22491007720659034 0.25629287867727735
v -5.80332 0.07834 -0.38549 0.22303679293989237 0.21796777491853117 0.2483818830466983
v -5.83001 0.20662 -0.45422 0.22303679293989237 0.21796777491853117 0.2483818830466983
v -5.77646 0.21588 -0.40263 0.22303679293989237 0.21796777491853117 0.2483818830466983
v -5.80332 0.07834 -0.38549 0.22303679293989237 0.21796777491853117 0.2483818830466983
v -5.86091 0.06849 -0.44096 0.22303679293989237 0.21796777491853117 0.2483818830466983
v -5.83001 0.20662 -0.45422 0.22303679293989237 0.21796777491853117 0.2483818830466983
v -5.86091 0.06849 -0.44096 0.2127564734349985 0.20792109903874856 0.23693334541624833
v -5.85939 0.19448 -0.63043 0.2127564734349985 0.20792109903874856 0.23693334541624833
v -5.83001 0.20662 -0.45422 0.2127564734349985 0.20792109903874856 0.23693334541624833
v -5.86091 0.06849 -0.44096 0.2127564734349985 0.20792109903874856 0.23693334541624833
v -5.8925 0.05573 -0.63043 0.2127564734349985 0.20792109903874856 0.23693334541624833
v -5.85939 0.19448 -0.63043 0.2127564734349985 0.20792109903874856 0.23693334541624833
v -5.8925 0.05573 -0.63043 0.20553548946689298 0.20086422834264542 0.22889179508813082
v -5.84123 0.18833 -0.81145 0.20553548946689298 0.20086422834264542 0.22889179508813082
v -5.85939 0.19448 -0.63043 0.20553548946689298 0.20086422834264542 0.22889179508813082
v -5.8925 0.05573 -0.63043 0.20553548946689298 0.20086422834264542 0.22889179508813082
v -5.87297 0.04941 -0.82508 0.20553548946689298 0.20086422834264542 0.22889179508813082
v -5.84123 0.18833 -0.81145 0.20553548946689298 0.20086422834264542 0.22889179508813082
v -5.87297 0.04941 -0.82508 0.2057539930144522 0.2010777659004874 0.22913512858427634
v -5.82033 0.18732 -0.88623 0.2057539930144522 0.2010777659004874 0.22913512858427634
v -5.84123 0.18833 -0.81145 0.2057539930144522 0.2010777659004874 0.22913512858427634
v -5.87297 0.04941 -0.82508 0.2057539930144522 0.2010777659004874 0.22913512858427634
v -5.8505 0.04842 -0.90549 0.2057539930144522 0.2010777659004874 0.22913512858427634
v -5.82033 0.18732 -0.88623 0.2057539930144522 0.2010777659004874 0.22913512858427634
v -5.8505 0.04842 -0.90549 0.21327944275775917 0.20843218269508282 0.23751574307114087
v -5.68708 0.20131 -0.8843 0.21327944275775917 0.20843218269508282 0.23751574307114087
v -5.82033 0.18732 -0.88623 0.21327944275775917 0.20843218269508282 0.23751574307114087
v -5.8505 0.04842 -0.90549 0.21327944275775917 0.20843218269508282 0.23751574307114087
v -5.70721 0.06304 -0.9034 0.21327944275775917 0.20843218269508282 0.23751574307114087
v -5.68708 0.20131 -0.8843 0.21327944275775917 0.20843218269508282 0.23751574307114087
v -5.70721 0.06304 -0.9034 0.22354700186423365 0.21846638818550107 0.24895007025789656
v -5.41958 0.23119 -0.91334 0.22354700186423365 0.21846638818550107 0.24895007025789656
v -5.68708 0.20131 -0.8843 0.22354700186423365 0.21846638818550107 0.24895007025789656
v -5.70721 0.06304 -0.9034 0.22354700186423365 0.21846638818550107 0.24895007025789656
v -5.41958 0.09479 -0.93463 0.22354700186423365 0.21846638818550107 0.24895007025789656
v -5.41958 0.23119 -0.91334 0.22354700186423365 0.21846638818550107 0.24895007025789656
v -5.41958 0.09479 -0.93463 0.23032850675712507 0.2250937679671904 0.25650220070679836
v -5.15258 0.26755 -0.88382 0.23032850675712507 0.2250937679671904 0.25650220070679836
v -5.41958 0.23119 -0.91334 0.23032850675712507 0.2250937679671904 0.25650220070679836
v -5.41958 0.09479 -0.93463 0.23032850675712507 0.2250937679671904 0.25650220070679836
v -5.13248 0.13383 -0.90289 0.23032850675712507 0.2250937679671904 0.25650220070679836
v -5.15258 0.26755 -0.88382 0.23032850675712507 0.2250937679671904 0.25650220070679836
v -5.13248 0.13383 -0.90289 0.2295103875673472 0.22429424239536203 0.25559111342727303
v -5.0285 0.28438 -0.88005 0.2295103875673472 0.22429424239536203 0.25559111342727303
v -5.15258 0.26755 -0.88382 0.2295103875673472 0.22429424239536203 0.25559111342727303
v -5.13248 0.13383 -0.90289 0.2295103875673472 0.22429424239536203 0.25559111342727303
v -4.99906 0.15194 -0.89884 0.2295103875673472 0.22429424239536203 0.25559111342727303
v -5.0285 0.28438 -0.88005 0.2295103875673472 0.22429424239536203 0.25559111342727303
v -4.99906 0.15194 -0.89884 0.2215889044173279 0.2165527929532977 0.2467694617374788
v -4.98641 0.29401 -0.81639 0.2215889044173279 0.2165527929532977 0.2467694617374788
v -5.0285 0.28438 -0.88005 0.2215889044173279 0.2165527929532977 0.2467694617374788
v -4.99906 0.15194 -0.89884 0.2215889044173279 0.2165527929532977 0.2467694617374788
v -4.95381 0.16229 -0.83039 0.2215889044173279 0.2165527929532977 0.2467694617374788
v -4.98641 0.29401 -0.81639 0.2215889044173279 0.2165527929532977 0.2467694617374788
v -4.95381 0.16229 -0.83039 0.21136912268990748 0.2065652789924096 0.235388341177397
v -4.98519 0.30572 -0.63043 0.21136912268990748 0.2065652789924096 0.235388341177397
v -4.98641 0.29401 -0.81639 0.21136912268990748 0.2065652789924096 0.235388341177397
v -4.95381 0.16229 -0.83039 0.21136912268990748 0.2065652789924096 0.235388341177397
v -4.9525 0.17481 -0.63043 0.21136912268990748 0.2065652789924096 0.235388341177397
v -4.98519 0.30572 -0.63043 0.21136912268990748 0.2065652789924096 0.235388341177397
v -5.41958 0.27 -0.63043 0.28 0.27 0.295
v -4.99763 0.31505 -0.44928 0.28 0.27 0.295
v -4.98519 0.30572 -0.63043 0.28 0.27 0.295
v -5.41958 -0.25 -0.63043 0.16 0.15 0.18
v -4.98519 -0.21428 -0.63043 0.16 0.15 0.18
v -4.99763 -0.20495 -0.44928 0.16 0.15 0.18
v -5.41958 0.27 -0.63043 0.28 0.27 0.295
v -5.07237 0.30783 -0.40881 0.28 0.27 0.295
v -4.99763 0.31505 -0.44928 0.28 0.27 0.295
v -5.41958 -0.25 -0.63043 0.16 0.15 0.18
v -4.99763 -0.20495 -0.44928 0.16 0.15 0.18
v -5.07237 -0.21217 -0.40881 0.16 0.15 0.18
v -5.41958 0.27 -0.63043 0.28 0.27 0.295
v -5.11968 0.30548 -0.34583 0.28 0.27 0.295
v -5.07237 0.30783 -0.40881 0.28 0.27 0.295
v -5.41958 -0.25 -0.63043 0.16 0.15 0.18
v -5.07237 -0.21217 -0.40881 0.16 0.15 0.18
v -5.11968 -0.21452 -0.34583 0.16 0.15 0.18
v -5.41958 0.27 -0.63043 0.28 0.27 0.295
v -5.41958 0.26503 -0.35534 0.28 0.27 0.295
v -5.11968 0.30548 -0.34583 0.28 0.27 0.295
v -5.41958 -0.25 -0.63043 0.16 0.15 0.18
v -5.11968 -0.21452 -0.34583 0.16 0.15 0.18
v -5.41958 -0.25497 -0.35534 0.16 0.15 0.18
v -5.41958 0.27 -0.63043 0.28 0.27 0.295
v -5.71997 0.22622 -0.34535 0.28 0.27 0.295
v -5.41958 0.26503 -0.35534 0.28 0.27 0.295
v -5.41958 -0.25 -0.63043 0.16 0.15 0.18
v -5.41958 -0.25497 -0.35534 0.16 0.15 0.18
v -5.71997 -0.29378 -0.34535 0.16 0.15 0.18
v -5.41958 0.27 -0.63043 0.28 0.27 0.295
v -5.77646 0.21588 -0.40263 0.28 0.27 0.295
v -5.71997 0.22622 -0.34535 0.28 0.27 0.295
v -5.41958 -0.25 -0.63043 0.16 0.15 0.18
v -5.71997 -0.29378 -0.34535 0.16 0.15 0.18
v -5.77646 -0.30412 -0.40263 0.16 0.15 0.18
v -5.41958 0.27 -0.63043 0.28 0.27 0.295
v -5.83001 0.20662 -0.45422 0.28 0.27 0.295
v -5.77646 0.21588 -0.40263 0.28 0.27 0.295
v -5.41958 -0.25 -0.63043 0.16 0.15 0.18
v -5.77646 -0.30412 -0.40263 0.16 0.15 0.18
v -5.83001 -0.31338 -0.45422 0.16 0.15 0.18
v -5.41958 0.27 -0.63043 0.28 0.27 0.295
v -5.85939 0.19448 -0.63043 0.28 0.27 0.295
v -5.83001 0.20662 -0.45422 0.28 0.27 0.295
v -5.41958 -0.25 -0.63043 0.16 0.15 0.18
v -5.83001 -0.31338 -0.45422 0.16 0.15 0.18
v -5.85939 -0.32552 -0.63043 0.16 0.15 0.18
v -5.41958 0.27 -0.63043 0.28 0.27 0.295
v -5.84123 0.18833 -0.81145 0.28 0.27 0.295
v -5.85939 0.19448 -0.63043 0.28 0.27 0.295
v -5.41958 -0.25 -0.63043 0.16 0.15 0.18
v -5.85939 -0.32552 -0.63043 0.16 0.15 0.18
v -5.84123 -0.33167 -0.81145 0.16 0.15 0.18
v -5.41958 0.27 -0.63043 0.28 0.27 0.295
v -5.82033 0.18732 -0.88623 0.28 0.27 0.295
v -5.84123 0.18833 -0.81145 0.28 0.27 0.295
v -5.41958 -0.25 -0.63043 0.16 0.15 0.18
v -5.84123 -0.33167 -0.81145 0.16 0.15 0.18
v -5.82033 -0.33268 -0.88623 0.16 0.15 0.18
v -5.41958 0.27 -0.63043 0.28 0.27 0.295
v -5.68708 0.20131 -0.8843 0.28 0.27 0.295
v -5.82033 0.18732 -0.88623 0.28 0.27 0.295
v -5.41958 -0.25 -0.63043 0.16 0.15 0.18
v -5.82033 -0.33268 -0.88623 0.16 0.15 0.18
v -5.68708 -0.31869 -0.8843 0.16 0.15 0.18
v -5.41958 0.27 -0.63043 0.28 0.27 0.295
v -5.41958 0.23119 -0.91334 0.28 0.27 0.295
v -5.68708 0.20131 -0.8843 0.28 0.27 0.295
v -5.41958 -0.25 -0.63043 0.16 0.15 0.18
v -5.68708 -0.31869 -0.8843 0.16 0.15 0.18
v -5.41958 -0.28881 -0.91334 0.16 0.15 0.18
v -5.41958 0.27 -0.63043 0.28 0.27 0.295
v -5.15258 0.26755 -0.88382 0.28 0.27 0.295
v -5.41958 0.23119 -0.91334 0.28 0.27 0.295
v -5.41958 -0.25 -0.63043 0.16 0.15 0.18
v -5.41958 -0.28881 -0.91334 0.16 0.15 0.18
v -5.15258 -0.25245 -0.88382 0.16 0.15 0.18
v -5.41958 0.27 -0.63043 0.28 0.27 0.295
v -5.0285 0.28438 -0.88005 0.28 0.27 0.295
v -5.15258 0.26755 -0.88382 0.28 0.27 0.295
v -5.41958 -0.25 -0.63043 0.16 0.15 0.18
v -5.15258 -0.25245 -0.88382 0.16 0.15 0.18
v -5.0285 -0.23562 -0.88005 0.16 0.15 0.18
v -5.41958 0.27 -0.63043 0.28 0.27 0.295
v -4.98641 0.29401 -0.81639 0.28 0.27 0.295
v -5.0285 0.28438 -0.88005 0.28 0.27 0.295
v -5.41958 -0.25 -0.63043 0.16 0.15 0.18
v -5.0285 -0.23562 -0.88005 0.16 0.15 0.18
v -4.98641 -0.22599 -0.81639 0.16 0.15 0.18
v -5.41958 0.27 -0.63043 0.28 0.27 0.295
v -4.98519 0.30572 -0.63043 0.28 0.27 0.295
v -4.98641 0.29401 -0.81639 0.28 0.27 0.295
v -5.41958 -0.25 -0.63043 0.16 0.15 0.18
v -4.98641 -0.22599 -0.81639 0.16 0.15 0.18
v -4.98519 -0.21428 -0.63043 0.16 0.15 0.18
f 1 2 3
f 4 5 6
f 7 8 9
f 10 11 12
f 13 14 15
f 16 17 18
f 19 20 21
f 22 23 24
f 25 26 27
f 28 29 30
f 31 32 33
f 34 35 36
f 37 38 39
f 40 41 42
f 43 44 45
f 46 47 48
f 49 50 51
f 52 53 54
f 55 56 57
f 58 59 60
f 61 62 63
f 64 65 66
f 67 68 69
f 70 71 72
f 73 74 75
f 76 77 78
f 79 80 81
f 82 83 84
f 85 86 87
f 88 89 90
f 91 92 93
f 94 95 96
f 97 98 99
f 100 101 102
f 103 104 105
f 106 107 108
f 109 110 111
f 112 113 114
f 115 116 117
f 118 119 120
f 121 122 123
f 124 125 126
f 127 128 129
f 130 131 132
f 133 134 135
f 136 137 138
f 139 140 141
f 142 143 144
f 145 146 147
f 148 149 150
f 151 152 153
f 154 155 156
f 157 158 159
f 160 161 162
f 163 164 165
f 166 167 168
f 169 170 171
f 172 173 174
f 175 176 177
f 178 179 180
f 181 182 183
f 184 185 186
f 187 188 189
f 190 191 192
f 193 194 195
f 196 197 198
f 199 200 201
f 202 203 204
f 205 206 207
f 208 209 210
f 211 212 213
f 214 215 216
f 217 218 219
f 220 221 222
f 223 224 225
f 226 227 228
f 229 230 231
f 232 233 234
f 235 236 237
f 238 239 240
f 241 242 243
f 244 245 246
f 247 248 249
f 250 251 252
f 253 254 255
f 256 257 258
f 259 260 261
f 262 263 264
f 265 266 267
f 268 269 270
f 271 272 273
f 274 275 276
f 277 278 279
f 280 281 282
f 283 284 285
f 286 287 288
f 289 290 291
f 292 293 294
f 295 296 297
f 298 299 300
f 301 302 303
f 304 305 306
f 307 308 309
f 310 311 312
f 313 314 315
f 316 317 318
f 319 320 321
f 322 323 324
f 325 326 327
f 328 329 330
f 331 332 333
f 334 335 336
f 337 338 339
f 340 341 342
f 343 344 345
f 346 347 348
f 349 350 351
f 352 353 354
f 355 356 357
f 358 359 360
f 361 362 363
f 364 365 366
f 367 368 369
f 370 371 372
f 373 374 375
f 376 377 378
f 379 380 381
f 382 383 384
f 385 386 387
f 388 389 390
f 391 392 393
f 394 395 396
f 397 398 399
f 400 401 402
f 403 404 405
f 406 407 408
f 409 410 411
f 412 413 414
f 415 416 417
f 418 419 420
f 421 422 423
f 424 425 426
f 427 428 429
f 430 431 432
f 433 434 435
f 436 437 438
f 439 440 441
f 442 443 444
f 445 446 447
f 448 449 450
f 451 452 453
f 454 455 456
f 457 458 459
f 460 461 462
f 463 464 465
f 466 467 468
f 469 470 471
f 472 473 474
f 475 476 477
f 478 479 480
f 481 482 483
f 484 485 486
f 487 488 489
f 490 491 492
f 493 494 495
f 496 497 498
f 499 500 501
f 502 503 504
f 505 506 507
f 508 509 510
f 511 512 513
f 514 515 516
f 517 518 519
f 520 521 522
f 523 524 525
f 526 527 528
f 529 530 531
f 532 533 534
f 535 536 537
f 538 539 540
f 541 542 543
f 544 545 546
f 547 548 549
f 550 551 552
f 553 554 555
f 556 557 558
f 559 560 561
f 562 563 564
f 565 566 567
f 568 569 570
f 571 572 573
f 574 575 576
f 577 578 579
f 580 581 582
f 583 584 585
f 586 587 588
f 589 590 591
f 592 593 594
f 595 596 597
f 598 599 600
f 601 602 603
f 604 605 606
f 607 608 609
f 610 611 612
f 613 614 615
f 616 617 618
f 619 620 621
f 622 623 624
f 625 626 627
f 628 629 630
f 631 632 633
f 634 635 636
f 637 638 639
f 640 641 642
f 643 644 645
f 646 647 648
f 649 650 651
f 652 653 654
f 655 656 657
f 658 659 660
f 661 662 663
f 664 665 666
f 667 668 669
f 670 671 672
f 673 674 675
f 676 677 678
f 679 680 681
f 682 683 684
f 685 686 687
f 688 689 690
f 691 692 693
f 694 695 696
f 697 698 699
f 700 701 702
f 703 704 705
f 706 707 708
f 709 710 711
f 712 713 714
f 715 716 717
f 718 719 720
f 721 722 723
f 724 725 726
f 727 728 729
f 730 731 732
f 733 734 735
f 736 737 738
f 739 740 741
f 742 743 744
f 745 746 747
f 748 749 750
f 751 752 753
f 754 755 756
f 757 758 759
f 760 761 762
f 763 764 765
f 766 767 768
f 769 770 771
f 772 773 774
f 775 776 777
f 778 779 780
f 781 782 783
f 784 785 786
f 787 788 789
f 790 791 792
f 793 794 795
f 796 797 798
f 799 800 801
f 802 803 804
f 805 806 807
f 808 809 810
f 811 812 813
f 814 815 816
f 817 818 819
f 820 821 822
f 823 824 825
f 826 827 828
f 829 830 831
f 832 833 834
f 835 836 837
f 838 839 840
f 841 842 843
f 844 845 846
f 847 848 849
f 850 851 852
f 853 854 855
f 856 857 858
f 859 860 861
f 862 863 864
f 865 866 867
f 868 869 870
f 871 872 873
f 874 875 876
f 877 878 879
f 880 881 882
f 883 884 885
f 886 887 888
f 889 890 891
f 892 893 894
f 895 896 897
f 898 899 900
f 901 902 903
f 904 905 906
f 907 908 909
f 910 911 912
f 913 914 915
f 916 917 918
f 919 920 921
f 922 923 924
f 925 926 927
f 928 929 930
f 931 932 933
f 934 935 936
f 937 938 939
f 940 941 942
f 943 944 945
f 946 947 948
f 949 950 951
f 952 953 954
f 955 956 957
f 958 959 960
f 961 962 963
f 964 965 966
f 967 968 969
f 970 971 972
f 973 974 975
f 976 977 978
f 979 980 981
f 982 983 984
f 985 986 987
f 988 989 990
f 991 992 993
f 994 995 996
f 997 998 999
f 1000 1001 1002
f 1003 1004 1005
f 1006 1007 1008
f 1009 1010 1011
f 1012 1013 1014
f 1015 1016 1017
f 1018 1019 1020
f 1021 1022 1023
f 1024 1025 1026
f 1027 1028 1029
f 1030 1031 1032
f 1033 1034 1035
f 1036 1037 1038
f 1039 1040 1041
f 1042 1043 1044
f 1045 1046 1047
f 1048 1049 1050
f 1051 1052 1053
f 1054 1055 1056
f 1057 1058 1059
f 1060 1061 1062
f 1063 1064 1065
f 1066 1067 1068
f 1069 1070 1071
f 1072 1073 1074
f 1075 1076 1077
f 1078 1079 1080
f 1081 1082 1083
f 1084 1085 1086
f 1087 1088 1089
f 1090 1091 1092
f 1093 1094 1095
f 1096 1097 1098
f 1099 1100 1101
f 1102 1103 1104
f 1105 1106 1107
f 1108 1109 1110
f 1111 1112 1113
f 1114 1115 1116
f 1117 1118 1119
f 1120 1121 1122
f 1123 1124 1125
f 1126 1127 1128
f 1129 1130 1131
f 1132 1133 1134
f 1135 1136 1137
f 1138 1139 1140
f 1141 1142 1143
f 1144 1145 1146
f 1147 1148 1149
f 1150 1151 1152
f 1153 1154 1155
f 1156 1157 1158
f 1159 1160 1161
f 1162 1163 1164
f 1165 1166 1167
f 1168 1169 1170
f 1171 1172 1173
f 1174 1175 1176
f 1177 1178 1179
f 1180 1181 1182
f 1183 1184 1185
f 1186 1187 1188
f 1189 1190 1191
f 1192 1193 1194
f 1195 1196 1197
f 1198 1199 1200
f 1201 1202 1203
f 1204 1205 1206
f 1207 1208 1209
f 1210 1211 1212
f 1213 1214 1215
f 1216 1217 1218
f 1219 1220 1221
f 1222 1223 1224
f 1225 1226 1227
f 1228 1229 1230
f 1231 1232 1233
f 1234 1235 1236
f 1237 1238 1239
f 1240 1241 1242
f 1243 1244 1245
f 1246 1247 1248
f 1249 1250 1251
f 1252 1253 1254
f 1255 1256 1257
f 1258 1259 1260
f 1261 1262 1263
f 1264 1265 1266
f 1267 1268 1269
f 1270 1271 1272
f 1273 1274 1275
f 1276 1277 1278
f 1279 1280 1281
f 1282 1283 1284
f 1285 1286 1287
f 1288 1289 1290
f 1291 1292 1293
f 1294 1295 1296
f 1297 1298 1299
f 1300 1301 1302
f 1303 1304 1305
f 1306 1307 1308
f 1309 1310 1311
f 1312 1313 1314
f 1315 1316 1317
f 1318 1319 1320
f 1321 1322 1323
f 1324 1325 1326
f 1327 1328 1329
f 1330 1331 1332
f 1333 1334 1335
f 1336 1337 1338
f 1339 1340 1341
f 1342 1343 1344
f 1345 1346 1347
f 1348 1349 1350
f 1351 1352 1353
f 1354 1355 1356
f 1357 1358 1359
f 1360 1361 1362
f 1363 1364 1365
f 1366 1367 1368
f 1369 1370 1371
f 1372 1373 1374
f 1375 1376 1377
f 1378 1379 1380
f 1381 1382 1383
f 1384 1385 1386
f 1387 1388 1389
f 1390 1391 1392
f 1393 1394 1395
f 1396 1397 1398
f 1399 1400 1401
f 1402 1403 1404
f 1405 1406 1407
f 1408 1409 1410
f 1411 1412 1413
f 1414 1415 1416
f 1417 1418 1419
f 1420 1421 1422
f 1423 1424 1425
f 1426 1427 1428
f 1429 1430 1431
f 1432 1433 1434
f 1435 1436 1437
f 1438 1439 1440
f 1441 1442 1443
f 1444 1445 1446
f 1447 1448 1449
f 1450 1451 1452
f 1453 1454 1455
f 1456 1457 1458
f 1459 1460 1461
f 1462 1463 1464
f 1465 1466 1467
f 1468 1469 1470
f 1471 1472 1473
f 1474 1475 1476
f 1477 1478 1479
f 1480 1481 1482
f 1483 1484 1485
f 1486 1487 1488
f 1489 1490 1491
f 1492 1493 1494
f 1495 1496 1497
f 1498 1499 1500
f 1501 1502 1503
f 1504 1505 1506
f 1507 1508 1509
f 1510 1511 1512
f 1513 1514 1515
f 1516 1517 1518
f 1519 1520 1521
f 1522 1523 1524
f 1525 1526 1527
f 1528 1529 1530
f 1531 1532 1533
f 1534 1535 1536
f 1537 1538 1539
f 1540 1541 1542
f 1543 1544 1545
f 1546 1547 1548
f 1549 1550 1551
f 1552 1553 1554
f 1555 1556 1557
f 1558 1559 1560
f 1561 1562 1563
f 1564 1565 1566
f 1567 1568 1569
f 1570 1571 1572
f 1573 1574 1575
f 1576 1577 1578
f 1579 1580 1581
f 1582 1583 1584
f 1585 1586 1587
f 1588 1589 1590
f 1591 1592 1593
f 1594 1595 1596
f 1597 1598 1599
f 1600 1601 1602
f 1603 1604 1605
f 1606 1607 1608
f 1609 1610 1611
f 1612 1613 1614
f 1615 1616 1617
f 1618 1619 1620
f 1621 1622 1623
f 1624 1625 1626
f 1627 1628 1629
f 1630 1631 1632
f 1633 1634 1635
f 1636 1637 1638
f 1639 1640 1641
f 1642 1643 1644
f 1645 1646 1647
f 1648 1649 1650
f 1651 1652 1653
f 1654 1655 1656
f 1657 1658 1659
f 1660 1661 1662
f 1663 1664 1665
f 1666 1667 1668
f 1669 1670 1671
f 1672 1673 1674
f 1675 1676 1677
f 1678 1679 1680
f 1681 1682 1683
f 1684 1685 1686
f 1687 1688 1689
f 1690 1691 1692
f 1693 1694 1695
f 1696 1697 1698
f 1699 1700 1701
f 1702 1703 1704
f 1705 1706 1707
f 1708 1709 1710
f 1711 1712 1713
f 1714 1715 1716
f 1717 1718 1719
f 1720 1721 1722
f 1723 1724 1725
f 1726 1727 1728
f 1729 1730 1731
f 1732 1733 1734
f 1735 1736 1737
f 1738 1739 1740
f 1741 1742 1743
f 1744 1745 1746
f 1747 1748 1749
f 1750 1751 1752
f 1753 1754 1755
f 1756 1757 1758
f 1759 1760 1761
f 1762 1763 1764
f 1765 1766 1767
f 1768 1769 1770
f 1771 1772 1773
f 1774 1775 1776
f 1777 1778 1779
f 1780 1781 1782
f 1783 1784 1785
f 1786 1787 1788
f 1789 1790 1791
f 1792 1793 1794
f 1795 1796 1797
f 1798 1799 1800
f 1801 1802 1803
f 1804 1805 1806
f 1807 1808 1809
f 1810 1811 1812
f 1813 1814 1815
f 1816 1817 1818
f 1819 1820 1821
f 1822 1823 1824
f 1825 1826 1827
f 1828 1829 1830
f 1831 1832 1833
f 1834 1835 1836
f 1837 1838 1839
f 1840 1841 1842
f 1843 1844 1845
f 1846 1847 1848
f 1849 1850 1851
f 1852 1853 1854
f 1855 1856 1857
f 1858 1859 1860
f 1861 1862 1863
f 1864 1865 1866
f 1867 1868 1869
f 1870 1871 1872
f 1873 1874 1875
f 1876 1877 1878
f 1879 1880 1881
f 1882 1883 1884
f 1885 1886 1887
f 1888 1889 1890
f 1891 1892 1893
f 1894 1895 1896
f 1897 1898 1899
f 1900 1901 1902
f 1903 1904 1905
f 1906 1907 1908
f 1909 1910 1911
f 1912 1913 1914
f 1915 1916 1917
f 1918 1919 1920
f 1921 1922 1923
f 1924 1925 1926
f 1927 1928 1929
f 1930 1931 1932
f 1933 1934 1935
f 1936 1937 1938
f 1939 1940 1941
f 1942 1943 1944
f 1945 1946 1947
f 1948 1949 1950
f 1951 1952 1953
f 1954 1955 1956
f 1957 1958 1959
f 1960 1961 1962
f 1963 1964 1965
f 1966 1967 1968
f 1969 1970 1971
f 1972 1973 1974
f 1975 1976 1977
f 1978 1979 1980
f 1981 1982 1983
f 1984 1985 1986
f 1987 1988 1989
f 1990 1991 1992
f 1993 1994 1995
f 1996 1997 1998
f 1999 2000 2001
f 2002 2003 2004
f 2005 2006 2007
f 2008 2009 2010
f 2011 2012 2013
f 2014 2015 2016
f 2017 2018 2019
f 2020 2021 2022
f 2023 2024 2025
f 2026 2027 2028
f 2029 2030 2031
f 2032 2033 2034
f 2035 2036 2037
f 2038 2039 2040
f 2041 2042 2043
f 2044 2045 2046
f 2047 2048 2049
f 2050 2051 2052
f 2053 2054 2055
f 2056 2057 2058
f 2059 2060 2061
f 2062 2063 2064
f 2065 2066 2067
f 2068 2069 2070
f 2071 2072 2073
f 2074 2075 2076
f 2077 2078 2079
f 2080 2081 2082
f 2083 2084 2085
f 2086 2087 2088
f 2089 2090 2091
f 2092 2093 2094
f 2095 2096 2097
f 2098 2099 2100
f 2101 2102 2103
f 2104 2105 2106
f 2107 2108 2109
f 2110 2111 2112
f 2113 2114 2115
f 2116 2117 2118
f 2119 2120 2121
f 2122 2123 2124
f 2125 2126 2127
f 2128 2129 2130
f 2131 2132 2133
f 2134 2135 2136
f 2137 2138 2139
f 2140 2141 2142
f 2143 2144 2145
f 2146 2147 2148
f 2149 2150 2151
f 2152 2153 2154
f 2155 2156 2157
f 2158 2159 2160
f 2161 2162 2163
f 2164 2165 2166
f 2167 2168 2169
f 2170 2171 2172
f 2173 2174 2175
f 2176 2177 2178
f 2179 2180 2181
f 2182 2183 2184
f 2185 2186 2187
f 2188 2189 2190
f 2191 2192 2193
f 2194 2195 2196
f 2197 2198 2199
f 2200 2201 2202
f 2203 2204 2205
f 2206 2207 2208
f 2209 2210 2211
f 2212 2213 2214
f 2215 2216 2217
f 2218 2219 2220
f 2221 2222 2223
f 2224 2225 2226
f 2227 2228 2229
f 2230 2231 2232
f 2233 2234 2235
f 2236 2237 2238
f 2239 2240 2241
f 2242 2243 2244
f 2245 2246 2247
f 2248 2249 2250
f 2251 2252 2253
f 2254 2255 2256
f 2257 2258 2259
f 2260 2261 2262
f 2263 2264 2265
f 2266 2267 2268
f 2269 2270 2271
f 2272 2273 2274
f 2275 2276 2277
f 2278 2279 2280
f 2281 2282 2283
f 2284 2285 2286
f 2287 2288 2289
f 2290 2291 2292
f 2293 2294 2295
f 2296 2297 2298
f 2299 2300 2301
f 2302 2303 2304
f 2305 2306 2307
f 2308 2309 2310
f 2311 2312 2313
f 2314 2315 2316
f 2317 2318 2319
f 2320 2321 2322
f 2323 2324 2325
f 2326 2327 2328
f 2329 2330 2331
f 2332 2333 2334
f 2335 2336 2337
f 2338 2339 2340
f 2341 2342 2343
f 2344 2345 2346
f 2347 2348 2349
f 2350 2351 2352
f 2353 2354 2355
f 2356 2357 2358
f 2359 2360 2361
f 2362 2363 2364
f 2365 2366 2367
f 2368 2369 2370
f 2371 2372 2373
f 2374 2375 2376
f 2377 2378 2379
f 2380 2381 2382
f 2383 2384 2385
f 2386 2387 2388
f 2389 2390 2391
f 2392 2393 2394
f 2395 2396 2397
f 2398 2399 2400
f 2401 2402 2403
f 2404 2405 2406
f 2407 2408 2409
f 2410 2411 2412
f 2413 2414 2415
f 2416 2417 2418
f 2419 2420 2421
f 2422 2423 2424
f 2425 2426 2427
f 2428 2429 2430
f 2431 2432 2433
f 2434 2435 2436
f 2437 2438 2439
f 2440 2441 2442
f 2443 2444 2445
f 2446 2447 2448
f 2449 2450 2451
f 2452 2453 2454
f 2455 2456 2457
f 2458 2459 2460
f 2461 2462 2463
f 2464 2465 2466
f 2467 2468 2469
f 2470 2471 2472
f 2473 2474 2475
f 2476 2477 2478
f 2479 2480 2481
f 2482 2483 2484
f 2485 2486 2487
f 2488 2489 2490
f 2491 2492 2493
f 2494 2495 2496
f 2497 2498 2499
f 2500 2501 2502
f 2503 2504 2505
f 2506 2507 2508
f 2509 2510 2511
f 2512 2513 2514
f 2515 2516 2517
f 2518 2519 2520
f 2521 2522 2523
f 2524 2525 2526
f 2527 2528 2529
f 2530 2531 2532
f 2533 2534 2535
f 2536 2537 2538
f 2539 2540 2541
f 2542 2543 2544
f 2545 2546 2547
f 2548 2549 2550
f 2551 2552 2553
f 2554 2555 2556
f 2557 2558 2559
f 2560 2561 2562
f 2563 2564 2565
f 2566 2567 2568
f 2569 2570 2571
f 2572 2573 2574
f 2575 2576 2577
f 2578 2579 2580
f 2581 2582 2583
f 2584 2585 2586
f 2587 2588 2589
f 2590 2591 2592
f 2593 2594 2595
f 2596 2597 2598
f 2599 2600 2601
f 2602 2603 2604
f 2605 2606 2607
f 2608 2609 2610
f 2611 2612 2613
f 2614 2615 2616
f 2617 2618 2619
f 2620 2621 2622
f 2623 2624 2625
f 2626 2627 2628
f 2629 2630 2631
f 2632 2633 2634
f 2635 2636 2637
f 2638 2639 2640
f 2641 2642 2643
f 2644 2645 2646
f 2647 2648 2649
f 2650 2651 2652
f 2653 2654 2655
f 2656 2657 2658
f 2659 2660 2661
f 2662 2663 2664
f 2665 2666 2667
f 2668 2669 2670
f 2671 2672 2673
f 2674 2675 2676
f 2677 2678 2679
f 2680 2681 2682
f 2683 2684 2685
f 2686 2687 2688
f 2689 2690 2691
f 2692 2693 2694
f 2695 2696 2697
f 2698 2699 2700
f 2701 2702 2703
f 2704 2705 2706
f 2707 2708 2709
f 2710 2711 2712
f 2713 2714 2715
f 2716 2717 2718
f 2719 2720 2721
f 2722 2723 2724
f 2725 2726 2727
f 2728 2729 2730
f 2731 2732 2733
f 2734 2735 2736
f 2737 2738 2739
f 2740 2741 2742
f 2743 2744 2745
f 2746 2747 2748
f 2749 2750 2751
f 2752 2753 2754
f 2755 2756 2757
f 2758 2759 2760
f 2761 2762 2763
f 2764 2765 2766
f 2767 2768 2769
f 2770 2771 2772
f 2773 2774 2775
f 2776 2777 2778
f 2779 2780 2781
f 2782 2783 2784
f 2785 2786 2787
f 2788 2789 2790
f 2791 2792 2793
f 2794 2795 2796
f 2797 2798 2799
f 2800 2801 2802
f 2803 2804 2805
f 2806 2807 2808
f 2809 2810 2811
f 2812 2813 2814
f 2815 2816 2817
f 2818 2819 2820
f 2821 2822 2823
f 2824 2825 2826
f 2827 2828 2829
f 2830 2831 2832
f 2833 2834 2835
f 2836 2837 2838
f 2839 2840 2841
f 2842 2843 2844
f 2845 2846 2847
f 2848 2849 2850
f 2851 2852 2853
f 2854 2855 2856
f 2857 2858 2859
f 2860 2861 2862
f 2863 2864 2865
f 2866 2867 2868
f 2869 2870 2871
f 2872 2873 2874
f 2875 2876 2877
f 2878 2879 2880
f 2881 2882 2883
f 2884 2885 2886
f 2887 2888 2889
f 2890 2891 2892
f 2893 2894 2895
f 2896 2897 2898
f 2899 2900 2901
f 2902 2903 2904
f 2905 2906 2907
f 2908 2909 2910
f 2911 2912 2913
f 2914 2915 2916
f 2917 2918 2919
f 2920 2921 2922
f 2923 2924 2925
f 2926 2927 2928
f 2929 2930 2931
f 2932 2933 2934
f 2935 2936 2937
f 2938 2939 2940
f 2941 2942 2943
f 2944 2945 2946
f 2947 2948 2949
f 2950 2951 2952
f 2953 2954 2955
f 2956 2957 2958
f 2959 2960 2961
f 2962 2963 2964
f 2965 2966 2967
f 2968 2969 2970
f 2971 2972 2973
f 2974 2975 2976
f 2977 2978 2979
f 2980 2981 2982
f 2983 2984 2985
f 2986 2987 2988
f 2989 2990 2991
f 2992 2993 2994
f 2995 2996 2997
f 2998 2999 3000
f 3001 3002 3003
f 3004 3005 3006
f 3007 3008 3009
f 3010 3011 3012
f 3013 3014 3015
f 3016 3017 3018
f 3019 3020 3021
f 3022 3023 3024
f 3025 3026 3027
f 3028 3029 3030
f 3031 3032 3033
f 3034 3035 3036
f 3037 3038 3039
f 3040 3041 3042
f 3043 3044 3045
f 3046 3047 3048
f 3049 3050 3051
f 3052 3053 3054
f 3055 3056 3057
f 3058 3059 3060
f 3061 3062 3063
f 3064 3065 3066
f 3067 3068 3069
f 3070 3071 3072
f 3073 3074 3075
f 3076 3077 3078
f 3079 3080 3081
f 3082 3083 3084
f 3085 3086 3087
f 3088 3089 3090
f 3091 3092 3093
f 3094 3095 3096
f 3097 3098 3099
f 3100 3101 3102
f 3103 3104 3105
f 3106 3107 3108
f 3109 3110 3111
f 3112 3113 3114
f 3115 3116 3117
f 3118 3119 3120
f 3121 3122 3123
f 3124 3125 3126
f 3127 3128 3129
f 3130 3131 3132
f 3133 3134 3135
f 3136 3137 3138
f 3139 3140 3141
f 3142 3143 3144
f 3145 3146 3147
f 3148 3149 3150
f 3151 3152 3153
f 3154 3155 3156
f 3157 3158 3159
f 3160 3161 3162
f 3163 3164 3165
f 3166 3167 3168
f 3169 3170 3171
f 3172 3173 3174
f 3175 3176 3177
f 3178 3179 3180
f 3181 3182 3183
f 3184 3185 3186
f 3187 3188 3189
f 3190 3191 3192
f 3193 3194 3195
f 3196 3197 3198
f 3199 3200 3201
f 3202 3203 3204
f 3205 3206 3207
f 3208 3209 3210
f 3211 3212 3213
f 3214 3215 3216
f 3217 3218 3219
f 3220 3221 3222
f 3223 3224 3225
f 3226 3227 3228
f 3229 3230 3231
f 3232 3233 3234
f 3235 3236 3237
f 3238 3239 3240
f 3241 3242 3243
f 3244 3245 3246
f 3247 3248 3249
f 3250 3251 3252
f 3253 3254 3255
f 3256 3257 3258
f 3259 3260 3261
f 3262 3263 3264
f 3265 3266 3267
f 3268 3269 3270
f 3271 3272 3273
f 3274 3275 3276
f 3277 3278 3279
f 3280 3281 3282
f 3283 3284 3285
f 3286 3287 3288
f 3289 3290 3291
f 3292 3293 3294
f 3295 3296 3297
f 3298 3299 3300
f 3301 3302 3303
f 3304 3305 3306
f 3307 3308 3309
f 3310 3311 3312
f 3313 3314 3315
f 3316 3317 3318
f 3319 3320 3321
f 3322 3323 3324
f 3325 3326 3327
f 3328 3329 3330
f 3331 3332 3333
f 3334 3335 3336
f 3337 3338 3339
f 3340 3341 3342
f 3343 3344 3345
f 3346 3347 3348
f 3349 3350 3351
f 3352 3353 3354
f 3355 3356 3357
f 3358 3359 3360
f 3361 3362 3363
f 3364 3365 3366
f 3367 3368 3369
f 3370 3371 3372
f 3373 3374 3375
f 3376 3377 3378
f 3379 3380 3381
f 3382 3383 3384
f 3385 3386 3387
f 3388 3389 3390
f 3391 3392 3393
f 3394 3395 3396
f 3397 3398 3399
f 3400 3401 3402
f 3403 3404 3405
f 3406 3407 3408
f 3409 3410 3411
f 3412 3413 3414
f 3415 3416 3417
f 3418 3419 3420
f 3421 3422 3423
f 3424 3425 3426
f 3427 3428 3429
f 3430 3431 3432
f 3433 3434 3435
f 3436 3437 3438
f 3439 3440 3441
f 3442 3443 3444
f 3445 3446 3447
f 3448 3449 3450
f 3451 3452 3453
f 3454 3455 3456
f 3457 3458 3459
f 3460 3461 3462
f 3463 3464 3465
f 3466 3467 3468
f 3469 3470 3471
f 3472 3473 3474
f 3475 3476 3477
f 3478 3479 3480
f 3481 3482 3483
f 3484 3485 3486
f 3487 3488 3489
f 3490 3491 3492
f 3493 3494 3495
f 3496 3497 3498
f 3499 3500 3501
f 3502 3503 3504
f 3505 3506 3507
f 3508 3509 3510
f 3511 3512 3513
f 3514 3515 3516
f 3517 3518 3519
f 3520 3521 3522
f 3523 3524 3525
f 3526 3527 3528
f 3529 3530 3531
f 3532 3533 3534
f 3535 3536 3537
f 3538 3539 3540
f 3541 3542 3543
f 3544 3545 3546
f 3547 3548 3549
f 3550 3551 3552
f 3553 3554 3555
f 3556 3557 3558
f 3559 3560 3561
f 3562 3563 3564
f 3565 3566 3567
f 3568 3569 3570
f 3571 3572 3573
f 3574 3575 3576
f 3577 3578 3579
f 3580 3581 3582
f 3583 3584 3585
f 3586 3587 3588
f 3589 3590 3591
f 3592 3593 3594
f 3595 3596 3597
f 3598 3599 3600
f 3601 3602 3603
f 3604 3605 3606
f 3607 3608 3609
f 3610 3611 3612
f 3613 3614 3615
f 3616 3617 3618
f 3619 3620 3621
f 3622 3623 3624
f 3625 3626 3627
f 3628 3629 3630
f 3631 3632 3633
f 3634 3635 3636
f 3637 3638 3639
f 3640 3641 3642
f 3643 3644 3645
f 3646 3647 3648
f 3649 3650 3651
f 3652 3653 3654
f 3655 3656 3657
f 3658 3659 3660
f 3661 3662 3663
f 3664 3665 3666
f 3667 3668 3669
f 3670 3671 3672
f 3673 3674 3675
f 3676 3677 3678
f 3679 3680 3681
f 3682 3683 3684
f 3685 3686 3687
f 3688 3689 3690
f 3691 3692 3693
f 3694 3695 3696
f 3697 3698 3699
f 3700 3701 3702
f 3703 3704 3705
f 3706 3707 3708
f 3709 3710 3711
f 3712 3713 3714
f 3715 3716 3717
f 3718 3719 3720
f 3721 3722 3723
f 3724 3725 3726
f 3727 3728 3729
f 3730 3731 3732
f 3733 3734 3735
f 3736 3737 3738
f 3739 3740 3741
f 3742 3743 3744
f 3745 3746 3747
f 3748 3749 3750
f 3751 3752 3753
f 3754 3755 3756
f 3757 3758 3759
f 3760 3761 3762
f 3763 3764 3765
f 3766 3767 3768
f 3769 3770 3771
f 3772 3773 3774
f 3775 3776 3777
f 3778 3779 3780
f 3781 3782 3783
f 3784 3785 3786
f 3787 3788 3789
f 3790 3791 3792
f 3793 3794 3795
f 3796 3797 3798
f 3799 3800 3801
f 3802 3803 3804
f 3805 3806 3807
f 3808 3809 3810
f 3811 3812 3813
f 3814 3815 3816
f 3817 3818 3819
f 3820 3821 3822
f 3823 3824 3825
f 3826 3827 3828
f 3829 3830 3831
f 3832 3833 3834
f 3835 3836 3837
f 3838 3839 3840
f 3841 3842 3843
f 3844 3845 3846
f 3847 3848 3849
f 3850 3851 3852
f 3853 3854 3855
f 3856 3857 3858
f 3859 3860 3861
f 3862 3863 3864
f 3865 3866 3867
f 3868 3869 3870
f 3871 3872 3873
f 3874 3875 3876
f 3877 3878 3879
f 3880 3881 3882
f 3883 3884 3885
f 3886 3887 3888
f 3889 3890 3891
f 3892 3893 3894
f 3895 3896 3897
f 3898 3899 3900
f 3901 3902 3903
f 3904 3905 3906
f 3907 3908 3909
f 3910 3911 3912
f 3913 3914 3915
f 3916 3917 3918
f 3919 3920 3921
f 3922 3923 3924
f 3925 3926 3927
f 3928 3929 3930
f 3931 3932 3933
f 3934 3935 3936
f 3937 3938 3939
f 3940 3941 3942
f 3943 3944 3945
f 3946 3947 3948
f 3949 3950 3951
f 3952 3953 3954
f 3955 3956 3957
f 3958 3959 3960
f 3961 3962 3963
f 3964 3965 3966
f 3967 3968 3969
f 3970 3971 3972
f 3973 3974 3975
f 3976 3977 3978
f 3979 3980 3981
f 3982 3983 3984
f 3985 3986 3987
f 3988 3989 3990
f 3991 3992 3993
f 3994 3995 3996
f 3997 3998 3999
f 4000 4001 4002
f 4003 4004 4005
f 4006 4007 4008
f 4009 4010 4011
f 4012 4013 4014
f 4015 4016 4017
f 4018 4019 4020
f 4021 4022 4023
f 4024 4025 4026
f 4027 4028 4029
f 4030 4031 4032
f 4033 4034 4035
f 4036 4037 4038
f 4039 4040 4041
f 4042 4043 4044
f 4045 4046 4047
f 4048 4049 4050
f 4051 4052 4053
f 4054 4055 4056
f 4057 4058 4059
f 4060 4061 4062
f 4063 4064 4065
f 4066 4067 4068
f 4069 4070 4071
f 4072 4073 4074
f 4075 4076 4077
f 4078 4079 4080
f 4081 4082 4083
f 4084 4085 4086
f 4087 4088 4089
f 4090 4091 4092
f 4093 4094 4095
f 4096 4097 4098
f 4099 4100 4101
f 4102 4103 4104
f 4105 4106 4107
f 4108 4109 4110
f 4111 4112 4113
f 4114 4115 4116
f 4117 4118 4119
f 4120 4121 4122
f 4123 4124 4125
f 4126 4127 4128
f 4129 4130 4131
f 4132 4133 4134
f 4135 4136 4137
f 4138 4139 4140
f 4141 4142 4143
f 4144 4145 4146
f 4147 4148 4149
f 4150 4151 4152
f 4153 4154 4155
f 4156 4157 4158
f 4159 4160 4161
f 4162 4163 4164
f 4165 4166 4167
f 4168 4169 4170
f 4171 4172 4173
f 4174 4175 4176
f 4177 4178 4179
f 4180 4181 4182
f 4183 4184 4185
f 4186 4187 4188
f 4189 4190 4191
f 4192 4193 4194
f 4195 4196 4197
f 4198 4199 4200
f 4201 4202 4203
f 4204 4205 4206
f 4207 4208 4209
f 4210 4211 4212
f 4213 4214 4215
f 4216 4217 4218
f 4219 4220 4221
f 4222 4223 4224
f 4225 4226 4227
f 4228 4229 4230
f 4231 4232 4233
f 4234 4235 4236
f 4237 4238 4239
f 4240 4241 4242
f 4243 4244 4245
f 4246 4247 4248
f 4249 4250 4251
f 4252 4253 4254
f 4255 4256 4257
f 4258 4259 4260
f 4261 4262 4263
f 4264 4265 4266
f 4267 4268 4269
f 4270 4271 4272
f 4273 4274 4275
f 4276 4277 4278
f 4279 4280 4281
f 4282 4283 4284
f 4285 4286 4287
f 4288 4289 4290
f 4291 4292 4293
f 4294 4295 4296
f 4297 4298 4299
f 4300 4301 4302
f 4303 4304 4305
f 4306 4307 4308
f 4309 4310 4311
f 4312 4313 4314
f 4315 4316 4317
f 4318 4319 4320
f 4321 4322 4323
f 4324 4325 4326
f 4327 4328 4329
f 4330 4331 4332
f 4333 4334 4335
f 4336 4337 4338
f 4339 4340 4341
f 4342 4343 4344
f 4345 4346 4347
f 4348 4349 4350
f 4351 4352 4353
f 4354 4355 4356
f 4357 4358 4359
f 4360 4361 4362
f 4363 4364 4365
f 4366 4367 4368
f 4369 4370 4371
f 4372 4373 4374
f 4375 4376 4377
f 4378 4379 4380
f 4381 4382 4383
f 4384 4385 4386
f 4387 4388 4389
f 4390 4391 4392
f 4393 4394 4395
f 4396 4397 4398
f 4399 4400 4401
f 4402 4403 4404
f 4405 4406 4407
f 4408 4409 4410
f 4411 4412 4413
f 4414 4415 4416
f 4417 4418 4419
f 4420 4421 4422
f 4423 4424 4425
f 4426 4427 4428
f 4429 4430 4431
f 4432 4433 4434
f 4435 4436 4437
f 4438 4439 4440
f 4441 4442 4443
f 4444 4445 4446
f 4447 4448 4449
f 4450 4451 4452
f 4453 4454 4455
f 4456 4457 4458
f 4459 4460 4461
f 4462 4463 4464
f 4465 4466 4467
f 4468 4469 4470
f 4471 4472 4473
f 4474 4475 4476
f 4477 4478 4479
f 4480 4481 4482
f 4483 4484 4485
f 4486 4487 4488
f 4489 4490 4491
f 4492 4493 4494
f 4495 4496 4497
f 4498 4499 4500
f 4501 4502 4503
f 4504 4505 4506
f 4507 4508 4509
f 4510 4511 4512
f 4513 4514 4515
f 4516 4517 4518
f 4519 4520 4521
f 4522 4523 4524
f 4525 4526 4527
f 4528 4529 4530
f 4531 4532 4533
f 4534 4535 4536
f 4537 4538 4539
f 4540 4541 4542
f 4543 4544 4545
f 4546 4547 4548
f 4549 4550 4551
f 4552 4553 4554
f 4555 4556 4557
f 4558 4559 4560
f 4561 4562 4563
f 4564 4565 4566
f 4567 4568 4569
f 4570 4571 4572
f 4573 4574 4575
f 4576 4577 4578
f 4579 4580 4581
f 4582 4583 4584
f 4585 4586 4587
f 4588 4589 4590
f 4591 4592 4593
f 4594 4595 4596
f 4597 4598 4599
f 4600 4601 4602
f 4603 4604 4605
f 4606 4607 4608
f 4609 4610 4611
f 4612 4613 4614
f 4615 4616 4617
f 4618 4619 4620
f 4621 4622 4623
f 4624 4625 4626
f 4627 4628 4629
f 4630 4631 4632
f 4633 4634 4635
f 4636 4637 4638
f 4639 4640 4641
f 4642 4643 4644
f 4645 4646 4647
f 4648 4649 4650
f 4651 4652 4653
f 4654 4655 4656
f 4657 4658 4659
f 4660 4661 4662
f 4663 4664 4665
f 4666 4667 4668
f 4669 4670 4671
f 4672 4673 4674
f 4675 4676 4677
f 4678 4679 4680
f 4681 4682 4683
f 4684 4685 4686
f 4687 4688 4689
f 4690 4691 4692
f 4693 4694 4695
f 4696 4697 4698
f 4699 4700 4701
f 4702 4703 4704
f 4705 4706 4707
f 4708 4709 4710
f 4711 4712 4713
f 4714 4715 4716
f 4717 4718 4719
f 4720 4721 4722
f 4723 4724 4725
f 4726 4727 4728
f 4729 4730 4731
f 4732 4733 4734
f 4735 4736 4737
f 4738 4739 4740
f 4741 4742 4743
f 4744 4745 4746
f 4747 4748 4749
f 4750 4751 4752
f 4753 4754 4755
f 4756 4757 4758
f 4759 4760 4761
f 4762 4763 4764
f 4765 4766 4767
f 4768 4769 4770
f 4771 4772 4773
f 4774 4775 4776
f 4777 4778 4779
f 4780 4781 4782
f 4783 4784 4785
f 4786 4787 4788
f 4789 4790 4791
f 4792 4793 4794
f 4795 4796 4797
f 4798 4799 4800
f 4801 4802 4803
f 4804 4805 4806
f 4807 4808 4809
f 4810 4811 4812
f 4813 4814 4815
f 4816 4817 4818
f 4819 4820 4821
f 4822 4823 4824
f 4825 4826 4827
f 4828 4829 4830
f 4831 4832 4833
f 4834 4835 4836
f 4837 4838 4839
f 4840 4841 4842
f 4843 4844 4845
f 4846 4847 4848
f 4849 4850 4851
f 4852 4853 4854
f 4855 4856 4857
f 4858 4859 4860
f 4861 4862 4863
f 4864 4865 4866
f 4867 4868 4869
f 4870 4871 4872
f 4873 4874 4875
f 4876 4877 4878
f 4879 4880 4881
f 4882 4883 4884
f 4885 4886 4887
f 4888 4889 4890
f 4891 4892 4893
f 4894 4895 4896
f 4897 4898 4899
f 4900 4901 4902
f 4903 4904 4905
f 4906 4907 4908
f 4909 4910 4911
f 4912 4913 4914
f 4915 4916 4917
f 4918 4919 4920
f 4921 4922 4923
f 4924 4925 4926
f 4927 4928 4929
f 4930 4931 4932
f 4933 4934 4935
f 4936 4937 4938
f 4939 4940 4941
f 4942 4943 4944
f 4945 4946 4947
f 4948 4949 4950
f 4951 4952 4953
f 4954 4955 4956
f 4957 4958 4959
f 4960 4961 4962
f 4963 4964 4965
f 4966 4967 4968
f 4969 4970 4971
f 4972 4973 4974
f 4975 4976 4977
f 4978 4979 4980
f 4981 4982 4983
f 4984 4985 4986
f 4987 4988 4989
f 4990 4991 4992
f 4993 4994 4995
f 4996 4997 4998
f 4999 5000 5001
f 5002 5003 5004
f 5005 5006 5007
f 5008 5009 5010
f 5011 5012 5013
f 5014 5015 5016
f 5017 5018 5019
f 5020 5021 5022
f 5023 5024 5025
f 5026 5027 5028
f 5029 5030 5031
f 5032 5033 5034
f 5035 5036 5037
f 5038 5039 5040
f 5041 5042 5043
f 5044 5045 5046
f 5047 5048 5049
f 5050 5051 5052
f 5053 5054 5055
f 5056 5057 5058
f 5059 5060 5061
f 5062 5063 5064
f 5065 5066 5067
f 5068 5069 5070
f 5071 5072 5073
f 5074 5075 5076
f 5077 5078 5079
f 5080 5081 5082
f 5083 5084 5085
f 5086 5087 5088
f 5089 5090 5091
f 5092 5093 5094
f 5095 5096 5097
f 5098 5099 5100
f 5101 5102 5103
f 5104 5105 5106
f 5107 5108 5109
f 5110 5111 5112
f 5113 5114 5115
f 5116 5117 5118
f 5119 5120 5121
f 5122 5123 5124
f 5125 5126 5127
f 5128 5129 5130
f 5131 5132 5133
f 5134 5135 5136
f 5137 5138 5139
f 5140 5141 5142
f 5143 5144 5145
f 5146 5147 5148
f 5149 5150 5151
f 5152 5153 5154
f 5155 5156 5157
f 5158 5159 5160
f 5161 5162 5163
f 5164 5165 5166
f 5167 5168 5169
f 5170 5171 5172
f 5173 5174 5175
f 5176 5177 5178
f 5179 5180 5181
f 5182 5183 5184
f 5185 5186 5187
f 5188 5189 5190
f 5191 5192 5193
f 5194 5195 5196
f 5197 5198 5199
f 5200 5201 5202
f 5203 5204 5205
f 5206 5207 5208
f 5209 5210 5211
f 5212 5213 5214
f 5215 5216 5217
f 5218 5219 5220
f 5221 5222 5223
f 5224 5225 5226
f 5227 5228 5229
f 5230 5231 5232
f 5233 5234 5235
f 5236 5237 5238
f 5239 5240 5241
f 5242 5243 5244
f 5245 5246 5247
f 5248 5249 5250
f 5251 5252 5253
f 5254 5255 5256
f 5257 5258 5259
f 5260 5261 5262
f 5263 5264 5265
f 5266 5267 5268
f 5269 5270 5271
f 5272 5273 5274
f 5275 5276 5277
f 5278 5279 5280
f 5281 5282 5283
f 5284 5285 5286
f 5287 5288 5289
f 5290 5291 5292
f 5293 5294 5295
f 5296 5297 5298
f 5299 5300 5301
f 5302 5303 5304
f 5305 5306 5307
f 5308 5309 5310
f 5311 5312 5313
f 5314 5315 5316
f 5317 5318 5319
f 5320 5321 5322
f 5323 5324 5325
f 5326 5327 5328
f 5329 5330 5331
f 5332 5333 5334
f 5335 5336 5337
f 5338 5339 5340
f 5341 5342 5343
f 5344 5345 5346
f 5347 5348 5349
f 5350 5351 5352
f 5353 5354 5355
f 5356 5357 5358
f 5359 5360 5361
f 5362 5363 5364
f 5365 5366 5367
f 5368 5369 5370
f 5371 5372 5373
f 5374 5375 5376
f 5377 5378 5379
f 5380 5381 5382
f 5383 5384 5385
f 5386 5387 5388
f 5389 5390 5391
f 5392 5393 5394
f 5395 5396 5397
f 5398 5399 5400
f 5401 5402 5403
f 5404 5405 5406
f 5407 5408 5409
f 5410 5411 5412
f 5413 5414 5415
f 5416 5417 5418
f 5419 5420 5421
f 5422 5423 5424
f 5425 5426 5427
f 5428 5429 5430
f 5431 5432 5433
f 5434 5435 5436
f 5437 5438 5439
f 5440 5441 5442
f 5443 5444 5445
f 5446 5447 5448
f 5449 5450 5451
f 5452 5453 5454
f 5455 5456 5457
f 5458 5459 5460
f 5461 5462 5463
f 5464 5465 5466
f 5467 5468 5469
f 5470 5471 5472
f 5473 5474 5475
f 5476 5477 5478
f 5479 5480 5481
f 5482 5483 5484
f 5485 5486 5487
f 5488 5489 5490
f 5491 5492 5493
f 5494 5495 5496
f 5497 5498 5499
f 5500 5501 5502
f 5503 5504 5505
f 5506 5507 5508
f 5509 5510 5511
f 5512 5513 5514
f 5515 5516 5517
f 5518 5519 5520
f 5521 5522 5523
f 5524 5525 5526
f 5527 5528 5529
f 5530 5531 5532
f 5533 5534 5535
f 5536 5537 5538
f 5539 5540 5541
f 5542 5543 5544
f 5545 5546 5547
f 5548 5549 5550
f 5551 5552 5553
f 5554 5555 5556
f 5557 5558 5559
f 5560 5561 5562
f 5563 5564 5565
f 5566 5567 5568
f 5569 5570 5571
f 5572 5573 5574
f 5575 5576 5577
f 5578 5579 5580
f 5581 5582 5583
f 5584 5585 5586
f 5587 5588 5589
f 5590 5591 5592
f 5593 5594 5595
f 5596 5597 5598
f 5599 5600 5601
f 5602 5603 5604
f 5605 5606 5607
f 5608 5609 5610
f 5611 5612 5613
f 5614 5615 5616
f 5617 5618 5619
f 5620 5621 5622
f 5623 5624 5625
f 5626 5627 5628
f 5629 5630 5631
f 5632 5633 5634
f 5635 5636 5637
f 5638 5639 5640
f 5641 5642 5643
f 5644 5645 5646
f 5647 5648 5649
f 5650 5651 5652
f 5653 5654 5655
f 5656 5657 5658
f 5659 5660 5661
f 5662 5663 5664
f 5665 5666 5667
f 5668 5669 5670
f 5671 5672 5673
f 5674 5675 5676
f 5677 5678 5679
f 5680 5681 5682
f 5683 5684 5685
f 5686 5687 5688
f 5689 5690 5691
f 5692 5693 5694
f 5695 5696 5697
f 5698 5699 5700
f 5701 5702 5703
f 5704 5705 5706
f 5707 5708 5709
f 5710 5711 5712
f 5713 5714 5715
f 5716 5717 5718
f 5719 5720 5721
f 5722 5723 5724
f 5725 5726 5727
f 5728 5729 5730
f 5731 5732 5733
f 5734 5735 5736
f 5737 5738 5739
f 5740 5741 5742
f 5743 5744 5745
f 5746 5747 5748
f 5749 5750 5751
f 5752 5753 5754
f 5755 5756 5757
f 5758 5759 5760
f 5761 5762 5763
f 5764 5765 5766
f 5767 5768 5769
f 5770 5771 5772
f 5773 5774 5775
f 5776 5777 5778
f 5779 5780 5781
f 5782 5783 5784
f 5785 5786 5787
f 5788 5789 5790
f 5791 5792 5793
f 5794 5795 5796
f 5797 5798 5799
f 5800 5801 5802
f 5803 5804 5805
f 5806 5807 5808
f 5809 5810 5811
f 5812 5813 5814
f 5815 5816 5817
f 5818 5819 5820
f 5821 5822 5823
f 5824 5825 5826
f 5827 5828 5829
f 5830 5831 5832
f 5833 5834 5835
f 5836 5837 5838
f 5839 5840 5841
f 5842 5843 5844
f 5845 5846 5847
f 5848 5849 5850
f 5851 5852 5853
f 5854 5855 5856
f 5857 5858 5859
f 5860 5861 5862
f 5863 5864 5865
f 5866 5867 5868
f 5869 5870 5871
f 5872 5873 5874
f 5875 5876 5877
f 5878 5879 5880
f 5881 5882 5883
f 5884 5885 5886
f 5887 5888 5889
f 5890 5891 5892
f 5893 5894 5895
f 5896 5897 5898
f 5899 5900 5901
f 5902 5903 5904
f 5905 5906 5907
f 5908 5909 5910
f 5911 5912 5913
f 5914 5915 5916
f 5917 5918 5919
f 5920 5921 5922
f 5923 5924 5925
f 5926 5927 5928
f 5929 5930 5931
f 5932 5933 5934
f 5935 5936 5937
f 5938 5939 5940
f 5941 5942 5943
f 5944 5945 5946
f 5947 5948 5949
f 5950 5951 5952
f 5953 5954 5955
f 5956 5957 5958
f 5959 5960 5961
f 5962 5963 5964
f 5965 5966 5967
f 5968 5969 5970
f 5971 5972 5973
f 5974 5975 5976
f 5977 5978 5979
f 5980 5981 5982
f 5983 5984 5985
f 5986 5987 5988
f 5989 5990 5991
f 5992 5993 5994
f 5995 5996 5997
f 5998 5999 6000
f 6001 6002 6003
f 6004 6005 6006
f 6007 6008 6009
f 6010 6011 6012
f 6013 6014 6015
f 6016 6017 6018
f 6019 6020 6021
f 6022 6023 6024
f 6025 6026 6027
f 6028 6029 6030
f 6031 6032 6033
f 6034 6035 6036
f 6037 6038 6039
f 6040 6041 6042
f 6043 6044 6045
f 6046 6047 6048
f 6049 6050 6051
f 6052 6053 6054
f 6055 6056 6057
f 6058 6059 6060
f 6061 6062 6063
f 6064 6065 6066
f 6067 6068 6069
f 6070 6071 6072
f 6073 6074 6075
f 6076 6077 6078
f 6079 6080 6081
f 6082 6083 6084
f 6085 6086 6087
f 6088 6089 6090
f 6091 6092 6093
f 6094 6095 6096
f 6097 6098 6099
f 6100 6101 6102
f 6103 6104 6105
f 6106 6107 6108
f 6109 6110 6111
f 6112 6113 6114
f 6115 6116 6117
f 6118 6119 6120
f 6121 6122 6123
f 6124 6125 6126
f 6127 6128 6129
f 6130 6131 6132
f 6133 6134 6135
f 6136 6137 6138
f 6139 6140 6141
f 6142 6143 6144
f 6145 6146 6147
f 6148 6149 6150
f 6151 6152 6153
f 6154 6155 6156
f 6157 6158 6159
f 6160 6161 6162
f 6163 6164 6165
f 6166 6167 6168
f 6169 6170 6171
f 6172 6173 6174
f 6175 6176 6177
f 6178 6179 6180
f 6181 6182 6183
f 6184 6185 6186
f 6187 6188 6189
f 6190 6191 6192
f 6193 6194 6195
f 6196 6197 6198
f 6199 6200 6201
f 6202 6203 6204
f 6205 6206 6207
f 6208 6209 6210
f 6211 6212 6213
f 6214 6215 6216
f 6217 6218 6219
f 6220 6221 6222
f 6223 6224 6225
f 6226 6227 6228
f 6229 6230 6231
f 6232 6233 6234
f 6235 6236 6237
f 6238 6239 6240
f 6241 6242 6243
f 6244 6245 6246
f 6247 6248 6249
f 6250 6251 6252
f 6253 6254 6255
f 6256 6257 6258
f 6259 6260 6261
f 6262 6263 6264
f 6265 6266 6267
f 6268 6269 6270
f 6271 6272 6273
f 6274 6275 6276
f 6277 6278 6279
f 6280 6281 6282
f 6283 6284 6285
f 6286 6287 6288
f 6289 6290 6291
f 6292 6293 6294
f 6295 6296 6297
f 6298 6299 6300
f 6301 6302 6303
f 6304 6305 6306
f 6307 6308 6309
f 6310 6311 6312
f 6313 6314 6315
f 6316 6317 6318
f 6319 6320 6321
f 6322 6323 6324
f 6325 6326 6327
f 6328 6329 6330
f 6331 6332 6333
f 6334 6335 6336
f 6337 6338 6339
f 6340 6341 6342
f 6343 6344 6345
f 6346 6347 6348
f 6349 6350 6351
f 6352 6353 6354
f 6355 6356 6357
f 6358 6359 6360
f 6361 6362 6363
f 6364 6365 6366
f 6367 6368 6369
f 6370 6371 6372
f 6373 6374 6375
f 6376 6377 6378
f 6379 6380 6381
f 6382 6383 6384
f 6385 6386 6387
f 6388 6389 6390
f 6391 6392 6393
f 6394 6395 6396
f 6397 6398 6399
f 6400 6401 6402
f 6403 6404 6405
f 6406 6407 6408
f 6409 6410 6411
f 6412 6413 6414
f 6415 6416 6417
f 6418 6419 6420
f 6421 6422 6423
f 6424 6425 6426
f 6427 6428 6429
f 6430 6431 6432
f 6433 6434 6435
f 6436 6437 6438
f 6439 6440 6441
f 6442 6443 6444
f 6445 6446 6447
f 6448 6449 6450
f 6451 6452 6453
f 6454 6455 6456
f 6457 6458 6459
f 6460 6461 6462
f 6463 6464 6465
f 6466 6467 6468
f 6469 6470 6471
f 6472 6473 6474
f 6475 6476 6477
f 6478 6479 6480
f 6481 6482 6483
f 6484 6485 6486
f 6487 6488 6489
f 6490 6491 6492
f 6493 6494 6495
f 6496 6497 6498
f 6499 6500 6501
f 6502 6503 6504
f 6505 6506 6507
f 6508 6509 6510
f 6511 6512 6513
f 6514 6515 6516
f 6517 6518 6519
f 6520 6521 6522
f 6523 6524 6525
f 6526 6527 6528
f 6529 6530 6531
f 6532 6533 6534
f 6535 6536 6537
f 6538 6539 6540
f 6541 6542 6543
f 6544 6545 6546
f 6547 6548 6549
f 6550 6551 6552
f 6553 6554 6555
f 6556 6557 6558
f 6559 6560 6561
f 6562 6563 6564
f 6565 6566 6567
f 6568 6569 6570
f 6571 6572 6573
f 6574 6575 6576
f 6577 6578 6579
f 6580 6581 6582
f 6583 6584 6585
f 6586 6587 6588
f 6589 6590 6591
f 6592 6593 6594
f 6595 6596 6597
f 6598 6599 6600
f 6601 6602 6603
f 6604 6605 6606
f 6607 6608 6609
f 6610 6611 6612
f 6613 6614 6615
f 6616 6617 6618
f 6619 6620 6621
f 6622 6623 6624
f 6625 6626 6627
f 6628 6629 6630
f 6631 6632 6633
f 6634 6635 6636
f 6637 6638 6639
f 6640 6641 6642
f 6643 6644 6645
f 6646 6647 6648
f 6649 6650 6651
f 6652 6653 6654
f 6655 6656 6657
f 6658 6659 6660
f 6661 6662 6663
f 6664 6665 6666
f 6667 6668 6669
f 6670 6671 6672
f 6673 6674 6675
f 6676 6677 6678
f 6679 6680 6681
f 6682 6683 6684
f 6685 6686 6687
f 6688 6689 6690
f 6691 6692 6693
f 6694 6695 6696
f 6697 6698 6699
f 6700 6701 6702
f 6703 6704 6705
f 6706 6707 6708
f 6709 6710 6711
f 6712 6713 6714
f 6715 6716 6717
f 6718 6719 6720
f 6721 6722 6723
f 6724 6725 6726
f 6727 6728 6729
f 6730 6731 6732
f 6733 6734 6735
f 6736 6737 6738
f 6739 6740 6741
f 6742 6743 6744
f 6745 6746 6747
f 6748 6749 6750
f 6751 6752 6753
f 6754 6755 6756
f 6757 6758 6759
f 6760 6761 6762
f 6763 6764 6765
f 6766 6767 6768
f 6769 6770 6771
f 6772 6773 6774
f 6775 6776 6777
f 6778 6779 6780
f 6781 6782 6783
f 6784 6785 6786
f 6787 6788 6789
f 6790 6791 6792
f 6793 6794 6795
f 6796 6797 6798
f 6799 6800 6801
f 6802 6803 6804
f 6805 6806 6807
f 6808 6809 6810
f 6811 6812 6813
f 6814 6815 6816
f 6817 6818 6819
f 6820 6821 6822
f 6823 6824 6825
f 6826 6827 6828
f 6829 6830 6831
f 6832 6833 6834
f 6835 6836 6837
f 6838 6839 6840
f 6841 6842 6843
f 6844 6845 6846
f 6847 6848 6849
f 6850 6851 6852
f 6853 6854 6855
f 6856 6857 6858
f 6859 6860 6861
f 6862 6863 6864
f 6865 6866 6867
f 6868 6869 6870
f 6871 6872 6873
f 6874 6875 6876
f 6877 6878 6879
f 6880 6881 6882
f 6883 6884 6885
f 6886 6887 6888
f 6889 6890 6891
f 6892 6893 6894
f 6895 6896 6897
f 6898 6899 6900
f 6901 6902 6903
f 6904 6905 6906
f 6907 6908 6909
f 6910 6911 6912
f 6913 6914 6915
f 6916 6917 6918
f 6919 6920 6921
f 6922 6923 6924
f 6925 6926 6927
f 6928 6929 6930
f 6931 6932 6933
f 6934 6935 6936
f 6937 6938 6939
f 6940 6941 6942
f 6943 6944 6945
f 6946 6947 6948
f 6949 6950 6951
f 6952 6953 6954
f 6955 6956 6957
f 6958 6959 6960
f 6961 6962 6963
f 6964 6965 6966
f 6967 6968 6969
f 6970 6971 6972
f 6973 6974 6975
f 6976 6977 6978
f 6979 6980 6981
f 6982 6983 6984
f 6985 6986 6987
f 6988 6989 6990
f 6991 6992 6993
f 6994 6995 6996
f 6997 6998 6999
f 7000 7001 7002
f 7003 7004 7005
f 7006 7007 7008
f 7009 7010 7011
f 7012 7013 7014
f 7015 7016 7017
f 7018 7019 7020
f 7021 7022 7023
f 7024 7025 7026
f 7027 7028 7029
f 7030 7031 7032
f 7033 7034 7035
f 7036 7037 7038
f 7039 7040 7041
f 7042 7043 7044
f 7045 7046 7047
f 7048 7049 7050
f 7051 7052 7053
f 7054 7055 7056
f 7057 7058 7059
f 7060 7061 7062
f 7063 7064 7065
f 7066 7067 7068
f 7069 7070 7071
f 7072 7073 7074
f 7075 7076 7077
f 7078 7079 7080
f 7081 7082 7083
f 7084 7085 7086
f 7087 7088 7089
f 7090 7091 7092
f 7093 7094 7095
f 7096 7097 7098
f 7099 7100 7101
f 7102 7103 7104
f 7105 7106 7107
f 7108 7109 7110
f 7111 7112 7113
f 7114 7115 7116
f 7117 7118 7119
f 7120 7121 7122
f 7123 7124 7125
f 7126 7127 7128
f 7129 7130 7131
f 7132 7133 7134
f 7135 7136 7137
f 7138 7139 7140
f 7141 7142 7143
f 7144 7145 7146
f 7147 7148 7149
f 7150 7151 7152
f 7153 7154 7155
f 7156 7157 7158
f 7159 7160 7161
f 7162 7163 7164
f 7165 7166 7167
f 7168 7169 7170
f 7171 7172 7173
f 7174 7175 7176
f 7177 7178 7179
f 7180 7181 7182
f 7183 7184 7185
f 7186 7187 7188
f 7189 7190 7191
f 7192 7193 7194
f 7195 7196 7197
f 7198 7199 7200
f 7201 7202 7203
f 7204 7205 7206
f 7207 7208 7209
f 7210 7211 7212
f 7213 7214 7215
f 7216 7217 7218
f 7219 7220 7221
f 7222 7223 7224
f 7225 7226 7227
f 7228 7229 7230
f 7231 7232 7233
f 7234 7235 7236
f 7237 7238 7239
f 7240 7241 7242
f 7243 7244 7245
f 7246 7247 7248
f 7249 7250 7251
f 7252 7253 7254
f 7255 7256 7257
f 7258 7259 7260
f 7261 7262 7263
f 7264 7265 7266
f 7267 7268 7269
f 7270 7271 7272
f 7273 7274 7275
f 7276 7277 7278
f 7279 7280 7281
f 7282 7283 7284
f 7285 7286 7287
f 7288 7289 7290
f 7291 7292 7293
f 7294 7295 7296
f 7297 7298 7299
f 7300 7301 7302
f 7303 7304 7305
f 7306 7307 7308
f 7309 7310 7311
f 7312 7313 7314
f 7315 7316 7317
f 7318 7319 7320
f 7321 7322 7323
f 7324 7325 7326
f 7327 7328 7329
f 7330 7331 7332
f 7333 7334 7335
f 7336 7337 7338
f 7339 7340 7341
f 7342 7343 7344
f 7345 7346 7347
f 7348 7349 7350
f 7351 7352 7353
f 7354 7355 7356
f 7357 7358 7359
f 7360 7361 7362
f 7363 7364 7365
f 7366 7367 7368
f 7369 7370 7371
f 7372 7373 7374
f 7375 7376 7377
f 7378 7379 7380
f 7381 7382 7383
f 7384 7385 7386
f 7387 7388 7389
f 7390 7391 7392
f 7393 7394 7395
f 7396 7397 7398
f 7399 7400 7401
f 7402 7403 7404
f 7405 7406 7407
f 7408 7409 7410
f 7411 7412 7413
f 7414 7415 7416
f 7417 7418 7419
f 7420 7421 7422
f 7423 7424 7425
f 7426 7427 7428
f 7429 7430 7431
f 7432 7433 7434
f 7435 7436 7437
f 7438 7439 7440
f 7441 7442 7443
f 7444 7445 7446
f 7447 7448 7449
f 7450 7451 7452
f 7453 7454 7455
f 7456 7457 7458
f 7459 7460 7461
f 7462 7463 7464
f 7465 7466 7467
f 7468 7469 7470
f 7471 7472 7473
f 7474 7475 7476
f 7477 7478 7479
f 7480 7481 7482
f 7483 7484 7485
f 7486 7487 7488
f 7489 7490 7491
f 7492 7493 7494
f 7495 7496 7497
f 7498 7499 7500
f 7501 7502 7503
f 7504 7505 7506
f 7507 7508 7509
f 7510 7511 7512
f 7513 7514 7515
f 7516 7517 7518
f 7519 7520 7521
f 7522 7523 7524
f 7525 7526 7527
f 7528 7529 7530
f 7531 7532 7533
f 7534 7535 7536
f 7537 7538 7539
f 7540 7541 7542
f 7543 7544 7545
f 7546 7547 7548
f 7549 7550 7551
f 7552 7553 7554
f 7555 7556 7557
f 7558 7559 7560
f 7561 7562 7563
f 7564 7565 7566
f 7567 7568 7569
f 7570 7571 7572
f 7573 7574 7575
f 7576 7577 7578
f 7579 7580 7581
f 7582 7583 7584
f 7585 7586 7587
f 7588 7589 7590
f 7591 7592 7593
f 7594 7595 7596
f 7597 7598 7599
f 7600 7601 7602
f 7603 7604 7605
f 7606 7607 7608
f 7609 7610 7611
f 7612 7613 7614
f 7615 7616 7617
f 7618 7619 7620
f 7621 7622 7623
f 7624 7625 7626
f 7627 7628 7629
f 7630 7631 7632
f 7633 7634 7635
f 7636 7637 7638
f 7639 7640 7641
f 7642 7643 7644
f 7645 7646 7647
f 7648 7649 7650
f 7651 7652 7653
f 7654 7655 7656
f 7657 7658 7659
f 7660 7661 7662
f 7663 7664 7665
f 7666 7667 7668
f 7669 7670 7671
f 7672 7673 7674
f 7675 7676 7677
f 7678 7679 7680
