# R3 authored topology; reference 06-river-wetland.png
v -0.02268 -0.1 0.26044 0.2688 0.2856 0.1344
v -0.0475 0.91257 0.23951 0.2688 0.2856 0.1344
v -0.02644 0.90858 0.26044 0.2688 0.2856 0.1344
v -0.02268 -0.1 0.26044 0.2688 0.2856 0.1344
v -0.04768 -0.1 0.23544 0.2688 0.2856 0.1344
v -0.0475 0.91257 0.23951 0.2688 0.2856 0.1344
v -0.04768 -0.1 0.23544 0.31113327669410845 0.3305791064874903 0.15556663834705423
v -0.06779 0.913 0.26044 0.31113327669410845 0.3305791064874903 0.15556663834705423
v -0.0475 0.91257 0.23951 0.31113327669410845 0.3305791064874903 0.15556663834705423
v -0.04768 -0.1 0.23544 0.31113327669410845 0.3305791064874903 0.15556663834705423
v -0.07207 -0.1 0.26044 0.31113327669410845 0.3305791064874903 0.15556663834705423
v -0.06779 0.913 0.26044 0.31113327669410845 0.3305791064874903 0.15556663834705423
v -0.07207 -0.1 0.26044 0.2981248008655005 0.3167576009195943 0.14906240043275026
v -0.04787 0.90913 0.28137 0.2981248008655005 0.3167576009195943 0.14906240043275026
v -0.06779 0.913 0.26044 0.2981248008655005 0.3167576009195943 0.14906240043275026
v -0.07207 -0.1 0.26044 0.2981248008655005 0.3167576009195943 0.14906240043275026
v -0.04768 -0.1 0.28544 0.2981248008655005 0.3167576009195943 0.14906240043275026
v -0.04787 0.90913 0.28137 0.2981248008655005 0.3167576009195943 0.14906240043275026
v -0.04768 -0.1 0.28544 0.2727973386564482 0.2898471723224762 0.1363986693282241
v -0.02644 0.90858 0.26044 0.2727973386564482 0.2898471723224762 0.1363986693282241
v -0.04787 0.90913 0.28137 0.2727973386564482 0.2898471723224762 0.1363986693282241
v -0.04768 -0.1 0.28544 0.2727973386564482 0.2898471723224762 0.1363986693282241
v -0.02268 -0.1 0.26044 0.2727973386564482 0.2898471723224762 0.1363986693282241
v -0.02644 0.90858 0.26044 0.2727973386564482 0.2898471723224762 0.1363986693282241
v -0.02644 0.90858 0.26044 0.3050533590156069 0.3241191939540823 0.15252667950780344
v 0.13272 1.58627 0.39259 0.3050533590156069 0.3241191939540823 0.15252667950780344
v 0.1403 1.58262 0.40044 0.3050533590156069 0.3241191939540823 0.15252667950780344
v -0.02644 0.90858 0.26044 0.3050533590156069 0.3241191939540823 0.15252667950780344
v -0.0475 0.91257 0.23951 0.3050533590156069 0.3241191939540823 0.15252667950780344
v 0.13272 1.58627 0.39259 0.3050533590156069 0.3241191939540823 0.15252667950780344
v -0.0475 0.91257 0.23951 0.2698196406617506 0.2866833682031101 0.1349098203308753
v 0.12493 1.58673 0.40044 0.2698196406617506 0.2866833682031101 0.1349098203308753
v 0.13272 1.58627 0.39259 0.2698196406617506 0.2866833682031101 0.1349098203308753
v -0.0475 0.91257 0.23951 0.2698196406617506 0.2866833682031101 0.1349098203308753
v -0.06779 0.913 0.26044 0.2698196406617506 0.2866833682031101 0.1349098203308753
v 0.12493 1.58673 0.40044 0.2698196406617506 0.2866833682031101 0.1349098203308753
v -0.06779 0.913 0.26044 0.3158802311443572 0.3356227455908795 0.1579401155721786
v 0.13191 1.58323 0.40828 0.3158802311443572 0.3356227455908795 0.1579401155721786
v 0.12493 1.58673 0.40044 0.3158802311443572 0.3356227455908795 0.1579401155721786
v -0.06779 0.913 0.26044 0.3158802311443572 0.3356227455908795 0.1579401155721786
v -0.04787 0.90913 0.28137 0.3158802311443572 0.3356227455908795 0.1579401155721786
v 0.13191 1.58323 0.40828 0.3158802311443572 0.3356227455908795 0.1579401155721786
v -0.04787 0.90913 0.28137 0.29089952721387946 0.3090807476647469 0.14544976360693973
v 0.1403 1.58262 0.40044 0.29089952721387946 0.3090807476647469 0.14544976360693973
v 0.13191 1.58323 0.40828 0.29089952721387946 0.3090807476647469 0.14544976360693973
v -0.04787 0.90913 0.28137 0.29089952721387946 0.3090807476647469 0.14544976360693973
v -0.02644 0.90858 0.26044 0.29089952721387946 0.3090807476647469 0.14544976360693973
v 0.1403 1.58262 0.40044 0.29089952721387946 0.3090807476647469 0.14544976360693973
v 0.19732 1.58475 0.40044 0.2688 0.21 0.1344
v 0.14126 1.88475 0.37191 0.2688 0.21 0.1344
v 0.16284 1.88475 0.40044 0.2688 0.21 0.1344
v 0.19732 1.58475 0.40044 0.2688 0.21 0.1344
v 0.15154 1.58475 0.33862 0.2688 0.21 0.1344
v 0.14126 1.88475 0.37191 0.2688 0.21 0.1344
v 0.15154 1.58475 0.33862 0.31113327669410845 0.24307287241727224 0.15556663834705423
v 0.10895 1.88475 0.3828 0.31113327669410845 0.24307287241727224 0.15556663834705423
v 0.14126 1.88475 0.37191 0.31113327669410845 0.24307287241727224 0.15556663834705423
v 0.15154 1.58475 0.33862 0.31113327669410845 0.24307287241727224 0.15556663834705423
v 0.08102 1.58475 0.36223 0.31113327669410845 0.24307287241727224 0.15556663834705423
v 0.10895 1.88475 0.3828 0.31113327669410845 0.24307287241727224 0.15556663834705423
v 0.08102 1.58475 0.36223 0.2981248008655005 0.23291000067617226 0.14906240043275026
v 0.10771 1.88475 0.41807 0.2981248008655005 0.23291000067617226 0.14906240043275026
v 0.10895 1.88475 0.3828 0.2981248008655005 0.23291000067617226 0.14906240043275026
v 0.08102 1.58475 0.36223 0.2981248008655005 0.23291000067617226 0.14906240043275026
v 0.07819 1.58475 0.43864 0.2981248008655005 0.23291000067617226 0.14906240043275026
v 0.10771 1.88475 0.41807 0.2981248008655005 0.23291000067617226 0.14906240043275026
v 0.07819 1.58475 0.43864 0.2727973386564482 0.21312292082535014 0.1363986693282241
v 0.142 1.88475 0.42897 0.2727973386564482 0.21312292082535014 0.1363986693282241
v 0.10771 1.88475 0.41807 0.2727973386564482 0.21312292082535014 0.1363986693282241
v 0.07819 1.58475 0.43864 0.2727973386564482 0.21312292082535014 0.1363986693282241
v 0.15323 1.58475 0.46226 0.2727973386564482 0.21312292082535014 0.1363986693282241
v 0.142 1.88475 0.42897 0.2727973386564482 0.21312292082535014 0.1363986693282241
v 0.15323 1.58475 0.46226 0.31891608269627864 0.24915318960646768 0.15945804134813932
v 0.16284 1.88475 0.40044 0.31891608269627864 0.24915318960646768 0.15945804134813932
v 0.142 1.88475 0.42897 0.31891608269627864 0.24915318960646768 0.15945804134813932
v 0.15323 1.58475 0.46226 0.31891608269627864 0.24915318960646768 0.15945804134813932
v 0.19732 1.58475 0.40044 0.31891608269627864 0.24915318960646768 0.15945804134813932
v 0.16284 1.88475 0.40044 0.31891608269627864 0.24915318960646768 0.15945804134813932
v -0.04768 0.23695 0.26044 0.28 0.35 0.15
v 0.33632 0.27763 0.26044 0.28 0.35 0.15
v 0.33632 0.24613 0.32544 0.28 0.35 0.15
v -0.04768 0.23695 0.26044 0.23800000000000002 0.2975 0.1275
v 0.33632 0.18113 0.19544 0.23800000000000002 0.2975 0.1275
v 0.33632 0.27763 0.26044 0.23800000000000002 0.2975 0.1275
v 0.33632 0.27763 0.26044 0.28 0.35 0.15
v 0.75232 0.18837 0.26044 0.28 0.35 0.15
v 0.33632 0.24613 0.32544 0.28 0.35 0.15
v 0.33632 0.27763 0.26044 0.23800000000000002 0.2975 0.1275
v 0.33632 0.18113 0.19544 0.23800000000000002 0.2975 0.1275
v 0.75232 0.18837 0.26044 0.23800000000000002 0.2975 0.1275
v -0.04768 0.52336 0.26044 0.28 0.35 0.15
v 0.15979 0.83059 0.58356 0.28 0.35 0.15
v 0.1051 0.74791 0.61868 0.28 0.35 0.15
v -0.04768 0.52336 0.26044 0.23800000000000002 0.2975 0.1275
v 0.21449 0.78528 0.54844 0.23800000000000002 0.2975 0.1275
v 0.15979 0.83059 0.58356 0.23800000000000002 0.2975 0.1275
v 0.15979 0.83059 0.58356 0.28 0.35 0.15
v 0.38456 1.0301 0.93361 0.28 0.35 0.15
v 0.1051 0.74791 0.61868 0.28 0.35 0.15
v 0.15979 0.83059 0.58356 0.23800000000000002 0.2975 0.1275
v 0.21449 0.78528 0.54844 0.23800000000000002 0.2975 0.1275
v 0.38456 1.0301 0.93361 0.23800000000000002 0.2975 0.1275
v -0.04768 0.80977 0.26044 0.28 0.35 0.15
v -0.20748 1.12344 0.60961 0.28 0.35 0.15
v -0.26659 1.04842 0.58256 0.28 0.35 0.15
v -0.04768 0.80977 0.26044 0.23800000000000002 0.2975 0.1275
v -0.14838 1.07047 0.63666 0.23800000000000002 0.2975 0.1275
v -0.20748 1.12344 0.60961 0.23800000000000002 0.2975 0.1275
v -0.20748 1.12344 0.60961 0.28 0.35 0.15
v -0.3806 1.32993 0.98788 0.28 0.35 0.15
v -0.26659 1.04842 0.58256 0.28 0.35 0.15
v -0.20748 1.12344 0.60961 0.23800000000000002 0.2975 0.1275
v -0.14838 1.07047 0.63666 0.23800000000000002 0.2975 0.1275
v -0.3806 1.32993 0.98788 0.23800000000000002 0.2975 0.1275
v 0.86505 -0.1 -0.9663 0.2688 0.2856 0.1344
v 0.84014 1.3323 -0.98726 0.2688 0.2856 0.1344
v 0.86136 1.32947 -0.9663 0.2688 0.2856 0.1344
v 0.86505 -0.1 -0.9663 0.2688 0.2856 0.1344
v 0.84005 -0.1 -0.9913 0.2688 0.2856 0.1344
v 0.84014 1.3323 -0.98726 0.2688 0.2856 0.1344
v 0.84005 -0.1 -0.9913 0.31113327669410845 0.3305791064874903 0.15556663834705423
v 0.81989 1.3326 -0.9663 0.31113327669410845 0.3305791064874903 0.15556663834705423
v 0.84014 1.3323 -0.98726 0.31113327669410845 0.3305791064874903 0.15556663834705423
v 0.84005 -0.1 -0.9913 0.31113327669410845 0.3305791064874903 0.15556663834705423
v 0.81566 -0.1 -0.9663 0.31113327669410845 0.3305791064874903 0.15556663834705423
v 0.81989 1.3326 -0.9663 0.31113327669410845 0.3305791064874903 0.15556663834705423
v 0.81566 -0.1 -0.9663 0.2981248008655005 0.3167576009195943 0.14906240043275026
v 0.83996 1.32986 -0.94533 0.2981248008655005 0.3167576009195943 0.14906240043275026
v 0.81989 1.3326 -0.9663 0.2981248008655005 0.3167576009195943 0.14906240043275026
v 0.81566 -0.1 -0.9663 0.2981248008655005 0.3167576009195943 0.14906240043275026
v 0.84005 -0.1 -0.9413 0.2981248008655005 0.3167576009195943 0.14906240043275026
v 0.83996 1.32986 -0.94533 0.2981248008655005 0.3167576009195943 0.14906240043275026
v 0.84005 -0.1 -0.9413 0.2727973386564482 0.2898471723224762 0.1363986693282241
v 0.86136 1.32947 -0.9663 0.2727973386564482 0.2898471723224762 0.1363986693282241
v 0.83996 1.32986 -0.94533 0.2727973386564482 0.2898471723224762 0.1363986693282241
v 0.84005 -0.1 -0.9413 0.2727973386564482 0.2898471723224762 0.1363986693282241
v 0.86505 -0.1 -0.9663 0.2727973386564482 0.2898471723224762 0.1363986693282241
v 0.86136 1.32947 -0.9663 0.2727973386564482 0.2898471723224762 0.1363986693282241
v 0.86136 1.32947 -0.9663 0.3050533590156069 0.3241191939540823 0.15252667950780344
v 1.02026 2.28625 -0.83421 0.3050533590156069 0.3241191939540823 0.15252667950780344
v 1.02816 2.2836 -0.8263 0.3050533590156069 0.3241191939540823 0.15252667950780344
v 0.86136 1.32947 -0.9663 0.3050533590156069 0.3241191939540823 0.15252667950780344
v 0.84014 1.3323 -0.98726 0.3050533590156069 0.3241191939540823 0.15252667950780344
v 1.02026 2.28625 -0.83421 0.3050533590156069 0.3241191939540823 0.15252667950780344
v 0.84014 1.3323 -0.98726 0.2698196406617506 0.2866833682031101 0.1349098203308753
v 1.01253 2.28655 -0.8263 0.2698196406617506 0.2866833682031101 0.1349098203308753
v 1.02026 2.28625 -0.83421 0.2698196406617506 0.2866833682031101 0.1349098203308753
v 0.84014 1.3323 -0.98726 0.2698196406617506 0.2866833682031101 0.1349098203308753
v 0.81989 1.3326 -0.9663 0.2698196406617506 0.2866833682031101 0.1349098203308753
v 1.01253 2.28655 -0.8263 0.2698196406617506 0.2866833682031101 0.1349098203308753
v 0.81989 1.3326 -0.9663 0.3158802311443572 0.3356227455908795 0.1579401155721786
v 1.01984 2.28401 -0.81838 0.3158802311443572 0.3356227455908795 0.1579401155721786
v 1.01253 2.28655 -0.8263 0.3158802311443572 0.3356227455908795 0.1579401155721786
v 0.81989 1.3326 -0.9663 0.3158802311443572 0.3356227455908795 0.1579401155721786
v 0.83996 1.32986 -0.94533 0.3158802311443572 0.3356227455908795 0.1579401155721786
v 1.01984 2.28401 -0.81838 0.3158802311443572 0.3356227455908795 0.1579401155721786
v 0.83996 1.32986 -0.94533 0.29089952721387946 0.3090807476647469 0.14544976360693973
v 1.02816 2.2836 -0.8263 0.29089952721387946 0.3090807476647469 0.14544976360693973
v 1.01984 2.28401 -0.81838 0.29089952721387946 0.3090807476647469 0.14544976360693973
v 0.83996 1.32986 -0.94533 0.29089952721387946 0.3090807476647469 0.14544976360693973
v 0.86136 1.32947 -0.9663 0.29089952721387946 0.3090807476647469 0.14544976360693973
v 1.02816 2.2836 -0.8263 0.29089952721387946 0.3090807476647469 0.14544976360693973
v 1.08505 2.28513 -0.8263 0.2688 0.21 0.1344
v 1.029 2.58513 -0.85483 0.2688 0.21 0.1344
v 1.05057 2.58513 -0.8263 0.2688 0.21 0.1344
v 1.08505 2.28513 -0.8263 0.2688 0.21 0.1344
v 1.03927 2.28513 -0.88812 0.2688 0.21 0.1344
v 1.029 2.58513 -0.85483 0.2688 0.21 0.1344
v 1.03927 2.28513 -0.88812 0.31113327669410845 0.24307287241727224 0.15556663834705423
v 0.99668 2.58513 -0.84393 0.31113327669410845 0.24307287241727224 0.15556663834705423
v 1.029 2.58513 -0.85483 0.31113327669410845 0.24307287241727224 0.15556663834705423
v 1.03927 2.28513 -0.88812 0.31113327669410845 0.24307287241727224 0.15556663834705423
v 0.96875 2.28513 -0.8645 0.31113327669410845 0.24307287241727224 0.15556663834705423
v 0.99668 2.58513 -0.84393 0.31113327669410845 0.24307287241727224 0.15556663834705423
v 0.96875 2.28513 -0.8645 0.2981248008655005 0.23291000067617226 0.14906240043275026
v 0.99545 2.58513 -0.80866 0.2981248008655005 0.23291000067617226 0.14906240043275026
v 0.99668 2.58513 -0.84393 0.2981248008655005 0.23291000067617226 0.14906240043275026
v 0.96875 2.28513 -0.8645 0.2981248008655005 0.23291000067617226 0.14906240043275026
v 0.96592 2.28513 -0.78809 0.2981248008655005 0.23291000067617226 0.14906240043275026
v 0.99545 2.58513 -0.80866 0.2981248008655005 0.23291000067617226 0.14906240043275026
v 0.96592 2.28513 -0.78809 0.2727973386564482 0.21312292082535014 0.1363986693282241
v 1.02974 2.58513 -0.79777 0.2727973386564482 0.21312292082535014 0.1363986693282241
v 0.99545 2.58513 -0.80866 0.2727973386564482 0.21312292082535014 0.1363986693282241
v 0.96592 2.28513 -0.78809 0.2727973386564482 0.21312292082535014 0.1363986693282241
v 1.04096 2.28513 -0.76448 0.2727973386564482 0.21312292082535014 0.1363986693282241
v 1.02974 2.58513 -0.79777 0.2727973386564482 0.21312292082535014 0.1363986693282241
v 1.04096 2.28513 -0.76448 0.31891608269627864 0.24915318960646768 0.15945804134813932
v 1.05057 2.58513 -0.8263 0.31891608269627864 0.24915318960646768 0.15945804134813932
v 1.02974 2.58513 -0.79777 0.31891608269627864 0.24915318960646768 0.15945804134813932
v 1.04096 2.28513 -0.76448 0.31891608269627864 0.24915318960646768 0.15945804134813932
v 1.08505 2.28513 -0.8263 0.31891608269627864 0.24915318960646768 0.15945804134813932
v 1.05057 2.58513 -0.8263 0.31891608269627864 0.24915318960646768 0.15945804134813932
v 0.84005 0.37703 -0.9663 0.28 0.35 0.15
v 0.5842 0.31047 -0.67995 0.28 0.35 0.15
v 0.53573 0.21397 -0.72325 0.28 0.35 0.15
v 0.84005 0.37703 -0.9663 0.23800000000000002 0.2975 0.1275
v 0.63267 0.27897 -0.63664 0.23800000000000002 0.2975 0.1275
v 0.5842 0.31047 -0.67995 0.23800000000000002 0.2975 0.1275
v 0.5842 0.31047 -0.67995 0.28 0.35 0.15
v 0.30703 0.10504 -0.36973 0.28 0.35 0.15
v 0.53573 0.21397 -0.72325 0.28 0.35 0.15
v 0.5842 0.31047 -0.67995 0.23800000000000002 0.2975 0.1275
v 0.63267 0.27897 -0.63664 0.23800000000000002 0.2975 0.1275
v 0.30703 0.10504 -0.36973 0.23800000000000002 0.2975 0.1275
v 0.84005 0.7825 -0.9663 0.28 0.35 0.15
v 0.46086 1.01298 -1.02687 0.28 0.35 0.15
v 0.47111 0.96752 -1.09106 0.28 0.35 0.15
v 0.84005 0.7825 -0.9663 0.23800000000000002 0.2975 0.1275
v 0.4506 0.93044 -0.96268 0.23800000000000002 0.2975 0.1275
v 0.46086 1.01298 -1.02687 0.23800000000000002 0.2975 0.1275
v 0.46086 1.01298 -1.02687 0.28 0.35 0.15
v 0.05006 1.12933 -1.09249 0.28 0.35 0.15
v 0.47111 0.96752 -1.09106 0.28 0.35 0.15
v 0.46086 1.01298 -1.02687 0.23800000000000002 0.2975 0.1275
v 0.4506 0.93044 -0.96268 0.23800000000000002 0.2975 0.1275
v 0.05006 1.12933 -1.09249 0.23800000000000002 0.2975 0.1275
v 0.84005 1.18797 -0.9663 0.28 0.35 0.15
v 0.68614 1.53745 -1.3181 0.28 0.35 0.15
v 0.74569 1.48463 -1.34416 0.28 0.35 0.15
v 0.84005 1.18797 -0.9663 0.23800000000000002 0.2975 0.1275
v 0.62659 1.46227 -1.29205 0.23800000000000002 0.2975 0.1275
v 0.68614 1.53745 -1.3181 0.23800000000000002 0.2975 0.1275
v 0.68614 1.53745 -1.3181 0.28 0.35 0.15
v 0.51941 1.78272 -1.69923 0.28 0.35 0.15
v 0.74569 1.48463 -1.34416 0.28 0.35 0.15
v 0.68614 1.53745 -1.3181 0.23800000000000002 0.2975 0.1275
v 0.62659 1.46227 -1.29205 0.23800000000000002 0.2975 0.1275
v 0.51941 1.78272 -1.69923 0.23800000000000002 0.2975 0.1275
v 0.43323 -0.1 0.60799 0.2688 0.2856 0.1344
v 0.40834 1.19958 0.58703 0.2688 0.2856 0.1344
v 0.42952 1.19646 0.60799 0.2688 0.2856 0.1344
v 0.43323 -0.1 0.60799 0.2688 0.2856 0.1344
v 0.40823 -0.1 0.58299 0.2688 0.2856 0.1344
v 0.40834 1.19958 0.58703 0.2688 0.2856 0.1344
v 0.40823 -0.1 0.58299 0.31113327669410845 0.3305791064874903 0.15556663834705423
v 0.38808 1.19991 0.60799 0.31113327669410845 0.3305791064874903 0.15556663834705423
v 0.40834 1.19958 0.58703 0.31113327669410845 0.3305791064874903 0.15556663834705423
v 0.40823 -0.1 0.58299 0.31113327669410845 0.3305791064874903 0.15556663834705423
v 0.38384 -0.1 0.60799 0.31113327669410845 0.3305791064874903 0.15556663834705423
v 0.38808 1.19991 0.60799 0.31113327669410845 0.3305791064874903 0.15556663834705423
v 0.38384 -0.1 0.60799 0.2981248008655005 0.3167576009195943 0.14906240043275026
v 0.40812 1.19689 0.62895 0.2981248008655005 0.3167576009195943 0.14906240043275026
v 0.38808 1.19991 0.60799 0.2981248008655005 0.3167576009195943 0.14906240043275026
v 0.38384 -0.1 0.60799 0.2981248008655005 0.3167576009195943 0.14906240043275026
v 0.40823 -0.1 0.63299 0.2981248008655005 0.3167576009195943 0.14906240043275026
v 0.40812 1.19689 0.62895 0.2981248008655005 0.3167576009195943 0.14906240043275026
v 0.40823 -0.1 0.63299 0.2727973386564482 0.2898471723224762 0.1363986693282241
v 0.42952 1.19646 0.60799 0.2727973386564482 0.2898471723224762 0.1363986693282241
v 0.40812 1.19689 0.62895 0.2727973386564482 0.2898471723224762 0.1363986693282241
v 0.40823 -0.1 0.63299 0.2727973386564482 0.2898471723224762 0.1363986693282241
v 0.43323 -0.1 0.60799 0.2727973386564482 0.2898471723224762 0.1363986693282241
v 0.42952 1.19646 0.60799 0.2727973386564482 0.2898471723224762 0.1363986693282241
v 0.42952 1.19646 0.60799 0.3050533590156069 0.3241191939540823 0.15252667950780344
v 0.58848 2.06495 0.74009 0.3050533590156069 0.3241191939540823 0.15252667950780344
v 0.59631 2.06205 0.74799 0.3050533590156069 0.3241191939540823 0.15252667950780344
v 0.42952 1.19646 0.60799 0.3050533590156069 0.3241191939540823 0.15252667950780344
v 0.40834 1.19958 0.58703 0.3050533590156069 0.3241191939540823 0.15252667950780344
v 0.58848 2.06495 0.74009 0.3050533590156069 0.3241191939540823 0.15252667950780344
v 0.40834 1.19958 0.58703 0.2698196406617506 0.2866833682031101 0.1349098203308753
v 0.58074 2.06528 0.74799 0.2698196406617506 0.2866833682031101 0.1349098203308753
v 0.58848 2.06495 0.74009 0.2698196406617506 0.2866833682031101 0.1349098203308753
v 0.40834 1.19958 0.58703 0.2698196406617506 0.2866833682031101 0.1349098203308753
v 0.38808 1.19991 0.60799 0.2698196406617506 0.2866833682031101 0.1349098203308753
v 0.58074 2.06528 0.74799 0.2698196406617506 0.2866833682031101 0.1349098203308753
v 0.38808 1.19991 0.60799 0.3158802311443572 0.3356227455908795 0.1579401155721786
v 0.58797 2.0625 0.75589 0.3158802311443572 0.3356227455908795 0.1579401155721786
v 0.58074 2.06528 0.74799 0.3158802311443572 0.3356227455908795 0.1579401155721786
v 0.38808 1.19991 0.60799 0.3158802311443572 0.3356227455908795 0.1579401155721786
v 0.40812 1.19689 0.62895 0.3158802311443572 0.3356227455908795 0.1579401155721786
v 0.58797 2.0625 0.75589 0.3158802311443572 0.3356227455908795 0.1579401155721786
v 0.40812 1.19689 0.62895 0.29089952721387946 0.3090807476647469 0.14544976360693973
v 0.59631 2.06205 0.74799 0.29089952721387946 0.3090807476647469 0.14544976360693973
v 0.58797 2.0625 0.75589 0.29089952721387946 0.3090807476647469 0.14544976360693973
v 0.40812 1.19689 0.62895 0.29089952721387946 0.3090807476647469 0.14544976360693973
v 0.42952 1.19646 0.60799 0.29089952721387946 0.3090807476647469 0.14544976360693973
v 0.59631 2.06205 0.74799 0.29089952721387946 0.3090807476647469 0.14544976360693973
v 0.65323 2.06373 0.74799 0.2688 0.21 0.1344
v 0.59718 2.36373 0.71946 0.2688 0.21 0.1344
v 0.61875 2.36373 0.74799 0.2688 0.21 0.1344
v 0.65323 2.06373 0.74799 0.2688 0.21 0.1344
v 0.60745 2.06373 0.68617 0.2688 0.21 0.1344
v 0.59718 2.36373 0.71946 0.2688 0.21 0.1344
v 0.60745 2.06373 0.68617 0.31113327669410845 0.24307287241727224 0.15556663834705423
v 0.56486 2.36373 0.73036 0.31113327669410845 0.24307287241727224 0.15556663834705423
v 0.59718 2.36373 0.71946 0.31113327669410845 0.24307287241727224 0.15556663834705423
v 0.60745 2.06373 0.68617 0.31113327669410845 0.24307287241727224 0.15556663834705423
v 0.53693 2.06373 0.70978 0.31113327669410845 0.24307287241727224 0.15556663834705423
v 0.56486 2.36373 0.73036 0.31113327669410845 0.24307287241727224 0.15556663834705423
v 0.53693 2.06373 0.70978 0.2981248008655005 0.23291000067617226 0.14906240043275026
v 0.56363 2.36373 0.76562 0.2981248008655005 0.23291000067617226 0.14906240043275026
v 0.56486 2.36373 0.73036 0.2981248008655005 0.23291000067617226 0.14906240043275026
v 0.53693 2.06373 0.70978 0.2981248008655005 0.23291000067617226 0.14906240043275026
v 0.5341 2.06373 0.7862 0.2981248008655005 0.23291000067617226 0.14906240043275026
v 0.56363 2.36373 0.76562 0.2981248008655005 0.23291000067617226 0.14906240043275026
v 0.5341 2.06373 0.7862 0.2727973386564482 0.21312292082535014 0.1363986693282241
v 0.59792 2.36373 0.77652 0.2727973386564482 0.21312292082535014 0.1363986693282241
v 0.56363 2.36373 0.76562 0.2727973386564482 0.21312292082535014 0.1363986693282241
v 0.5341 2.06373 0.7862 0.2727973386564482 0.21312292082535014 0.1363986693282241
v 0.60914 2.06373 0.80981 0.2727973386564482 0.21312292082535014 0.1363986693282241
v 0.59792 2.36373 0.77652 0.2727973386564482 0.21312292082535014 0.1363986693282241
v 0.60914 2.06373 0.80981 0.31891608269627864 0.24915318960646768 0.15945804134813932
v 0.61875 2.36373 0.74799 0.31891608269627864 0.24915318960646768 0.15945804134813932
v 0.59792 2.36373 0.77652 0.31891608269627864 0.24915318960646768 0.15945804134813932
v 0.60914 2.06373 0.80981 0.31891608269627864 0.24915318960646768 0.15945804134813932
v 0.65323 2.06373 0.74799 0.31891608269627864 0.24915318960646768 0.15945804134813932
v 0.61875 2.36373 0.74799 0.31891608269627864 0.24915318960646768 0.15945804134813932
v 0.40823 0.33275 0.60799 0.28 0.35 0.15
v 0.36516 0.38567 0.22641 0.28 0.35 0.15
v 0.42975 0.35417 0.21912 0.28 0.35 0.15
v 0.40823 0.33275 0.60799 0.23800000000000002 0.2975 0.1275
v 0.30057 0.28917 0.2337 0.23800000000000002 0.2975 0.1275
v 0.36516 0.38567 0.22641 0.23800000000000002 0.2975 0.1275
v 0.36516 0.38567 0.22641 0.28 0.35 0.15
v 0.31851 0.30967 -0.18696 0.28 0.35 0.15
v 0.42975 0.35417 0.21912 0.28 0.35 0.15
v 0.36516 0.38567 0.22641 0.23800000000000002 0.2975 0.1275
v 0.30057 0.28917 0.2337 0.23800000000000002 0.2975 0.1275
v 0.31851 0.30967 -0.18696 0.23800000000000002 0.2975 0.1275
v 0.40823 0.70058 0.60799 0.28 0.35 0.15
v 0.70605 0.50469 0.36558 0.28 0.35 0.15
v 0.74708 0.42229 0.416 0.28 0.35 0.15
v 0.40823 0.70058 0.60799 0.23800000000000002 0.2975 0.1275
v 0.66501 0.45909 0.31517 0.23800000000000002 0.2975 0.1275
v 0.70605 0.50469 0.36558 0.23800000000000002 0.2975 0.1275
v 0.70605 0.50469 0.36558 0.28 0.35 0.15
v 1.02868 0.15914 0.10298 0.28 0.35 0.15
v 0.74708 0.42229 0.416 0.28 0.35 0.15
v 0.70605 0.50469 0.36558 0.23800000000000002 0.2975 0.1275
v 0.66501 0.45909 0.31517 0.23800000000000002 0.2975 0.1275
v 1.02868 0.15914 0.10298 0.23800000000000002 0.2975 0.1275
v 0.40823 1.06841 0.60799 0.28 0.35 0.15
v 0.77312 0.90163 0.72762 0.28 0.35 0.15
v 0.75287 0.82629 0.78939 0.28 0.35 0.15
v 0.40823 1.06841 0.60799 0.23800000000000002 0.2975 0.1275
v 0.79337 0.84897 0.66586 0.23800000000000002 0.2975 0.1275
v 0.77312 0.90163 0.72762 0.23800000000000002 0.2975 0.1275
v 0.77312 0.90163 0.72762 0.28 0.35 0.15
v 1.16841 0.58762 0.85722 0.28 0.35 0.15
v 0.75287 0.82629 0.78939 0.28 0.35 0.15
v 0.77312 0.90163 0.72762 0.23800000000000002 0.2975 0.1275
v 0.79337 0.84897 0.66586 0.23800000000000002 0.2975 0.1275
v 1.16841 0.58762 0.85722 0.23800000000000002 0.2975 0.1275
v -0.57227 -0.1 0.63883 0.2688 0.2856 0.1344
v -0.59713 1.0916 0.61789 0.2688 0.2856 0.1344
v -0.57599 1.08821 0.63883 0.2688 0.2856 0.1344
v -0.57227 -0.1 0.63883 0.2688 0.2856 0.1344
v -0.59727 -0.1 0.61383 0.2688 0.2856 0.1344
v -0.59713 1.0916 0.61789 0.2688 0.2856 0.1344
v -0.59727 -0.1 0.61383 0.31113327669410845 0.3305791064874903 0.15556663834705423
v -0.6174 1.09196 0.63883 0.31113327669410845 0.3305791064874903 0.15556663834705423
v -0.59713 1.0916 0.61789 0.31113327669410845 0.3305791064874903 0.15556663834705423
v -0.59727 -0.1 0.61383 0.31113327669410845 0.3305791064874903 0.15556663834705423
v -0.62165 -0.1 0.63883 0.31113327669410845 0.3305791064874903 0.15556663834705423
v -0.6174 1.09196 0.63883 0.31113327669410845 0.3305791064874903 0.15556663834705423
v -0.62165 -0.1 0.63883 0.2981248008655005 0.3167576009195943 0.14906240043275026
v -0.5974 1.08867 0.65978 0.2981248008655005 0.3167576009195943 0.14906240043275026
v -0.6174 1.09196 0.63883 0.2981248008655005 0.3167576009195943 0.14906240043275026
v -0.62165 -0.1 0.63883 0.2981248008655005 0.3167576009195943 0.14906240043275026
v -0.59727 -0.1 0.66383 0.2981248008655005 0.3167576009195943 0.14906240043275026
v -0.5974 1.08867 0.65978 0.2981248008655005 0.3167576009195943 0.14906240043275026
v -0.59727 -0.1 0.66383 0.2727973386564482 0.2898471723224762 0.1363986693282241
v -0.57599 1.08821 0.63883 0.2727973386564482 0.2898471723224762 0.1363986693282241
v -0.5974 1.08867 0.65978 0.2727973386564482 0.2898471723224762 0.1363986693282241
v -0.59727 -0.1 0.66383 0.2727973386564482 0.2898471723224762 0.1363986693282241
v -0.57227 -0.1 0.63883 0.2727973386564482 0.2898471723224762 0.1363986693282241
v -0.57599 1.08821 0.63883 0.2727973386564482 0.2898471723224762 0.1363986693282241
v -0.57599 1.08821 0.63883 0.3050533590156069 0.3241191939540823 0.15252667950780344
v -0.41697 1.88489 0.77095 0.3050533590156069 0.3241191939540823 0.15252667950780344
v -0.40921 1.88174 0.77883 0.3050533590156069 0.3241191939540823 0.15252667950780344
v -0.57599 1.08821 0.63883 0.3050533590156069 0.3241191939540823 0.15252667950780344
v -0.59713 1.0916 0.61789 0.3050533590156069 0.3241191939540823 0.15252667950780344
v -0.41697 1.88489 0.77095 0.3050533590156069 0.3241191939540823 0.15252667950780344
v -0.59713 1.0916 0.61789 0.2698196406617506 0.2866833682031101 0.1349098203308753
v -0.42472 1.88525 0.77883 0.2698196406617506 0.2866833682031101 0.1349098203308753
v -0.41697 1.88489 0.77095 0.2698196406617506 0.2866833682031101 0.1349098203308753
v -0.59713 1.0916 0.61789 0.2698196406617506 0.2866833682031101 0.1349098203308753
v -0.6174 1.09196 0.63883 0.2698196406617506 0.2866833682031101 0.1349098203308753
v -0.42472 1.88525 0.77883 0.2698196406617506 0.2866833682031101 0.1349098203308753
v -0.6174 1.09196 0.63883 0.3158802311443572 0.3356227455908795 0.1579401155721786
v -0.41757 1.88224 0.78672 0.3158802311443572 0.3356227455908795 0.1579401155721786
v -0.42472 1.88525 0.77883 0.3158802311443572 0.3356227455908795 0.1579401155721786
v -0.6174 1.09196 0.63883 0.3158802311443572 0.3356227455908795 0.1579401155721786
v -0.5974 1.08867 0.65978 0.3158802311443572 0.3356227455908795 0.1579401155721786
v -0.41757 1.88224 0.78672 0.3158802311443572 0.3356227455908795 0.1579401155721786
v -0.5974 1.08867 0.65978 0.29089952721387946 0.3090807476647469 0.14544976360693973
v -0.40921 1.88174 0.77883 0.29089952721387946 0.3090807476647469 0.14544976360693973
v -0.41757 1.88224 0.78672 0.29089952721387946 0.3090807476647469 0.14544976360693973
v -0.5974 1.08867 0.65978 0.29089952721387946 0.3090807476647469 0.14544976360693973
v -0.57599 1.08821 0.63883 0.29089952721387946 0.3090807476647469 0.14544976360693973
v -0.40921 1.88174 0.77883 0.29089952721387946 0.3090807476647469 0.14544976360693973
v -0.35227 1.88356 0.77883 0.2688 0.21 0.1344
v -0.40832 2.18356 0.7503 0.2688 0.21 0.1344
v -0.38674 2.18356 0.77883 0.2688 0.21 0.1344
v -0.35227 1.88356 0.77883 0.2688 0.21 0.1344
v -0.39805 1.88356 0.71702 0.2688 0.21 0.1344
v -0.40832 2.18356 0.7503 0.2688 0.21 0.1344
v -0.39805 1.88356 0.71702 0.31113327669410845 0.24307287241727224 0.15556663834705423
v -0.44063 2.18356 0.7612 0.31113327669410845 0.24307287241727224 0.15556663834705423
v -0.40832 2.18356 0.7503 0.31113327669410845 0.24307287241727224 0.15556663834705423
v -0.39805 1.88356 0.71702 0.31113327669410845 0.24307287241727224 0.15556663834705423
v -0.46856 1.88356 0.74063 0.31113327669410845 0.24307287241727224 0.15556663834705423
v -0.44063 2.18356 0.7612 0.31113327669410845 0.24307287241727224 0.15556663834705423
v -0.46856 1.88356 0.74063 0.2981248008655005 0.23291000067617226 0.14906240043275026
v -0.44187 2.18356 0.79647 0.2981248008655005 0.23291000067617226 0.14906240043275026
v -0.44063 2.18356 0.7612 0.2981248008655005 0.23291000067617226 0.14906240043275026
v -0.46856 1.88356 0.74063 0.2981248008655005 0.23291000067617226 0.14906240043275026
v -0.47139 1.88356 0.81704 0.2981248008655005 0.23291000067617226 0.14906240043275026
v -0.44187 2.18356 0.79647 0.2981248008655005 0.23291000067617226 0.14906240043275026
v -0.47139 1.88356 0.81704 0.2727973386564482 0.21312292082535014 0.1363986693282241
v -0.40758 2.18356 0.80737 0.2727973386564482 0.21312292082535014 0.1363986693282241
v -0.44187 2.18356 0.79647 0.2727973386564482 0.21312292082535014 0.1363986693282241
v -0.47139 1.88356 0.81704 0.2727973386564482 0.21312292082535014 0.1363986693282241
v -0.39635 1.88356 0.84065 0.2727973386564482 0.21312292082535014 0.1363986693282241
v -0.40758 2.18356 0.80737 0.2727973386564482 0.21312292082535014 0.1363986693282241
v -0.39635 1.88356 0.84065 0.31891608269627864 0.24915318960646768 0.15945804134813932
v -0.38674 2.18356 0.77883 0.31891608269627864 0.24915318960646768 0.15945804134813932
v -0.40758 2.18356 0.80737 0.31891608269627864 0.24915318960646768 0.15945804134813932
v -0.39635 1.88356 0.84065 0.31891608269627864 0.24915318960646768 0.15945804134813932
v -0.35227 1.88356 0.77883 0.31891608269627864 0.24915318960646768 0.15945804134813932
v -0.38674 2.18356 0.77883 0.31891608269627864 0.24915318960646768 0.15945804134813932
v -0.59727 0.29671 0.63883 0.28 0.35 0.15
v -0.28403 0.24122 0.86096 0.28 0.35 0.15
v -0.32163 0.14472 0.91398 0.28 0.35 0.15
v -0.59727 0.29671 0.63883 0.23800000000000002 0.2975 0.1275
v -0.24643 0.20972 0.80793 0.23800000000000002 0.2975 0.1275
v -0.28403 0.24122 0.86096 0.23800000000000002 0.2975 0.1275
v -0.28403 0.24122 0.86096 0.28 0.35 0.15
v 0.05531 0.04777 1.10159 0.28 0.35 0.15
v -0.32163 0.14472 0.91398 0.28 0.35 0.15
v -0.28403 0.24122 0.86096 0.23800000000000002 0.2975 0.1275
v -0.24643 0.20972 0.80793 0.23800000000000002 0.2975 0.1275
v 0.05531 0.04777 1.10159 0.23800000000000002 0.2975 0.1275
v -0.59727 0.63392 0.63883 0.28 0.35 0.15
v -0.61493 0.87426 1.02243 0.28 0.35 0.15
v -0.67986 0.82853 1.01944 0.28 0.35 0.15
v -0.59727 0.63392 0.63883 0.23800000000000002 0.2975 0.1275
v -0.55 0.792 1.02542 0.23800000000000002 0.2975 0.1275
v -0.61493 0.87426 1.02243 0.23800000000000002 0.2975 0.1275
v -0.61493 0.87426 1.02243 0.28 0.35 0.15
v -0.63407 1.0013 1.43799 0.28 0.35 0.15
v -0.67986 0.82853 1.01944 0.28 0.35 0.15
v -0.61493 0.87426 1.02243 0.23800000000000002 0.2975 0.1275
v -0.55 0.792 1.02542 0.23800000000000002 0.2975 0.1275
v -0.63407 1.0013 1.43799 0.23800000000000002 0.2975 0.1275
v -0.59727 0.97112 0.63883 0.28 0.35 0.15
v -0.92959 1.31873 0.83123 0.28 0.35 0.15
v -0.96216 1.26623 0.77497 0.28 0.35 0.15
v -0.59727 0.97112 0.63883 0.23800000000000002 0.2975 0.1275
v -0.89703 1.24323 0.88748 0.23800000000000002 0.2975 0.1275
v -0.92959 1.31873 0.83123 0.23800000000000002 0.2975 0.1275
v -0.92959 1.31873 0.83123 0.28 0.35 0.15
v -1.28961 1.56196 1.03965 0.28 0.35 0.15
v -0.96216 1.26623 0.77497 0.28 0.35 0.15
v -0.92959 1.31873 0.83123 0.23800000000000002 0.2975 0.1275
v -0.89703 1.24323 0.88748 0.23800000000000002 0.2975 0.1275
v -1.28961 1.56196 1.03965 0.23800000000000002 0.2975 0.1275
v -0.68014 -0.1 0.72266 0.2688 0.2856 0.1344
v -0.70496 0.9385 0.70173 0.2688 0.2856 0.1344
v -0.68389 0.93461 0.72266 0.2688 0.2856 0.1344
v -0.68014 -0.1 0.72266 0.2688 0.2856 0.1344
v -0.70514 -0.1 0.69766 0.2688 0.2856 0.1344
v -0.70496 0.9385 0.70173 0.2688 0.2856 0.1344
v -0.70514 -0.1 0.69766 0.31113327669410845 0.3305791064874903 0.15556663834705423
v -0.72525 0.93892 0.72266 0.31113327669410845 0.3305791064874903 0.15556663834705423
v -0.70496 0.9385 0.70173 0.31113327669410845 0.3305791064874903 0.15556663834705423
v -0.70514 -0.1 0.69766 0.31113327669410845 0.3305791064874903 0.15556663834705423
v -0.72953 -0.1 0.72266 0.31113327669410845 0.3305791064874903 0.15556663834705423
v -0.72525 0.93892 0.72266 0.31113327669410845 0.3305791064874903 0.15556663834705423
v -0.72953 -0.1 0.72266 0.2981248008655005 0.3167576009195943 0.14906240043275026
v -0.70531 0.93515 0.74359 0.2981248008655005 0.3167576009195943 0.14906240043275026
v -0.72525 0.93892 0.72266 0.2981248008655005 0.3167576009195943 0.14906240043275026
v -0.72953 -0.1 0.72266 0.2981248008655005 0.3167576009195943 0.14906240043275026
v -0.70514 -0.1 0.74766 0.2981248008655005 0.3167576009195943 0.14906240043275026
v -0.70531 0.93515 0.74359 0.2981248008655005 0.3167576009195943 0.14906240043275026
v -0.70514 -0.1 0.74766 0.2727973386564482 0.2898471723224762 0.1363986693282241
v -0.68389 0.93461 0.72266 0.2727973386564482 0.2898471723224762 0.1363986693282241
v -0.70531 0.93515 0.74359 0.2727973386564482 0.2898471723224762 0.1363986693282241
v -0.70514 -0.1 0.74766 0.2727973386564482 0.2898471723224762 0.1363986693282241
v -0.68014 -0.1 0.72266 0.2727973386564482 0.2898471723224762 0.1363986693282241
v -0.68389 0.93461 0.72266 0.2727973386564482 0.2898471723224762 0.1363986693282241
v -0.68389 0.93461 0.72266 0.3050533590156069 0.3241191939540823 0.15252667950780344
v -0.52475 1.62953 0.85481 0.3050533590156069 0.3241191939540823 0.15252667950780344
v -0.51715 1.62596 0.86266 0.3050533590156069 0.3241191939540823 0.15252667950780344
v -0.68389 0.93461 0.72266 0.3050533590156069 0.3241191939540823 0.15252667950780344
v -0.70496 0.9385 0.70173 0.3050533590156069 0.3241191939540823 0.15252667950780344
v -0.52475 1.62953 0.85481 0.3050533590156069 0.3241191939540823 0.15252667950780344
v -0.70496 0.9385 0.70173 0.2698196406617506 0.2866833682031101 0.1349098203308753
v -0.53254 1.62997 0.86266 0.2698196406617506 0.2866833682031101 0.1349098203308753
v -0.52475 1.62953 0.85481 0.2698196406617506 0.2866833682031101 0.1349098203308753
v -0.70496 0.9385 0.70173 0.2698196406617506 0.2866833682031101 0.1349098203308753
v -0.72525 0.93892 0.72266 0.2698196406617506 0.2866833682031101 0.1349098203308753
v -0.53254 1.62997 0.86266 0.2698196406617506 0.2866833682031101 0.1349098203308753
v -0.72525 0.93892 0.72266 0.3158802311443572 0.3356227455908795 0.1579401155721786
v -0.52553 1.62655 0.87051 0.3158802311443572 0.3356227455908795 0.1579401155721786
v -0.53254 1.62997 0.86266 0.3158802311443572 0.3356227455908795 0.1579401155721786
v -0.72525 0.93892 0.72266 0.3158802311443572 0.3356227455908795 0.1579401155721786
v -0.70531 0.93515 0.74359 0.3158802311443572 0.3356227455908795 0.1579401155721786
v -0.52553 1.62655 0.87051 0.3158802311443572 0.3356227455908795 0.1579401155721786
v -0.70531 0.93515 0.74359 0.29089952721387946 0.3090807476647469 0.14544976360693973
v -0.51715 1.62596 0.86266 0.29089952721387946 0.3090807476647469 0.14544976360693973
v -0.52553 1.62655 0.87051 0.29089952721387946 0.3090807476647469 0.14544976360693973
v -0.70531 0.93515 0.74359 0.29089952721387946 0.3090807476647469 0.14544976360693973
v -0.68389 0.93461 0.72266 0.29089952721387946 0.3090807476647469 0.14544976360693973
v -0.51715 1.62596 0.86266 0.29089952721387946 0.3090807476647469 0.14544976360693973
v -0.46014 1.62804 0.86266 0.2688 0.21 0.1344
v -0.51619 1.92804 0.83413 0.2688 0.21 0.1344
v -0.49461 1.92804 0.86266 0.2688 0.21 0.1344
v -0.46014 1.62804 0.86266 0.2688 0.21 0.1344
v -0.50592 1.62804 0.80084 0.2688 0.21 0.1344
v -0.51619 1.92804 0.83413 0.2688 0.21 0.1344
v -0.50592 1.62804 0.80084 0.31113327669410845 0.24307287241727224 0.15556663834705423
v -0.5485 1.92804 0.84503 0.31113327669410845 0.24307287241727224 0.15556663834705423
v -0.51619 1.92804 0.83413 0.31113327669410845 0.24307287241727224 0.15556663834705423
v -0.50592 1.62804 0.80084 0.31113327669410845 0.24307287241727224 0.15556663834705423
v -0.57644 1.62804 0.82446 0.31113327669410845 0.24307287241727224 0.15556663834705423
v -0.5485 1.92804 0.84503 0.31113327669410845 0.24307287241727224 0.15556663834705423
v -0.57644 1.62804 0.82446 0.2981248008655005 0.23291000067617226 0.14906240043275026
v -0.54974 1.92804 0.8803 0.2981248008655005 0.23291000067617226 0.14906240043275026
v -0.5485 1.92804 0.84503 0.2981248008655005 0.23291000067617226 0.14906240043275026
v -0.57644 1.62804 0.82446 0.2981248008655005 0.23291000067617226 0.14906240043275026
v -0.57926 1.62804 0.90087 0.2981248008655005 0.23291000067617226 0.14906240043275026
v -0.54974 1.92804 0.8803 0.2981248008655005 0.23291000067617226 0.14906240043275026
v -0.57926 1.62804 0.90087 0.2727973386564482 0.21312292082535014 0.1363986693282241
v -0.51545 1.92804 0.89119 0.2727973386564482 0.21312292082535014 0.1363986693282241
v -0.54974 1.92804 0.8803 0.2727973386564482 0.21312292082535014 0.1363986693282241
v -0.57926 1.62804 0.90087 0.2727973386564482 0.21312292082535014 0.1363986693282241
v -0.50423 1.62804 0.92448 0.2727973386564482 0.21312292082535014 0.1363986693282241
v -0.51545 1.92804 0.89119 0.2727973386564482 0.21312292082535014 0.1363986693282241
v -0.50423 1.62804 0.92448 0.31891608269627864 0.24915318960646768 0.15945804134813932
v -0.49461 1.92804 0.86266 0.31891608269627864 0.24915318960646768 0.15945804134813932
v -0.51545 1.92804 0.89119 0.31891608269627864 0.24915318960646768 0.15945804134813932
v -0.50423 1.62804 0.92448 0.31891608269627864 0.24915318960646768 0.15945804134813932
v -0.46014 1.62804 0.86266 0.31891608269627864 0.24915318960646768 0.15945804134813932
v -0.49461 1.92804 0.86266 0.31891608269627864 0.24915318960646768 0.15945804134813932
v -0.70514 0.24561 0.72266 0.28 0.35 0.15
v -1.07948 0.13951 0.80825 0.28 0.35 0.15
v -1.09397 0.108 0.74489 0.28 0.35 0.15
v -0.70514 0.24561 0.72266 0.23800000000000002 0.2975 0.1275
v -1.06499 0.04302 0.87162 0.23800000000000002 0.2975 0.1275
v -1.07948 0.13951 0.80825 0.23800000000000002 0.2975 0.1275
v -1.07948 0.13951 0.80825 0.28 0.35 0.15
v -1.48501 -0.10876 0.90097 0.28 0.35 0.15
v -1.09397 0.108 0.74489 0.28 0.35 0.15
v -1.07948 0.13951 0.80825 0.23800000000000002 0.2975 0.1275
v -1.06499 0.04302 0.87162 0.23800000000000002 0.2975 0.1275
v -1.48501 -0.10876 0.90097 0.23800000000000002 0.2975 0.1275
v -0.70514 0.53938 0.72266 0.28 0.35 0.15
v -0.97942 0.31852 0.45391 0.28 0.35 0.15
v -0.93392 0.2364 0.40748 0.28 0.35 0.15
v -0.70514 0.53938 0.72266 0.23800000000000002 0.2975 0.1275
v -1.02491 0.27264 0.50034 0.23800000000000002 0.2975 0.1275
v -0.97942 0.31852 0.45391 0.23800000000000002 0.2975 0.1275
v -0.97942 0.31852 0.45391 0.28 0.35 0.15
v -1.27655 -0.05408 0.16276 0.28 0.35 0.15
v -0.93392 0.2364 0.40748 0.28 0.35 0.15
v -0.97942 0.31852 0.45391 0.23800000000000002 0.2975 0.1275
v -1.02491 0.27264 0.50034 0.23800000000000002 0.2975 0.1275
v -1.27655 -0.05408 0.16276 0.23800000000000002 0.2975 0.1275
v -0.70514 0.83314 0.72266 0.28 0.35 0.15
v -0.62718 0.80215 0.34666 0.28 0.35 0.15
v -0.56354 0.72649 0.35985 0.28 0.35 0.15
v -0.70514 0.83314 0.72266 0.23800000000000002 0.2975 0.1275
v -0.69083 0.74981 0.33346 0.23800000000000002 0.2975 0.1275
v -0.62718 0.80215 0.34666 0.23800000000000002 0.2975 0.1275
v -0.62718 0.80215 0.34666 0.28 0.35 0.15
v -0.54273 0.63523 -0.06068 0.28 0.35 0.15
v -0.56354 0.72649 0.35985 0.28 0.35 0.15
v -0.62718 0.80215 0.34666 0.23800000000000002 0.2975 0.1275
v -0.69083 0.74981 0.33346 0.23800000000000002 0.2975 0.1275
v -0.54273 0.63523 -0.06068 0.23800000000000002 0.2975 0.1275
v 0.46758 -0.1 -0.83267 0.2688 0.2856 0.1344
v 0.44271 1.11066 -0.85362 0.2688 0.2856 0.1344
v 0.46386 1.10731 -0.83267 0.2688 0.2856 0.1344
v 0.46758 -0.1 -0.83267 0.2688 0.2856 0.1344
v 0.44258 -0.1 -0.85767 0.2688 0.2856 0.1344
v 0.44271 1.11066 -0.85362 0.2688 0.2856 0.1344
v 0.44258 -0.1 -0.85767 0.31113327669410845 0.3305791064874903 0.15556663834705423
v 0.42244 1.11101 -0.83267 0.31113327669410845 0.3305791064874903 0.15556663834705423
v 0.44271 1.11066 -0.85362 0.31113327669410845 0.3305791064874903 0.15556663834705423
v 0.44258 -0.1 -0.85767 0.31113327669410845 0.3305791064874903 0.15556663834705423
v 0.41819 -0.1 -0.83267 0.31113327669410845 0.3305791064874903 0.15556663834705423
v 0.42244 1.11101 -0.83267 0.31113327669410845 0.3305791064874903 0.15556663834705423
v 0.41819 -0.1 -0.83267 0.2981248008655005 0.3167576009195943 0.14906240043275026
v 0.44245 1.10777 -0.81172 0.2981248008655005 0.3167576009195943 0.14906240043275026
v 0.42244 1.11101 -0.83267 0.2981248008655005 0.3167576009195943 0.14906240043275026
v 0.41819 -0.1 -0.83267 0.2981248008655005 0.3167576009195943 0.14906240043275026
v 0.44258 -0.1 -0.80767 0.2981248008655005 0.3167576009195943 0.14906240043275026
v 0.44245 1.10777 -0.81172 0.2981248008655005 0.3167576009195943 0.14906240043275026
v 0.44258 -0.1 -0.80767 0.2727973386564482 0.2898471723224762 0.1363986693282241
v 0.46386 1.10731 -0.83267 0.2727973386564482 0.2898471723224762 0.1363986693282241
v 0.44245 1.10777 -0.81172 0.2727973386564482 0.2898471723224762 0.1363986693282241
v 0.44258 -0.1 -0.80767 0.2727973386564482 0.2898471723224762 0.1363986693282241
v 0.46758 -0.1 -0.83267 0.2727973386564482 0.2898471723224762 0.1363986693282241
v 0.46386 1.10731 -0.83267 0.2727973386564482 0.2898471723224762 0.1363986693282241
v 0.46386 1.10731 -0.83267 0.3050533590156069 0.3241191939540823 0.15252667950780344
v 0.62287 1.91666 -0.70056 0.3050533590156069 0.3241191939540823 0.15252667950780344
v 0.63064 1.91356 -0.69267 0.3050533590156069 0.3241191939540823 0.15252667950780344
v 0.46386 1.10731 -0.83267 0.3050533590156069 0.3241191939540823 0.15252667950780344
v 0.44271 1.11066 -0.85362 0.3050533590156069 0.3241191939540823 0.15252667950780344
v 0.62287 1.91666 -0.70056 0.3050533590156069 0.3241191939540823 0.15252667950780344
v 0.44271 1.11066 -0.85362 0.2698196406617506 0.2866833682031101 0.1349098203308753
v 0.61511 1.91702 -0.69267 0.2698196406617506 0.2866833682031101 0.1349098203308753
v 0.62287 1.91666 -0.70056 0.2698196406617506 0.2866833682031101 0.1349098203308753
v 0.44271 1.11066 -0.85362 0.2698196406617506 0.2866833682031101 0.1349098203308753
v 0.42244 1.11101 -0.83267 0.2698196406617506 0.2866833682031101 0.1349098203308753
v 0.61511 1.91702 -0.69267 0.2698196406617506 0.2866833682031101 0.1349098203308753
v 0.42244 1.11101 -0.83267 0.3158802311443572 0.3356227455908795 0.1579401155721786
v 0.62229 1.91405 -0.68478 0.3158802311443572 0.3356227455908795 0.1579401155721786
v 0.61511 1.91702 -0.69267 0.3158802311443572 0.3356227455908795 0.1579401155721786
v 0.42244 1.11101 -0.83267 0.3158802311443572 0.3356227455908795 0.1579401155721786
v 0.44245 1.10777 -0.81172 0.3158802311443572 0.3356227455908795 0.1579401155721786
v 0.62229 1.91405 -0.68478 0.3158802311443572 0.3356227455908795 0.1579401155721786
v 0.44245 1.10777 -0.81172 0.29089952721387946 0.3090807476647469 0.14544976360693973
v 0.63064 1.91356 -0.69267 0.29089952721387946 0.3090807476647469 0.14544976360693973
v 0.62229 1.91405 -0.68478 0.29089952721387946 0.3090807476647469 0.14544976360693973
v 0.44245 1.10777 -0.81172 0.29089952721387946 0.3090807476647469 0.14544976360693973
v 0.46386 1.10731 -0.83267 0.29089952721387946 0.3090807476647469 0.14544976360693973
v 0.63064 1.91356 -0.69267 0.29089952721387946 0.3090807476647469 0.14544976360693973
v 0.68758 1.91536 -0.69267 0.2688 0.21 0.1344
v 0.63153 2.21536 -0.7212 0.2688 0.21 0.1344
v 0.6531 2.21536 -0.69267 0.2688 0.21 0.1344
v 0.68758 1.91536 -0.69267 0.2688 0.21 0.1344
v 0.6418 1.91536 -0.75449 0.2688 0.21 0.1344
v 0.63153 2.21536 -0.7212 0.2688 0.21 0.1344
v 0.6418 1.91536 -0.75449 0.31113327669410845 0.24307287241727224 0.15556663834705423
v 0.59921 2.21536 -0.7103 0.31113327669410845 0.24307287241727224 0.15556663834705423
v 0.63153 2.21536 -0.7212 0.31113327669410845 0.24307287241727224 0.15556663834705423
v 0.6418 1.91536 -0.75449 0.31113327669410845 0.24307287241727224 0.15556663834705423
v 0.57128 1.91536 -0.73087 0.31113327669410845 0.24307287241727224 0.15556663834705423
v 0.59921 2.21536 -0.7103 0.31113327669410845 0.24307287241727224 0.15556663834705423
v 0.57128 1.91536 -0.73087 0.2981248008655005 0.23291000067617226 0.14906240043275026
v 0.59798 2.21536 -0.67503 0.2981248008655005 0.23291000067617226 0.14906240043275026
v 0.59921 2.21536 -0.7103 0.2981248008655005 0.23291000067617226 0.14906240043275026
v 0.57128 1.91536 -0.73087 0.2981248008655005 0.23291000067617226 0.14906240043275026
v 0.56845 1.91536 -0.65446 0.2981248008655005 0.23291000067617226 0.14906240043275026
v 0.59798 2.21536 -0.67503 0.2981248008655005 0.23291000067617226 0.14906240043275026
v 0.56845 1.91536 -0.65446 0.2727973386564482 0.21312292082535014 0.1363986693282241
v 0.63226 2.21536 -0.66414 0.2727973386564482 0.21312292082535014 0.1363986693282241
v 0.59798 2.21536 -0.67503 0.2727973386564482 0.21312292082535014 0.1363986693282241
v 0.56845 1.91536 -0.65446 0.2727973386564482 0.21312292082535014 0.1363986693282241
v 0.64349 1.91536 -0.63085 0.2727973386564482 0.21312292082535014 0.1363986693282241
v 0.63226 2.21536 -0.66414 0.2727973386564482 0.21312292082535014 0.1363986693282241
v 0.64349 1.91536 -0.63085 0.31891608269627864 0.24915318960646768 0.15945804134813932
v 0.6531 2.21536 -0.69267 0.31891608269627864 0.24915318960646768 0.15945804134813932
v 0.63226 2.21536 -0.66414 0.31891608269627864 0.24915318960646768 0.15945804134813932
v 0.64349 1.91536 -0.63085 0.31891608269627864 0.24915318960646768 0.15945804134813932
v 0.68758 1.91536 -0.69267 0.31891608269627864 0.24915318960646768 0.15945804134813932
v 0.6531 2.21536 -0.69267 0.31891608269627864 0.24915318960646768 0.15945804134813932
v 0.44258 0.30307 -0.83267 0.28 0.35 0.15
v 0.62817 0.185 -1.16884 0.28 0.35 0.15
v 0.68507 0.08851 -1.13743 0.28 0.35 0.15
v 0.44258 0.30307 -0.83267 0.23800000000000002 0.2975 0.1275
v 0.57126 0.15349 -1.20026 0.23800000000000002 0.2975 0.1275
v 0.62817 0.185 -1.16884 0.23800000000000002 0.2975 0.1275
v 0.62817 0.185 -1.16884 0.28 0.35 0.15
v 0.82922 -0.07624 -1.53303 0.28 0.35 0.15
v 0.68507 0.08851 -1.13743 0.28 0.35 0.15
v 0.62817 0.185 -1.16884 0.23800000000000002 0.2975 0.1275
v 0.57126 0.15349 -1.20026 0.23800000000000002 0.2975 0.1275
v 0.82922 -0.07624 -1.53303 0.23800000000000002 0.2975 0.1275
v 0.44258 0.64568 -0.83267 0.28 0.35 0.15
v 0.82573 0.42745 -0.85814 0.28 0.35 0.15
v 0.83004 0.38143 -0.79328 0.28 0.35 0.15
v 0.44258 0.64568 -0.83267 0.23800000000000002 0.2975 0.1275
v 0.82142 0.34546 -0.92299 0.23800000000000002 0.2975 0.1275
v 0.82573 0.42745 -0.85814 0.23800000000000002 0.2975 0.1275
v 0.82573 0.42745 -0.85814 0.28 0.35 0.15
v 1.24082 0.05769 -0.88573 0.28 0.35 0.15
v 0.83004 0.38143 -0.79328 0.28 0.35 0.15
v 0.82573 0.42745 -0.85814 0.23800000000000002 0.2975 0.1275
v 0.82142 0.34546 -0.92299 0.23800000000000002 0.2975 0.1275
v 1.24082 0.05769 -0.88573 0.23800000000000002 0.2975 0.1275
v 0.44258 0.98829 -0.83267 0.28 0.35 0.15
v 0.67103 0.97171 -0.52401 0.28 0.35 0.15
v 0.61878 0.91953 -0.48535 0.28 0.35 0.15
v 0.44258 0.98829 -0.83267 0.23800000000000002 0.2975 0.1275
v 0.72327 0.89589 -0.56268 0.23800000000000002 0.2975 0.1275
v 0.67103 0.97171 -0.52401 0.23800000000000002 0.2975 0.1275
v 0.67103 0.97171 -0.52401 0.28 0.35 0.15
v 0.91851 0.82041 -0.18964 0.28 0.35 0.15
v 0.61878 0.91953 -0.48535 0.28 0.35 0.15
v 0.67103 0.97171 -0.52401 0.23800000000000002 0.2975 0.1275
v 0.72327 0.89589 -0.56268 0.23800000000000002 0.2975 0.1275
v 0.91851 0.82041 -0.18964 0.23800000000000002 0.2975 0.1275
v -0.96431 -0.1 -0.87234 0.2688 0.2856 0.1344
v -0.98902 0.69806 -0.89323 0.2688 0.2856 0.1344
v -0.96814 0.69302 -0.87234 0.2688 0.2856 0.1344
v -0.96431 -0.1 -0.87234 0.2688 0.2856 0.1344
v -0.98931 -0.1 -0.89734 0.2688 0.2856 0.1344
v -0.98902 0.69806 -0.89323 0.2688 0.2856 0.1344
v -0.98931 -0.1 -0.89734 0.31113327669410845 0.3305791064874903 0.15556663834705423
v -1.00935 0.69862 -0.87234 0.31113327669410845 0.3305791064874903 0.15556663834705423
v -0.98902 0.69806 -0.89323 0.31113327669410845 0.3305791064874903 0.15556663834705423
v -0.98931 -0.1 -0.89734 0.31113327669410845 0.3305791064874903 0.15556663834705423
v -1.0137 -0.1 -0.87234 0.31113327669410845 0.3305791064874903 0.15556663834705423
v -1.00935 0.69862 -0.87234 0.31113327669410845 0.3305791064874903 0.15556663834705423
v -1.0137 -0.1 -0.87234 0.2981248008655005 0.3167576009195943 0.14906240043275026
v -0.98961 0.69373 -0.85146 0.2981248008655005 0.3167576009195943 0.14906240043275026
v -1.00935 0.69862 -0.87234 0.2981248008655005 0.3167576009195943 0.14906240043275026
v -1.0137 -0.1 -0.87234 0.2981248008655005 0.3167576009195943 0.14906240043275026
v -0.98931 -0.1 -0.84734 0.2981248008655005 0.3167576009195943 0.14906240043275026
v -0.98961 0.69373 -0.85146 0.2981248008655005 0.3167576009195943 0.14906240043275026
v -0.98931 -0.1 -0.84734 0.2727973386564482 0.2898471723224762 0.1363986693282241
v -0.96814 0.69302 -0.87234 0.2727973386564482 0.2898471723224762 0.1363986693282241
v -0.98961 0.69373 -0.85146 0.2727973386564482 0.2898471723224762 0.1363986693282241
v -0.98931 -0.1 -0.84734 0.2727973386564482 0.2898471723224762 0.1363986693282241
v -0.96431 -0.1 -0.87234 0.2727973386564482 0.2898471723224762 0.1363986693282241
v -0.96814 0.69302 -0.87234 0.2727973386564482 0.2898471723224762 0.1363986693282241
v -0.96814 0.69302 -0.87234 0.3050533590156069 0.3241191939540823 0.15252667950780344
v -0.80869 1.22833 -0.7401 0.3050533590156069 0.3241191939540823 0.15252667950780344
v -0.80149 1.22384 -0.73234 0.3050533590156069 0.3241191939540823 0.15252667950780344
v -0.96814 0.69302 -0.87234 0.3050533590156069 0.3241191939540823 0.15252667950780344
v -0.98902 0.69806 -0.89323 0.3050533590156069 0.3241191939540823 0.15252667950780344
v -0.80869 1.22833 -0.7401 0.3050533590156069 0.3241191939540823 0.15252667950780344
v -0.98902 0.69806 -0.89323 0.2698196406617506 0.2866833682031101 0.1349098203308753
v -0.81655 1.22895 -0.73234 0.2698196406617506 0.2866833682031101 0.1349098203308753
v -0.80869 1.22833 -0.7401 0.2698196406617506 0.2866833682031101 0.1349098203308753
v -0.98902 0.69806 -0.89323 0.2698196406617506 0.2866833682031101 0.1349098203308753
v -1.00935 0.69862 -0.87234 0.2698196406617506 0.2866833682031101 0.1349098203308753
v -0.81655 1.22895 -0.73234 0.2698196406617506 0.2866833682031101 0.1349098203308753
v -1.00935 0.69862 -0.87234 0.3158802311443572 0.3356227455908795 0.1579401155721786
v -0.80994 1.22466 -0.72458 0.3158802311443572 0.3356227455908795 0.1579401155721786
v -0.81655 1.22895 -0.73234 0.3158802311443572 0.3356227455908795 0.1579401155721786
v -1.00935 0.69862 -0.87234 0.3158802311443572 0.3356227455908795 0.1579401155721786
v -0.98961 0.69373 -0.85146 0.3158802311443572 0.3356227455908795 0.1579401155721786
v -0.80994 1.22466 -0.72458 0.3158802311443572 0.3356227455908795 0.1579401155721786
v -0.98961 0.69373 -0.85146 0.29089952721387946 0.3090807476647469 0.14544976360693973
v -0.80149 1.22384 -0.73234 0.29089952721387946 0.3090807476647469 0.14544976360693973
v -0.80994 1.22466 -0.72458 0.29089952721387946 0.3090807476647469 0.14544976360693973
v -0.98961 0.69373 -0.85146 0.29089952721387946 0.3090807476647469 0.14544976360693973
v -0.96814 0.69302 -0.87234 0.29089952721387946 0.3090807476647469 0.14544976360693973
v -0.80149 1.22384 -0.73234 0.29089952721387946 0.3090807476647469 0.14544976360693973
v -0.74431 1.2265 -0.73234 0.2688 0.21 0.1344
v -0.80037 1.5265 -0.76087 0.2688 0.21 0.1344
v -0.77879 1.5265 -0.73234 0.2688 0.21 0.1344
v -0.74431 1.2265 -0.73234 0.2688 0.21 0.1344
v -0.79009 1.2265 -0.79416 0.2688 0.21 0.1344
v -0.80037 1.5265 -0.76087 0.2688 0.21 0.1344
v -0.79009 1.2265 -0.79416 0.31113327669410845 0.24307287241727224 0.15556663834705423
v -0.83268 1.5265 -0.74998 0.31113327669410845 0.24307287241727224 0.15556663834705423
v -0.80037 1.5265 -0.76087 0.31113327669410845 0.24307287241727224 0.15556663834705423
v -0.79009 1.2265 -0.79416 0.31113327669410845 0.24307287241727224 0.15556663834705423
v -0.86061 1.2265 -0.77055 0.31113327669410845 0.24307287241727224 0.15556663834705423
v -0.83268 1.5265 -0.74998 0.31113327669410845 0.24307287241727224 0.15556663834705423
v -0.86061 1.2265 -0.77055 0.2981248008655005 0.23291000067617226 0.14906240043275026
v -0.83392 1.5265 -0.71471 0.2981248008655005 0.23291000067617226 0.14906240043275026
v -0.83268 1.5265 -0.74998 0.2981248008655005 0.23291000067617226 0.14906240043275026
v -0.86061 1.2265 -0.77055 0.2981248008655005 0.23291000067617226 0.14906240043275026
v -0.86344 1.2265 -0.69414 0.2981248008655005 0.23291000067617226 0.14906240043275026
v -0.83392 1.5265 -0.71471 0.2981248008655005 0.23291000067617226 0.14906240043275026
v -0.86344 1.2265 -0.69414 0.2727973386564482 0.21312292082535014 0.1363986693282241
v -0.79963 1.5265 -0.70381 0.2727973386564482 0.21312292082535014 0.1363986693282241
v -0.83392 1.5265 -0.71471 0.2727973386564482 0.21312292082535014 0.1363986693282241
v -0.86344 1.2265 -0.69414 0.2727973386564482 0.21312292082535014 0.1363986693282241
v -0.7884 1.2265 -0.67052 0.2727973386564482 0.21312292082535014 0.1363986693282241
v -0.79963 1.5265 -0.70381 0.2727973386564482 0.21312292082535014 0.1363986693282241
v -0.7884 1.2265 -0.67052 0.31891608269627864 0.24915318960646768 0.15945804134813932
v -0.77879 1.5265 -0.73234 0.31891608269627864 0.24915318960646768 0.15945804134813932
v -0.79963 1.5265 -0.70381 0.31891608269627864 0.24915318960646768 0.15945804134813932
v -0.7884 1.2265 -0.67052 0.31891608269627864 0.24915318960646768 0.15945804134813932
v -0.74431 1.2265 -0.73234 0.31891608269627864 0.24915318960646768 0.15945804134813932
v -0.77879 1.5265 -0.73234 0.31891608269627864 0.24915318960646768 0.15945804134813932
v -0.98931 0.1653 -0.87234 0.28 0.35 0.15
v -0.86228 0.08951 -0.50996 0.28 0.35 0.15
v -0.92362 0.05799 -0.48846 0.28 0.35 0.15
v -0.98931 0.1653 -0.87234 0.23800000000000002 0.2975 0.1275
v -0.80094 -0.00697 -0.53147 0.23800000000000002 0.2975 0.1275
v -0.86228 0.08951 -0.50996 0.23800000000000002 0.2975 0.1275
v -0.86228 0.08951 -0.50996 0.28 0.35 0.15
v -0.72466 -0.12593 -0.11739 0.28 0.35 0.15
v -0.92362 0.05799 -0.48846 0.28 0.35 0.15
v -0.86228 0.08951 -0.50996 0.23800000000000002 0.2975 0.1275
v -0.80094 -0.00697 -0.53147 0.23800000000000002 0.2975 0.1275
v -0.72466 -0.12593 -0.11739 0.23800000000000002 0.2975 0.1275
v -0.98931 0.3908 -0.87234 0.28 0.35 0.15
v -1.22561 0.61264 -0.56965 0.28 0.35 0.15
v -1.27685 0.5308 -0.60965 0.28 0.35 0.15
v -0.98931 0.3908 -0.87234 0.23800000000000002 0.2975 0.1275
v -1.17437 0.56648 -0.52966 0.23800000000000002 0.2975 0.1275
v -1.22561 0.61264 -0.56965 0.23800000000000002 0.2975 0.1275
v -1.22561 0.61264 -0.56965 0.28 0.35 0.15
v -1.4816 0.71963 -0.24174 0.28 0.35 0.15
v -1.27685 0.5308 -0.60965 0.28 0.35 0.15
v -1.22561 0.61264 -0.56965 0.23800000000000002 0.2975 0.1275
v -1.17437 0.56648 -0.52966 0.23800000000000002 0.2975 0.1275
v -1.4816 0.71963 -0.24174 0.23800000000000002 0.2975 0.1275
v -0.98931 0.61631 -0.87234 0.28 0.35 0.15
v -1.37169 0.96698 -0.90764 0.28 0.35 0.15
v -1.36571 0.89101 -0.97236 0.28 0.35 0.15
v -0.98931 0.61631 -0.87234 0.23800000000000002 0.2975 0.1275
v -1.37766 0.91496 -0.84291 0.23800000000000002 0.2975 0.1275
v -1.37169 0.96698 -0.90764 0.23800000000000002 0.2975 0.1275
v -1.37169 0.96698 -0.90764 0.28 0.35 0.15
v -1.78593 1.21354 -0.94587 0.28 0.35 0.15
v -1.36571 0.89101 -0.97236 0.28 0.35 0.15
v -1.37169 0.96698 -0.90764 0.23800000000000002 0.2975 0.1275
v -1.37766 0.91496 -0.84291 0.23800000000000002 0.2975 0.1275
v -1.78593 1.21354 -0.94587 0.23800000000000002 0.2975 0.1275
v -0.88356 -0.1 0.17776 0.2688 0.2856 0.1344
v -0.90832 0.77983 0.15686 0.2688 0.2856 0.1344
v -0.88735 0.77525 0.17776 0.2688 0.2856 0.1344
v -0.88356 -0.1 0.17776 0.2688 0.2856 0.1344
v -0.90856 -0.1 0.15276 0.2688 0.2856 0.1344
v -0.90832 0.77983 0.15686 0.2688 0.2856 0.1344
v -0.90856 -0.1 0.15276 0.31113327669410845 0.3305791064874903 0.15556663834705423
v -0.92863 0.78033 0.17776 0.31113327669410845 0.3305791064874903 0.15556663834705423
v -0.90832 0.77983 0.15686 0.31113327669410845 0.3305791064874903 0.15556663834705423
v -0.90856 -0.1 0.15276 0.31113327669410845 0.3305791064874903 0.15556663834705423
v -0.93295 -0.1 0.17776 0.31113327669410845 0.3305791064874903 0.15556663834705423
v -0.92863 0.78033 0.17776 0.31113327669410845 0.3305791064874903 0.15556663834705423
v -0.93295 -0.1 0.17776 0.2981248008655005 0.3167576009195943 0.14906240043275026
v -0.9088 0.77589 0.19867 0.2981248008655005 0.3167576009195943 0.14906240043275026
v -0.92863 0.78033 0.17776 0.2981248008655005 0.3167576009195943 0.14906240043275026
v -0.93295 -0.1 0.17776 0.2981248008655005 0.3167576009195943 0.14906240043275026
v -0.90856 -0.1 0.20276 0.2981248008655005 0.3167576009195943 0.14906240043275026
v -0.9088 0.77589 0.19867 0.2981248008655005 0.3167576009195943 0.14906240043275026
v -0.90856 -0.1 0.20276 0.2727973386564482 0.2898471723224762 0.1363986693282241
v -0.88735 0.77525 0.17776 0.2727973386564482 0.2898471723224762 0.1363986693282241
v -0.9088 0.77589 0.19867 0.2727973386564482 0.2898471723224762 0.1363986693282241
v -0.90856 -0.1 0.20276 0.2727973386564482 0.2898471723224762 0.1363986693282241
v -0.88356 -0.1 0.17776 0.2727973386564482 0.2898471723224762 0.1363986693282241
v -0.88735 0.77525 0.17776 0.2727973386564482 0.2898471723224762 0.1363986693282241
v -0.88735 0.77525 0.17776 0.3050533590156069 0.3241191939540823 0.15252667950780344
v -0.72804 1.3648 0.30996 0.3050533590156069 0.3241191939540823 0.15252667950780344
v -0.72067 1.36067 0.31776 0.3050533590156069 0.3241191939540823 0.15252667950780344
v -0.88735 0.77525 0.17776 0.3050533590156069 0.3241191939540823 0.15252667950780344
v -0.90832 0.77983 0.15686 0.3050533590156069 0.3241191939540823 0.15252667950780344
v -0.72804 1.3648 0.30996 0.3050533590156069 0.3241191939540823 0.15252667950780344
v -0.90832 0.77983 0.15686 0.2698196406617506 0.2866833682031101 0.1349098203308753
v -0.73587 1.36535 0.31776 0.2698196406617506 0.2866833682031101 0.1349098203308753
v -0.72804 1.3648 0.30996 0.2698196406617506 0.2866833682031101 0.1349098203308753
v -0.90832 0.77983 0.15686 0.2698196406617506 0.2866833682031101 0.1349098203308753
v -0.92863 0.78033 0.17776 0.2698196406617506 0.2866833682031101 0.1349098203308753
v -0.73587 1.36535 0.31776 0.2698196406617506 0.2866833682031101 0.1349098203308753
v -0.92863 0.78033 0.17776 0.3158802311443572 0.3356227455908795 0.1579401155721786
v -0.72908 1.3614 0.32556 0.3158802311443572 0.3356227455908795 0.1579401155721786
v -0.73587 1.36535 0.31776 0.3158802311443572 0.3356227455908795 0.1579401155721786
v -0.92863 0.78033 0.17776 0.3158802311443572 0.3356227455908795 0.1579401155721786
v -0.9088 0.77589 0.19867 0.3158802311443572 0.3356227455908795 0.1579401155721786
v -0.72908 1.3614 0.32556 0.3158802311443572 0.3356227455908795 0.1579401155721786
v -0.9088 0.77589 0.19867 0.29089952721387946 0.3090807476647469 0.14544976360693973
v -0.72067 1.36067 0.31776 0.29089952721387946 0.3090807476647469 0.14544976360693973
v -0.72908 1.3614 0.32556 0.29089952721387946 0.3090807476647469 0.14544976360693973
v -0.9088 0.77589 0.19867 0.29089952721387946 0.3090807476647469 0.14544976360693973
v -0.88735 0.77525 0.17776 0.29089952721387946 0.3090807476647469 0.14544976360693973
v -0.72067 1.36067 0.31776 0.29089952721387946 0.3090807476647469 0.14544976360693973
v -0.66356 1.3631 0.31776 0.2688 0.21 0.1344
v -0.71961 1.6631 0.28923 0.2688 0.21 0.1344
v -0.69803 1.6631 0.31776 0.2688 0.21 0.1344
v -0.66356 1.3631 0.31776 0.2688 0.21 0.1344
v -0.70934 1.3631 0.25594 0.2688 0.21 0.1344
v -0.71961 1.6631 0.28923 0.2688 0.21 0.1344
v -0.70934 1.3631 0.25594 0.31113327669410845 0.24307287241727224 0.15556663834705423
v -0.75193 1.6631 0.30013 0.31113327669410845 0.24307287241727224 0.15556663834705423
v -0.71961 1.6631 0.28923 0.31113327669410845 0.24307287241727224 0.15556663834705423
v -0.70934 1.3631 0.25594 0.31113327669410845 0.24307287241727224 0.15556663834705423
v -0.77986 1.3631 0.27956 0.31113327669410845 0.24307287241727224 0.15556663834705423
v -0.75193 1.6631 0.30013 0.31113327669410845 0.24307287241727224 0.15556663834705423
v -0.77986 1.3631 0.27956 0.2981248008655005 0.23291000067617226 0.14906240043275026
v -0.75316 1.6631 0.3354 0.2981248008655005 0.23291000067617226 0.14906240043275026
v -0.75193 1.6631 0.30013 0.2981248008655005 0.23291000067617226 0.14906240043275026
v -0.77986 1.3631 0.27956 0.2981248008655005 0.23291000067617226 0.14906240043275026
v -0.78268 1.3631 0.35597 0.2981248008655005 0.23291000067617226 0.14906240043275026
v -0.75316 1.6631 0.3354 0.2981248008655005 0.23291000067617226 0.14906240043275026
v -0.78268 1.3631 0.35597 0.2727973386564482 0.21312292082535014 0.1363986693282241
v -0.71887 1.6631 0.34629 0.2727973386564482 0.21312292082535014 0.1363986693282241
v -0.75316 1.6631 0.3354 0.2727973386564482 0.21312292082535014 0.1363986693282241
v -0.78268 1.3631 0.35597 0.2727973386564482 0.21312292082535014 0.1363986693282241
v -0.70765 1.3631 0.37958 0.2727973386564482 0.21312292082535014 0.1363986693282241
v -0.71887 1.6631 0.34629 0.2727973386564482 0.21312292082535014 0.1363986693282241
v -0.70765 1.3631 0.37958 0.31891608269627864 0.24915318960646768 0.15945804134813932
v -0.69803 1.6631 0.31776 0.31891608269627864 0.24915318960646768 0.15945804134813932
v -0.71887 1.6631 0.34629 0.31891608269627864 0.24915318960646768 0.15945804134813932
v -0.70765 1.3631 0.37958 0.31891608269627864 0.24915318960646768 0.15945804134813932
v -0.66356 1.3631 0.31776 0.31891608269627864 0.24915318960646768 0.15945804134813932
v -0.69803 1.6631 0.31776 0.31891608269627864 0.24915318960646768 0.15945804134813932
v -0.90856 0.19262 0.17776 0.28 0.35 0.15
v -1.26343 0.03584 0.03105 0.28 0.35 0.15
v -1.23859 -0.06064 -0.02902 0.28 0.35 0.15
v -0.90856 0.19262 0.17776 0.23800000000000002 0.2975 0.1275
v -1.28826 0.00432 0.09112 0.23800000000000002 0.2975 0.1275
v -1.26343 0.03584 0.03105 0.23800000000000002 0.2975 0.1275
v -1.26343 0.03584 0.03105 0.28 0.35 0.15
v -1.64787 -0.26734 -0.12789 0.28 0.35 0.15
v -1.23859 -0.06064 -0.02902 0.28 0.35 0.15
v -1.26343 0.03584 0.03105 0.23800000000000002 0.2975 0.1275
v -1.28826 0.00432 0.09112 0.23800000000000002 0.2975 0.1275
v -1.64787 -0.26734 -0.12789 0.23800000000000002 0.2975 0.1275
v -0.90856 0.44135 0.17776 0.28 0.35 0.15
v -0.97684 0.23892 -0.20012 0.28 0.35 0.15
v -0.91287 0.19262 -0.21168 0.28 0.35 0.15
v -0.90856 0.44135 0.17776 0.23800000000000002 0.2975 0.1275
v -1.0408 0.15723 -0.18856 0.23800000000000002 0.2975 0.1275
v -0.97684 0.23892 -0.20012 0.23800000000000002 0.2975 0.1275
v -0.97684 0.23892 -0.20012 0.28 0.35 0.15
v -1.05081 -0.1137 -0.60949 0.28 0.35 0.15
v -0.91287 0.19262 -0.21168 0.28 0.35 0.15
v -0.97684 0.23892 -0.20012 0.23800000000000002 0.2975 0.1275
v -1.0408 0.15723 -0.18856 0.23800000000000002 0.2975 0.1275
v -1.05081 -0.1137 -0.60949 0.23800000000000002 0.2975 0.1275
v -0.90856 0.69007 0.17776 0.28 0.35 0.15
v -0.62748 0.72691 -0.08386 0.28 0.35 0.15
v -0.58319 0.67505 -0.03628 0.28 0.35 0.15
v -0.90856 0.69007 0.17776 0.23800000000000002 0.2975 0.1275
v -0.67176 0.65078 -0.13144 0.23800000000000002 0.2975 0.1275
v -0.62748 0.72691 -0.08386 0.23800000000000002 0.2975 0.1275
v -0.62748 0.72691 -0.08386 0.28 0.35 0.15
v -0.32297 0.63349 -0.36729 0.28 0.35 0.15
v -0.58319 0.67505 -0.03628 0.28 0.35 0.15
v -0.62748 0.72691 -0.08386 0.23800000000000002 0.2975 0.1275
v -0.67176 0.65078 -0.13144 0.23800000000000002 0.2975 0.1275
v -0.32297 0.63349 -0.36729 0.23800000000000002 0.2975 0.1275
v -0.58153 -0.1 0.6299 0.2688 0.2856 0.1344
v -0.60641 1.17554 0.60895 0.2688 0.2856 0.1344
v -0.58523 1.17236 0.6299 0.2688 0.2856 0.1344
v -0.58153 -0.1 0.6299 0.2688 0.2856 0.1344
v -0.60653 -0.1 0.6049 0.2688 0.2856 0.1344
v -0.60641 1.17554 0.60895 0.2688 0.2856 0.1344
v -0.60653 -0.1 0.6049 0.31113327669410845 0.3305791064874903 0.15556663834705423
v -0.62667 1.17588 0.6299 0.31113327669410845 0.3305791064874903 0.15556663834705423
v -0.60641 1.17554 0.60895 0.31113327669410845 0.3305791064874903 0.15556663834705423
v -0.60653 -0.1 0.6049 0.31113327669410845 0.3305791064874903 0.15556663834705423
v -0.63091 -0.1 0.6299 0.31113327669410845 0.3305791064874903 0.15556663834705423
v -0.62667 1.17588 0.6299 0.31113327669410845 0.3305791064874903 0.15556663834705423
v -0.63091 -0.1 0.6299 0.2981248008655005 0.3167576009195943 0.14906240043275026
v -0.60664 1.1728 0.65086 0.2981248008655005 0.3167576009195943 0.14906240043275026
v -0.62667 1.17588 0.6299 0.2981248008655005 0.3167576009195943 0.14906240043275026
v -0.63091 -0.1 0.6299 0.2981248008655005 0.3167576009195943 0.14906240043275026
v -0.60653 -0.1 0.6549 0.2981248008655005 0.3167576009195943 0.14906240043275026
v -0.60664 1.1728 0.65086 0.2981248008655005 0.3167576009195943 0.14906240043275026
v -0.60653 -0.1 0.6549 0.2727973386564482 0.2898471723224762 0.1363986693282241
v -0.58523 1.17236 0.6299 0.2727973386564482 0.2898471723224762 0.1363986693282241
v -0.60664 1.1728 0.65086 0.2727973386564482 0.2898471723224762 0.1363986693282241
v -0.60653 -0.1 0.6549 0.2727973386564482 0.2898471723224762 0.1363986693282241
v -0.58153 -0.1 0.6299 0.2727973386564482 0.2898471723224762 0.1363986693282241
v -0.58523 1.17236 0.6299 0.2727973386564482 0.2898471723224762 0.1363986693282241
v -0.58523 1.17236 0.6299 0.3050533590156069 0.3241191939540823 0.15252667950780344
v -0.42626 2.02486 0.76201 0.3050533590156069 0.3241191939540823 0.15252667950780344
v -0.41845 2.0219 0.7699 0.3050533590156069 0.3241191939540823 0.15252667950780344
v -0.58523 1.17236 0.6299 0.3050533590156069 0.3241191939540823 0.15252667950780344
v -0.60641 1.17554 0.60895 0.3050533590156069 0.3241191939540823 0.15252667950780344
v -0.42626 2.02486 0.76201 0.3050533590156069 0.3241191939540823 0.15252667950780344
v -0.60641 1.17554 0.60895 0.2698196406617506 0.2866833682031101 0.1349098203308753
v -0.43401 2.0252 0.7699 0.2698196406617506 0.2866833682031101 0.1349098203308753
v -0.42626 2.02486 0.76201 0.2698196406617506 0.2866833682031101 0.1349098203308753
v -0.60641 1.17554 0.60895 0.2698196406617506 0.2866833682031101 0.1349098203308753
v -0.62667 1.17588 0.6299 0.2698196406617506 0.2866833682031101 0.1349098203308753
v -0.43401 2.0252 0.7699 0.2698196406617506 0.2866833682031101 0.1349098203308753
v -0.62667 1.17588 0.6299 0.3158802311443572 0.3356227455908795 0.1579401155721786
v -0.42679 2.02237 0.7778 0.3158802311443572 0.3356227455908795 0.1579401155721786
v -0.43401 2.0252 0.7699 0.3158802311443572 0.3356227455908795 0.1579401155721786
v -0.62667 1.17588 0.6299 0.3158802311443572 0.3356227455908795 0.1579401155721786
v -0.60664 1.1728 0.65086 0.3158802311443572 0.3356227455908795 0.1579401155721786
v -0.42679 2.02237 0.7778 0.3158802311443572 0.3356227455908795 0.1579401155721786
v -0.60664 1.1728 0.65086 0.29089952721387946 0.3090807476647469 0.14544976360693973
v -0.41845 2.0219 0.7699 0.29089952721387946 0.3090807476647469 0.14544976360693973
v -0.42679 2.02237 0.7778 0.29089952721387946 0.3090807476647469 0.14544976360693973
v -0.60664 1.1728 0.65086 0.29089952721387946 0.3090807476647469 0.14544976360693973
v -0.58523 1.17236 0.6299 0.29089952721387946 0.3090807476647469 0.14544976360693973
v -0.41845 2.0219 0.7699 0.29089952721387946 0.3090807476647469 0.14544976360693973
v -0.36153 2.02362 0.7699 0.2688 0.21 0.1344
v -0.41758 2.32362 0.74137 0.2688 0.21 0.1344
v -0.396 2.32362 0.7699 0.2688 0.21 0.1344
v -0.36153 2.02362 0.7699 0.2688 0.21 0.1344
v -0.40731 2.02362 0.70809 0.2688 0.21 0.1344
v -0.41758 2.32362 0.74137 0.2688 0.21 0.1344
v -0.40731 2.02362 0.70809 0.31113327669410845 0.24307287241727224 0.15556663834705423
v -0.44989 2.32362 0.75227 0.31113327669410845 0.24307287241727224 0.15556663834705423
v -0.41758 2.32362 0.74137 0.31113327669410845 0.24307287241727224 0.15556663834705423
v -0.40731 2.02362 0.70809 0.31113327669410845 0.24307287241727224 0.15556663834705423
v -0.47782 2.02362 0.7317 0.31113327669410845 0.24307287241727224 0.15556663834705423
v -0.44989 2.32362 0.75227 0.31113327669410845 0.24307287241727224 0.15556663834705423
v -0.47782 2.02362 0.7317 0.2981248008655005 0.23291000067617226 0.14906240043275026
v -0.45113 2.32362 0.78754 0.2981248008655005 0.23291000067617226 0.14906240043275026
v -0.44989 2.32362 0.75227 0.2981248008655005 0.23291000067617226 0.14906240043275026
v -0.47782 2.02362 0.7317 0.2981248008655005 0.23291000067617226 0.14906240043275026
v -0.48065 2.02362 0.80811 0.2981248008655005 0.23291000067617226 0.14906240043275026
v -0.45113 2.32362 0.78754 0.2981248008655005 0.23291000067617226 0.14906240043275026
v -0.48065 2.02362 0.80811 0.2727973386564482 0.21312292082535014 0.1363986693282241
v -0.41684 2.32362 0.79844 0.2727973386564482 0.21312292082535014 0.1363986693282241
v -0.45113 2.32362 0.78754 0.2727973386564482 0.21312292082535014 0.1363986693282241
v -0.48065 2.02362 0.80811 0.2727973386564482 0.21312292082535014 0.1363986693282241
v -0.40561 2.02362 0.83172 0.2727973386564482 0.21312292082535014 0.1363986693282241
v -0.41684 2.32362 0.79844 0.2727973386564482 0.21312292082535014 0.1363986693282241
v -0.40561 2.02362 0.83172 0.31891608269627864 0.24915318960646768 0.15945804134813932
v -0.396 2.32362 0.7699 0.31891608269627864 0.24915318960646768 0.15945804134813932
v -0.41684 2.32362 0.79844 0.31891608269627864 0.24915318960646768 0.15945804134813932
v -0.40561 2.02362 0.83172 0.31891608269627864 0.24915318960646768 0.15945804134813932
v -0.36153 2.02362 0.7699 0.31891608269627864 0.24915318960646768 0.15945804134813932
v -0.396 2.32362 0.7699 0.31891608269627864 0.24915318960646768 0.15945804134813932
v -0.60653 0.32472 0.6299 0.28 0.35 0.15
v -0.26068 0.52971 0.46303 0.28 0.35 0.15
v -0.23243 0.49819 0.52157 0.28 0.35 0.15
v -0.60653 0.32472 0.6299 0.23800000000000002 0.2975 0.1275
v -0.28893 0.43324 0.40449 0.23800000000000002 0.2975 0.1275
v -0.26068 0.52971 0.46303 0.23800000000000002 0.2975 0.1275
v -0.26068 0.52971 0.46303 0.28 0.35 0.15
v 0.11399 0.61845 0.28225 0.28 0.35 0.15
v -0.23243 0.49819 0.52157 0.28 0.35 0.15
v -0.26068 0.52971 0.46303 0.23800000000000002 0.2975 0.1275
v -0.28893 0.43324 0.40449 0.23800000000000002 0.2975 0.1275
v 0.11399 0.61845 0.28225 0.23800000000000002 0.2975 0.1275
v -0.60653 0.68574 0.6299 0.28 0.35 0.15
v -0.27924 0.59306 0.83076 0.28 0.35 0.15
v -0.31324 0.5115 0.88616 0.28 0.35 0.15
v -0.60653 0.68574 0.6299 0.23800000000000002 0.2975 0.1275
v -0.24525 0.54661 0.77536 0.23800000000000002 0.2975 0.1275
v -0.27924 0.59306 0.83076 0.23800000000000002 0.2975 0.1275
v -0.27924 0.59306 0.83076 0.28 0.35 0.15
v 0.07531 0.35932 1.04836 0.28 0.35 0.15
v -0.31324 0.5115 0.88616 0.28 0.35 0.15
v -0.27924 0.59306 0.83076 0.23800000000000002 0.2975 0.1275
v -0.24525 0.54661 0.77536 0.23800000000000002 0.2975 0.1275
v 0.07531 0.35932 1.04836 0.23800000000000002 0.2975 0.1275
v -0.60653 1.04675 0.6299 0.28 0.35 0.15
v -0.59871 0.82395 1.01383 0.28 0.35 0.15
v -0.6637 0.74766 1.01515 0.28 0.35 0.15
v -0.60653 1.04675 0.6299 0.23800000000000002 0.2975 0.1275
v -0.53372 0.77224 1.0125 0.23800000000000002 0.2975 0.1275
v -0.59871 0.82395 1.01383 0.23800000000000002 0.2975 0.1275
v -0.59871 0.82395 1.01383 0.28 0.35 0.15
v -0.59024 0.44925 1.42974 0.28 0.35 0.15
v -0.6637 0.74766 1.01515 0.28 0.35 0.15
v -0.59871 0.82395 1.01383 0.23800000000000002 0.2975 0.1275
v -0.53372 0.77224 1.0125 0.23800000000000002 0.2975 0.1275
v -0.59024 0.44925 1.42974 0.23800000000000002 0.2975 0.1275
v -0.18097 -0.1 -0.57249 0.2688 0.2856 0.1344
v -0.20585 1.15592 -0.59344 0.2688 0.2856 0.1344
v -0.18468 1.15269 -0.57249 0.2688 0.2856 0.1344
v -0.18097 -0.1 -0.57249 0.2688 0.2856 0.1344
v -0.20597 -0.1 -0.59749 0.2688 0.2856 0.1344
v -0.20585 1.15592 -0.59344 0.2688 0.2856 0.1344
v -0.20597 -0.1 -0.59749 0.31113327669410845 0.3305791064874903 0.15556663834705423
v -0.22612 1.15626 -0.57249 0.31113327669410845 0.3305791064874903 0.15556663834705423
v -0.20585 1.15592 -0.59344 0.31113327669410845 0.3305791064874903 0.15556663834705423
v -0.20597 -0.1 -0.59749 0.31113327669410845 0.3305791064874903 0.15556663834705423
v -0.23036 -0.1 -0.57249 0.31113327669410845 0.3305791064874903 0.15556663834705423
v -0.22612 1.15626 -0.57249 0.31113327669410845 0.3305791064874903 0.15556663834705423
v -0.23036 -0.1 -0.57249 0.2981248008655005 0.3167576009195943 0.14906240043275026
v -0.20609 1.15313 -0.55153 0.2981248008655005 0.3167576009195943 0.14906240043275026
v -0.22612 1.15626 -0.57249 0.2981248008655005 0.3167576009195943 0.14906240043275026
v -0.23036 -0.1 -0.57249 0.2981248008655005 0.3167576009195943 0.14906240043275026
v -0.20597 -0.1 -0.54749 0.2981248008655005 0.3167576009195943 0.14906240043275026
v -0.20609 1.15313 -0.55153 0.2981248008655005 0.3167576009195943 0.14906240043275026
v -0.20597 -0.1 -0.54749 0.2727973386564482 0.2898471723224762 0.1363986693282241
v -0.18468 1.15269 -0.57249 0.2727973386564482 0.2898471723224762 0.1363986693282241
v -0.20609 1.15313 -0.55153 0.2727973386564482 0.2898471723224762 0.1363986693282241
v -0.20597 -0.1 -0.54749 0.2727973386564482 0.2898471723224762 0.1363986693282241
v -0.18097 -0.1 -0.57249 0.2727973386564482 0.2898471723224762 0.1363986693282241
v -0.18468 1.15269 -0.57249 0.2727973386564482 0.2898471723224762 0.1363986693282241
v -0.18468 1.15269 -0.57249 0.3050533590156069 0.3241191939540823 0.15252667950780344
v -0.0257 1.99213 -0.44038 0.3050533590156069 0.3241191939540823 0.15252667950780344
v -0.0179 1.98913 -0.43249 0.3050533590156069 0.3241191939540823 0.15252667950780344
v -0.18468 1.15269 -0.57249 0.3050533590156069 0.3241191939540823 0.15252667950780344
v -0.20585 1.15592 -0.59344 0.3050533590156069 0.3241191939540823 0.15252667950780344
v -0.0257 1.99213 -0.44038 0.3050533590156069 0.3241191939540823 0.15252667950780344
v -0.20585 1.15592 -0.59344 0.2698196406617506 0.2866833682031101 0.1349098203308753
v -0.03345 1.99248 -0.43249 0.2698196406617506 0.2866833682031101 0.1349098203308753
v -0.0257 1.99213 -0.44038 0.2698196406617506 0.2866833682031101 0.1349098203308753
v -0.20585 1.15592 -0.59344 0.2698196406617506 0.2866833682031101 0.1349098203308753
v -0.22612 1.15626 -0.57249 0.2698196406617506 0.2866833682031101 0.1349098203308753
v -0.03345 1.99248 -0.43249 0.2698196406617506 0.2866833682031101 0.1349098203308753
v -0.22612 1.15626 -0.57249 0.3158802311443572 0.3356227455908795 0.1579401155721786
v -0.02625 1.98961 -0.42459 0.3158802311443572 0.3356227455908795 0.1579401155721786
v -0.03345 1.99248 -0.43249 0.3158802311443572 0.3356227455908795 0.1579401155721786
v -0.22612 1.15626 -0.57249 0.3158802311443572 0.3356227455908795 0.1579401155721786
v -0.20609 1.15313 -0.55153 0.3158802311443572 0.3356227455908795 0.1579401155721786
v -0.02625 1.98961 -0.42459 0.3158802311443572 0.3356227455908795 0.1579401155721786
v -0.20609 1.15313 -0.55153 0.29089952721387946 0.3090807476647469 0.14544976360693973
v -0.0179 1.98913 -0.43249 0.29089952721387946 0.3090807476647469 0.14544976360693973
v -0.02625 1.98961 -0.42459 0.29089952721387946 0.3090807476647469 0.14544976360693973
v -0.20609 1.15313 -0.55153 0.29089952721387946 0.3090807476647469 0.14544976360693973
v -0.18468 1.15269 -0.57249 0.29089952721387946 0.3090807476647469 0.14544976360693973
v -0.0179 1.98913 -0.43249 0.29089952721387946 0.3090807476647469 0.14544976360693973
v 0.03903 1.99087 -0.43249 0.2688 0.21 0.1344
v -0.01703 2.29087 -0.46102 0.2688 0.21 0.1344
v 0.00455 2.29087 -0.43249 0.2688 0.21 0.1344
v 0.03903 1.99087 -0.43249 0.2688 0.21 0.1344
v -0.00675 1.99087 -0.4943 0.2688 0.21 0.1344
v -0.01703 2.29087 -0.46102 0.2688 0.21 0.1344
v -0.00675 1.99087 -0.4943 0.31113327669410845 0.24307287241727224 0.15556663834705423
v -0.04934 2.29087 -0.45012 0.31113327669410845 0.24307287241727224 0.15556663834705423
v -0.01703 2.29087 -0.46102 0.31113327669410845 0.24307287241727224 0.15556663834705423
v -0.00675 1.99087 -0.4943 0.31113327669410845 0.24307287241727224 0.15556663834705423
v -0.07727 1.99087 -0.47069 0.31113327669410845 0.24307287241727224 0.15556663834705423
v -0.04934 2.29087 -0.45012 0.31113327669410845 0.24307287241727224 0.15556663834705423
v -0.07727 1.99087 -0.47069 0.2981248008655005 0.23291000067617226 0.14906240043275026
v -0.05058 2.29087 -0.41485 0.2981248008655005 0.23291000067617226 0.14906240043275026
v -0.04934 2.29087 -0.45012 0.2981248008655005 0.23291000067617226 0.14906240043275026
v -0.07727 1.99087 -0.47069 0.2981248008655005 0.23291000067617226 0.14906240043275026
v -0.0801 1.99087 -0.39428 0.2981248008655005 0.23291000067617226 0.14906240043275026
v -0.05058 2.29087 -0.41485 0.2981248008655005 0.23291000067617226 0.14906240043275026
v -0.0801 1.99087 -0.39428 0.2727973386564482 0.21312292082535014 0.1363986693282241
v -0.01629 2.29087 -0.40395 0.2727973386564482 0.21312292082535014 0.1363986693282241
v -0.05058 2.29087 -0.41485 0.2727973386564482 0.21312292082535014 0.1363986693282241
v -0.0801 1.99087 -0.39428 0.2727973386564482 0.21312292082535014 0.1363986693282241
v -0.00506 1.99087 -0.37067 0.2727973386564482 0.21312292082535014 0.1363986693282241
v -0.01629 2.29087 -0.40395 0.2727973386564482 0.21312292082535014 0.1363986693282241
v -0.00506 1.99087 -0.37067 0.31891608269627864 0.24915318960646768 0.15945804134813932
v 0.00455 2.29087 -0.43249 0.31891608269627864 0.24915318960646768 0.15945804134813932
v -0.01629 2.29087 -0.40395 0.31891608269627864 0.24915318960646768 0.15945804134813932
v -0.00506 1.99087 -0.37067 0.31891608269627864 0.24915318960646768 0.15945804134813932
v 0.03903 1.99087 -0.43249 0.31891608269627864 0.24915318960646768 0.15945804134813932
v 0.00455 2.29087 -0.43249 0.31891608269627864 0.24915318960646768 0.15945804134813932
v -0.20597 0.31817 -0.57249 0.28 0.35 0.15
v -0.31196 0.66657 -0.2034 0.28 0.35 0.15
v -0.37444 0.5701 -0.22134 0.28 0.35 0.15
v -0.20597 0.31817 -0.57249 0.23800000000000002 0.2975 0.1275
v -0.24949 0.63503 -0.18546 0.23800000000000002 0.2975 0.1275
v -0.31196 0.66657 -0.2034 0.23800000000000002 0.2975 0.1275
v -0.31196 0.66657 -0.2034 0.28 0.35 0.15
v -0.42679 0.91066 0.19644 0.28 0.35 0.15
v -0.37444 0.5701 -0.22134 0.28 0.35 0.15
v -0.31196 0.66657 -0.2034 0.23800000000000002 0.2975 0.1275
v -0.24949 0.63503 -0.18546 0.23800000000000002 0.2975 0.1275
v -0.42679 0.91066 0.19644 0.23800000000000002 0.2975 0.1275
v -0.20597 0.67362 -0.57249 0.28 0.35 0.15
v -0.57381 0.91016 -0.46226 0.28 0.35 0.15
v -0.59247 0.86358 -0.52452 0.28 0.35 0.15
v -0.20597 0.67362 -0.57249 0.23800000000000002 0.2975 0.1275
v -0.55516 0.82875 -0.39999 0.23800000000000002 0.2975 0.1275
v -0.57381 0.91016 -0.46226 0.23800000000000002 0.2975 0.1275
v -0.57381 0.91016 -0.46226 0.28 0.35 0.15
v -0.97231 1.03308 -0.34284 0.28 0.35 0.15
v -0.59247 0.86358 -0.52452 0.28 0.35 0.15
v -0.57381 0.91016 -0.46226 0.23800000000000002 0.2975 0.1275
v -0.55516 0.82875 -0.39999 0.23800000000000002 0.2975 0.1275
v -0.97231 1.03308 -0.34284 0.23800000000000002 0.2975 0.1275
v -0.20597 1.02907 -0.57249 0.28 0.35 0.15
v -0.49747 0.96925 -0.82245 0.28 0.35 0.15
v -0.45516 0.91769 -0.8718 0.28 0.35 0.15
v -0.20597 1.02907 -0.57249 0.23800000000000002 0.2975 0.1275
v -0.53978 0.8928 -0.77311 0.23800000000000002 0.2975 0.1275
v -0.49747 0.96925 -0.82245 0.23800000000000002 0.2975 0.1275
v -0.49747 0.96925 -0.82245 0.28 0.35 0.15
v -0.81326 0.7711 -1.09326 0.28 0.35 0.15
v -0.45516 0.91769 -0.8718 0.28 0.35 0.15
v -0.49747 0.96925 -0.82245 0.23800000000000002 0.2975 0.1275
v -0.53978 0.8928 -0.77311 0.23800000000000002 0.2975 0.1275
v -0.81326 0.7711 -1.09326 0.23800000000000002 0.2975 0.1275
v 0.12436 -0.1 -0.28236 0.2688 0.2856 0.1344
v 0.09957 0.8429 -0.30328 0.2688 0.2856 0.1344
v 0.12059 0.83862 -0.28236 0.2688 0.2856 0.1344
v 0.12436 -0.1 -0.28236 0.2688 0.2856 0.1344
v 0.09936 -0.1 -0.30736 0.2688 0.2856 0.1344
v 0.09957 0.8429 -0.30328 0.2688 0.2856 0.1344
v 0.09936 -0.1 -0.30736 0.31113327669410845 0.3305791064874903 0.15556663834705423
v 0.07927 0.84336 -0.28236 0.31113327669410845 0.3305791064874903 0.15556663834705423
v 0.09957 0.8429 -0.30328 0.31113327669410845 0.3305791064874903 0.15556663834705423
v 0.09936 -0.1 -0.30736 0.31113327669410845 0.3305791064874903 0.15556663834705423
v 0.07497 -0.1 -0.28236 0.31113327669410845 0.3305791064874903 0.15556663834705423
v 0.07927 0.84336 -0.28236 0.31113327669410845 0.3305791064874903 0.15556663834705423
v 0.07497 -0.1 -0.28236 0.2981248008655005 0.3167576009195943 0.14906240043275026
v 0.09915 0.83921 -0.26144 0.2981248008655005 0.3167576009195943 0.14906240043275026
v 0.07927 0.84336 -0.28236 0.2981248008655005 0.3167576009195943 0.14906240043275026
v 0.07497 -0.1 -0.28236 0.2981248008655005 0.3167576009195943 0.14906240043275026
v 0.09936 -0.1 -0.25736 0.2981248008655005 0.3167576009195943 0.14906240043275026
v 0.09915 0.83921 -0.26144 0.2981248008655005 0.3167576009195943 0.14906240043275026
v 0.09936 -0.1 -0.25736 0.2727973386564482 0.2898471723224762 0.1363986693282241
v 0.12059 0.83862 -0.28236 0.2727973386564482 0.2898471723224762 0.1363986693282241
v 0.09915 0.83921 -0.26144 0.2727973386564482 0.2898471723224762 0.1363986693282241
v 0.09936 -0.1 -0.25736 0.2727973386564482 0.2898471723224762 0.1363986693282241
v 0.12436 -0.1 -0.28236 0.2727973386564482 0.2898471723224762 0.1363986693282241
v 0.12059 0.83862 -0.28236 0.2727973386564482 0.2898471723224762 0.1363986693282241
v 0.12059 0.83862 -0.28236 0.3050533590156069 0.3241191939540823 0.15252667950780344
v 0.27982 1.47004 -0.15018 0.3050533590156069 0.3241191939540823 0.15252667950780344
v 0.2873 1.46615 -0.14236 0.3050533590156069 0.3241191939540823 0.15252667950780344
v 0.12059 0.83862 -0.28236 0.3050533590156069 0.3241191939540823 0.15252667950780344
v 0.09957 0.8429 -0.30328 0.3050533590156069 0.3241191939540823 0.15252667950780344
v 0.27982 1.47004 -0.15018 0.3050533590156069 0.3241191939540823 0.15252667950780344
v 0.09957 0.8429 -0.30328 0.2698196406617506 0.2866833682031101 0.1349098203308753
v 0.27201 1.47053 -0.14236 0.2698196406617506 0.2866833682031101 0.1349098203308753
v 0.27982 1.47004 -0.15018 0.2698196406617506 0.2866833682031101 0.1349098203308753
v 0.09957 0.8429 -0.30328 0.2698196406617506 0.2866833682031101 0.1349098203308753
v 0.07927 0.84336 -0.28236 0.2698196406617506 0.2866833682031101 0.1349098203308753
v 0.27201 1.47053 -0.14236 0.2698196406617506 0.2866833682031101 0.1349098203308753
v 0.07927 0.84336 -0.28236 0.3158802311443572 0.3356227455908795 0.1579401155721786
v 0.2789 1.46681 -0.13454 0.3158802311443572 0.3356227455908795 0.1579401155721786
v 0.27201 1.47053 -0.14236 0.3158802311443572 0.3356227455908795 0.1579401155721786
v 0.07927 0.84336 -0.28236 0.3158802311443572 0.3356227455908795 0.1579401155721786
v 0.09915 0.83921 -0.26144 0.3158802311443572 0.3356227455908795 0.1579401155721786
v 0.2789 1.46681 -0.13454 0.3158802311443572 0.3356227455908795 0.1579401155721786
v 0.09915 0.83921 -0.26144 0.29089952721387946 0.3090807476647469 0.14544976360693973
v 0.2873 1.46615 -0.14236 0.29089952721387946 0.3090807476647469 0.14544976360693973
v 0.2789 1.46681 -0.13454 0.29089952721387946 0.3090807476647469 0.14544976360693973
v 0.09915 0.83921 -0.26144 0.29089952721387946 0.3090807476647469 0.14544976360693973
v 0.12059 0.83862 -0.28236 0.29089952721387946 0.3090807476647469 0.14544976360693973
v 0.2873 1.46615 -0.14236 0.29089952721387946 0.3090807476647469 0.14544976360693973
v 0.34436 1.46842 -0.14236 0.2688 0.21 0.1344
v 0.28831 1.76842 -0.17089 0.2688 0.21 0.1344
v 0.30988 1.76842 -0.14236 0.2688 0.21 0.1344
v 0.34436 1.46842 -0.14236 0.2688 0.21 0.1344
v 0.29858 1.46842 -0.20418 0.2688 0.21 0.1344
v 0.28831 1.76842 -0.17089 0.2688 0.21 0.1344
v 0.29858 1.46842 -0.20418 0.31113327669410845 0.24307287241727224 0.15556663834705423
v 0.25599 1.76842 -0.15999 0.31113327669410845 0.24307287241727224 0.15556663834705423
v 0.28831 1.76842 -0.17089 0.31113327669410845 0.24307287241727224 0.15556663834705423
v 0.29858 1.46842 -0.20418 0.31113327669410845 0.24307287241727224 0.15556663834705423
v 0.22806 1.46842 -0.18057 0.31113327669410845 0.24307287241727224 0.15556663834705423
v 0.25599 1.76842 -0.15999 0.31113327669410845 0.24307287241727224 0.15556663834705423
v 0.22806 1.46842 -0.18057 0.2981248008655005 0.23291000067617226 0.14906240043275026
v 0.25476 1.76842 -0.12473 0.2981248008655005 0.23291000067617226 0.14906240043275026
v 0.25599 1.76842 -0.15999 0.2981248008655005 0.23291000067617226 0.14906240043275026
v 0.22806 1.46842 -0.18057 0.2981248008655005 0.23291000067617226 0.14906240043275026
v 0.22523 1.46842 -0.10415 0.2981248008655005 0.23291000067617226 0.14906240043275026
v 0.25476 1.76842 -0.12473 0.2981248008655005 0.23291000067617226 0.14906240043275026
v 0.22523 1.46842 -0.10415 0.2727973386564482 0.21312292082535014 0.1363986693282241
v 0.28905 1.76842 -0.11383 0.2727973386564482 0.21312292082535014 0.1363986693282241
v 0.25476 1.76842 -0.12473 0.2727973386564482 0.21312292082535014 0.1363986693282241
v 0.22523 1.46842 -0.10415 0.2727973386564482 0.21312292082535014 0.1363986693282241
v 0.30027 1.46842 -0.08054 0.2727973386564482 0.21312292082535014 0.1363986693282241
v 0.28905 1.76842 -0.11383 0.2727973386564482 0.21312292082535014 0.1363986693282241
v 0.30027 1.46842 -0.08054 0.31891608269627864 0.24915318960646768 0.15945804134813932
v 0.30988 1.76842 -0.14236 0.31891608269627864 0.24915318960646768 0.15945804134813932
v 0.28905 1.76842 -0.11383 0.31891608269627864 0.24915318960646768 0.15945804134813932
v 0.30027 1.46842 -0.08054 0.31891608269627864 0.24915318960646768 0.15945804134813932
v 0.34436 1.46842 -0.14236 0.31891608269627864 0.24915318960646768 0.15945804134813932
v 0.30988 1.76842 -0.14236 0.31891608269627864 0.24915318960646768 0.15945804134813932
v 0.09936 0.21368 -0.28236 0.28 0.35 0.15
v -0.10525 0.28716 -0.60731 0.28 0.35 0.15
v -0.05025 0.25562 -0.64194 0.28 0.35 0.15
v 0.09936 0.21368 -0.28236 0.23800000000000002 0.2975 0.1275
v -0.16025 0.1907 -0.57267 0.23800000000000002 0.2975 0.1275
v -0.10525 0.28716 -0.60731 0.23800000000000002 0.2975 0.1275
v -0.10525 0.28716 -0.60731 0.28 0.35 0.15
v -0.32691 0.23342 -0.95934 0.28 0.35 0.15
v -0.05025 0.25562 -0.64194 0.28 0.35 0.15
v -0.10525 0.28716 -0.60731 0.23800000000000002 0.2975 0.1275
v -0.16025 0.1907 -0.57267 0.23800000000000002 0.2975 0.1275
v -0.32691 0.23342 -0.95934 0.23800000000000002 0.2975 0.1275
v 0.09936 0.48032 -0.28236 0.28 0.35 0.15
v 0.26224 0.80351 -0.6301 0.28 0.35 0.15
v 0.32111 0.72224 -0.60253 0.28 0.35 0.15
v 0.09936 0.48032 -0.28236 0.23800000000000002 0.2975 0.1275
v 0.20338 0.75678 -0.65767 0.23800000000000002 0.2975 0.1275
v 0.26224 0.80351 -0.6301 0.23800000000000002 0.2975 0.1275
v 0.26224 0.80351 -0.6301 0.28 0.35 0.15
v 0.4387 1.0203 -1.00682 0.28 0.35 0.15
v 0.32111 0.72224 -0.60253 0.28 0.35 0.15
v 0.26224 0.80351 -0.6301 0.23800000000000002 0.2975 0.1275
v 0.20338 0.75678 -0.65767 0.23800000000000002 0.2975 0.1275
v 0.4387 1.0203 -1.00682 0.23800000000000002 0.2975 0.1275
v 0.09936 0.74695 -0.28236 0.28 0.35 0.15
v 0.47998 1.04268 -0.33318 0.28 0.35 0.15
v 0.48858 0.96608 -0.26875 0.28 0.35 0.15
v 0.09936 0.74695 -0.28236 0.23800000000000002 0.2975 0.1275
v 0.47138 0.99129 -0.39761 0.23800000000000002 0.2975 0.1275
v 0.47998 1.04268 -0.33318 0.23800000000000002 0.2975 0.1275
v 0.47998 1.04268 -0.33318 0.28 0.35 0.15
v 0.89232 1.22973 -0.38824 0.28 0.35 0.15
v 0.48858 0.96608 -0.26875 0.28 0.35 0.15
v 0.47998 1.04268 -0.33318 0.23800000000000002 0.2975 0.1275
v 0.47138 0.99129 -0.39761 0.23800000000000002 0.2975 0.1275
v 0.89232 1.22973 -0.38824 0.23800000000000002 0.2975 0.1275
v -0.2466 -0.1 -0.02656 0.2688 0.2856 0.1344
v -0.27134 0.75089 -0.04746 0.2688 0.2856 0.1344
v -0.2504 0.74616 -0.02656 0.2688 0.2856 0.1344
v -0.2466 -0.1 -0.02656 0.2688 0.2856 0.1344
v -0.2716 -0.1 -0.05156 0.2688 0.2856 0.1344
v -0.27134 0.75089 -0.04746 0.2688 0.2856 0.1344
v -0.2716 -0.1 -0.05156 0.31113327669410845 0.3305791064874903 0.15556663834705423
v -0.29165 0.75141 -0.02656 0.31113327669410845 0.3305791064874903 0.15556663834705423
v -0.27134 0.75089 -0.04746 0.31113327669410845 0.3305791064874903 0.15556663834705423
v -0.2716 -0.1 -0.05156 0.31113327669410845 0.3305791064874903 0.15556663834705423
v -0.29599 -0.1 -0.02656 0.31113327669410845 0.3305791064874903 0.15556663834705423
v -0.29165 0.75141 -0.02656 0.31113327669410845 0.3305791064874903 0.15556663834705423
v -0.29599 -0.1 -0.02656 0.2981248008655005 0.3167576009195943 0.14906240043275026
v -0.27186 0.74682 -0.00567 0.2981248008655005 0.3167576009195943 0.14906240043275026
v -0.29165 0.75141 -0.02656 0.2981248008655005 0.3167576009195943 0.14906240043275026
v -0.29599 -0.1 -0.02656 0.2981248008655005 0.3167576009195943 0.14906240043275026
v -0.2716 -0.1 -0.00156 0.2981248008655005 0.3167576009195943 0.14906240043275026
v -0.27186 0.74682 -0.00567 0.2981248008655005 0.3167576009195943 0.14906240043275026
v -0.2716 -0.1 -0.00156 0.2727973386564482 0.2898471723224762 0.1363986693282241
v -0.2504 0.74616 -0.02656 0.2727973386564482 0.2898471723224762 0.1363986693282241
v -0.27186 0.74682 -0.00567 0.2727973386564482 0.2898471723224762 0.1363986693282241
v -0.2716 -0.1 -0.00156 0.2727973386564482 0.2898471723224762 0.1363986693282241
v -0.2466 -0.1 -0.02656 0.2727973386564482 0.2898471723224762 0.1363986693282241
v -0.2504 0.74616 -0.02656 0.2727973386564482 0.2898471723224762 0.1363986693282241
v -0.2504 0.74616 -0.02656 0.3050533590156069 0.3241191939540823 0.15252667950780344
v -0.09104 1.31651 0.10565 0.3050533590156069 0.3241191939540823 0.15252667950780344
v -0.08373 1.31225 0.11344 0.3050533590156069 0.3241191939540823 0.15252667950780344
v -0.2504 0.74616 -0.02656 0.3050533590156069 0.3241191939540823 0.15252667950780344
v -0.27134 0.75089 -0.04746 0.3050533590156069 0.3241191939540823 0.15252667950780344
v -0.09104 1.31651 0.10565 0.3050533590156069 0.3241191939540823 0.15252667950780344
v -0.27134 0.75089 -0.04746 0.2698196406617506 0.2866833682031101 0.1349098203308753
v -0.09888 1.31707 0.11344 0.2698196406617506 0.2866833682031101 0.1349098203308753
v -0.09104 1.31651 0.10565 0.2698196406617506 0.2866833682031101 0.1349098203308753
v -0.27134 0.75089 -0.04746 0.2698196406617506 0.2866833682031101 0.1349098203308753
v -0.29165 0.75141 -0.02656 0.2698196406617506 0.2866833682031101 0.1349098203308753
v -0.09888 1.31707 0.11344 0.2698196406617506 0.2866833682031101 0.1349098203308753
v -0.29165 0.75141 -0.02656 0.3158802311443572 0.3356227455908795 0.1579401155721786
v -0.09215 1.31301 0.12122 0.3158802311443572 0.3356227455908795 0.1579401155721786
v -0.09888 1.31707 0.11344 0.3158802311443572 0.3356227455908795 0.1579401155721786
v -0.29165 0.75141 -0.02656 0.3158802311443572 0.3356227455908795 0.1579401155721786
v -0.27186 0.74682 -0.00567 0.3158802311443572 0.3356227455908795 0.1579401155721786
v -0.09215 1.31301 0.12122 0.3158802311443572 0.3356227455908795 0.1579401155721786
v -0.27186 0.74682 -0.00567 0.29089952721387946 0.3090807476647469 0.14544976360693973
v -0.08373 1.31225 0.11344 0.29089952721387946 0.3090807476647469 0.14544976360693973
v -0.09215 1.31301 0.12122 0.29089952721387946 0.3090807476647469 0.14544976360693973
v -0.27186 0.74682 -0.00567 0.29089952721387946 0.3090807476647469 0.14544976360693973
v -0.2504 0.74616 -0.02656 0.29089952721387946 0.3090807476647469 0.14544976360693973
v -0.08373 1.31225 0.11344 0.29089952721387946 0.3090807476647469 0.14544976360693973
v -0.0266 1.31476 0.11344 0.2688 0.21 0.1344
v -0.08265 1.61476 0.0849 0.2688 0.21 0.1344
v -0.06107 1.61476 0.11344 0.2688 0.21 0.1344
v -0.0266 1.31476 0.11344 0.2688 0.21 0.1344
v -0.07238 1.31476 0.05162 0.2688 0.21 0.1344
v -0.08265 1.61476 0.0849 0.2688 0.21 0.1344
v -0.07238 1.31476 0.05162 0.31113327669410845 0.24307287241727224 0.15556663834705423
v -0.11496 1.61476 0.0958 0.31113327669410845 0.24307287241727224 0.15556663834705423
v -0.08265 1.61476 0.0849 0.31113327669410845 0.24307287241727224 0.15556663834705423
v -0.07238 1.31476 0.05162 0.31113327669410845 0.24307287241727224 0.15556663834705423
v -0.1429 1.31476 0.07523 0.31113327669410845 0.24307287241727224 0.15556663834705423
v -0.11496 1.61476 0.0958 0.31113327669410845 0.24307287241727224 0.15556663834705423
v -0.1429 1.31476 0.07523 0.2981248008655005 0.23291000067617226 0.14906240043275026
v -0.1162 1.61476 0.13107 0.2981248008655005 0.23291000067617226 0.14906240043275026
v -0.11496 1.61476 0.0958 0.2981248008655005 0.23291000067617226 0.14906240043275026
v -0.1429 1.31476 0.07523 0.2981248008655005 0.23291000067617226 0.14906240043275026
v -0.14572 1.31476 0.15164 0.2981248008655005 0.23291000067617226 0.14906240043275026
v -0.1162 1.61476 0.13107 0.2981248008655005 0.23291000067617226 0.14906240043275026
v -0.14572 1.31476 0.15164 0.2727973386564482 0.21312292082535014 0.1363986693282241
v -0.08191 1.61476 0.14197 0.2727973386564482 0.21312292082535014 0.1363986693282241
v -0.1162 1.61476 0.13107 0.2727973386564482 0.21312292082535014 0.1363986693282241
v -0.14572 1.31476 0.15164 0.2727973386564482 0.21312292082535014 0.1363986693282241
v -0.07069 1.31476 0.17525 0.2727973386564482 0.21312292082535014 0.1363986693282241
v -0.08191 1.61476 0.14197 0.2727973386564482 0.21312292082535014 0.1363986693282241
v -0.07069 1.31476 0.17525 0.31891608269627864 0.24915318960646768 0.15945804134813932
v -0.06107 1.61476 0.11344 0.31891608269627864 0.24915318960646768 0.15945804134813932
v -0.08191 1.61476 0.14197 0.31891608269627864 0.24915318960646768 0.15945804134813932
v -0.07069 1.31476 0.17525 0.31891608269627864 0.24915318960646768 0.15945804134813932
v -0.0266 1.31476 0.11344 0.31891608269627864 0.24915318960646768 0.15945804134813932
v -0.06107 1.61476 0.11344 0.31891608269627864 0.24915318960646768 0.15945804134813932
v -0.2716 0.18295 -0.02656 0.28 0.35 0.15
v 0.10704 0.07373 0.03736 0.28 0.35 0.15
v 0.09622 -0.02271 0.10146 0.28 0.35 0.15
v -0.2716 0.18295 -0.02656 0.23800000000000002 0.2975 0.1275
v 0.11786 0.04218 -0.02673 0.23800000000000002 0.2975 0.1275
v 0.10704 0.07373 0.03736 0.23800000000000002 0.2975 0.1275
v 0.10704 0.07373 0.03736 0.28 0.35 0.15
v 0.51724 -0.17792 0.10662 0.28 0.35 0.15
v 0.09622 -0.02271 0.10146 0.28 0.35 0.15
v 0.10704 0.07373 0.03736 0.23800000000000002 0.2975 0.1275
v 0.11786 0.04218 -0.02673 0.23800000000000002 0.2975 0.1275
v 0.51724 -0.17792 0.10662 0.23800000000000002 0.2975 0.1275
v -0.2716 0.42346 -0.02656 0.28 0.35 0.15
v -0.12081 0.2032 0.32659 0.28 0.35 0.15
v -0.18059 0.15632 0.35212 0.28 0.35 0.15
v -0.2716 0.42346 -0.02656 0.23800000000000002 0.2975 0.1275
v -0.06103 0.12208 0.30107 0.23800000000000002 0.2975 0.1275
v -0.12081 0.2032 0.32659 0.23800000000000002 0.2975 0.1275
v -0.12081 0.2032 0.32659 0.28 0.35 0.15
v 0.04254 -0.16875 0.70918 0.28 0.35 0.15
v -0.18059 0.15632 0.35212 0.28 0.35 0.15
v -0.12081 0.2032 0.32659 0.23800000000000002 0.2975 0.1275
v -0.06103 0.12208 0.30107 0.23800000000000002 0.2975 0.1275
v 0.04254 -0.16875 0.70918 0.23800000000000002 0.2975 0.1275
v -0.2716 0.66397 -0.02656 0.28 0.35 0.15
v -0.4873 0.63665 0.29113 0.28 0.35 0.15
v -0.54107 0.58541 0.25462 0.28 0.35 0.15
v -0.2716 0.66397 -0.02656 0.23800000000000002 0.2975 0.1275
v -0.43352 0.55989 0.32764 0.23800000000000002 0.2975 0.1275
v -0.4873 0.63665 0.29113 0.23800000000000002 0.2975 0.1275
v -0.4873 0.63665 0.29113 0.28 0.35 0.15
v -0.72097 0.47372 0.6353 0.28 0.35 0.15
v -0.54107 0.58541 0.25462 0.28 0.35 0.15
v -0.4873 0.63665 0.29113 0.23800000000000002 0.2975 0.1275
v -0.43352 0.55989 0.32764 0.23800000000000002 0.2975 0.1275
v -0.72097 0.47372 0.6353 0.23800000000000002 0.2975 0.1275
v -0.97172 -0.1 -0.06913 0.2688 0.2856 0.1344
v -0.99647 0.77569 -0.09004 0.2688 0.2856 0.1344
v -0.97551 0.77109 -0.06913 0.2688 0.2856 0.1344
v -0.97172 -0.1 -0.06913 0.2688 0.2856 0.1344
v -0.99672 -0.1 -0.09413 0.2688 0.2856 0.1344
v -0.99647 0.77569 -0.09004 0.2688 0.2856 0.1344
v -0.99672 -0.1 -0.09413 0.31113327669410845 0.3305791064874903 0.15556663834705423
v -1.01678 0.77619 -0.06913 0.31113327669410845 0.3305791064874903 0.15556663834705423
v -0.99647 0.77569 -0.09004 0.31113327669410845 0.3305791064874903 0.15556663834705423
v -0.99672 -0.1 -0.09413 0.31113327669410845 0.3305791064874903 0.15556663834705423
v -1.02111 -0.1 -0.06913 0.31113327669410845 0.3305791064874903 0.15556663834705423
v -1.01678 0.77619 -0.06913 0.31113327669410845 0.3305791064874903 0.15556663834705423
v -1.02111 -0.1 -0.06913 0.2981248008655005 0.3167576009195943 0.14906240043275026
v -0.99696 0.77173 -0.04823 0.2981248008655005 0.3167576009195943 0.14906240043275026
v -1.01678 0.77619 -0.06913 0.2981248008655005 0.3167576009195943 0.14906240043275026
v -1.02111 -0.1 -0.06913 0.2981248008655005 0.3167576009195943 0.14906240043275026
v -0.99672 -0.1 -0.04413 0.2981248008655005 0.3167576009195943 0.14906240043275026
v -0.99696 0.77173 -0.04823 0.2981248008655005 0.3167576009195943 0.14906240043275026
v -0.99672 -0.1 -0.04413 0.2727973386564482 0.2898471723224762 0.1363986693282241
v -0.97551 0.77109 -0.06913 0.2727973386564482 0.2898471723224762 0.1363986693282241
v -0.99696 0.77173 -0.04823 0.2727973386564482 0.2898471723224762 0.1363986693282241
v -0.99672 -0.1 -0.04413 0.2727973386564482 0.2898471723224762 0.1363986693282241
v -0.97172 -0.1 -0.06913 0.2727973386564482 0.2898471723224762 0.1363986693282241
v -0.97551 0.77109 -0.06913 0.2727973386564482 0.2898471723224762 0.1363986693282241
v -0.97551 0.77109 -0.06913 0.3050533590156069 0.3241191939540823 0.15252667950780344
v -0.81619 1.3579 0.06307 0.3050533590156069 0.3241191939540823 0.15252667950780344
v -0.80883 1.35375 0.07087 0.3050533590156069 0.3241191939540823 0.15252667950780344
v -0.97551 0.77109 -0.06913 0.3050533590156069 0.3241191939540823 0.15252667950780344
v -0.99647 0.77569 -0.09004 0.3050533590156069 0.3241191939540823 0.15252667950780344
v -0.81619 1.3579 0.06307 0.3050533590156069 0.3241191939540823 0.15252667950780344
v -0.99647 0.77569 -0.09004 0.2698196406617506 0.2866833682031101 0.1349098203308753
v -0.82402 1.35845 0.07087 0.2698196406617506 0.2866833682031101 0.1349098203308753
v -0.81619 1.3579 0.06307 0.2698196406617506 0.2866833682031101 0.1349098203308753
v -0.99647 0.77569 -0.09004 0.2698196406617506 0.2866833682031101 0.1349098203308753
v -1.01678 0.77619 -0.06913 0.2698196406617506 0.2866833682031101 0.1349098203308753
v -0.82402 1.35845 0.07087 0.2698196406617506 0.2866833682031101 0.1349098203308753
v -1.01678 0.77619 -0.06913 0.3158802311443572 0.3356227455908795 0.1579401155721786
v -0.81725 1.35448 0.07867 0.3158802311443572 0.3356227455908795 0.1579401155721786
v -0.82402 1.35845 0.07087 0.3158802311443572 0.3356227455908795 0.1579401155721786
v -1.01678 0.77619 -0.06913 0.3158802311443572 0.3356227455908795 0.1579401155721786
v -0.99696 0.77173 -0.04823 0.3158802311443572 0.3356227455908795 0.1579401155721786
v -0.81725 1.35448 0.07867 0.3158802311443572 0.3356227455908795 0.1579401155721786
v -0.99696 0.77173 -0.04823 0.29089952721387946 0.3090807476647469 0.14544976360693973
v -0.80883 1.35375 0.07087 0.29089952721387946 0.3090807476647469 0.14544976360693973
v -0.81725 1.35448 0.07867 0.29089952721387946 0.3090807476647469 0.14544976360693973
v -0.99696 0.77173 -0.04823 0.29089952721387946 0.3090807476647469 0.14544976360693973
v -0.97551 0.77109 -0.06913 0.29089952721387946 0.3090807476647469 0.14544976360693973
v -0.80883 1.35375 0.07087 0.29089952721387946 0.3090807476647469 0.14544976360693973
v -0.75172 1.35619 0.07087 0.2688 0.21 0.1344
v -0.80777 1.65619 0.04234 0.2688 0.21 0.1344
v -0.78619 1.65619 0.07087 0.2688 0.21 0.1344
v -0.75172 1.35619 0.07087 0.2688 0.21 0.1344
v -0.7975 1.35619 0.00905 0.2688 0.21 0.1344
v -0.80777 1.65619 0.04234 0.2688 0.21 0.1344
v -0.7975 1.35619 0.00905 0.31113327669410845 0.24307287241727224 0.15556663834705423
v -0.84008 1.65619 0.05324 0.31113327669410845 0.24307287241727224 0.15556663834705423
v -0.80777 1.65619 0.04234 0.31113327669410845 0.24307287241727224 0.15556663834705423
v -0.7975 1.35619 0.00905 0.31113327669410845 0.24307287241727224 0.15556663834705423
v -0.86802 1.35619 0.03266 0.31113327669410845 0.24307287241727224 0.15556663834705423
v -0.84008 1.65619 0.05324 0.31113327669410845 0.24307287241727224 0.15556663834705423
v -0.86802 1.35619 0.03266 0.2981248008655005 0.23291000067617226 0.14906240043275026
v -0.84132 1.65619 0.0885 0.2981248008655005 0.23291000067617226 0.14906240043275026
v -0.84008 1.65619 0.05324 0.2981248008655005 0.23291000067617226 0.14906240043275026
v -0.86802 1.35619 0.03266 0.2981248008655005 0.23291000067617226 0.14906240043275026
v -0.87084 1.35619 0.10908 0.2981248008655005 0.23291000067617226 0.14906240043275026
v -0.84132 1.65619 0.0885 0.2981248008655005 0.23291000067617226 0.14906240043275026
v -0.87084 1.35619 0.10908 0.2727973386564482 0.21312292082535014 0.1363986693282241
v -0.80703 1.65619 0.0994 0.2727973386564482 0.21312292082535014 0.1363986693282241
v -0.84132 1.65619 0.0885 0.2727973386564482 0.21312292082535014 0.1363986693282241
v -0.87084 1.35619 0.10908 0.2727973386564482 0.21312292082535014 0.1363986693282241
v -0.79581 1.35619 0.13269 0.2727973386564482 0.21312292082535014 0.1363986693282241
v -0.80703 1.65619 0.0994 0.2727973386564482 0.21312292082535014 0.1363986693282241
v -0.79581 1.35619 0.13269 0.31891608269627864 0.24915318960646768 0.15945804134813932
v -0.78619 1.65619 0.07087 0.31891608269627864 0.24915318960646768 0.15945804134813932
v -0.80703 1.65619 0.0994 0.31891608269627864 0.24915318960646768 0.15945804134813932
v -0.79581 1.35619 0.13269 0.31891608269627864 0.24915318960646768 0.15945804134813932
v -0.75172 1.35619 0.07087 0.31891608269627864 0.24915318960646768 0.15945804134813932
v -0.78619 1.65619 0.07087 0.31891608269627864 0.24915318960646768 0.15945804134813932
v -0.99672 0.19124 -0.06913 0.28 0.35 0.15
v -1.29667 0.43082 0.17063 0.28 0.35 0.15
v -1.33725 0.39926 0.11986 0.28 0.35 0.15
v -0.99672 0.19124 -0.06913 0.23800000000000002 0.2975 0.1275
v -1.25608 0.33439 0.2214 0.23800000000000002 0.2975 0.1275
v -1.29667 0.43082 0.17063 0.23800000000000002 0.2975 0.1275
v -1.29667 0.43082 0.17063 0.28 0.35 0.15
v -1.62162 0.55704 0.43037 0.28 0.35 0.15
v -1.33725 0.39926 0.11986 0.28 0.35 0.15
v -1.29667 0.43082 0.17063 0.23800000000000002 0.2975 0.1275
v -1.25608 0.33439 0.2214 0.23800000000000002 0.2975 0.1275
v -1.62162 0.55704 0.43037 0.23800000000000002 0.2975 0.1275
v -0.99672 0.43879 -0.06913 0.28 0.35 0.15
v -1.36053 0.78656 -0.19199 0.28 0.35 0.15
v -1.33974 0.70558 -0.25357 0.28 0.35 0.15
v -0.99672 0.43879 -0.06913 0.23800000000000002 0.2975 0.1275
v -1.38133 0.73954 -0.1304 0.23800000000000002 0.2975 0.1275
v -1.36053 0.78656 -0.19199 0.23800000000000002 0.2975 0.1275
v -1.36053 0.78656 -0.19199 0.28 0.35 0.15
v -1.75467 1.02997 -0.32508 0.28 0.35 0.15
v -1.33974 0.70558 -0.25357 0.28 0.35 0.15
v -1.36053 0.78656 -0.19199 0.23800000000000002 0.2975 0.1275
v -1.38133 0.73954 -0.1304 0.23800000000000002 0.2975 0.1275
v -1.75467 1.02997 -0.32508 0.23800000000000002 0.2975 0.1275
v -0.99672 0.68634 -0.06913 0.28 0.35 0.15
v -1.08991 0.83883 -0.44165 0.28 0.35 0.15
v -1.02685 0.76192 -0.45743 0.28 0.35 0.15
v -0.99672 0.68634 -0.06913 0.23800000000000002 0.2975 0.1275
v -1.15296 0.78775 -0.42588 0.23800000000000002 0.2975 0.1275
v -1.08991 0.83883 -0.44165 0.23800000000000002 0.2975 0.1275
v -1.08991 0.83883 -0.44165 0.28 0.35 0.15
v -1.19086 0.8707 -0.84521 0.28 0.35 0.15
v -1.02685 0.76192 -0.45743 0.28 0.35 0.15
v -1.08991 0.83883 -0.44165 0.23800000000000002 0.2975 0.1275
v -1.15296 0.78775 -0.42588 0.23800000000000002 0.2975 0.1275
v -1.19086 0.8707 -0.84521 0.23800000000000002 0.2975 0.1275
v -0.86304 -0.1 -0.43848 0.2688 0.2856 0.1344
v -0.88791 1.10585 -0.45943 0.2688 0.2856 0.1344
v -0.86676 1.10249 -0.43848 0.2688 0.2856 0.1344
v -0.86304 -0.1 -0.43848 0.2688 0.2856 0.1344
v -0.88804 -0.1 -0.46348 0.2688 0.2856 0.1344
v -0.88791 1.10585 -0.45943 0.2688 0.2856 0.1344
v -0.88804 -0.1 -0.46348 0.31113327669410845 0.3305791064874903 0.15556663834705423
v -0.90818 1.10621 -0.43848 0.31113327669410845 0.3305791064874903 0.15556663834705423
v -0.88791 1.10585 -0.45943 0.31113327669410845 0.3305791064874903 0.15556663834705423
v -0.88804 -0.1 -0.46348 0.31113327669410845 0.3305791064874903 0.15556663834705423
v -0.91243 -0.1 -0.43848 0.31113327669410845 0.3305791064874903 0.15556663834705423
v -0.90818 1.10621 -0.43848 0.31113327669410845 0.3305791064874903 0.15556663834705423
v -0.91243 -0.1 -0.43848 0.2981248008655005 0.3167576009195943 0.14906240043275026
v -0.88817 1.10295 -0.41753 0.2981248008655005 0.3167576009195943 0.14906240043275026
v -0.90818 1.10621 -0.43848 0.2981248008655005 0.3167576009195943 0.14906240043275026
v -0.91243 -0.1 -0.43848 0.2981248008655005 0.3167576009195943 0.14906240043275026
v -0.88804 -0.1 -0.41348 0.2981248008655005 0.3167576009195943 0.14906240043275026
v -0.88817 1.10295 -0.41753 0.2981248008655005 0.3167576009195943 0.14906240043275026
v -0.88804 -0.1 -0.41348 0.2727973386564482 0.2898471723224762 0.1363986693282241
v -0.86676 1.10249 -0.43848 0.2727973386564482 0.2898471723224762 0.1363986693282241
v -0.88817 1.10295 -0.41753 0.2727973386564482 0.2898471723224762 0.1363986693282241
v -0.88804 -0.1 -0.41348 0.2727973386564482 0.2898471723224762 0.1363986693282241
v -0.86304 -0.1 -0.43848 0.2727973386564482 0.2898471723224762 0.1363986693282241
v -0.86676 1.10249 -0.43848 0.2727973386564482 0.2898471723224762 0.1363986693282241
v -0.86676 1.10249 -0.43848 0.3050533590156069 0.3241191939540823 0.15252667950780344
v -0.70774 1.90864 -0.30637 0.3050533590156069 0.3241191939540823 0.15252667950780344
v -0.69998 1.90553 -0.29848 0.3050533590156069 0.3241191939540823 0.15252667950780344
v -0.86676 1.10249 -0.43848 0.3050533590156069 0.3241191939540823 0.15252667950780344
v -0.88791 1.10585 -0.45943 0.3050533590156069 0.3241191939540823 0.15252667950780344
v -0.70774 1.90864 -0.30637 0.3050533590156069 0.3241191939540823 0.15252667950780344
v -0.88791 1.10585 -0.45943 0.2698196406617506 0.2866833682031101 0.1349098203308753
v -0.7155 1.90901 -0.29848 0.2698196406617506 0.2866833682031101 0.1349098203308753
v -0.70774 1.90864 -0.30637 0.2698196406617506 0.2866833682031101 0.1349098203308753
v -0.88791 1.10585 -0.45943 0.2698196406617506 0.2866833682031101 0.1349098203308753
v -0.90818 1.10621 -0.43848 0.2698196406617506 0.2866833682031101 0.1349098203308753
v -0.7155 1.90901 -0.29848 0.2698196406617506 0.2866833682031101 0.1349098203308753
v -0.90818 1.10621 -0.43848 0.3158802311443572 0.3356227455908795 0.1579401155721786
v -0.70833 1.90602 -0.29059 0.3158802311443572 0.3356227455908795 0.1579401155721786
v -0.7155 1.90901 -0.29848 0.3158802311443572 0.3356227455908795 0.1579401155721786
v -0.90818 1.10621 -0.43848 0.3158802311443572 0.3356227455908795 0.1579401155721786
v -0.88817 1.10295 -0.41753 0.3158802311443572 0.3356227455908795 0.1579401155721786
v -0.70833 1.90602 -0.29059 0.3158802311443572 0.3356227455908795 0.1579401155721786
v -0.88817 1.10295 -0.41753 0.29089952721387946 0.3090807476647469 0.14544976360693973
v -0.69998 1.90553 -0.29848 0.29089952721387946 0.3090807476647469 0.14544976360693973
v -0.70833 1.90602 -0.29059 0.29089952721387946 0.3090807476647469 0.14544976360693973
v -0.88817 1.10295 -0.41753 0.29089952721387946 0.3090807476647469 0.14544976360693973
v -0.86676 1.10249 -0.43848 0.29089952721387946 0.3090807476647469 0.14544976360693973
v -0.69998 1.90553 -0.29848 0.29089952721387946 0.3090807476647469 0.14544976360693973
v -0.64304 1.90733 -0.29848 0.2688 0.21 0.1344
v -0.69909 2.20733 -0.32701 0.2688 0.21 0.1344
v -0.67751 2.20733 -0.29848 0.2688 0.21 0.1344
v -0.64304 1.90733 -0.29848 0.2688 0.21 0.1344
v -0.68882 1.90733 -0.3603 0.2688 0.21 0.1344
v -0.69909 2.20733 -0.32701 0.2688 0.21 0.1344
v -0.68882 1.90733 -0.3603 0.31113327669410845 0.24307287241727224 0.15556663834705423
v -0.7314 2.20733 -0.31611 0.31113327669410845 0.24307287241727224 0.15556663834705423
v -0.69909 2.20733 -0.32701 0.31113327669410845 0.24307287241727224 0.15556663834705423
v -0.68882 1.90733 -0.3603 0.31113327669410845 0.24307287241727224 0.15556663834705423
v -0.75934 1.90733 -0.33669 0.31113327669410845 0.24307287241727224 0.15556663834705423
v -0.7314 2.20733 -0.31611 0.31113327669410845 0.24307287241727224 0.15556663834705423
v -0.75934 1.90733 -0.33669 0.2981248008655005 0.23291000067617226 0.14906240043275026
v -0.73264 2.20733 -0.28085 0.2981248008655005 0.23291000067617226 0.14906240043275026
v -0.7314 2.20733 -0.31611 0.2981248008655005 0.23291000067617226 0.14906240043275026
v -0.75934 1.90733 -0.33669 0.2981248008655005 0.23291000067617226 0.14906240043275026
v -0.76216 1.90733 -0.26027 0.2981248008655005 0.23291000067617226 0.14906240043275026
v -0.73264 2.20733 -0.28085 0.2981248008655005 0.23291000067617226 0.14906240043275026
v -0.76216 1.90733 -0.26027 0.2727973386564482 0.21312292082535014 0.1363986693282241
v -0.69835 2.20733 -0.26995 0.2727973386564482 0.21312292082535014 0.1363986693282241
v -0.73264 2.20733 -0.28085 0.2727973386564482 0.21312292082535014 0.1363986693282241
v -0.76216 1.90733 -0.26027 0.2727973386564482 0.21312292082535014 0.1363986693282241
v -0.68713 1.90733 -0.23666 0.2727973386564482 0.21312292082535014 0.1363986693282241
v -0.69835 2.20733 -0.26995 0.2727973386564482 0.21312292082535014 0.1363986693282241
v -0.68713 1.90733 -0.23666 0.31891608269627864 0.24915318960646768 0.15945804134813932
v -0.67751 2.20733 -0.29848 0.31891608269627864 0.24915318960646768 0.15945804134813932
v -0.69835 2.20733 -0.26995 0.31891608269627864 0.24915318960646768 0.15945804134813932
v -0.68713 1.90733 -0.23666 0.31891608269627864 0.24915318960646768 0.15945804134813932
v -0.64304 1.90733 -0.29848 0.31891608269627864 0.24915318960646768 0.15945804134813932
v -0.67751 2.20733 -0.29848 0.31891608269627864 0.24915318960646768 0.15945804134813932
v -0.88804 0.30147 -0.43848 0.28 0.35 0.15
v -0.86698 0.11449 -0.8219 0.28 0.35 0.15
v -0.80208 0.01806 -0.81834 0.28 0.35 0.15
v -0.88804 0.30147 -0.43848 0.23800000000000002 0.2975 0.1275
v -0.93188 0.08291 -0.82547 0.23800000000000002 0.2975 0.1275
v -0.86698 0.11449 -0.8219 0.23800000000000002 0.2975 0.1275
v -0.86698 0.11449 -0.8219 0.28 0.35 0.15
v -0.84416 -0.2214 -1.23728 0.28 0.35 0.15
v -0.80208 0.01806 -0.81834 0.28 0.35 0.15
v -0.86698 0.11449 -0.8219 0.23800000000000002 0.2975 0.1275
v -0.93188 0.08291 -0.82547 0.23800000000000002 0.2975 0.1275
v -0.84416 -0.2214 -1.23728 0.23800000000000002 0.2975 0.1275
v -0.88804 0.64271 -0.43848 0.28 0.35 0.15
v -0.55402 0.71497 -0.62792 0.28 0.35 0.15
v -0.52195 0.6678 -0.57138 0.28 0.35 0.15
v -0.88804 0.64271 -0.43848 0.23800000000000002 0.2975 0.1275
v -0.58609 0.63413 -0.68446 0.23800000000000002 0.2975 0.1275
v -0.55402 0.71497 -0.62792 0.23800000000000002 0.2975 0.1275
v -0.55402 0.71497 -0.62792 0.28 0.35 0.15
v -0.19217 0.65991 -0.83315 0.28 0.35 0.15
v -0.52195 0.6678 -0.57138 0.28 0.35 0.15
v -0.55402 0.71497 -0.62792 0.23800000000000002 0.2975 0.1275
v -0.58609 0.63413 -0.68446 0.23800000000000002 0.2975 0.1275
v -0.19217 0.65991 -0.83315 0.23800000000000002 0.2975 0.1275
v -0.88804 0.98396 -0.43848 0.28 0.35 0.15
v -0.54816 1.30662 -0.25977 0.28 0.35 0.15
v -0.57841 1.25569 -0.20224 0.28 0.35 0.15
v -0.88804 0.98396 -0.43848 0.23800000000000002 0.2975 0.1275
v -0.51791 1.22955 -0.3173 0.23800000000000002 0.2975 0.1275
v -0.54816 1.30662 -0.25977 0.23800000000000002 0.2975 0.1275
v -0.54816 1.30662 -0.25977 0.28 0.35 0.15
v -0.17995 1.52283 -0.06617 0.28 0.35 0.15
v -0.57841 1.25569 -0.20224 0.28 0.35 0.15
v -0.54816 1.30662 -0.25977 0.23800000000000002 0.2975 0.1275
v -0.51791 1.22955 -0.3173 0.23800000000000002 0.2975 0.1275
v -0.17995 1.52283 -0.06617 0.23800000000000002 0.2975 0.1275
v 0.68388 -0.1 -0.94093 0.2688 0.2856 0.1344
v 0.65899 1.20193 -0.96188 0.2688 0.2856 0.1344
v 0.68017 1.19882 -0.94093 0.2688 0.2856 0.1344
v 0.68388 -0.1 -0.94093 0.2688 0.2856 0.1344
v 0.65888 -0.1 -0.96593 0.2688 0.2856 0.1344
v 0.65899 1.20193 -0.96188 0.2688 0.2856 0.1344
v 0.65888 -0.1 -0.96593 0.31113327669410845 0.3305791064874903 0.15556663834705423
v 0.63873 1.20226 -0.94093 0.31113327669410845 0.3305791064874903 0.15556663834705423
v 0.65899 1.20193 -0.96188 0.31113327669410845 0.3305791064874903 0.15556663834705423
v 0.65888 -0.1 -0.96593 0.31113327669410845 0.3305791064874903 0.15556663834705423
v 0.63449 -0.1 -0.94093 0.31113327669410845 0.3305791064874903 0.15556663834705423
v 0.63873 1.20226 -0.94093 0.31113327669410845 0.3305791064874903 0.15556663834705423
v 0.63449 -0.1 -0.94093 0.2981248008655005 0.3167576009195943 0.14906240043275026
v 0.65877 1.19924 -0.91997 0.2981248008655005 0.3167576009195943 0.14906240043275026
v 0.63873 1.20226 -0.94093 0.2981248008655005 0.3167576009195943 0.14906240043275026
v 0.63449 -0.1 -0.94093 0.2981248008655005 0.3167576009195943 0.14906240043275026
v 0.65888 -0.1 -0.91593 0.2981248008655005 0.3167576009195943 0.14906240043275026
v 0.65877 1.19924 -0.91997 0.2981248008655005 0.3167576009195943 0.14906240043275026
v 0.65888 -0.1 -0.91593 0.2727973386564482 0.2898471723224762 0.1363986693282241
v 0.68017 1.19882 -0.94093 0.2727973386564482 0.2898471723224762 0.1363986693282241
v 0.65877 1.19924 -0.91997 0.2727973386564482 0.2898471723224762 0.1363986693282241
v 0.65888 -0.1 -0.91593 0.2727973386564482 0.2898471723224762 0.1363986693282241
v 0.68388 -0.1 -0.94093 0.2727973386564482 0.2898471723224762 0.1363986693282241
v 0.68017 1.19882 -0.94093 0.2727973386564482 0.2898471723224762 0.1363986693282241
v 0.68017 1.19882 -0.94093 0.3050533590156069 0.3241191939540823 0.15252667950780344
v 0.83913 2.06887 -0.80883 0.3050533590156069 0.3241191939540823 0.15252667950780344
v 0.84697 2.06596 -0.80093 0.3050533590156069 0.3241191939540823 0.15252667950780344
v 0.68017 1.19882 -0.94093 0.3050533590156069 0.3241191939540823 0.15252667950780344
v 0.65899 1.20193 -0.96188 0.3050533590156069 0.3241191939540823 0.15252667950780344
v 0.83913 2.06887 -0.80883 0.3050533590156069 0.3241191939540823 0.15252667950780344
v 0.65899 1.20193 -0.96188 0.2698196406617506 0.2866833682031101 0.1349098203308753
v 0.83139 2.0692 -0.80093 0.2698196406617506 0.2866833682031101 0.1349098203308753
v 0.83913 2.06887 -0.80883 0.2698196406617506 0.2866833682031101 0.1349098203308753
v 0.65899 1.20193 -0.96188 0.2698196406617506 0.2866833682031101 0.1349098203308753
v 0.63873 1.20226 -0.94093 0.2698196406617506 0.2866833682031101 0.1349098203308753
v 0.83139 2.0692 -0.80093 0.2698196406617506 0.2866833682031101 0.1349098203308753
v 0.63873 1.20226 -0.94093 0.3158802311443572 0.3356227455908795 0.1579401155721786
v 0.83863 2.06642 -0.79303 0.3158802311443572 0.3356227455908795 0.1579401155721786
v 0.83139 2.0692 -0.80093 0.3158802311443572 0.3356227455908795 0.1579401155721786
v 0.63873 1.20226 -0.94093 0.3158802311443572 0.3356227455908795 0.1579401155721786
v 0.65877 1.19924 -0.91997 0.3158802311443572 0.3356227455908795 0.1579401155721786
v 0.83863 2.06642 -0.79303 0.3158802311443572 0.3356227455908795 0.1579401155721786
v 0.65877 1.19924 -0.91997 0.29089952721387946 0.3090807476647469 0.14544976360693973
v 0.84697 2.06596 -0.80093 0.29089952721387946 0.3090807476647469 0.14544976360693973
v 0.83863 2.06642 -0.79303 0.29089952721387946 0.3090807476647469 0.14544976360693973
v 0.65877 1.19924 -0.91997 0.29089952721387946 0.3090807476647469 0.14544976360693973
v 0.68017 1.19882 -0.94093 0.29089952721387946 0.3090807476647469 0.14544976360693973
v 0.84697 2.06596 -0.80093 0.29089952721387946 0.3090807476647469 0.14544976360693973
v 0.90388 2.06764 -0.80093 0.2688 0.21 0.1344
v 0.84783 2.36764 -0.82946 0.2688 0.21 0.1344
v 0.8694 2.36764 -0.80093 0.2688 0.21 0.1344
v 0.90388 2.06764 -0.80093 0.2688 0.21 0.1344
v 0.8581 2.06764 -0.86275 0.2688 0.21 0.1344
v 0.84783 2.36764 -0.82946 0.2688 0.21 0.1344
v 0.8581 2.06764 -0.86275 0.31113327669410845 0.24307287241727224 0.15556663834705423
v 0.81551 2.36764 -0.81856 0.31113327669410845 0.24307287241727224 0.15556663834705423
v 0.84783 2.36764 -0.82946 0.31113327669410845 0.24307287241727224 0.15556663834705423
v 0.8581 2.06764 -0.86275 0.31113327669410845 0.24307287241727224 0.15556663834705423
v 0.78758 2.06764 -0.83913 0.31113327669410845 0.24307287241727224 0.15556663834705423
v 0.81551 2.36764 -0.81856 0.31113327669410845 0.24307287241727224 0.15556663834705423
v 0.78758 2.06764 -0.83913 0.2981248008655005 0.23291000067617226 0.14906240043275026
v 0.81428 2.36764 -0.78329 0.2981248008655005 0.23291000067617226 0.14906240043275026
v 0.81551 2.36764 -0.81856 0.2981248008655005 0.23291000067617226 0.14906240043275026
v 0.78758 2.06764 -0.83913 0.2981248008655005 0.23291000067617226 0.14906240043275026
v 0.78475 2.06764 -0.76272 0.2981248008655005 0.23291000067617226 0.14906240043275026
v 0.81428 2.36764 -0.78329 0.2981248008655005 0.23291000067617226 0.14906240043275026
v 0.78475 2.06764 -0.76272 0.2727973386564482 0.21312292082535014 0.1363986693282241
v 0.84857 2.36764 -0.7724 0.2727973386564482 0.21312292082535014 0.1363986693282241
v 0.81428 2.36764 -0.78329 0.2727973386564482 0.21312292082535014 0.1363986693282241
v 0.78475 2.06764 -0.76272 0.2727973386564482 0.21312292082535014 0.1363986693282241
v 0.85979 2.06764 -0.73911 0.2727973386564482 0.21312292082535014 0.1363986693282241
v 0.84857 2.36764 -0.7724 0.2727973386564482 0.21312292082535014 0.1363986693282241
v 0.85979 2.06764 -0.73911 0.31891608269627864 0.24915318960646768 0.15945804134813932
v 0.8694 2.36764 -0.80093 0.31891608269627864 0.24915318960646768 0.15945804134813932
v 0.84857 2.36764 -0.7724 0.31891608269627864 0.24915318960646768 0.15945804134813932
v 0.85979 2.06764 -0.73911 0.31891608269627864 0.24915318960646768 0.15945804134813932
v 0.90388 2.06764 -0.80093 0.31891608269627864 0.24915318960646768 0.15945804134813932
v 0.8694 2.36764 -0.80093 0.31891608269627864 0.24915318960646768 0.15945804134813932
v 0.65888 0.33353 -0.94093 0.28 0.35 0.15
v 0.93077 0.30504 -0.66976 0.28 0.35 0.15
v 0.88487 0.27345 -0.62374 0.28 0.35 0.15
v 0.65888 0.33353 -0.94093 0.23800000000000002 0.2975 0.1275
v 0.97667 0.20862 -0.71578 0.23800000000000002 0.2975 0.1275
v 0.93077 0.30504 -0.66976 0.23800000000000002 0.2975 0.1275
v 0.93077 0.30504 -0.66976 0.28 0.35 0.15
v 1.22531 0.14084 -0.37599 0.28 0.35 0.15
v 0.88487 0.27345 -0.62374 0.28 0.35 0.15
v 0.93077 0.30504 -0.66976 0.23800000000000002 0.2975 0.1275
v 0.97667 0.20862 -0.71578 0.23800000000000002 0.2975 0.1275
v 1.22531 0.14084 -0.37599 0.23800000000000002 0.2975 0.1275
v 0.65888 0.70203 -0.94093 0.28 0.35 0.15
v 0.5776 0.96441 -0.56563 0.28 0.35 0.15
v 0.51407 0.88372 -0.57939 0.28 0.35 0.15
v 0.65888 0.70203 -0.94093 0.23800000000000002 0.2975 0.1275
v 0.64113 0.9171 -0.55187 0.23800000000000002 0.2975 0.1275
v 0.5776 0.96441 -0.56563 0.23800000000000002 0.2975 0.1275
v 0.5776 0.96441 -0.56563 0.28 0.35 0.15
v 0.48955 1.11532 -0.15905 0.28 0.35 0.15
v 0.51407 0.88372 -0.57939 0.28 0.35 0.15
v 0.5776 0.96441 -0.56563 0.23800000000000002 0.2975 0.1275
v 0.64113 0.9171 -0.55187 0.23800000000000002 0.2975 0.1275
v 0.48955 1.11532 -0.15905 0.23800000000000002 0.2975 0.1275
v 0.65888 1.07053 -0.94093 0.28 0.35 0.15
v 0.29916 1.41164 -0.80655 0.28 0.35 0.15
v 0.27641 1.33441 -0.86744 0.28 0.35 0.15
v 0.65888 1.07053 -0.94093 0.23800000000000002 0.2975 0.1275
v 0.32191 1.36086 -0.74566 0.23800000000000002 0.2975 0.1275
v 0.29916 1.41164 -0.80655 0.23800000000000002 0.2975 0.1275
v 0.29916 1.41164 -0.80655 0.28 0.35 0.15
v -0.09054 1.64784 -0.66097 0.28 0.35 0.15
v 0.27641 1.33441 -0.86744 0.28 0.35 0.15
v 0.29916 1.41164 -0.80655 0.23800000000000002 0.2975 0.1275
v 0.32191 1.36086 -0.74566 0.23800000000000002 0.2975 0.1275
v -0.09054 1.64784 -0.66097 0.23800000000000002 0.2975 0.1275
v -0.3689 -0.1 0.71415 0.2688 0.2856 0.1344
v -0.39379 1.25986 0.69319 0.2688 0.2856 0.1344
v -0.37259 1.25688 0.71415 0.2688 0.2856 0.1344
v -0.3689 -0.1 0.71415 0.2688 0.2856 0.1344
v -0.3939 -0.1 0.68915 0.2688 0.2856 0.1344
v -0.39379 1.25986 0.69319 0.2688 0.2856 0.1344
v -0.3939 -0.1 0.68915 0.31113327669410845 0.3305791064874903 0.15556663834705423
v -0.41405 1.26017 0.71415 0.31113327669410845 0.3305791064874903 0.15556663834705423
v -0.39379 1.25986 0.69319 0.31113327669410845 0.3305791064874903 0.15556663834705423
v -0.3939 -0.1 0.68915 0.31113327669410845 0.3305791064874903 0.15556663834705423
v -0.41828 -0.1 0.71415 0.31113327669410845 0.3305791064874903 0.15556663834705423
v -0.41405 1.26017 0.71415 0.31113327669410845 0.3305791064874903 0.15556663834705423
v -0.41828 -0.1 0.71415 0.2981248008655005 0.3167576009195943 0.14906240043275026
v -0.394 1.25729 0.73511 0.2981248008655005 0.3167576009195943 0.14906240043275026
v -0.41405 1.26017 0.71415 0.2981248008655005 0.3167576009195943 0.14906240043275026
v -0.41828 -0.1 0.71415 0.2981248008655005 0.3167576009195943 0.14906240043275026
v -0.3939 -0.1 0.73915 0.2981248008655005 0.3167576009195943 0.14906240043275026
v -0.394 1.25729 0.73511 0.2981248008655005 0.3167576009195943 0.14906240043275026
v -0.3939 -0.1 0.73915 0.2727973386564482 0.2898471723224762 0.1363986693282241
v -0.37259 1.25688 0.71415 0.2727973386564482 0.2898471723224762 0.1363986693282241
v -0.394 1.25729 0.73511 0.2727973386564482 0.2898471723224762 0.1363986693282241
v -0.3939 -0.1 0.73915 0.2727973386564482 0.2898471723224762 0.1363986693282241
v -0.3689 -0.1 0.71415 0.2727973386564482 0.2898471723224762 0.1363986693282241
v -0.37259 1.25688 0.71415 0.2727973386564482 0.2898471723224762 0.1363986693282241
v -0.37259 1.25688 0.71415 0.3050533590156069 0.3241191939540823 0.15252667950780344
v -0.21366 2.16546 0.84624 0.3050533590156069 0.3241191939540823 0.15252667950780344
v -0.2058 2.16268 0.85415 0.3050533590156069 0.3241191939540823 0.15252667950780344
v -0.37259 1.25688 0.71415 0.3050533590156069 0.3241191939540823 0.15252667950780344
v -0.39379 1.25986 0.69319 0.3050533590156069 0.3241191939540823 0.15252667950780344
v -0.21366 2.16546 0.84624 0.3050533590156069 0.3241191939540823 0.15252667950780344
v -0.39379 1.25986 0.69319 0.2698196406617506 0.2866833682031101 0.1349098203308753
v -0.2214 2.16578 0.85415 0.2698196406617506 0.2866833682031101 0.1349098203308753
v -0.21366 2.16546 0.84624 0.2698196406617506 0.2866833682031101 0.1349098203308753
v -0.39379 1.25986 0.69319 0.2698196406617506 0.2866833682031101 0.1349098203308753
v -0.41405 1.26017 0.71415 0.2698196406617506 0.2866833682031101 0.1349098203308753
v -0.2214 2.16578 0.85415 0.2698196406617506 0.2866833682031101 0.1349098203308753
v -0.41405 1.26017 0.71415 0.3158802311443572 0.3356227455908795 0.1579401155721786
v -0.21413 2.16311 0.86206 0.3158802311443572 0.3356227455908795 0.1579401155721786
v -0.2214 2.16578 0.85415 0.3158802311443572 0.3356227455908795 0.1579401155721786
v -0.41405 1.26017 0.71415 0.3158802311443572 0.3356227455908795 0.1579401155721786
v -0.394 1.25729 0.73511 0.3158802311443572 0.3356227455908795 0.1579401155721786
v -0.21413 2.16311 0.86206 0.3158802311443572 0.3356227455908795 0.1579401155721786
v -0.394 1.25729 0.73511 0.29089952721387946 0.3090807476647469 0.14544976360693973
v -0.2058 2.16268 0.85415 0.29089952721387946 0.3090807476647469 0.14544976360693973
v -0.21413 2.16311 0.86206 0.29089952721387946 0.3090807476647469 0.14544976360693973
v -0.394 1.25729 0.73511 0.29089952721387946 0.3090807476647469 0.14544976360693973
v -0.37259 1.25688 0.71415 0.29089952721387946 0.3090807476647469 0.14544976360693973
v -0.2058 2.16268 0.85415 0.29089952721387946 0.3090807476647469 0.14544976360693973
v -0.1489 2.16429 0.85415 0.2688 0.21 0.1344
v -0.20495 2.46429 0.82562 0.2688 0.21 0.1344
v -0.18337 2.46429 0.85415 0.2688 0.21 0.1344
v -0.1489 2.16429 0.85415 0.2688 0.21 0.1344
v -0.19468 2.16429 0.79233 0.2688 0.21 0.1344
v -0.20495 2.46429 0.82562 0.2688 0.21 0.1344
v -0.19468 2.16429 0.79233 0.31113327669410845 0.24307287241727224 0.15556663834705423
v -0.23726 2.46429 0.83652 0.31113327669410845 0.24307287241727224 0.15556663834705423
v -0.20495 2.46429 0.82562 0.31113327669410845 0.24307287241727224 0.15556663834705423
v -0.19468 2.16429 0.79233 0.31113327669410845 0.24307287241727224 0.15556663834705423
v -0.26519 2.16429 0.81594 0.31113327669410845 0.24307287241727224 0.15556663834705423
v -0.23726 2.46429 0.83652 0.31113327669410845 0.24307287241727224 0.15556663834705423
v -0.26519 2.16429 0.81594 0.2981248008655005 0.23291000067617226 0.14906240043275026
v -0.2385 2.46429 0.87178 0.2981248008655005 0.23291000067617226 0.14906240043275026
v -0.23726 2.46429 0.83652 0.2981248008655005 0.23291000067617226 0.14906240043275026
v -0.26519 2.16429 0.81594 0.2981248008655005 0.23291000067617226 0.14906240043275026
v -0.26802 2.16429 0.89236 0.2981248008655005 0.23291000067617226 0.14906240043275026
v -0.2385 2.46429 0.87178 0.2981248008655005 0.23291000067617226 0.14906240043275026
v -0.26802 2.16429 0.89236 0.2727973386564482 0.21312292082535014 0.1363986693282241
v -0.20421 2.46429 0.88268 0.2727973386564482 0.21312292082535014 0.1363986693282241
v -0.2385 2.46429 0.87178 0.2727973386564482 0.21312292082535014 0.1363986693282241
v -0.26802 2.16429 0.89236 0.2727973386564482 0.21312292082535014 0.1363986693282241
v -0.19298 2.16429 0.91597 0.2727973386564482 0.21312292082535014 0.1363986693282241
v -0.20421 2.46429 0.88268 0.2727973386564482 0.21312292082535014 0.1363986693282241
v -0.19298 2.16429 0.91597 0.31891608269627864 0.24915318960646768 0.15945804134813932
v -0.18337 2.46429 0.85415 0.31891608269627864 0.24915318960646768 0.15945804134813932
v -0.20421 2.46429 0.88268 0.31891608269627864 0.24915318960646768 0.15945804134813932
v -0.19298 2.16429 0.91597 0.31891608269627864 0.24915318960646768 0.15945804134813932
v -0.1489 2.16429 0.85415 0.31891608269627864 0.24915318960646768 0.15945804134813932
v -0.18337 2.46429 0.85415 0.31891608269627864 0.24915318960646768 0.15945804134813932
v -0.3939 0.35286 0.71415 0.28 0.35 0.15
v -0.77726 0.63766 0.73622 0.28 0.35 0.15
v -0.781 0.54126 0.67133 0.28 0.35 0.15
v -0.3939 0.35286 0.71415 0.23800000000000002 0.2975 0.1275
v -0.77352 0.60606 0.80112 0.23800000000000002 0.2975 0.1275
v -0.77726 0.63766 0.73622 0.23800000000000002 0.2975 0.1275
v -0.77726 0.63766 0.73622 0.28 0.35 0.15
v -1.19257 0.81286 0.76014 0.28 0.35 0.15
v -0.781 0.54126 0.67133 0.28 0.35 0.15
v -0.77726 0.63766 0.73622 0.23800000000000002 0.2975 0.1275
v -0.77352 0.60606 0.80112 0.23800000000000002 0.2975 0.1275
v -1.19257 0.81286 0.76014 0.23800000000000002 0.2975 0.1275
v -0.3939 0.73779 0.71415 0.28 0.35 0.15
v -0.6196 0.74085 0.40349 0.28 0.35 0.15
v -0.56702 0.6934 0.36528 0.28 0.35 0.15
v -0.3939 0.73779 0.71415 0.23800000000000002 0.2975 0.1275
v -0.67219 0.66031 0.44169 0.23800000000000002 0.2975 0.1275
v -0.6196 0.74085 0.40349 0.23800000000000002 0.2975 0.1275
v -0.6196 0.74085 0.40349 0.28 0.35 0.15
v -0.86412 0.61084 0.06693 0.28 0.35 0.15
v -0.56702 0.6934 0.36528 0.28 0.35 0.15
v -0.6196 0.74085 0.40349 0.23800000000000002 0.2975 0.1275
v -0.67219 0.66031 0.44169 0.23800000000000002 0.2975 0.1275
v -0.86412 0.61084 0.06693 0.23800000000000002 0.2975 0.1275
v -0.3939 1.12272 0.71415 0.28 0.35 0.15
v -0.25443 0.90921 0.35637 0.28 0.35 0.15
v -0.19387 0.85859 0.37998 0.28 0.35 0.15
v -0.3939 1.12272 0.71415 0.23800000000000002 0.2975 0.1275
v -0.31499 0.83183 0.33276 0.23800000000000002 0.2975 0.1275
v -0.25443 0.90921 0.35637 0.23800000000000002 0.2975 0.1275
v -0.25443 0.90921 0.35637 0.28 0.35 0.15
v -0.10335 0.54458 -0.03122 0.28 0.35 0.15
v -0.19387 0.85859 0.37998 0.28 0.35 0.15
v -0.25443 0.90921 0.35637 0.23800000000000002 0.2975 0.1275
v -0.31499 0.83183 0.33276 0.23800000000000002 0.2975 0.1275
v -0.10335 0.54458 -0.03122 0.23800000000000002 0.2975 0.1275
f 1 2 3
f 4 5 6
f 7 8 9
f 10 11 12
f 13 14 15
f 16 17 18
f 19 20 21
f 22 23 24
f 25 26 27
f 28 29 30
f 31 32 33
f 34 35 36
f 37 38 39
f 40 41 42
f 43 44 45
f 46 47 48
f 49 50 51
f 52 53 54
f 55 56 57
f 58 59 60
f 61 62 63
f 64 65 66
f 67 68 69
f 70 71 72
f 73 74 75
f 76 77 78
f 79 80 81
f 82 83 84
f 85 86 87
f 88 89 90
f 91 92 93
f 94 95 96
f 97 98 99
f 100 101 102
f 103 104 105
f 106 107 108
f 109 110 111
f 112 113 114
f 115 116 117
f 118 119 120
f 121 122 123
f 124 125 126
f 127 128 129
f 130 131 132
f 133 134 135
f 136 137 138
f 139 140 141
f 142 143 144
f 145 146 147
f 148 149 150
f 151 152 153
f 154 155 156
f 157 158 159
f 160 161 162
f 163 164 165
f 166 167 168
f 169 170 171
f 172 173 174
f 175 176 177
f 178 179 180
f 181 182 183
f 184 185 186
f 187 188 189
f 190 191 192
f 193 194 195
f 196 197 198
f 199 200 201
f 202 203 204
f 205 206 207
f 208 209 210
f 211 212 213
f 214 215 216
f 217 218 219
f 220 221 222
f 223 224 225
f 226 227 228
f 229 230 231
f 232 233 234
f 235 236 237
f 238 239 240
f 241 242 243
f 244 245 246
f 247 248 249
f 250 251 252
f 253 254 255
f 256 257 258
f 259 260 261
f 262 263 264
f 265 266 267
f 268 269 270
f 271 272 273
f 274 275 276
f 277 278 279
f 280 281 282
f 283 284 285
f 286 287 288
f 289 290 291
f 292 293 294
f 295 296 297
f 298 299 300
f 301 302 303
f 304 305 306
f 307 308 309
f 310 311 312
f 313 314 315
f 316 317 318
f 319 320 321
f 322 323 324
f 325 326 327
f 328 329 330
f 331 332 333
f 334 335 336
f 337 338 339
f 340 341 342
f 343 344 345
f 346 347 348
f 349 350 351
f 352 353 354
f 355 356 357
f 358 359 360
f 361 362 363
f 364 365 366
f 367 368 369
f 370 371 372
f 373 374 375
f 376 377 378
f 379 380 381
f 382 383 384
f 385 386 387
f 388 389 390
f 391 392 393
f 394 395 396
f 397 398 399
f 400 401 402
f 403 404 405
f 406 407 408
f 409 410 411
f 412 413 414
f 415 416 417
f 418 419 420
f 421 422 423
f 424 425 426
f 427 428 429
f 430 431 432
f 433 434 435
f 436 437 438
f 439 440 441
f 442 443 444
f 445 446 447
f 448 449 450
f 451 452 453
f 454 455 456
f 457 458 459
f 460 461 462
f 463 464 465
f 466 467 468
f 469 470 471
f 472 473 474
f 475 476 477
f 478 479 480
f 481 482 483
f 484 485 486
f 487 488 489
f 490 491 492
f 493 494 495
f 496 497 498
f 499 500 501
f 502 503 504
f 505 506 507
f 508 509 510
f 511 512 513
f 514 515 516
f 517 518 519
f 520 521 522
f 523 524 525
f 526 527 528
f 529 530 531
f 532 533 534
f 535 536 537
f 538 539 540
f 541 542 543
f 544 545 546
f 547 548 549
f 550 551 552
f 553 554 555
f 556 557 558
f 559 560 561
f 562 563 564
f 565 566 567
f 568 569 570
f 571 572 573
f 574 575 576
f 577 578 579
f 580 581 582
f 583 584 585
f 586 587 588
f 589 590 591
f 592 593 594
f 595 596 597
f 598 599 600
f 601 602 603
f 604 605 606
f 607 608 609
f 610 611 612
f 613 614 615
f 616 617 618
f 619 620 621
f 622 623 624
f 625 626 627
f 628 629 630
f 631 632 633
f 634 635 636
f 637 638 639
f 640 641 642
f 643 644 645
f 646 647 648
f 649 650 651
f 652 653 654
f 655 656 657
f 658 659 660
f 661 662 663
f 664 665 666
f 667 668 669
f 670 671 672
f 673 674 675
f 676 677 678
f 679 680 681
f 682 683 684
f 685 686 687
f 688 689 690
f 691 692 693
f 694 695 696
f 697 698 699
f 700 701 702
f 703 704 705
f 706 707 708
f 709 710 711
f 712 713 714
f 715 716 717
f 718 719 720
f 721 722 723
f 724 725 726
f 727 728 729
f 730 731 732
f 733 734 735
f 736 737 738
f 739 740 741
f 742 743 744
f 745 746 747
f 748 749 750
f 751 752 753
f 754 755 756
f 757 758 759
f 760 761 762
f 763 764 765
f 766 767 768
f 769 770 771
f 772 773 774
f 775 776 777
f 778 779 780
f 781 782 783
f 784 785 786
f 787 788 789
f 790 791 792
f 793 794 795
f 796 797 798
f 799 800 801
f 802 803 804
f 805 806 807
f 808 809 810
f 811 812 813
f 814 815 816
f 817 818 819
f 820 821 822
f 823 824 825
f 826 827 828
f 829 830 831
f 832 833 834
f 835 836 837
f 838 839 840
f 841 842 843
f 844 845 846
f 847 848 849
f 850 851 852
f 853 854 855
f 856 857 858
f 859 860 861
f 862 863 864
f 865 866 867
f 868 869 870
f 871 872 873
f 874 875 876
f 877 878 879
f 880 881 882
f 883 884 885
f 886 887 888
f 889 890 891
f 892 893 894
f 895 896 897
f 898 899 900
f 901 902 903
f 904 905 906
f 907 908 909
f 910 911 912
f 913 914 915
f 916 917 918
f 919 920 921
f 922 923 924
f 925 926 927
f 928 929 930
f 931 932 933
f 934 935 936
f 937 938 939
f 940 941 942
f 943 944 945
f 946 947 948
f 949 950 951
f 952 953 954
f 955 956 957
f 958 959 960
f 961 962 963
f 964 965 966
f 967 968 969
f 970 971 972
f 973 974 975
f 976 977 978
f 979 980 981
f 982 983 984
f 985 986 987
f 988 989 990
f 991 992 993
f 994 995 996
f 997 998 999
f 1000 1001 1002
f 1003 1004 1005
f 1006 1007 1008
f 1009 1010 1011
f 1012 1013 1014
f 1015 1016 1017
f 1018 1019 1020
f 1021 1022 1023
f 1024 1025 1026
f 1027 1028 1029
f 1030 1031 1032
f 1033 1034 1035
f 1036 1037 1038
f 1039 1040 1041
f 1042 1043 1044
f 1045 1046 1047
f 1048 1049 1050
f 1051 1052 1053
f 1054 1055 1056
f 1057 1058 1059
f 1060 1061 1062
f 1063 1064 1065
f 1066 1067 1068
f 1069 1070 1071
f 1072 1073 1074
f 1075 1076 1077
f 1078 1079 1080
f 1081 1082 1083
f 1084 1085 1086
f 1087 1088 1089
f 1090 1091 1092
f 1093 1094 1095
f 1096 1097 1098
f 1099 1100 1101
f 1102 1103 1104
f 1105 1106 1107
f 1108 1109 1110
f 1111 1112 1113
f 1114 1115 1116
f 1117 1118 1119
f 1120 1121 1122
f 1123 1124 1125
f 1126 1127 1128
f 1129 1130 1131
f 1132 1133 1134
f 1135 1136 1137
f 1138 1139 1140
f 1141 1142 1143
f 1144 1145 1146
f 1147 1148 1149
f 1150 1151 1152
f 1153 1154 1155
f 1156 1157 1158
f 1159 1160 1161
f 1162 1163 1164
f 1165 1166 1167
f 1168 1169 1170
f 1171 1172 1173
f 1174 1175 1176
f 1177 1178 1179
f 1180 1181 1182
f 1183 1184 1185
f 1186 1187 1188
f 1189 1190 1191
f 1192 1193 1194
f 1195 1196 1197
f 1198 1199 1200
f 1201 1202 1203
f 1204 1205 1206
f 1207 1208 1209
f 1210 1211 1212
f 1213 1214 1215
f 1216 1217 1218
f 1219 1220 1221
f 1222 1223 1224
f 1225 1226 1227
f 1228 1229 1230
f 1231 1232 1233
f 1234 1235 1236
f 1237 1238 1239
f 1240 1241 1242
f 1243 1244 1245
f 1246 1247 1248
f 1249 1250 1251
f 1252 1253 1254
f 1255 1256 1257
f 1258 1259 1260
f 1261 1262 1263
f 1264 1265 1266
f 1267 1268 1269
f 1270 1271 1272
f 1273 1274 1275
f 1276 1277 1278
f 1279 1280 1281
f 1282 1283 1284
f 1285 1286 1287
f 1288 1289 1290
f 1291 1292 1293
f 1294 1295 1296
f 1297 1298 1299
f 1300 1301 1302
f 1303 1304 1305
f 1306 1307 1308
f 1309 1310 1311
f 1312 1313 1314
f 1315 1316 1317
f 1318 1319 1320
f 1321 1322 1323
f 1324 1325 1326
f 1327 1328 1329
f 1330 1331 1332
f 1333 1334 1335
f 1336 1337 1338
f 1339 1340 1341
f 1342 1343 1344
f 1345 1346 1347
f 1348 1349 1350
f 1351 1352 1353
f 1354 1355 1356
f 1357 1358 1359
f 1360 1361 1362
f 1363 1364 1365
f 1366 1367 1368
f 1369 1370 1371
f 1372 1373 1374
f 1375 1376 1377
f 1378 1379 1380
f 1381 1382 1383
f 1384 1385 1386
f 1387 1388 1389
f 1390 1391 1392
f 1393 1394 1395
f 1396 1397 1398
f 1399 1400 1401
f 1402 1403 1404
f 1405 1406 1407
f 1408 1409 1410
f 1411 1412 1413
f 1414 1415 1416
f 1417 1418 1419
f 1420 1421 1422
f 1423 1424 1425
f 1426 1427 1428
f 1429 1430 1431
f 1432 1433 1434
f 1435 1436 1437
f 1438 1439 1440
f 1441 1442 1443
f 1444 1445 1446
f 1447 1448 1449
f 1450 1451 1452
f 1453 1454 1455
f 1456 1457 1458
f 1459 1460 1461
f 1462 1463 1464
f 1465 1466 1467
f 1468 1469 1470
f 1471 1472 1473
f 1474 1475 1476
f 1477 1478 1479
f 1480 1481 1482
f 1483 1484 1485
f 1486 1487 1488
f 1489 1490 1491
f 1492 1493 1494
f 1495 1496 1497
f 1498 1499 1500
f 1501 1502 1503
f 1504 1505 1506
f 1507 1508 1509
f 1510 1511 1512
f 1513 1514 1515
f 1516 1517 1518
f 1519 1520 1521
f 1522 1523 1524
f 1525 1526 1527
f 1528 1529 1530
f 1531 1532 1533
f 1534 1535 1536
f 1537 1538 1539
f 1540 1541 1542
f 1543 1544 1545
f 1546 1547 1548
f 1549 1550 1551
f 1552 1553 1554
f 1555 1556 1557
f 1558 1559 1560
f 1561 1562 1563
f 1564 1565 1566
f 1567 1568 1569
f 1570 1571 1572
f 1573 1574 1575
f 1576 1577 1578
f 1579 1580 1581
f 1582 1583 1584
f 1585 1586 1587
f 1588 1589 1590
f 1591 1592 1593
f 1594 1595 1596
f 1597 1598 1599
f 1600 1601 1602
f 1603 1604 1605
f 1606 1607 1608
f 1609 1610 1611
f 1612 1613 1614
f 1615 1616 1617
f 1618 1619 1620
f 1621 1622 1623
f 1624 1625 1626
f 1627 1628 1629
f 1630 1631 1632
f 1633 1634 1635
f 1636 1637 1638
f 1639 1640 1641
f 1642 1643 1644
f 1645 1646 1647
f 1648 1649 1650
f 1651 1652 1653
f 1654 1655 1656
f 1657 1658 1659
f 1660 1661 1662
f 1663 1664 1665
f 1666 1667 1668
f 1669 1670 1671
f 1672 1673 1674
f 1675 1676 1677
f 1678 1679 1680
f 1681 1682 1683
f 1684 1685 1686
f 1687 1688 1689
f 1690 1691 1692
f 1693 1694 1695
f 1696 1697 1698
f 1699 1700 1701
f 1702 1703 1704
f 1705 1706 1707
f 1708 1709 1710
f 1711 1712 1713
f 1714 1715 1716
f 1717 1718 1719
f 1720 1721 1722
f 1723 1724 1725
f 1726 1727 1728
f 1729 1730 1731
f 1732 1733 1734
f 1735 1736 1737
f 1738 1739 1740
f 1741 1742 1743
f 1744 1745 1746
f 1747 1748 1749
f 1750 1751 1752
f 1753 1754 1755
f 1756 1757 1758
f 1759 1760 1761
f 1762 1763 1764
f 1765 1766 1767
f 1768 1769 1770
f 1771 1772 1773
f 1774 1775 1776
f 1777 1778 1779
f 1780 1781 1782
f 1783 1784 1785
f 1786 1787 1788
f 1789 1790 1791
f 1792 1793 1794
f 1795 1796 1797
f 1798 1799 1800
f 1801 1802 1803
f 1804 1805 1806
f 1807 1808 1809
f 1810 1811 1812
f 1813 1814 1815
f 1816 1817 1818
f 1819 1820 1821
f 1822 1823 1824
