# R3 authored topology; reference 06-river-wetland.png
v -0.02268 -0.1 0.26044 0.2688 0.2856 0.1344
v -0.0475 0.91257 0.23951 0.2688 0.2856 0.1344
v -0.02644 0.90858 0.26044 0.2688 0.2856 0.1344
v -0.02268 -0.1 0.26044 0.2688 0.2856 0.1344
v -0.04768 -0.1 0.23544 0.2688 0.2856 0.1344
v -0.0475 0.91257 0.23951 0.2688 0.2856 0.1344
v -0.04768 -0.1 0.23544 0.31113327669410845 0.3305791064874903 0.15556663834705423
v -0.06779 0.913 0.26044 0.31113327669410845 0.3305791064874903 0.15556663834705423
v -0.0475 0.91257 0.23951 0.31113327669410845 0.3305791064874903 0.15556663834705423
v -0.04768 -0.1 0.23544 0.31113327669410845 0.3305791064874903 0.15556663834705423
v -0.07207 -0.1 0.26044 0.31113327669410845 0.3305791064874903 0.15556663834705423
v -0.06779 0.913 0.26044 0.31113327669410845 0.3305791064874903 0.15556663834705423
v -0.07207 -0.1 0.26044 0.2981248008655005 0.3167576009195943 0.14906240043275026
v -0.04787 0.90913 0.28137 0.2981248008655005 0.3167576009195943 0.14906240043275026
v -0.06779 0.913 0.26044 0.2981248008655005 0.3167576009195943 0.14906240043275026
v -0.07207 -0.1 0.26044 0.2981248008655005 0.3167576009195943 0.14906240043275026
v -0.04768 -0.1 0.28544 0.2981248008655005 0.3167576009195943 0.14906240043275026
v -0.04787 0.90913 0.28137 0.2981248008655005 0.3167576009195943 0.14906240043275026
v -0.04768 -0.1 0.28544 0.2727973386564482 0.2898471723224762 0.1363986693282241
v -0.02644 0.90858 0.26044 0.2727973386564482 0.2898471723224762 0.1363986693282241
v -0.04787 0.90913 0.28137 0.2727973386564482 0.2898471723224762 0.1363986693282241
v -0.04768 -0.1 0.28544 0.2727973386564482 0.2898471723224762 0.1363986693282241
v -0.02268 -0.1 0.26044 0.2727973386564482 0.2898471723224762 0.1363986693282241
v -0.02644 0.90858 0.26044 0.2727973386564482 0.2898471723224762 0.1363986693282241
v -0.02644 0.90858 0.26044 0.3050533590156069 0.3241191939540823 0.15252667950780344
v 0.13272 1.58627 0.39259 0.3050533590156069 0.3241191939540823 0.15252667950780344
v 0.1403 1.58262 0.40044 0.3050533590156069 0.3241191939540823 0.15252667950780344
v -0.02644 0.90858 0.26044 0.3050533590156069 0.3241191939540823 0.15252667950780344
v -0.0475 0.91257 0.23951 0.3050533590156069 0.3241191939540823 0.15252667950780344
v 0.13272 1.58627 0.39259 0.3050533590156069 0.3241191939540823 0.15252667950780344
v -0.0475 0.91257 0.23951 0.2698196406617506 0.2866833682031101 0.1349098203308753
v 0.12493 1.58673 0.40044 0.2698196406617506 0.2866833682031101 0.1349098203308753
v 0.13272 1.58627 0.39259 0.2698196406617506 0.2866833682031101 0.1349098203308753
v -0.0475 0.91257 0.23951 0.2698196406617506 0.2866833682031101 0.1349098203308753
v -0.06779 0.913 0.26044 0.2698196406617506 0.2866833682031101 0.1349098203308753
v 0.12493 1.58673 0.40044 0.2698196406617506 0.2866833682031101 0.1349098203308753
v -0.06779 0.913 0.26044 0.3158802311443572 0.3356227455908795 0.1579401155721786
v 0.13191 1.58323 0.40828 0.3158802311443572 0.3356227455908795 0.1579401155721786
v 0.12493 1.58673 0.40044 0.3158802311443572 0.3356227455908795 0.1579401155721786
v -0.06779 0.913 0.26044 0.3158802311443572 0.3356227455908795 0.1579401155721786
v -0.04787 0.90913 0.28137 0.3158802311443572 0.3356227455908795 0.1579401155721786
v 0.13191 1.58323 0.40828 0.3158802311443572 0.3356227455908795 0.1579401155721786
v -0.04787 0.90913 0.28137 0.29089952721387946 0.3090807476647469 0.14544976360693973
v 0.1403 1.58262 0.40044 0.29089952721387946 0.3090807476647469 0.14544976360693973
v 0.13191 1.58323 0.40828 0.29089952721387946 0.3090807476647469 0.14544976360693973
v -0.04787 0.90913 0.28137 0.29089952721387946 0.3090807476647469 0.14544976360693973
v -0.02644 0.90858 0.26044 0.29089952721387946 0.3090807476647469 0.14544976360693973
v 0.1403 1.58262 0.40044 0.29089952721387946 0.3090807476647469 0.14544976360693973
v 0.19732 1.58475 0.40044 0.2688 0.21 0.1344
v 0.14126 1.88475 0.37191 0.2688 0.21 0.1344
v 0.16284 1.88475 0.40044 0.2688 0.21 0.1344
v 0.19732 1.58475 0.40044 0.2688 0.21 0.1344
v 0.15154 1.58475 0.33862 0.2688 0.21 0.1344
v 0.14126 1.88475 0.37191 0.2688 0.21 0.1344
v 0.15154 1.58475 0.33862 0.31113327669410845 0.24307287241727224 0.15556663834705423
v 0.10895 1.88475 0.3828 0.31113327669410845 0.24307287241727224 0.15556663834705423
v 0.14126 1.88475 0.37191 0.31113327669410845 0.24307287241727224 0.15556663834705423
v 0.15154 1.58475 0.33862 0.31113327669410845 0.24307287241727224 0.15556663834705423
v 0.08102 1.58475 0.36223 0.31113327669410845 0.24307287241727224 0.15556663834705423
v 0.10895 1.88475 0.3828 0.31113327669410845 0.24307287241727224 0.15556663834705423
v 0.08102 1.58475 0.36223 0.2981248008655005 0.23291000067617226 0.14906240043275026
v 0.10771 1.88475 0.41807 0.2981248008655005 0.23291000067617226 0.14906240043275026
v 0.10895 1.88475 0.3828 0.2981248008655005 0.23291000067617226 0.14906240043275026
v 0.08102 1.58475 0.36223 0.2981248008655005 0.23291000067617226 0.14906240043275026
v 0.07819 1.58475 0.43864 0.2981248008655005 0.23291000067617226 0.14906240043275026
v 0.10771 1.88475 0.41807 0.2981248008655005 0.23291000067617226 0.14906240043275026
v 0.07819 1.58475 0.43864 0.2727973386564482 0.21312292082535014 0.1363986693282241
v 0.142 1.88475 0.42897 0.2727973386564482 0.21312292082535014 0.1363986693282241
v 0.10771 1.88475 0.41807 0.2727973386564482 0.21312292082535014 0.1363986693282241
v 0.07819 1.58475 0.43864 0.2727973386564482 0.21312292082535014 0.1363986693282241
v 0.15323 1.58475 0.46226 0.2727973386564482 0.21312292082535014 0.1363986693282241
v 0.142 1.88475 0.42897 0.2727973386564482 0.21312292082535014 0.1363986693282241
v 0.15323 1.58475 0.46226 0.31891608269627864 0.24915318960646768 0.15945804134813932
v 0.16284 1.88475 0.40044 0.31891608269627864 0.24915318960646768 0.15945804134813932
v 0.142 1.88475 0.42897 0.31891608269627864 0.24915318960646768 0.15945804134813932
v 0.15323 1.58475 0.46226 0.31891608269627864 0.24915318960646768 0.15945804134813932
v 0.19732 1.58475 0.40044 0.31891608269627864 0.24915318960646768 0.15945804134813932
v 0.16284 1.88475 0.40044 0.31891608269627864 0.24915318960646768 0.15945804134813932
v -0.04768 0.23695 0.26044 0.28 0.35 0.15
v 0.33632 0.27763 0.26044 0.28 0.35 0.15
v 0.33632 0.24613 0.32544 0.28 0.35 0.15
v -0.04768 0.23695 0.26044 0.23800000000000002 0.2975 0.1275
v 0.33632 0.18113 0.19544 0.23800000000000002 0.2975 0.1275
v 0.33632 0.27763 0.26044 0.23800000000000002 0.2975 0.1275
v 0.33632 0.27763 0.26044 0.28 0.35 0.15
v 0.75232 0.18837 0.26044 0.28 0.35 0.15
v 0.33632 0.24613 0.32544 0.28 0.35 0.15
v 0.33632 0.27763 0.26044 0.23800000000000002 0.2975 0.1275
v 0.33632 0.18113 0.19544 0.23800000000000002 0.2975 0.1275
v 0.75232 0.18837 0.26044 0.23800000000000002 0.2975 0.1275
v -0.04768 0.52336 0.26044 0.28 0.35 0.15
v 0.15979 0.83059 0.58356 0.28 0.35 0.15
v 0.1051 0.74791 0.61868 0.28 0.35 0.15
v -0.04768 0.52336 0.26044 0.23800000000000002 0.2975 0.1275
v 0.21449 0.78528 0.54844 0.23800000000000002 0.2975 0.1275
v 0.15979 0.83059 0.58356 0.23800000000000002 0.2975 0.1275
v 0.15979 0.83059 0.58356 0.28 0.35 0.15
v 0.38456 1.0301 0.93361 0.28 0.35 0.15
v 0.1051 0.74791 0.61868 0.28 0.35 0.15
v 0.15979 0.83059 0.58356 0.23800000000000002 0.2975 0.1275
v 0.21449 0.78528 0.54844 0.23800000000000002 0.2975 0.1275
v 0.38456 1.0301 0.93361 0.23800000000000002 0.2975 0.1275
v -0.04768 0.80977 0.26044 0.28 0.35 0.15
v -0.20748 1.12344 0.60961 0.28 0.35 0.15
v -0.26659 1.04842 0.58256 0.28 0.35 0.15
v -0.04768 0.80977 0.26044 0.23800000000000002 0.2975 0.1275
v -0.14838 1.07047 0.63666 0.23800000000000002 0.2975 0.1275
v -0.20748 1.12344 0.60961 0.23800000000000002 0.2975 0.1275
v -0.20748 1.12344 0.60961 0.28 0.35 0.15
v -0.3806 1.32993 0.98788 0.28 0.35 0.15
v -0.26659 1.04842 0.58256 0.28 0.35 0.15
v -0.20748 1.12344 0.60961 0.23800000000000002 0.2975 0.1275
v -0.14838 1.07047 0.63666 0.23800000000000002 0.2975 0.1275
v -0.3806 1.32993 0.98788 0.23800000000000002 0.2975 0.1275
v 0.86505 -0.1 -0.9663 0.2688 0.2856 0.1344
v 0.84014 1.3323 -0.98726 0.2688 0.2856 0.1344
v 0.86136 1.32947 -0.9663 0.2688 0.2856 0.1344
v 0.86505 -0.1 -0.9663 0.2688 0.2856 0.1344
v 0.84005 -0.1 -0.9913 0.2688 0.2856 0.1344
v 0.84014 1.3323 -0.98726 0.2688 0.2856 0.1344
v 0.84005 -0.1 -0.9913 0.31113327669410845 0.3305791064874903 0.15556663834705423
v 0.81989 1.3326 -0.9663 0.31113327669410845 0.3305791064874903 0.15556663834705423
v 0.84014 1.3323 -0.98726 0.31113327669410845 0.3305791064874903 0.15556663834705423
v 0.84005 -0.1 -0.9913 0.31113327669410845 0.3305791064874903 0.15556663834705423
v 0.81566 -0.1 -0.9663 0.31113327669410845 0.3305791064874903 0.15556663834705423
v 0.81989 1.3326 -0.9663 0.31113327669410845 0.3305791064874903 0.15556663834705423
v 0.81566 -0.1 -0.9663 0.2981248008655005 0.3167576009195943 0.14906240043275026
v 0.83996 1.32986 -0.94533 0.2981248008655005 0.3167576009195943 0.14906240043275026
v 0.81989 1.3326 -0.9663 0.2981248008655005 0.3167576009195943 0.14906240043275026
v 0.81566 -0.1 -0.9663 0.2981248008655005 0.3167576009195943 0.14906240043275026
v 0.84005 -0.1 -0.9413 0.2981248008655005 0.3167576009195943 0.14906240043275026
v 0.83996 1.32986 -0.94533 0.2981248008655005 0.3167576009195943 0.14906240043275026
v 0.84005 -0.1 -0.9413 0.2727973386564482 0.2898471723224762 0.1363986693282241
v 0.86136 1.32947 -0.9663 0.2727973386564482 0.2898471723224762 0.1363986693282241
v 0.83996 1.32986 -0.94533 0.2727973386564482 0.2898471723224762 0.1363986693282241
v 0.84005 -0.1 -0.9413 0.2727973386564482 0.2898471723224762 0.1363986693282241
v 0.86505 -0.1 -0.9663 0.2727973386564482 0.2898471723224762 0.1363986693282241
v 0.86136 1.32947 -0.9663 0.2727973386564482 0.2898471723224762 0.1363986693282241
v 0.86136 1.32947 -0.9663 0.3050533590156069 0.3241191939540823 0.15252667950780344
v 1.02026 2.28625 -0.83421 0.3050533590156069 0.3241191939540823 0.15252667950780344
v 1.02816 2.2836 -0.8263 0.3050533590156069 0.3241191939540823 0.15252667950780344
v 0.86136 1.32947 -0.9663 0.3050533590156069 0.3241191939540823 0.15252667950780344
v 0.84014 1.3323 -0.98726 0.3050533590156069 0.3241191939540823 0.15252667950780344
v 1.02026 2.28625 -0.83421 0.3050533590156069 0.3241191939540823 0.15252667950780344
v 0.84014 1.3323 -0.98726 0.2698196406617506 0.2866833682031101 0.1349098203308753
v 1.01253 2.28655 -0.8263 0.2698196406617506 0.2866833682031101 0.1349098203308753
v 1.02026 2.28625 -0.83421 0.2698196406617506 0.2866833682031101 0.1349098203308753
v 0.84014 1.3323 -0.98726 0.2698196406617506 0.2866833682031101 0.1349098203308753
v 0.81989 1.3326 -0.9663 0.2698196406617506 0.2866833682031101 0.1349098203308753
v 1.01253 2.28655 -0.8263 0.2698196406617506 0.2866833682031101 0.1349098203308753
v 0.81989 1.3326 -0.9663 0.3158802311443572 0.3356227455908795 0.1579401155721786
v 1.01984 2.28401 -0.81838 0.3158802311443572 0.3356227455908795 0.1579401155721786
v 1.01253 2.28655 -0.8263 0.3158802311443572 0.3356227455908795 0.1579401155721786
v 0.81989 1.3326 -0.9663 0.3158802311443572 0.3356227455908795 0.1579401155721786
v 0.83996 1.32986 -0.94533 0.3158802311443572 0.3356227455908795 0.1579401155721786
v 1.01984 2.28401 -0.81838 0.3158802311443572 0.3356227455908795 0.1579401155721786
v 0.83996 1.32986 -0.94533 0.29089952721387946 0.3090807476647469 0.14544976360693973
v 1.02816 2.2836 -0.8263 0.29089952721387946 0.3090807476647469 0.14544976360693973
v 1.01984 2.28401 -0.81838 0.29089952721387946 0.3090807476647469 0.14544976360693973
v 0.83996 1.32986 -0.94533 0.29089952721387946 0.3090807476647469 0.14544976360693973
v 0.86136 1.32947 -0.9663 0.29089952721387946 0.3090807476647469 0.14544976360693973
v 1.02816 2.2836 -0.8263 0.29089952721387946 0.3090807476647469 0.14544976360693973
v 1.08505 2.28513 -0.8263 0.2688 0.21 0.1344
v 1.029 2.58513 -0.85483 0.2688 0.21 0.1344
v 1.05057 2.58513 -0.8263 0.2688 0.21 0.1344
v 1.08505 2.28513 -0.8263 0.2688 0.21 0.1344
v 1.03927 2.28513 -0.88812 0.2688 0.21 0.1344
v 1.029 2.58513 -0.85483 0.2688 0.21 0.1344
v 1.03927 2.28513 -0.88812 0.31113327669410845 0.24307287241727224 0.15556663834705423
v 0.99668 2.58513 -0.84393 0.31113327669410845 0.24307287241727224 0.15556663834705423
v 1.029 2.58513 -0.85483 0.31113327669410845 0.24307287241727224 0.15556663834705423
v 1.03927 2.28513 -0.88812 0.31113327669410845 0.24307287241727224 0.15556663834705423
v 0.96875 2.28513 -0.8645 0.31113327669410845 0.24307287241727224 0.15556663834705423
v 0.99668 2.58513 -0.84393 0.31113327669410845 0.24307287241727224 0.15556663834705423
v 0.96875 2.28513 -0.8645 0.2981248008655005 0.23291000067617226 0.14906240043275026
v 0.99545 2.58513 -0.80866 0.2981248008655005 0.23291000067617226 0.14906240043275026
v 0.99668 2.58513 -0.84393 0.2981248008655005 0.23291000067617226 0.14906240043275026
v 0.96875 2.28513 -0.8645 0.2981248008655005 0.23291000067617226 0.14906240043275026
v 0.96592 2.28513 -0.78809 0.2981248008655005 0.23291000067617226 0.14906240043275026
v 0.99545 2.58513 -0.80866 0.2981248008655005 0.23291000067617226 0.14906240043275026
v 0.96592 2.28513 -0.78809 0.2727973386564482 0.21312292082535014 0.1363986693282241
v 1.02974 2.58513 -0.79777 0.2727973386564482 0.21312292082535014 0.1363986693282241
v 0.99545 2.58513 -0.80866 0.2727973386564482 0.21312292082535014 0.1363986693282241
v 0.96592 2.28513 -0.78809 0.2727973386564482 0.21312292082535014 0.1363986693282241
v 1.04096 2.28513 -0.76448 0.2727973386564482 0.21312292082535014 0.1363986693282241
v 1.02974 2.58513 -0.79777 0.2727973386564482 0.21312292082535014 0.1363986693282241
v 1.04096 2.28513 -0.76448 0.31891608269627864 0.24915318960646768 0.15945804134813932
v 1.05057 2.58513 -0.8263 0.31891608269627864 0.24915318960646768 0.15945804134813932
v 1.02974 2.58513 -0.79777 0.31891608269627864 0.24915318960646768 0.15945804134813932
v 1.04096 2.28513 -0.76448 0.31891608269627864 0.24915318960646768 0.15945804134813932
v 1.08505 2.28513 -0.8263 0.31891608269627864 0.24915318960646768 0.15945804134813932
v 1.05057 2.58513 -0.8263 0.31891608269627864 0.24915318960646768 0.15945804134813932
v 0.84005 0.37703 -0.9663 0.28 0.35 0.15
v 0.5842 0.31047 -0.67995 0.28 0.35 0.15
v 0.53573 0.21397 -0.72325 0.28 0.35 0.15
v 0.84005 0.37703 -0.9663 0.23800000000000002 0.2975 0.1275
v 0.63267 0.27897 -0.63664 0.23800000000000002 0.2975 0.1275
v 0.5842 0.31047 -0.67995 0.23800000000000002 0.2975 0.1275
v 0.5842 0.31047 -0.67995 0.28 0.35 0.15
v 0.30703 0.10504 -0.36973 0.28 0.35 0.15
v 0.53573 0.21397 -0.72325 0.28 0.35 0.15
v 0.5842 0.31047 -0.67995 0.23800000000000002 0.2975 0.1275
v 0.63267 0.27897 -0.63664 0.23800000000000002 0.2975 0.1275
v 0.30703 0.10504 -0.36973 0.23800000000000002 0.2975 0.1275
v 0.84005 0.7825 -0.9663 0.28 0.35 0.15
v 0.46086 1.01298 -1.02687 0.28 0.35 0.15
v 0.47111 0.96752 -1.09106 0.28 0.35 0.15
v 0.84005 0.7825 -0.9663 0.23800000000000002 0.2975 0.1275
v 0.4506 0.93044 -0.96268 0.23800000000000002 0.2975 0.1275
v 0.46086 1.01298 -1.02687 0.23800000000000002 0.2975 0.1275
v 0.46086 1.01298 -1.02687 0.28 0.35 0.15
v 0.05006 1.12933 -1.09249 0.28 0.35 0.15
v 0.47111 0.96752 -1.09106 0.28 0.35 0.15
v 0.46086 1.01298 -1.02687 0.23800000000000002 0.2975 0.1275
v 0.4506 0.93044 -0.96268 0.23800000000000002 0.2975 0.1275
v 0.05006 1.12933 -1.09249 0.23800000000000002 0.2975 0.1275
v 0.84005 1.18797 -0.9663 0.28 0.35 0.15
v 0.68614 1.53745 -1.3181 0.28 0.35 0.15
v 0.74569 1.48463 -1.34416 0.28 0.35 0.15
v 0.84005 1.18797 -0.9663 0.23800000000000002 0.2975 0.1275
v 0.62659 1.46227 -1.29205 0.23800000000000002 0.2975 0.1275
v 0.68614 1.53745 -1.3181 0.23800000000000002 0.2975 0.1275
v 0.68614 1.53745 -1.3181 0.28 0.35 0.15
v 0.51941 1.78272 -1.69923 0.28 0.35 0.15
v 0.74569 1.48463 -1.34416 0.28 0.35 0.15
v 0.68614 1.53745 -1.3181 0.23800000000000002 0.2975 0.1275
v 0.62659 1.46227 -1.29205 0.23800000000000002 0.2975 0.1275
v 0.51941 1.78272 -1.69923 0.23800000000000002 0.2975 0.1275
v 0.43323 -0.1 0.60799 0.2688 0.2856 0.1344
v 0.40834 1.19958 0.58703 0.2688 0.2856 0.1344
v 0.42952 1.19646 0.60799 0.2688 0.2856 0.1344
v 0.43323 -0.1 0.60799 0.2688 0.2856 0.1344
v 0.40823 -0.1 0.58299 0.2688 0.2856 0.1344
v 0.40834 1.19958 0.58703 0.2688 0.2856 0.1344
v 0.40823 -0.1 0.58299 0.31113327669410845 0.3305791064874903 0.15556663834705423
v 0.38808 1.19991 0.60799 0.31113327669410845 0.3305791064874903 0.15556663834705423
v 0.40834 1.19958 0.58703 0.31113327669410845 0.3305791064874903 0.15556663834705423
v 0.40823 -0.1 0.58299 0.31113327669410845 0.3305791064874903 0.15556663834705423
v 0.38384 -0.1 0.60799 0.31113327669410845 0.3305791064874903 0.15556663834705423
v 0.38808 1.19991 0.60799 0.31113327669410845 0.3305791064874903 0.15556663834705423
v 0.38384 -0.1 0.60799 0.2981248008655005 0.3167576009195943 0.14906240043275026
v 0.40812 1.19689 0.62895 0.2981248008655005 0.3167576009195943 0.14906240043275026
v 0.38808 1.19991 0.60799 0.2981248008655005 0.3167576009195943 0.14906240043275026
v 0.38384 -0.1 0.60799 0.2981248008655005 0.3167576009195943 0.14906240043275026
v 0.40823 -0.1 0.63299 0.2981248008655005 0.3167576009195943 0.14906240043275026
v 0.40812 1.19689 0.62895 0.2981248008655005 0.3167576009195943 0.14906240043275026
v 0.40823 -0.1 0.63299 0.2727973386564482 0.2898471723224762 0.1363986693282241
v 0.42952 1.19646 0.60799 0.2727973386564482 0.2898471723224762 0.1363986693282241
v 0.40812 1.19689 0.62895 0.2727973386564482 0.2898471723224762 0.1363986693282241
v 0.40823 -0.1 0.63299 0.2727973386564482 0.2898471723224762 0.1363986693282241
v 0.43323 -0.1 0.60799 0.2727973386564482 0.2898471723224762 0.1363986693282241
v 0.42952 1.19646 0.60799 0.2727973386564482 0.2898471723224762 0.1363986693282241
v 0.42952 1.19646 0.60799 0.3050533590156069 0.3241191939540823 0.15252667950780344
v 0.58848 2.06495 0.74009 0.3050533590156069 0.3241191939540823 0.15252667950780344
v 0.59631 2.06205 0.74799 0.3050533590156069 0.3241191939540823 0.15252667950780344
v 0.42952 1.19646 0.60799 0.3050533590156069 0.3241191939540823 0.15252667950780344
v 0.40834 1.19958 0.58703 0.3050533590156069 0.3241191939540823 0.15252667950780344
v 0.58848 2.06495 0.74009 0.3050533590156069 0.3241191939540823 0.15252667950780344
v 0.40834 1.19958 0.58703 0.2698196406617506 0.2866833682031101 0.1349098203308753
v 0.58074 2.06528 0.74799 0.2698196406617506 0.2866833682031101 0.1349098203308753
v 0.58848 2.06495 0.74009 0.2698196406617506 0.2866833682031101 0.1349098203308753
v 0.40834 1.19958 0.58703 0.2698196406617506 0.2866833682031101 0.1349098203308753
v 0.38808 1.19991 0.60799 0.2698196406617506 0.2866833682031101 0.1349098203308753
v 0.58074 2.06528 0.74799 0.2698196406617506 0.2866833682031101 0.1349098203308753
v 0.38808 1.19991 0.60799 0.3158802311443572 0.3356227455908795 0.1579401155721786
v 0.58797 2.0625 0.75589 0.3158802311443572 0.3356227455908795 0.1579401155721786
v 0.58074 2.06528 0.74799 0.3158802311443572 0.3356227455908795 0.1579401155721786
v 0.38808 1.19991 0.60799 0.3158802311443572 0.3356227455908795 0.1579401155721786
v 0.40812 1.19689 0.62895 0.3158802311443572 0.3356227455908795 0.1579401155721786
v 0.58797 2.0625 0.75589 0.3158802311443572 0.3356227455908795 0.1579401155721786
v 0.40812 1.19689 0.62895 0.29089952721387946 0.3090807476647469 0.14544976360693973
v 0.59631 2.06205 0.74799 0.29089952721387946 0.3090807476647469 0.14544976360693973
v 0.58797 2.0625 0.75589 0.29089952721387946 0.3090807476647469 0.14544976360693973
v 0.40812 1.19689 0.62895 0.29089952721387946 0.3090807476647469 0.14544976360693973
v 0.42952 1.19646 0.60799 0.29089952721387946 0.3090807476647469 0.14544976360693973
v 0.59631 2.06205 0.74799 0.29089952721387946 0.3090807476647469 0.14544976360693973
v 0.65323 2.06373 0.74799 0.2688 0.21 0.1344
v 0.59718 2.36373 0.71946 0.2688 0.21 0.1344
v 0.61875 2.36373 0.74799 0.2688 0.21 0.1344
v 0.65323 2.06373 0.74799 0.2688 0.21 0.1344
v 0.60745 2.06373 0.68617 0.2688 0.21 0.1344
v 0.59718 2.36373 0.71946 0.2688 0.21 0.1344
v 0.60745 2.06373 0.68617 0.31113327669410845 0.24307287241727224 0.15556663834705423
v 0.56486 2.36373 0.73036 0.31113327669410845 0.24307287241727224 0.15556663834705423
v 0.59718 2.36373 0.71946 0.31113327669410845 0.24307287241727224 0.15556663834705423
v 0.60745 2.06373 0.68617 0.31113327669410845 0.24307287241727224 0.15556663834705423
v 0.53693 2.06373 0.70978 0.31113327669410845 0.24307287241727224 0.15556663834705423
v 0.56486 2.36373 0.73036 0.31113327669410845 0.24307287241727224 0.15556663834705423
v 0.53693 2.06373 0.70978 0.2981248008655005 0.23291000067617226 0.14906240043275026
v 0.56363 2.36373 0.76562 0.2981248008655005 0.23291000067617226 0.14906240043275026
v 0.56486 2.36373 0.73036 0.2981248008655005 0.23291000067617226 0.14906240043275026
v 0.53693 2.06373 0.70978 0.2981248008655005 0.23291000067617226 0.14906240043275026
v 0.5341 2.06373 0.7862 0.2981248008655005 0.23291000067617226 0.14906240043275026
v 0.56363 2.36373 0.76562 0.2981248008655005 0.23291000067617226 0.14906240043275026
v 0.5341 2.06373 0.7862 0.2727973386564482 0.21312292082535014 0.1363986693282241
v 0.59792 2.36373 0.77652 0.2727973386564482 0.21312292082535014 0.1363986693282241
v 0.56363 2.36373 0.76562 0.2727973386564482 0.21312292082535014 0.1363986693282241
v 0.5341 2.06373 0.7862 0.2727973386564482 0.21312292082535014 0.1363986693282241
v 0.60914 2.06373 0.80981 0.2727973386564482 0.21312292082535014 0.1363986693282241
v 0.59792 2.36373 0.77652 0.2727973386564482 0.21312292082535014 0.1363986693282241
v 0.60914 2.06373 0.80981 0.31891608269627864 0.24915318960646768 0.15945804134813932
v 0.61875 2.36373 0.74799 0.31891608269627864 0.24915318960646768 0.15945804134813932
v 0.59792 2.36373 0.77652 0.31891608269627864 0.24915318960646768 0.15945804134813932
v 0.60914 2.06373 0.80981 0.31891608269627864 0.24915318960646768 0.15945804134813932
v 0.65323 2.06373 0.74799 0.31891608269627864 0.24915318960646768 0.15945804134813932
v 0.61875 2.36373 0.74799 0.31891608269627864 0.24915318960646768 0.15945804134813932
v 0.40823 0.33275 0.60799 0.28 0.35 0.15
v 0.36516 0.38567 0.22641 0.28 0.35 0.15
v 0.42975 0.35417 0.21912 0.28 0.35 0.15
v 0.40823 0.33275 0.60799 0.23800000000000002 0.2975 0.1275
v 0.30057 0.28917 0.2337 0.23800000000000002 0.2975 0.1275
v 0.36516 0.38567 0.22641 0.23800000000000002 0.2975 0.1275
v 0.36516 0.38567 0.22641 0.28 0.35 0.15
v 0.31851 0.30967 -0.18696 0.28 0.35 0.15
v 0.42975 0.35417 0.21912 0.28 0.35 0.15
v 0.36516 0.38567 0.22641 0.23800000000000002 0.2975 0.1275
v 0.30057 0.28917 0.2337 0.23800000000000002 0.2975 0.1275
v 0.31851 0.30967 -0.18696 0.23800000000000002 0.2975 0.1275
v 0.40823 0.70058 0.60799 0.28 0.35 0.15
v 0.70605 0.50469 0.36558 0.28 0.35 0.15
v 0.74708 0.42229 0.416 0.28 0.35 0.15
v 0.40823 0.70058 0.60799 0.23800000000000002 0.2975 0.1275
v 0.66501 0.45909 0.31517 0.23800000000000002 0.2975 0.1275
v 0.70605 0.50469 0.36558 0.23800000000000002 0.2975 0.1275
v 0.70605 0.50469 0.36558 0.28 0.35 0.15
v 1.02868 0.15914 0.10298 0.28 0.35 0.15
v 0.74708 0.42229 0.416 0.28 0.35 0.15
v 0.70605 0.50469 0.36558 0.23800000000000002 0.2975 0.1275
v 0.66501 0.45909 0.31517 0.23800000000000002 0.2975 0.1275
v 1.02868 0.15914 0.10298 0.23800000000000002 0.2975 0.1275
v 0.40823 1.06841 0.60799 0.28 0.35 0.15
v 0.77312 0.90163 0.72762 0.28 0.35 0.15
v 0.75287 0.82629 0.78939 0.28 0.35 0.15
v 0.40823 1.06841 0.60799 0.23800000000000002 0.2975 0.1275
v 0.79337 0.84897 0.66586 0.23800000000000002 0.2975 0.1275
v 0.77312 0.90163 0.72762 0.23800000000000002 0.2975 0.1275
v 0.77312 0.90163 0.72762 0.28 0.35 0.15
v 1.16841 0.58762 0.85722 0.28 0.35 0.15
v 0.75287 0.82629 0.78939 0.28 0.35 0.15
v 0.77312 0.90163 0.72762 0.23800000000000002 0.2975 0.1275
v 0.79337 0.84897 0.66586 0.23800000000000002 0.2975 0.1275
v 1.16841 0.58762 0.85722 0.23800000000000002 0.2975 0.1275
v -0.57227 -0.1 0.63883 0.2688 0.2856 0.1344
v -0.59713 1.0916 0.61789 0.2688 0.2856 0.1344
v -0.57599 1.08821 0.63883 0.2688 0.2856 0.1344
v -0.57227 -0.1 0.63883 0.2688 0.2856 0.1344
v -0.59727 -0.1 0.61383 0.2688 0.2856 0.1344
v -0.59713 1.0916 0.61789 0.2688 0.2856 0.1344
v -0.59727 -0.1 0.61383 0.31113327669410845 0.3305791064874903 0.15556663834705423
v -0.6174 1.09196 0.63883 0.31113327669410845 0.3305791064874903 0.15556663834705423
v -0.59713 1.0916 0.61789 0.31113327669410845 0.3305791064874903 0.15556663834705423
v -0.59727 -0.1 0.61383 0.31113327669410845 0.3305791064874903 0.15556663834705423
v -0.62165 -0.1 0.63883 0.31113327669410845 0.3305791064874903 0.15556663834705423
v -0.6174 1.09196 0.63883 0.31113327669410845 0.3305791064874903 0.15556663834705423
v -0.62165 -0.1 0.63883 0.2981248008655005 0.3167576009195943 0.14906240043275026
v -0.5974 1.08867 0.65978 0.2981248008655005 0.3167576009195943 0.14906240043275026
v -0.6174 1.09196 0.63883 0.2981248008655005 0.3167576009195943 0.14906240043275026
v -0.62165 -0.1 0.63883 0.2981248008655005 0.3167576009195943 0.14906240043275026
v -0.59727 -0.1 0.66383 0.2981248008655005 0.3167576009195943 0.14906240043275026
v -0.5974 1.08867 0.65978 0.2981248008655005 0.3167576009195943 0.14906240043275026
v -0.59727 -0.1 0.66383 0.2727973386564482 0.2898471723224762 0.1363986693282241
v -0.57599 1.08821 0.63883 0.2727973386564482 0.2898471723224762 0.1363986693282241
v -0.5974 1.08867 0.65978 0.2727973386564482 0.2898471723224762 0.1363986693282241
v -0.59727 -0.1 0.66383 0.2727973386564482 0.2898471723224762 0.1363986693282241
v -0.57227 -0.1 0.63883 0.2727973386564482 0.2898471723224762 0.1363986693282241
v -0.57599 1.08821 0.63883 0.2727973386564482 0.2898471723224762 0.1363986693282241
v -0.57599 1.08821 0.63883 0.3050533590156069 0.3241191939540823 0.15252667950780344
v -0.41697 1.88489 0.77095 0.3050533590156069 0.3241191939540823 0.15252667950780344
v -0.40921 1.88174 0.77883 0.3050533590156069 0.3241191939540823 0.15252667950780344
v -0.57599 1.08821 0.63883 0.3050533590156069 0.3241191939540823 0.15252667950780344
v -0.59713 1.0916 0.61789 0.3050533590156069 0.3241191939540823 0.15252667950780344
v -0.41697 1.88489 0.77095 0.3050533590156069 0.3241191939540823 0.15252667950780344
v -0.59713 1.0916 0.61789 0.2698196406617506 0.2866833682031101 0.1349098203308753
v -0.42472 1.88525 0.77883 0.2698196406617506 0.2866833682031101 0.1349098203308753
v -0.41697 1.88489 0.77095 0.2698196406617506 0.2866833682031101 0.1349098203308753
v -0.59713 1.0916 0.61789 0.2698196406617506 0.2866833682031101 0.1349098203308753
v -0.6174 1.09196 0.63883 0.2698196406617506 0.2866833682031101 0.1349098203308753
v -0.42472 1.88525 0.77883 0.2698196406617506 0.2866833682031101 0.1349098203308753
v -0.6174 1.09196 0.63883 0.3158802311443572 0.3356227455908795 0.1579401155721786
v -0.41757 1.88224 0.78672 0.3158802311443572 0.3356227455908795 0.1579401155721786
v -0.42472 1.88525 0.77883 0.3158802311443572 0.3356227455908795 0.1579401155721786
v -0.6174 1.09196 0.63883 0.3158802311443572 0.3356227455908795 0.1579401155721786
v -0.5974 1.08867 0.65978 0.3158802311443572 0.3356227455908795 0.1579401155721786
v -0.41757 1.88224 0.78672 0.3158802311443572 0.3356227455908795 0.1579401155721786
v -0.5974 1.08867 0.65978 0.29089952721387946 0.3090807476647469 0.14544976360693973
v -0.40921 1.88174 0.77883 0.29089952721387946 0.3090807476647469 0.14544976360693973
v -0.41757 1.88224 0.78672 0.29089952721387946 0.3090807476647469 0.14544976360693973
v -0.5974 1.08867 0.65978 0.29089952721387946 0.3090807476647469 0.14544976360693973
v -0.57599 1.08821 0.63883 0.29089952721387946 0.3090807476647469 0.14544976360693973
v -0.40921 1.88174 0.77883 0.29089952721387946 0.3090807476647469 0.14544976360693973
v -0.35227 1.88356 0.77883 0.2688 0.21 0.1344
v -0.40832 2.18356 0.7503 0.2688 0.21 0.1344
v -0.38674 2.18356 0.77883 0.2688 0.21 0.1344
v -0.35227 1.88356 0.77883 0.2688 0.21 0.1344
v -0.39805 1.88356 0.71702 0.2688 0.21 0.1344
v -0.40832 2.18356 0.7503 0.2688 0.21 0.1344
v -0.39805 1.88356 0.71702 0.31113327669410845 0.24307287241727224 0.15556663834705423
v -0.44063 2.18356 0.7612 0.31113327669410845 0.24307287241727224 0.15556663834705423
v -0.40832 2.18356 0.7503 0.31113327669410845 0.24307287241727224 0.15556663834705423
v -0.39805 1.88356 0.71702 0.31113327669410845 0.24307287241727224 0.15556663834705423
v -0.46856 1.88356 0.74063 0.31113327669410845 0.24307287241727224 0.15556663834705423
v -0.44063 2.18356 0.7612 0.31113327669410845 0.24307287241727224 0.15556663834705423
v -0.46856 1.88356 0.74063 0.2981248008655005 0.23291000067617226 0.14906240043275026
v -0.44187 2.18356 0.79647 0.2981248008655005 0.23291000067617226 0.14906240043275026
v -0.44063 2.18356 0.7612 0.2981248008655005 0.23291000067617226 0.14906240043275026
v -0.46856 1.88356 0.74063 0.2981248008655005 0.23291000067617226 0.14906240043275026
v -0.47139 1.88356 0.81704 0.2981248008655005 0.23291000067617226 0.14906240043275026
v -0.44187 2.18356 0.79647 0.2981248008655005 0.23291000067617226 0.14906240043275026
v -0.47139 1.88356 0.81704 0.2727973386564482 0.21312292082535014 0.1363986693282241
v -0.40758 2.18356 0.80737 0.2727973386564482 0.21312292082535014 0.1363986693282241
v -0.44187 2.18356 0.79647 0.2727973386564482 0.21312292082535014 0.1363986693282241
v -0.47139 1.88356 0.81704 0.2727973386564482 0.21312292082535014 0.1363986693282241
v -0.39635 1.88356 0.84065 0.2727973386564482 0.21312292082535014 0.1363986693282241
v -0.40758 2.18356 0.80737 0.2727973386564482 0.21312292082535014 0.1363986693282241
v -0.39635 1.88356 0.84065 0.31891608269627864 0.24915318960646768 0.15945804134813932
v -0.38674 2.18356 0.77883 0.31891608269627864 0.24915318960646768 0.15945804134813932
v -0.40758 2.18356 0.80737 0.31891608269627864 0.24915318960646768 0.15945804134813932
v -0.39635 1.88356 0.84065 0.31891608269627864 0.24915318960646768 0.15945804134813932
v -0.35227 1.88356 0.77883 0.31891608269627864 0.24915318960646768 0.15945804134813932
v -0.38674 2.18356 0.77883 0.31891608269627864 0.24915318960646768 0.15945804134813932
v -0.59727 0.29671 0.63883 0.28 0.35 0.15
v -0.28403 0.24122 0.86096 0.28 0.35 0.15
v -0.32163 0.14472 0.91398 0.28 0.35 0.15
v -0.59727 0.29671 0.63883 0.23800000000000002 0.2975 0.1275
v -0.24643 0.20972 0.80793 0.23800000000000002 0.2975 0.1275
v -0.28403 0.24122 0.86096 0.23800000000000002 0.2975 0.1275
v -0.28403 0.24122 0.86096 0.28 0.35 0.15
v 0.05531 0.04777 1.10159 0.28 0.35 0.15
v -0.32163 0.14472 0.91398 0.28 0.35 0.15
v -0.28403 0.24122 0.86096 0.23800000000000002 0.2975 0.1275
v -0.24643 0.20972 0.80793 0.23800000000000002 0.2975 0.1275
v 0.05531 0.04777 1.10159 0.23800000000000002 0.2975 0.1275
v -0.59727 0.63392 0.63883 0.28 0.35 0.15
v -0.61493 0.87426 1.02243 0.28 0.35 0.15
v -0.67986 0.82853 1.01944 0.28 0.35 0.15
v -0.59727 0.63392 0.63883 0.23800000000000002 0.2975 0.1275
v -0.55 0.792 1.02542 0.23800000000000002 0.2975 0.1275
v -0.61493 0.87426 1.02243 0.23800000000000002 0.2975 0.1275
v -0.61493 0.87426 1.02243 0.28 0.35 0.15
v -0.63407 1.0013 1.43799 0.28 0.35 0.15
v -0.67986 0.82853 1.01944 0.28 0.35 0.15
v -0.61493 0.87426 1.02243 0.23800000000000002 0.2975 0.1275
v -0.55 0.792 1.02542 0.23800000000000002 0.2975 0.1275
v -0.63407 1.0013 1.43799 0.23800000000000002 0.2975 0.1275
v -0.59727 0.97112 0.63883 0.28 0.35 0.15
v -0.92959 1.31873 0.83123 0.28 0.35 0.15
v -0.96216 1.26623 0.77497 0.28 0.35 0.15
v -0.59727 0.97112 0.63883 0.23800000000000002 0.2975 0.1275
v -0.89703 1.24323 0.88748 0.23800000000000002 0.2975 0.1275
v -0.92959 1.31873 0.83123 0.23800000000000002 0.2975 0.1275
v -0.92959 1.31873 0.83123 0.28 0.35 0.15
v -1.28961 1.56196 1.03965 0.28 0.35 0.15
v -0.96216 1.26623 0.77497 0.28 0.35 0.15
v -0.92959 1.31873 0.83123 0.23800000000000002 0.2975 0.1275
v -0.89703 1.24323 0.88748 0.23800000000000002 0.2975 0.1275
v -1.28961 1.56196 1.03965 0.23800000000000002 0.2975 0.1275
v -0.68014 -0.1 0.72266 0.2688 0.2856 0.1344
v -0.70496 0.9385 0.70173 0.2688 0.2856 0.1344
v -0.68389 0.93461 0.72266 0.2688 0.2856 0.1344
v -0.68014 -0.1 0.72266 0.2688 0.2856 0.1344
v -0.70514 -0.1 0.69766 0.2688 0.2856 0.1344
v -0.70496 0.9385 0.70173 0.2688 0.2856 0.1344
v -0.70514 -0.1 0.69766 0.31113327669410845 0.3305791064874903 0.15556663834705423
v -0.72525 0.93892 0.72266 0.31113327669410845 0.3305791064874903 0.15556663834705423
v -0.70496 0.9385 0.70173 0.31113327669410845 0.3305791064874903 0.15556663834705423
v -0.70514 -0.1 0.69766 0.31113327669410845 0.3305791064874903 0.15556663834705423
v -0.72953 -0.1 0.72266 0.31113327669410845 0.3305791064874903 0.15556663834705423
v -0.72525 0.93892 0.72266 0.31113327669410845 0.3305791064874903 0.15556663834705423
v -0.72953 -0.1 0.72266 0.2981248008655005 0.3167576009195943 0.14906240043275026
v -0.70531 0.93515 0.74359 0.2981248008655005 0.3167576009195943 0.14906240043275026
v -0.72525 0.93892 0.72266 0.2981248008655005 0.3167576009195943 0.14906240043275026
v -0.72953 -0.1 0.72266 0.2981248008655005 0.3167576009195943 0.14906240043275026
v -0.70514 -0.1 0.74766 0.2981248008655005 0.3167576009195943 0.14906240043275026
v -0.70531 0.93515 0.74359 0.2981248008655005 0.3167576009195943 0.14906240043275026
v -0.70514 -0.1 0.74766 0.2727973386564482 0.2898471723224762 0.1363986693282241
v -0.68389 0.93461 0.72266 0.2727973386564482 0.2898471723224762 0.1363986693282241
v -0.70531 0.93515 0.74359 0.2727973386564482 0.2898471723224762 0.1363986693282241
v -0.70514 -0.1 0.74766 0.2727973386564482 0.2898471723224762 0.1363986693282241
v -0.68014 -0.1 0.72266 0.2727973386564482 0.2898471723224762 0.1363986693282241
v -0.68389 0.93461 0.72266 0.2727973386564482 0.2898471723224762 0.1363986693282241
v -0.68389 0.93461 0.72266 0.3050533590156069 0.3241191939540823 0.15252667950780344
v -0.52475 1.62953 0.85481 0.3050533590156069 0.3241191939540823 0.15252667950780344
v -0.51715 1.62596 0.86266 0.3050533590156069 0.3241191939540823 0.15252667950780344
v -0.68389 0.93461 0.72266 0.3050533590156069 0.3241191939540823 0.15252667950780344
v -0.70496 0.9385 0.70173 0.3050533590156069 0.3241191939540823 0.15252667950780344
v -0.52475 1.62953 0.85481 0.3050533590156069 0.3241191939540823 0.15252667950780344
v -0.70496 0.9385 0.70173 0.2698196406617506 0.2866833682031101 0.1349098203308753
v -0.53254 1.62997 0.86266 0.2698196406617506 0.2866833682031101 0.1349098203308753
v -0.52475 1.62953 0.85481 0.2698196406617506 0.2866833682031101 0.1349098203308753
v -0.70496 0.9385 0.70173 0.2698196406617506 0.2866833682031101 0.1349098203308753
v -0.72525 0.93892 0.72266 0.2698196406617506 0.2866833682031101 0.1349098203308753
v -0.53254 1.62997 0.86266 0.2698196406617506 0.2866833682031101 0.1349098203308753
v -0.72525 0.93892 0.72266 0.3158802311443572 0.3356227455908795 0.1579401155721786
v -0.52553 1.62655 0.87051 0.3158802311443572 0.3356227455908795 0.1579401155721786
v -0.53254 1.62997 0.86266 0.3158802311443572 0.3356227455908795 0.1579401155721786
v -0.72525 0.93892 0.72266 0.3158802311443572 0.3356227455908795 0.1579401155721786
v -0.70531 0.93515 0.74359 0.3158802311443572 0.3356227455908795 0.1579401155721786
v -0.52553 1.62655 0.87051 0.3158802311443572 0.3356227455908795 0.1579401155721786
v -0.70531 0.93515 0.74359 0.29089952721387946 0.3090807476647469 0.14544976360693973
v -0.51715 1.62596 0.86266 0.29089952721387946 0.3090807476647469 0.14544976360693973
v -0.52553 1.62655 0.87051 0.29089952721387946 0.3090807476647469 0.14544976360693973
v -0.70531 0.93515 0.74359 0.29089952721387946 0.3090807476647469 0.14544976360693973
v -0.68389 0.93461 0.72266 0.29089952721387946 0.3090807476647469 0.14544976360693973
v -0.51715 1.62596 0.86266 0.29089952721387946 0.3090807476647469 0.14544976360693973
v -0.46014 1.62804 0.86266 0.2688 0.21 0.1344
v -0.51619 1.92804 0.83413 0.2688 0.21 0.1344
v -0.49461 1.92804 0.86266 0.2688 0.21 0.1344
v -0.46014 1.62804 0.86266 0.2688 0.21 0.1344
v -0.50592 1.62804 0.80084 0.2688 0.21 0.1344
v -0.51619 1.92804 0.83413 0.2688 0.21 0.1344
v -0.50592 1.62804 0.80084 0.31113327669410845 0.24307287241727224 0.15556663834705423
v -0.5485 1.92804 0.84503 0.31113327669410845 0.24307287241727224 0.15556663834705423
v -0.51619 1.92804 0.83413 0.31113327669410845 0.24307287241727224 0.15556663834705423
v -0.50592 1.62804 0.80084 0.31113327669410845 0.24307287241727224 0.15556663834705423
v -0.57644 1.62804 0.82446 0.31113327669410845 0.24307287241727224 0.15556663834705423
v -0.5485 1.92804 0.84503 0.31113327669410845 0.24307287241727224 0.15556663834705423
v -0.57644 1.62804 0.82446 0.2981248008655005 0.23291000067617226 0.14906240043275026
v -0.54974 1.92804 0.8803 0.2981248008655005 0.23291000067617226 0.14906240043275026
v -0.5485 1.92804 0.84503 0.2981248008655005 0.23291000067617226 0.14906240043275026
v -0.57644 1.62804 0.82446 0.2981248008655005 0.23291000067617226 0.14906240043275026
v -0.57926 1.62804 0.90087 0.2981248008655005 0.23291000067617226 0.14906240043275026
v -0.54974 1.92804 0.8803 0.2981248008655005 0.23291000067617226 0.14906240043275026
v -0.57926 1.62804 0.90087 0.2727973386564482 0.21312292082535014 0.1363986693282241
v -0.51545 1.92804 0.89119 0.2727973386564482 0.21312292082535014 0.1363986693282241
v -0.54974 1.92804 0.8803 0.2727973386564482 0.21312292082535014 0.1363986693282241
v -0.57926 1.62804 0.90087 0.2727973386564482 0.21312292082535014 0.1363986693282241
v -0.50423 1.62804 0.92448 0.2727973386564482 0.21312292082535014 0.1363986693282241
v -0.51545 1.92804 0.89119 0.2727973386564482 0.21312292082535014 0.1363986693282241
v -0.50423 1.62804 0.92448 0.31891608269627864 0.24915318960646768 0.15945804134813932
v -0.49461 1.92804 0.86266 0.31891608269627864 0.24915318960646768 0.15945804134813932
v -0.51545 1.92804 0.89119 0.31891608269627864 0.24915318960646768 0.15945804134813932
v -0.50423 1.62804 0.92448 0.31891608269627864 0.24915318960646768 0.15945804134813932
v -0.46014 1.62804 0.86266 0.31891608269627864 0.24915318960646768 0.15945804134813932
v -0.49461 1.92804 0.86266 0.31891608269627864 0.24915318960646768 0.15945804134813932
v -0.70514 0.24561 0.72266 0.28 0.35 0.15
v -1.07948 0.13951 0.80825 0.28 0.35 0.15
v -1.09397 0.108 0.74489 0.28 0.35 0.15
v -0.70514 0.24561 0.72266 0.23800000000000002 0.2975 0.1275
v -1.06499 0.04302 0.87162 0.23800000000000002 0.2975 0.1275
v -1.07948 0.13951 0.80825 0.23800000000000002 0.2975 0.1275
v -1.07948 0.13951 0.80825 0.28 0.35 0.15
v -1.48501 -0.10876 0.90097 0.28 0.35 0.15
v -1.09397 0.108 0.74489 0.28 0.35 0.15
v -1.07948 0.13951 0.80825 0.23800000000000002 0.2975 0.1275
v -1.06499 0.04302 0.87162 0.23800000000000002 0.2975 0.1275
v -1.48501 -0.10876 0.90097 0.23800000000000002 0.2975 0.1275
v -0.70514 0.53938 0.72266 0.28 0.35 0.15
v -0.97942 0.31852 0.45391 0.28 0.35 0.15
v -0.93392 0.2364 0.40748 0.28 0.35 0.15
v -0.70514 0.53938 0.72266 0.23800000000000002 0.2975 0.1275
v -1.02491 0.27264 0.50034 0.23800000000000002 0.2975 0.1275
v -0.97942 0.31852 0.45391 0.23800000000000002 0.2975 0.1275
v -0.97942 0.31852 0.45391 0.28 0.35 0.15
v -1.27655 -0.05408 0.16276 0.28 0.35 0.15
v -0.93392 0.2364 0.40748 0.28 0.35 0.15
v -0.97942 0.31852 0.45391 0.23800000000000002 0.2975 0.1275
v -1.02491 0.27264 0.50034 0.23800000000000002 0.2975 0.1275
v -1.27655 -0.05408 0.16276 0.23800000000000002 0.2975 0.1275
v -0.70514 0.83314 0.72266 0.28 0.35 0.15
v -0.62718 0.80215 0.34666 0.28 0.35 0.15
v -0.56354 0.72649 0.35985 0.28 0.35 0.15
v -0.70514 0.83314 0.72266 0.23800000000000002 0.2975 0.1275
v -0.69083 0.74981 0.33346 0.23800000000000002 0.2975 0.1275
v -0.62718 0.80215 0.34666 0.23800000000000002 0.2975 0.1275
v -0.62718 0.80215 0.34666 0.28 0.35 0.15
v -0.54273 0.63523 -0.06068 0.28 0.35 0.15
v -0.56354 0.72649 0.35985 0.28 0.35 0.15
v -0.62718 0.80215 0.34666 0.23800000000000002 0.2975 0.1275
v -0.69083 0.74981 0.33346 0.23800000000000002 0.2975 0.1275
v -0.54273 0.63523 -0.06068 0.23800000000000002 0.2975 0.1275
v 0.46758 -0.1 -0.83267 0.2688 0.2856 0.1344
v 0.44271 1.11066 -0.85362 0.2688 0.2856 0.1344
v 0.46386 1.10731 -0.83267 0.2688 0.2856 0.1344
v 0.46758 -0.1 -0.83267 0.2688 0.2856 0.1344
v 0.44258 -0.1 -0.85767 0.2688 0.2856 0.1344
v 0.44271 1.11066 -0.85362 0.2688 0.2856 0.1344
v 0.44258 -0.1 -0.85767 0.31113327669410845 0.3305791064874903 0.15556663834705423
v 0.42244 1.11101 -0.83267 0.31113327669410845 0.3305791064874903 0.15556663834705423
v 0.44271 1.11066 -0.85362 0.31113327669410845 0.3305791064874903 0.15556663834705423
v 0.44258 -0.1 -0.85767 0.31113327669410845 0.3305791064874903 0.15556663834705423
v 0.41819 -0.1 -0.83267 0.31113327669410845 0.3305791064874903 0.15556663834705423
v 0.42244 1.11101 -0.83267 0.31113327669410845 0.3305791064874903 0.15556663834705423
v 0.41819 -0.1 -0.83267 0.2981248008655005 0.3167576009195943 0.14906240043275026
v 0.44245 1.10777 -0.81172 0.2981248008655005 0.3167576009195943 0.14906240043275026
v 0.42244 1.11101 -0.83267 0.2981248008655005 0.3167576009195943 0.14906240043275026
v 0.41819 -0.1 -0.83267 0.2981248008655005 0.3167576009195943 0.14906240043275026
v 0.44258 -0.1 -0.80767 0.2981248008655005 0.3167576009195943 0.14906240043275026
v 0.44245 1.10777 -0.81172 0.2981248008655005 0.3167576009195943 0.14906240043275026
v 0.44258 -0.1 -0.80767 0.2727973386564482 0.2898471723224762 0.1363986693282241
v 0.46386 1.10731 -0.83267 0.2727973386564482 0.2898471723224762 0.1363986693282241
v 0.44245 1.10777 -0.81172 0.2727973386564482 0.2898471723224762 0.1363986693282241
v 0.44258 -0.1 -0.80767 0.2727973386564482 0.2898471723224762 0.1363986693282241
v 0.46758 -0.1 -0.83267 0.2727973386564482 0.2898471723224762 0.1363986693282241
v 0.46386 1.10731 -0.83267 0.2727973386564482 0.2898471723224762 0.1363986693282241
v 0.46386 1.10731 -0.83267 0.3050533590156069 0.3241191939540823 0.15252667950780344
v 0.62287 1.91666 -0.70056 0.3050533590156069 0.3241191939540823 0.15252667950780344
v 0.63064 1.91356 -0.69267 0.3050533590156069 0.3241191939540823 0.15252667950780344
v 0.46386 1.10731 -0.83267 0.3050533590156069 0.3241191939540823 0.15252667950780344
v 0.44271 1.11066 -0.85362 0.3050533590156069 0.3241191939540823 0.15252667950780344
v 0.62287 1.91666 -0.70056 0.3050533590156069 0.3241191939540823 0.15252667950780344
v 0.44271 1.11066 -0.85362 0.2698196406617506 0.2866833682031101 0.1349098203308753
v 0.61511 1.91702 -0.69267 0.2698196406617506 0.2866833682031101 0.1349098203308753
v 0.62287 1.91666 -0.70056 0.2698196406617506 0.2866833682031101 0.1349098203308753
v 0.44271 1.11066 -0.85362 0.2698196406617506 0.2866833682031101 0.1349098203308753
v 0.42244 1.11101 -0.83267 0.2698196406617506 0.2866833682031101 0.1349098203308753
v 0.61511 1.91702 -0.69267 0.2698196406617506 0.2866833682031101 0.1349098203308753
v 0.42244 1.11101 -0.83267 0.3158802311443572 0.3356227455908795 0.1579401155721786
v 0.62229 1.91405 -0.68478 0.3158802311443572 0.3356227455908795 0.1579401155721786
v 0.61511 1.91702 -0.69267 0.3158802311443572 0.3356227455908795 0.1579401155721786
v 0.42244 1.11101 -0.83267 0.3158802311443572 0.3356227455908795 0.1579401155721786
v 0.44245 1.10777 -0.81172 0.3158802311443572 0.3356227455908795 0.1579401155721786
v 0.62229 1.91405 -0.68478 0.3158802311443572 0.3356227455908795 0.1579401155721786
v 0.44245 1.10777 -0.81172 0.29089952721387946 0.3090807476647469 0.14544976360693973
v 0.63064 1.91356 -0.69267 0.29089952721387946 0.3090807476647469 0.14544976360693973
v 0.62229 1.91405 -0.68478 0.29089952721387946 0.3090807476647469 0.14544976360693973
v 0.44245 1.10777 -0.81172 0.29089952721387946 0.3090807476647469 0.14544976360693973
v 0.46386 1.10731 -0.83267 0.29089952721387946 0.3090807476647469 0.14544976360693973
v 0.63064 1.91356 -0.69267 0.29089952721387946 0.3090807476647469 0.14544976360693973
v 0.68758 1.91536 -0.69267 0.2688 0.21 0.1344
v 0.63153 2.21536 -0.7212 0.2688 0.21 0.1344
v 0.6531 2.21536 -0.69267 0.2688 0.21 0.1344
v 0.68758 1.91536 -0.69267 0.2688 0.21 0.1344
v 0.6418 1.91536 -0.75449 0.2688 0.21 0.1344
v 0.63153 2.21536 -0.7212 0.2688 0.21 0.1344
v 0.6418 1.91536 -0.75449 0.31113327669410845 0.24307287241727224 0.15556663834705423
v 0.59921 2.21536 -0.7103 0.31113327669410845 0.24307287241727224 0.15556663834705423
v 0.63153 2.21536 -0.7212 0.31113327669410845 0.24307287241727224 0.15556663834705423
v 0.6418 1.91536 -0.75449 0.31113327669410845 0.24307287241727224 0.15556663834705423
v 0.57128 1.91536 -0.73087 0.31113327669410845 0.24307287241727224 0.15556663834705423
v 0.59921 2.21536 -0.7103 0.31113327669410845 0.24307287241727224 0.15556663834705423
v 0.57128 1.91536 -0.73087 0.2981248008655005 0.23291000067617226 0.14906240043275026
v 0.59798 2.21536 -0.67503 0.2981248008655005 0.23291000067617226 0.14906240043275026
v 0.59921 2.21536 -0.7103 0.2981248008655005 0.23291000067617226 0.14906240043275026
v 0.57128 1.91536 -0.73087 0.2981248008655005 0.23291000067617226 0.14906240043275026
v 0.56845 1.91536 -0.65446 0.2981248008655005 0.23291000067617226 0.14906240043275026
v 0.59798 2.21536 -0.67503 0.2981248008655005 0.23291000067617226 0.14906240043275026
v 0.56845 1.91536 -0.65446 0.2727973386564482 0.21312292082535014 0.1363986693282241
v 0.63226 2.21536 -0.66414 0.2727973386564482 0.21312292082535014 0.1363986693282241
v 0.59798 2.21536 -0.67503 0.2727973386564482 0.21312292082535014 0.1363986693282241
v 0.56845 1.91536 -0.65446 0.2727973386564482 0.21312292082535014 0.1363986693282241
v 0.64349 1.91536 -0.63085 0.2727973386564482 0.21312292082535014 0.1363986693282241
v 0.63226 2.21536 -0.66414 0.2727973386564482 0.21312292082535014 0.1363986693282241
v 0.64349 1.91536 -0.63085 0.31891608269627864 0.24915318960646768 0.15945804134813932
v 0.6531 2.21536 -0.69267 0.31891608269627864 0.24915318960646768 0.15945804134813932
v 0.63226 2.21536 -0.66414 0.31891608269627864 0.24915318960646768 0.15945804134813932
v 0.64349 1.91536 -0.63085 0.31891608269627864 0.24915318960646768 0.15945804134813932
v 0.68758 1.91536 -0.69267 0.31891608269627864 0.24915318960646768 0.15945804134813932
v 0.6531 2.21536 -0.69267 0.31891608269627864 0.24915318960646768 0.15945804134813932
v 0.44258 0.30307 -0.83267 0.28 0.35 0.15
v 0.62817 0.185 -1.16884 0.28 0.35 0.15
v 0.68507 0.08851 -1.13743 0.28 0.35 0.15
v 0.44258 0.30307 -0.83267 0.23800000000000002 0.2975 0.1275
v 0.57126 0.15349 -1.20026 0.23800000000000002 0.2975 0.1275
v 0.62817 0.185 -1.16884 0.23800000000000002 0.2975 0.1275
v 0.62817 0.185 -1.16884 0.28 0.35 0.15
v 0.82922 -0.07624 -1.53303 0.28 0.35 0.15
v 0.68507 0.08851 -1.13743 0.28 0.35 0.15
v 0.62817 0.185 -1.16884 0.23800000000000002 0.2975 0.1275
v 0.57126 0.15349 -1.20026 0.23800000000000002 0.2975 0.1275
v 0.82922 -0.07624 -1.53303 0.23800000000000002 0.2975 0.1275
v 0.44258 0.64568 -0.83267 0.28 0.35 0.15
v 0.82573 0.42745 -0.85814 0.28 0.35 0.15
v 0.83004 0.38143 -0.79328 0.28 0.35 0.15
v 0.44258 0.64568 -0.83267 0.23800000000000002 0.2975 0.1275
v 0.82142 0.34546 -0.92299 0.23800000000000002 0.2975 0.1275
v 0.82573 0.42745 -0.85814 0.23800000000000002 0.2975 0.1275
v 0.82573 0.42745 -0.85814 0.28 0.35 0.15
v 1.24082 0.05769 -0.88573 0.28 0.35 0.15
v 0.83004 0.38143 -0.79328 0.28 0.35 0.15
v 0.82573 0.42745 -0.85814 0.23800000000000002 0.2975 0.1275
v 0.82142 0.34546 -0.92299 0.23800000000000002 0.2975 0.1275
v 1.24082 0.05769 -0.88573 0.23800000000000002 0.2975 0.1275
v 0.44258 0.98829 -0.83267 0.28 0.35 0.15
v 0.67103 0.97171 -0.52401 0.28 0.35 0.15
v 0.61878 0.91953 -0.48535 0.28 0.35 0.15
v 0.44258 0.98829 -0.83267 0.23800000000000002 0.2975 0.1275
v 0.72327 0.89589 -0.56268 0.23800000000000002 0.2975 0.1275
v 0.67103 0.97171 -0.52401 0.23800000000000002 0.2975 0.1275
v 0.67103 0.97171 -0.52401 0.28 0.35 0.15
v 0.91851 0.82041 -0.18964 0.28 0.35 0.15
v 0.61878 0.91953 -0.48535 0.28 0.35 0.15
v 0.67103 0.97171 -0.52401 0.23800000000000002 0.2975 0.1275
v 0.72327 0.89589 -0.56268 0.23800000000000002 0.2975 0.1275
v 0.91851 0.82041 -0.18964 0.23800000000000002 0.2975 0.1275
v -0.96431 -0.1 -0.87234 0.2688 0.2856 0.1344
v -0.98902 0.69806 -0.89323 0.2688 0.2856 0.1344
v -0.96814 0.69302 -0.87234 0.2688 0.2856 0.1344
v -0.96431 -0.1 -0.87234 0.2688 0.2856 0.1344
v -0.98931 -0.1 -0.89734 0.2688 0.2856 0.1344
v -0.98902 0.69806 -0.89323 0.2688 0.2856 0.1344
v -0.98931 -0.1 -0.89734 0.31113327669410845 0.3305791064874903 0.15556663834705423
v -1.00935 0.69862 -0.87234 0.31113327669410845 0.3305791064874903 0.15556663834705423
v -0.98902 0.69806 -0.89323 0.31113327669410845 0.3305791064874903 0.15556663834705423
v -0.98931 -0.1 -0.89734 0.31113327669410845 0.3305791064874903 0.15556663834705423
v -1.0137 -0.1 -0.87234 0.31113327669410845 0.3305791064874903 0.15556663834705423
v -1.00935 0.69862 -0.87234 0.31113327669410845 0.3305791064874903 0.15556663834705423
v -1.0137 -0.1 -0.87234 0.2981248008655005 0.3167576009195943 0.14906240043275026
v -0.98961 0.69373 -0.85146 0.2981248008655005 0.3167576009195943 0.14906240043275026
v -1.00935 0.69862 -0.87234 0.2981248008655005 0.3167576009195943 0.14906240043275026
v -1.0137 -0.1 -0.87234 0.2981248008655005 0.3167576009195943 0.14906240043275026
v -0.98931 -0.1 -0.84734 0.2981248008655005 0.3167576009195943 0.14906240043275026
v -0.98961 0.69373 -0.85146 0.2981248008655005 0.3167576009195943 0.14906240043275026
v -0.98931 -0.1 -0.84734 0.2727973386564482 0.2898471723224762 0.1363986693282241
v -0.96814 0.69302 -0.87234 0.2727973386564482 0.2898471723224762 0.1363986693282241
v -0.98961 0.69373 -0.85146 0.2727973386564482 0.2898471723224762 0.1363986693282241
v -0.98931 -0.1 -0.84734 0.2727973386564482 0.2898471723224762 0.1363986693282241
v -0.96431 -0.1 -0.87234 0.2727973386564482 0.2898471723224762 0.1363986693282241
v -0.96814 0.69302 -0.87234 0.2727973386564482 0.2898471723224762 0.1363986693282241
v -0.96814 0.69302 -0.87234 0.3050533590156069 0.3241191939540823 0.15252667950780344
v -0.80869 1.22833 -0.7401 0.3050533590156069 0.3241191939540823 0.15252667950780344
v -0.80149 1.22384 -0.73234 0.3050533590156069 0.3241191939540823 0.15252667950780344
v -0.96814 0.69302 -0.87234 0.3050533590156069 0.3241191939540823 0.15252667950780344
v -0.98902 0.69806 -0.89323 0.3050533590156069 0.3241191939540823 0.15252667950780344
v -0.80869 1.22833 -0.7401 0.3050533590156069 0.3241191939540823 0.15252667950780344
v -0.98902 0.69806 -0.89323 0.2698196406617506 0.2866833682031101 0.1349098203308753
v -0.81655 1.22895 -0.73234 0.2698196406617506 0.2866833682031101 0.1349098203308753
v -0.80869 1.22833 -0.7401 0.2698196406617506 0.2866833682031101 0.1349098203308753
v -0.98902 0.69806 -0.89323 0.2698196406617506 0.2866833682031101 0.1349098203308753
v -1.00935 0.69862 -0.87234 0.2698196406617506 0.2866833682031101 0.1349098203308753
v -0.81655 1.22895 -0.73234 0.2698196406617506 0.2866833682031101 0.1349098203308753
v -1.00935 0.69862 -0.87234 0.3158802311443572 0.3356227455908795 0.1579401155721786
v -0.80994 1.22466 -0.72458 0.3158802311443572 0.3356227455908795 0.1579401155721786
v -0.81655 1.22895 -0.73234 0.3158802311443572 0.3356227455908795 0.1579401155721786
v -1.00935 0.69862 -0.87234 0.3158802311443572 0.3356227455908795 0.1579401155721786
v -0.98961 0.69373 -0.85146 0.3158802311443572 0.3356227455908795 0.1579401155721786
v -0.80994 1.22466 -0.72458 0.3158802311443572 0.3356227455908795 0.1579401155721786
v -0.98961 0.69373 -0.85146 0.29089952721387946 0.3090807476647469 0.14544976360693973
v -0.80149 1.22384 -0.73234 0.29089952721387946 0.3090807476647469 0.14544976360693973
v -0.80994 1.22466 -0.72458 0.29089952721387946 0.3090807476647469 0.14544976360693973
v -0.98961 0.69373 -0.85146 0.29089952721387946 0.3090807476647469 0.14544976360693973
v -0.96814 0.69302 -0.87234 0.29089952721387946 0.3090807476647469 0.14544976360693973
v -0.80149 1.22384 -0.73234 0.29089952721387946 0.3090807476647469 0.14544976360693973
v -0.74431 1.2265 -0.73234 0.2688 0.21 0.1344
v -0.80037 1.5265 -0.76087 0.2688 0.21 0.1344
v -0.77879 1.5265 -0.73234 0.2688 0.21 0.1344
v -0.74431 1.2265 -0.73234 0.2688 0.21 0.1344
v -0.79009 1.2265 -0.79416 0.2688 0.21 0.1344
v -0.80037 1.5265 -0.76087 0.2688 0.21 0.1344
v -0.79009 1.2265 -0.79416 0.31113327669410845 0.24307287241727224 0.15556663834705423
v -0.83268 1.5265 -0.74998 0.31113327669410845 0.24307287241727224 0.15556663834705423
v -0.80037 1.5265 -0.76087 0.31113327669410845 0.24307287241727224 0.15556663834705423
v -0.79009 1.2265 -0.79416 0.31113327669410845 0.24307287241727224 0.15556663834705423
v -0.86061 1.2265 -0.77055 0.31113327669410845 0.24307287241727224 0.15556663834705423
v -0.83268 1.5265 -0.74998 0.31113327669410845 0.24307287241727224 0.15556663834705423
v -0.86061 1.2265 -0.77055 0.2981248008655005 0.23291000067617226 0.14906240043275026
v -0.83392 1.5265 -0.71471 0.2981248008655005 0.23291000067617226 0.14906240043275026
v -0.83268 1.5265 -0.74998 0.2981248008655005 0.23291000067617226 0.14906240043275026
v -0.86061 1.2265 -0.77055 0.2981248008655005 0.23291000067617226 0.14906240043275026
v -0.86344 1.2265 -0.69414 0.2981248008655005 0.23291000067617226 0.14906240043275026
v -0.83392 1.5265 -0.71471 0.2981248008655005 0.23291000067617226 0.14906240043275026
v -0.86344 1.2265 -0.69414 0.2727973386564482 0.21312292082535014 0.1363986693282241
v -0.79963 1.5265 -0.70381 0.2727973386564482 0.21312292082535014 0.1363986693282241
v -0.83392 1.5265 -0.71471 0.2727973386564482 0.21312292082535014 0.1363986693282241
v -0.86344 1.2265 -0.69414 0.2727973386564482 0.21312292082535014 0.1363986693282241
v -0.7884 1.2265 -0.67052 0.2727973386564482 0.21312292082535014 0.1363986693282241
v -0.79963 1.5265 -0.70381 0.2727973386564482 0.21312292082535014 0.1363986693282241
v -0.7884 1.2265 -0.67052 0.31891608269627864 0.24915318960646768 0.15945804134813932
v -0.77879 1.5265 -0.73234 0.31891608269627864 0.24915318960646768 0.15945804134813932
v -0.79963 1.5265 -0.70381 0.31891608269627864 0.24915318960646768 0.15945804134813932
v -0.7884 1.2265 -0.67052 0.31891608269627864 0.24915318960646768 0.15945804134813932
v -0.74431 1.2265 -0.73234 0.31891608269627864 0.24915318960646768 0.15945804134813932
v -0.77879 1.5265 -0.73234 0.31891608269627864 0.24915318960646768 0.15945804134813932
v -0.98931 0.1653 -0.87234 0.28 0.35 0.15
v -0.86228 0.08951 -0.50996 0.28 0.35 0.15
v -0.92362 0.05799 -0.48846 0.28 0.35 0.15
v -0.98931 0.1653 -0.87234 0.23800000000000002 0.2975 0.1275
v -0.80094 -0.00697 -0.53147 0.23800000000000002 0.2975 0.1275
v -0.86228 0.08951 -0.50996 0.23800000000000002 0.2975 0.1275
v -0.86228 0.08951 -0.50996 0.28 0.35 0.15
v -0.72466 -0.12593 -0.11739 0.28 0.35 0.15
v -0.92362 0.05799 -0.48846 0.28 0.35 0.15
v -0.86228 0.08951 -0.50996 0.23800000000000002 0.2975 0.1275
v -0.80094 -0.00697 -0.53147 0.23800000000000002 0.2975 0.1275
v -0.72466 -0.12593 -0.11739 0.23800000000000002 0.2975 0.1275
v -0.98931 0.3908 -0.87234 0.28 0.35 0.15
v -1.22561 0.61264 -0.56965 0.28 0.35 0.15
v -1.27685 0.5308 -0.60965 0.28 0.35 0.15
v -0.98931 0.3908 -0.87234 0.23800000000000002 0.2975 0.1275
v -1.17437 0.56648 -0.52966 0.23800000000000002 0.2975 0.1275
v -1.22561 0.61264 -0.56965 0.23800000000000002 0.2975 0.1275
v -1.22561 0.61264 -0.56965 0.28 0.35 0.15
v -1.4816 0.71963 -0.24174 0.28 0.35 0.15
v -1.27685 0.5308 -0.60965 0.28 0.35 0.15
v -1.22561 0.61264 -0.56965 0.23800000000000002 0.2975 0.1275
v -1.17437 0.56648 -0.52966 0.23800000000000002 0.2975 0.1275
v -1.4816 0.71963 -0.24174 0.23800000000000002 0.2975 0.1275
v -0.98931 0.61631 -0.87234 0.28 0.35 0.15
v -1.37169 0.96698 -0.90764 0.28 0.35 0.15
v -1.36571 0.89101 -0.97236 0.28 0.35 0.15
v -0.98931 0.61631 -0.87234 0.23800000000000002 0.2975 0.1275
v -1.37766 0.91496 -0.84291 0.23800000000000002 0.2975 0.1275
v -1.37169 0.96698 -0.90764 0.23800000000000002 0.2975 0.1275
v -1.37169 0.96698 -0.90764 0.28 0.35 0.15
v -1.78593 1.21354 -0.94587 0.28 0.35 0.15
v -1.36571 0.89101 -0.97236 0.28 0.35 0.15
v -1.37169 0.96698 -0.90764 0.23800000000000002 0.2975 0.1275
v -1.37766 0.91496 -0.84291 0.23800000000000002 0.2975 0.1275
v -1.78593 1.21354 -0.94587 0.23800000000000002 0.2975 0.1275
v -0.88356 -0.1 0.17776 0.2688 0.2856 0.1344
v -0.90832 0.77983 0.15686 0.2688 0.2856 0.1344
v -0.88735 0.77525 0.17776 0.2688 0.2856 0.1344
v -0.88356 -0.1 0.17776 0.2688 0.2856 0.1344
v -0.90856 -0.1 0.15276 0.2688 0.2856 0.1344
v -0.90832 0.77983 0.15686 0.2688 0.2856 0.1344
v -0.90856 -0.1 0.15276 0.31113327669410845 0.3305791064874903 0.15556663834705423
v -0.92863 0.78033 0.17776 0.31113327669410845 0.3305791064874903 0.15556663834705423
v -0.90832 0.77983 0.15686 0.31113327669410845 0.3305791064874903 0.15556663834705423
v -0.90856 -0.1 0.15276 0.31113327669410845 0.3305791064874903 0.15556663834705423
v -0.93295 -0.1 0.17776 0.31113327669410845 0.3305791064874903 0.15556663834705423
v -0.92863 0.78033 0.17776 0.31113327669410845 0.3305791064874903 0.15556663834705423
v -0.93295 -0.1 0.17776 0.2981248008655005 0.3167576009195943 0.14906240043275026
v -0.9088 0.77589 0.19867 0.2981248008655005 0.3167576009195943 0.14906240043275026
v -0.92863 0.78033 0.17776 0.2981248008655005 0.3167576009195943 0.14906240043275026
v -0.93295 -0.1 0.17776 0.2981248008655005 0.3167576009195943 0.14906240043275026
v -0.90856 -0.1 0.20276 0.2981248008655005 0.3167576009195943 0.14906240043275026
v -0.9088 0.77589 0.19867 0.2981248008655005 0.3167576009195943 0.14906240043275026
v -0.90856 -0.1 0.20276 0.2727973386564482 0.2898471723224762 0.1363986693282241
v -0.88735 0.77525 0.17776 0.2727973386564482 0.2898471723224762 0.1363986693282241
v -0.9088 0.77589 0.19867 0.2727973386564482 0.2898471723224762 0.1363986693282241
v -0.90856 -0.1 0.20276 0.2727973386564482 0.2898471723224762 0.1363986693282241
v -0.88356 -0.1 0.17776 0.2727973386564482 0.2898471723224762 0.1363986693282241
v -0.88735 0.77525 0.17776 0.2727973386564482 0.2898471723224762 0.1363986693282241
v -0.88735 0.77525 0.17776 0.3050533590156069 0.3241191939540823 0.15252667950780344
v -0.72804 1.3648 0.30996 0.3050533590156069 0.3241191939540823 0.15252667950780344
v -0.72067 1.36067 0.31776 0.3050533590156069 0.3241191939540823 0.15252667950780344
v -0.88735 0.77525 0.17776 0.3050533590156069 0.3241191939540823 0.15252667950780344
v -0.90832 0.77983 0.15686 0.3050533590156069 0.3241191939540823 0.15252667950780344
v -0.72804 1.3648 0.30996 0.3050533590156069 0.3241191939540823 0.15252667950780344
v -0.90832 0.77983 0.15686 0.2698196406617506 0.2866833682031101 0.1349098203308753
v -0.73587 1.36535 0.31776 0.2698196406617506 0.2866833682031101 0.1349098203308753
v -0.72804 1.3648 0.30996 0.2698196406617506 0.2866833682031101 0.1349098203308753
v -0.90832 0.77983 0.15686 0.2698196406617506 0.2866833682031101 0.1349098203308753
v -0.92863 0.78033 0.17776 0.2698196406617506 0.2866833682031101 0.1349098203308753
v -0.73587 1.36535 0.31776 0.2698196406617506 0.2866833682031101 0.1349098203308753
v -0.92863 0.78033 0.17776 0.3158802311443572 0.3356227455908795 0.1579401155721786
v -0.72908 1.3614 0.32556 0.3158802311443572 0.3356227455908795 0.1579401155721786
v -0.73587 1.36535 0.31776 0.3158802311443572 0.3356227455908795 0.1579401155721786
v -0.92863 0.78033 0.17776 0.3158802311443572 0.3356227455908795 0.1579401155721786
v -0.9088 0.77589 0.19867 0.3158802311443572 0.3356227455908795 0.1579401155721786
v -0.72908 1.3614 0.32556 0.3158802311443572 0.3356227455908795 0.1579401155721786
v -0.9088 0.77589 0.19867 0.29089952721387946 0.3090807476647469 0.14544976360693973
v -0.72067 1.36067 0.31776 0.29089952721387946 0.3090807476647469 0.14544976360693973
v -0.72908 1.3614 0.32556 0.29089952721387946 0.3090807476647469 0.14544976360693973
v -0.9088 0.77589 0.19867 0.29089952721387946 0.3090807476647469 0.14544976360693973
v -0.88735 0.77525 0.17776 0.29089952721387946 0.3090807476647469 0.14544976360693973
v -0.72067 1.36067 0.31776 0.29089952721387946 0.3090807476647469 0.14544976360693973
v -0.66356 1.3631 0.31776 0.2688 0.21 0.1344
v -0.71961 1.6631 0.28923 0.2688 0.21 0.1344
v -0.69803 1.6631 0.31776 0.2688 0.21 0.1344
v -0.66356 1.3631 0.31776 0.2688 0.21 0.1344
v -0.70934 1.3631 0.25594 0.2688 0.21 0.1344
v -0.71961 1.6631 0.28923 0.2688 0.21 0.1344
v -0.70934 1.3631 0.25594 0.31113327669410845 0.24307287241727224 0.15556663834705423
v -0.75193 1.6631 0.30013 0.31113327669410845 0.24307287241727224 0.15556663834705423
v -0.71961 1.6631 0.28923 0.31113327669410845 0.24307287241727224 0.15556663834705423
v -0.70934 1.3631 0.25594 0.31113327669410845 0.24307287241727224 0.15556663834705423
v -0.77986 1.3631 0.27956 0.31113327669410845 0.24307287241727224 0.15556663834705423
v -0.75193 1.6631 0.30013 0.31113327669410845 0.24307287241727224 0.15556663834705423
v -0.77986 1.3631 0.27956 0.2981248008655005 0.23291000067617226 0.14906240043275026
v -0.75316 1.6631 0.3354 0.2981248008655005 0.23291000067617226 0.14906240043275026
v -0.75193 1.6631 0.30013 0.2981248008655005 0.23291000067617226 0.14906240043275026
v -0.77986 1.3631 0.27956 0.2981248008655005 0.23291000067617226 0.14906240043275026
v -0.78268 1.3631 0.35597 0.2981248008655005 0.23291000067617226 0.14906240043275026
v -0.75316 1.6631 0.3354 0.2981248008655005 0.23291000067617226 0.14906240043275026
v -0.78268 1.3631 0.35597 0.2727973386564482 0.21312292082535014 0.1363986693282241
v -0.71887 1.6631 0.34629 0.2727973386564482 0.21312292082535014 0.1363986693282241
v -0.75316 1.6631 0.3354 0.2727973386564482 0.21312292082535014 0.1363986693282241
v -0.78268 1.3631 0.35597 0.2727973386564482 0.21312292082535014 0.1363986693282241
v -0.70765 1.3631 0.37958 0.2727973386564482 0.21312292082535014 0.1363986693282241
v -0.71887 1.6631 0.34629 0.2727973386564482 0.21312292082535014 0.1363986693282241
v -0.70765 1.3631 0.37958 0.31891608269627864 0.24915318960646768 0.15945804134813932
v -0.69803 1.6631 0.31776 0.31891608269627864 0.24915318960646768 0.15945804134813932
v -0.71887 1.6631 0.34629 0.31891608269627864 0.24915318960646768 0.15945804134813932
v -0.70765 1.3631 0.37958 0.31891608269627864 0.24915318960646768 0.15945804134813932
v -0.66356 1.3631 0.31776 0.31891608269627864 0.24915318960646768 0.15945804134813932
v -0.69803 1.6631 0.31776 0.31891608269627864 0.24915318960646768 0.15945804134813932
v -0.90856 0.19262 0.17776 0.28 0.35 0.15
v -1.26343 0.03584 0.03105 0.28 0.35 0.15
v -1.23859 -0.06064 -0.02902 0.28 0.35 0.15
v -0.90856 0.19262 0.17776 0.23800000000000002 0.2975 0.1275
v -1.28826 0.00432 0.09112 0.23800000000000002 0.2975 0.1275
v -1.26343 0.03584 0.03105 0.23800000000000002 0.2975 0.1275
v -1.26343 0.03584 0.03105 0.28 0.35 0.15
v -1.64787 -0.26734 -0.12789 0.28 0.35 0.15
v -1.23859 -0.06064 -0.02902 0.28 0.35 0.15
v -1.26343 0.03584 0.03105 0.23800000000000002 0.2975 0.1275
v -1.28826 0.00432 0.09112 0.23800000000000002 0.2975 0.1275
v -1.64787 -0.26734 -0.12789 0.23800000000000002 0.2975 0.1275
v -0.90856 0.44135 0.17776 0.28 0.35 0.15
v -0.97684 0.23892 -0.20012 0.28 0.35 0.15
v -0.91287 0.19262 -0.21168 0.28 0.35 0.15
v -0.90856 0.44135 0.17776 0.23800000000000002 0.2975 0.1275
v -1.0408 0.15723 -0.18856 0.23800000000000002 0.2975 0.1275
v -0.97684 0.23892 -0.20012 0.23800000000000002 0.2975 0.1275
v -0.97684 0.23892 -0.20012 0.28 0.35 0.15
v -1.05081 -0.1137 -0.60949 0.28 0.35 0.15
v -0.91287 0.19262 -0.21168 0.28 0.35 0.15
v -0.97684 0.23892 -0.20012 0.23800000000000002 0.2975 0.1275
v -1.0408 0.15723 -0.18856 0.23800000000000002 0.2975 0.1275
v -1.05081 -0.1137 -0.60949 0.23800000000000002 0.2975 0.1275
v -0.90856 0.69007 0.17776 0.28 0.35 0.15
v -0.62748 0.72691 -0.08386 0.28 0.35 0.15
v -0.58319 0.67505 -0.03628 0.28 0.35 0.15
v -0.90856 0.69007 0.17776 0.23800000000000002 0.2975 0.1275
v -0.67176 0.65078 -0.13144 0.23800000000000002 0.2975 0.1275
v -0.62748 0.72691 -0.08386 0.23800000000000002 0.2975 0.1275
v -0.62748 0.72691 -0.08386 0.28 0.35 0.15
v -0.32297 0.63349 -0.36729 0.28 0.35 0.15
v -0.58319 0.67505 -0.03628 0.28 0.35 0.15
v -0.62748 0.72691 -0.08386 0.23800000000000002 0.2975 0.1275
v -0.67176 0.65078 -0.13144 0.23800000000000002 0.2975 0.1275
v -0.32297 0.63349 -0.36729 0.23800000000000002 0.2975 0.1275
v -0.58153 -0.1 0.6299 0.2688 0.2856 0.1344
v -0.60641 1.17554 0.60895 0.2688 0.2856 0.1344
v -0.58523 1.17236 0.6299 0.2688 0.2856 0.1344
v -0.58153 -0.1 0.6299 0.2688 0.2856 0.1344
v -0.60653 -0.1 0.6049 0.2688 0.2856 0.1344
v -0.60641 1.17554 0.60895 0.2688 0.2856 0.1344
v -0.60653 -0.1 0.6049 0.31113327669410845 0.3305791064874903 0.15556663834705423
v -0.62667 1.17588 0.6299 0.31113327669410845 0.3305791064874903 0.15556663834705423
v -0.60641 1.17554 0.60895 0.31113327669410845 0.3305791064874903 0.15556663834705423
v -0.60653 -0.1 0.6049 0.31113327669410845 0.3305791064874903 0.15556663834705423
v -0.63091 -0.1 0.6299 0.31113327669410845 0.3305791064874903 0.15556663834705423
v -0.62667 1.17588 0.6299 0.31113327669410845 0.3305791064874903 0.15556663834705423
v -0.63091 -0.1 0.6299 0.2981248008655005 0.3167576009195943 0.14906240043275026
v -0.60664 1.1728 0.65086 0.2981248008655005 0.3167576009195943 0.14906240043275026
v -0.62667 1.17588 0.6299 0.2981248008655005 0.3167576009195943 0.14906240043275026
v -0.63091 -0.1 0.6299 0.2981248008655005 0.3167576009195943 0.14906240043275026
v -0.60653 -0.1 0.6549 0.2981248008655005 0.3167576009195943 0.14906240043275026
v -0.60664 1.1728 0.65086 0.2981248008655005 0.3167576009195943 0.14906240043275026
v -0.60653 -0.1 0.6549 0.2727973386564482 0.2898471723224762 0.1363986693282241
v -0.58523 1.17236 0.6299 0.2727973386564482 0.2898471723224762 0.1363986693282241
v -0.60664 1.1728 0.65086 0.2727973386564482 0.2898471723224762 0.1363986693282241
v -0.60653 -0.1 0.6549 0.2727973386564482 0.2898471723224762 0.1363986693282241
v -0.58153 -0.1 0.6299 0.2727973386564482 0.2898471723224762 0.1363986693282241
v -0.58523 1.17236 0.6299 0.2727973386564482 0.2898471723224762 0.1363986693282241
v -0.58523 1.17236 0.6299 0.3050533590156069 0.3241191939540823 0.15252667950780344
v -0.42626 2.02486 0.76201 0.3050533590156069 0.3241191939540823 0.15252667950780344
v -0.41845 2.0219 0.7699 0.3050533590156069 0.3241191939540823 0.15252667950780344
v -0.58523 1.17236 0.6299 0.3050533590156069 0.3241191939540823 0.15252667950780344
v -0.60641 1.17554 0.60895 0.3050533590156069 0.3241191939540823 0.15252667950780344
v -0.42626 2.02486 0.76201 0.3050533590156069 0.3241191939540823 0.15252667950780344
v -0.60641 1.17554 0.60895 0.2698196406617506 0.2866833682031101 0.1349098203308753
v -0.43401 2.0252 0.7699 0.2698196406617506 0.2866833682031101 0.1349098203308753
v -0.42626 2.02486 0.76201 0.2698196406617506 0.2866833682031101 0.1349098203308753
v -0.60641 1.17554 0.60895 0.2698196406617506 0.2866833682031101 0.1349098203308753
v -0.62667 1.17588 0.6299 0.2698196406617506 0.2866833682031101 0.1349098203308753
v -0.43401 2.0252 0.7699 0.2698196406617506 0.2866833682031101 0.1349098203308753
v -0.62667 1.17588 0.6299 0.3158802311443572 0.3356227455908795 0.1579401155721786
v -0.42679 2.02237 0.7778 0.3158802311443572 0.3356227455908795 0.1579401155721786
v -0.43401 2.0252 0.7699 0.3158802311443572 0.3356227455908795 0.1579401155721786
v -0.62667 1.17588 0.6299 0.3158802311443572 0.3356227455908795 0.1579401155721786
v -0.60664 1.1728 0.65086 0.3158802311443572 0.3356227455908795 0.1579401155721786
v -0.42679 2.02237 0.7778 0.3158802311443572 0.3356227455908795 0.1579401155721786
v -0.60664 1.1728 0.65086 0.29089952721387946 0.3090807476647469 0.14544976360693973
v -0.41845 2.0219 0.7699 0.29089952721387946 0.3090807476647469 0.14544976360693973
v -0.42679 2.02237 0.7778 0.29089952721387946 0.3090807476647469 0.14544976360693973
v -0.60664 1.1728 0.65086 0.29089952721387946 0.3090807476647469 0.14544976360693973
v -0.58523 1.17236 0.6299 0.29089952721387946 0.3090807476647469 0.14544976360693973
v -0.41845 2.0219 0.7699 0.29089952721387946 0.3090807476647469 0.14544976360693973
v -0.36153 2.02362 0.7699 0.2688 0.21 0.1344
v -0.41758 2.32362 0.74137 0.2688 0.21 0.1344
v -0.396 2.32362 0.7699 0.2688 0.21 0.1344
v -0.36153 2.02362 0.7699 0.2688 0.21 0.1344
v -0.40731 2.02362 0.70809 0.2688 0.21 0.1344
v -0.41758 2.32362 0.74137 0.2688 0.21 0.1344
v -0.40731 2.02362 0.70809 0.31113327669410845 0.24307287241727224 0.15556663834705423
v -0.44989 2.32362 0.75227 0.31113327669410845 0.24307287241727224 0.15556663834705423
v -0.41758 2.32362 0.74137 0.31113327669410845 0.24307287241727224 0.15556663834705423
v -0.40731 2.02362 0.70809 0.31113327669410845 0.24307287241727224 0.15556663834705423
v -0.47782 2.02362 0.7317 0.31113327669410845 0.24307287241727224 0.15556663834705423
v -0.44989 2.32362 0.75227 0.31113327669410845 0.24307287241727224 0.15556663834705423
v -0.47782 2.02362 0.7317 0.2981248008655005 0.23291000067617226 0.14906240043275026
v -0.45113 2.32362 0.78754 0.2981248008655005 0.23291000067617226 0.14906240043275026
v -0.44989 2.32362 0.75227 0.2981248008655005 0.23291000067617226 0.14906240043275026
v -0.47782 2.02362 0.7317 0.2981248008655005 0.23291000067617226 0.14906240043275026
v -0.48065 2.02362 0.80811 0.2981248008655005 0.23291000067617226 0.14906240043275026
v -0.45113 2.32362 0.78754 0.2981248008655005 0.23291000067617226 0.14906240043275026
v -0.48065 2.02362 0.80811 0.2727973386564482 0.21312292082535014 0.1363986693282241
v -0.41684 2.32362 0.79844 0.2727973386564482 0.21312292082535014 0.1363986693282241
v -0.45113 2.32362 0.78754 0.2727973386564482 0.21312292082535014 0.1363986693282241
v -0.48065 2.02362 0.80811 0.2727973386564482 0.21312292082535014 0.1363986693282241
v -0.40561 2.02362 0.83172 0.2727973386564482 0.21312292082535014 0.1363986693282241
v -0.41684 2.32362 0.79844 0.2727973386564482 0.21312292082535014 0.1363986693282241
v -0.40561 2.02362 0.83172 0.31891608269627864 0.24915318960646768 0.15945804134813932
v -0.396 2.32362 0.7699 0.31891608269627864 0.24915318960646768 0.15945804134813932
v -0.41684 2.32362 0.79844 0.31891608269627864 0.24915318960646768 0.15945804134813932
v -0.40561 2.02362 0.83172 0.31891608269627864 0.24915318960646768 0.15945804134813932
v -0.36153 2.02362 0.7699 0.31891608269627864 0.24915318960646768 0.15945804134813932
v -0.396 2.32362 0.7699 0.31891608269627864 0.24915318960646768 0.15945804134813932
v -0.60653 0.32472 0.6299 0.28 0.35 0.15
v -0.26068 0.52971 0.46303 0.28 0.35 0.15
v -0.23243 0.49819 0.52157 0.28 0.35 0.15
v -0.60653 0.32472 0.6299 0.23800000000000002 0.2975 0.1275
v -0.28893 0.43324 0.40449 0.23800000000000002 0.2975 0.1275
v -0.26068 0.52971 0.46303 0.23800000000000002 0.2975 0.1275
v -0.26068 0.52971 0.46303 0.28 0.35 0.15
v 0.11399 0.61845 0.28225 0.28 0.35 0.15
v -0.23243 0.49819 0.52157 0.28 0.35 0.15
v -0.26068 0.52971 0.46303 0.23800000000000002 0.2975 0.1275
v -0.28893 0.43324 0.40449 0.23800000000000002 0.2975 0.1275
v 0.11399 0.61845 0.28225 0.23800000000000002 0.2975 0.1275
v -0.60653 0.68574 0.6299 0.28 0.35 0.15
v -0.27924 0.59306 0.83076 0.28 0.35 0.15
v -0.31324 0.5115 0.88616 0.28 0.35 0.15
v -0.60653 0.68574 0.6299 0.23800000000000002 0.2975 0.1275
v -0.24525 0.54661 0.77536 0.23800000000000002 0.2975 0.1275
v -0.27924 0.59306 0.83076 0.23800000000000002 0.2975 0.1275
v -0.27924 0.59306 0.83076 0.28 0.35 0.15
v 0.07531 0.35932 1.04836 0.28 0.35 0.15
v -0.31324 0.5115 0.88616 0.28 0.35 0.15
v -0.27924 0.59306 0.83076 0.23800000000000002 0.2975 0.1275
v -0.24525 0.54661 0.77536 0.23800000000000002 0.2975 0.1275
v 0.07531 0.35932 1.04836 0.23800000000000002 0.2975 0.1275
v -0.60653 1.04675 0.6299 0.28 0.35 0.15
v -0.59871 0.82395 1.01383 0.28 0.35 0.15
v -0.6637 0.74766 1.01515 0.28 0.35 0.15
v -0.60653 1.04675 0.6299 0.23800000000000002 0.2975 0.1275
v -0.53372 0.77224 1.0125 0.23800000000000002 0.2975 0.1275
v -0.59871 0.82395 1.01383 0.23800000000000002 0.2975 0.1275
v -0.59871 0.82395 1.01383 0.28 0.35 0.15
v -0.59024 0.44925 1.42974 0.28 0.35 0.15
v -0.6637 0.74766 1.01515 0.28 0.35 0.15
v -0.59871 0.82395 1.01383 0.23800000000000002 0.2975 0.1275
v -0.53372 0.77224 1.0125 0.23800000000000002 0.2975 0.1275
v -0.59024 0.44925 1.42974 0.23800000000000002 0.2975 0.1275
v -0.18097 -0.1 -0.57249 0.2688 0.2856 0.1344
v -0.20585 1.15592 -0.59344 0.2688 0.2856 0.1344
v -0.18468 1.15269 -0.57249 0.2688 0.2856 0.1344
v -0.18097 -0.1 -0.57249 0.2688 0.2856 0.1344
v -0.20597 -0.1 -0.59749 0.2688 0.2856 0.1344
v -0.20585 1.15592 -0.59344 0.2688 0.2856 0.1344
v -0.20597 -0.1 -0.59749 0.31113327669410845 0.3305791064874903 0.15556663834705423
v -0.22612 1.15626 -0.57249 0.31113327669410845 0.3305791064874903 0.15556663834705423
v -0.20585 1.15592 -0.59344 0.31113327669410845 0.3305791064874903 0.15556663834705423
v -0.20597 -0.1 -0.59749 0.31113327669410845 0.3305791064874903 0.15556663834705423
v -0.23036 -0.1 -0.57249 0.31113327669410845 0.3305791064874903 0.15556663834705423
v -0.22612 1.15626 -0.57249 0.31113327669410845 0.3305791064874903 0.15556663834705423
v -0.23036 -0.1 -0.57249 0.2981248008655005 0.3167576009195943 0.14906240043275026
v -0.20609 1.15313 -0.55153 0.2981248008655005 0.3167576009195943 0.14906240043275026
v -0.22612 1.15626 -0.57249 0.2981248008655005 0.3167576009195943 0.14906240043275026
v -0.23036 -0.1 -0.57249 0.2981248008655005 0.3167576009195943 0.14906240043275026
v -0.20597 -0.1 -0.54749 0.2981248008655005 0.3167576009195943 0.14906240043275026
v -0.20609 1.15313 -0.55153 0.2981248008655005 0.3167576009195943 0.14906240043275026
v -0.20597 -0.1 -0.54749 0.2727973386564482 0.2898471723224762 0.1363986693282241
v -0.18468 1.15269 -0.57249 0.2727973386564482 0.2898471723224762 0.1363986693282241
v -0.20609 1.15313 -0.55153 0.2727973386564482 0.2898471723224762 0.1363986693282241
v -0.20597 -0.1 -0.54749 0.2727973386564482 0.2898471723224762 0.1363986693282241
v -0.18097 -0.1 -0.57249 0.2727973386564482 0.2898471723224762 0.1363986693282241
v -0.18468 1.15269 -0.57249 0.2727973386564482 0.2898471723224762 0.1363986693282241
v -0.18468 1.15269 -0.57249 0.3050533590156069 0.3241191939540823 0.15252667950780344
v -0.0257 1.99213 -0.44038 0.3050533590156069 0.3241191939540823 0.15252667950780344
v -0.0179 1.98913 -0.43249 0.3050533590156069 0.3241191939540823 0.15252667950780344
v -0.18468 1.15269 -0.57249 0.3050533590156069 0.3241191939540823 0.15252667950780344
v -0.20585 1.15592 -0.59344 0.3050533590156069 0.3241191939540823 0.15252667950780344
v -0.0257 1.99213 -0.44038 0.3050533590156069 0.3241191939540823 0.15252667950780344
v -0.20585 1.15592 -0.59344 0.2698196406617506 0.2866833682031101 0.1349098203308753
v -0.03345 1.99248 -0.43249 0.2698196406617506 0.2866833682031101 0.1349098203308753
v -0.0257 1.99213 -0.44038 0.2698196406617506 0.2866833682031101 0.1349098203308753
v -0.20585 1.15592 -0.59344 0.2698196406617506 0.2866833682031101 0.1349098203308753
v -0.22612 1.15626 -0.57249 0.2698196406617506 0.2866833682031101 0.1349098203308753
v -0.03345 1.99248 -0.43249 0.2698196406617506 0.2866833682031101 0.1349098203308753
v -0.22612 1.15626 -0.57249 0.3158802311443572 0.3356227455908795 0.1579401155721786
v -0.02625 1.98961 -0.42459 0.3158802311443572 0.3356227455908795 0.1579401155721786
v -0.03345 1.99248 -0.43249 0.3158802311443572 0.3356227455908795 0.1579401155721786
v -0.22612 1.15626 -0.57249 0.3158802311443572 0.3356227455908795 0.1579401155721786
v -0.20609 1.15313 -0.55153 0.3158802311443572 0.3356227455908795 0.1579401155721786
v -0.02625 1.98961 -0.42459 0.3158802311443572 0.3356227455908795 0.1579401155721786
v -0.20609 1.15313 -0.55153 0.29089952721387946 0.3090807476647469 0.14544976360693973
v -0.0179 1.98913 -0.43249 0.29089952721387946 0.3090807476647469 0.14544976360693973
v -0.02625 1.98961 -0.42459 0.29089952721387946 0.3090807476647469 0.14544976360693973
v -0.20609 1.15313 -0.55153 0.29089952721387946 0.3090807476647469 0.14544976360693973
v -0.18468 1.15269 -0.57249 0.29089952721387946 0.3090807476647469 0.14544976360693973
v -0.0179 1.98913 -0.43249 0.29089952721387946 0.3090807476647469 0.14544976360693973
v 0.03903 1.99087 -0.43249 0.2688 0.21 0.1344
v -0.01703 2.29087 -0.46102 0.2688 0.21 0.1344
v 0.00455 2.29087 -0.43249 0.2688 0.21 0.1344
v 0.03903 1.99087 -0.43249 0.2688 0.21 0.1344
v -0.00675 1.99087 -0.4943 0.2688 0.21 0.1344
v -0.01703 2.29087 -0.46102 0.2688 0.21 0.1344
v -0.00675 1.99087 -0.4943 0.31113327669410845 0.24307287241727224 0.15556663834705423
v -0.04934 2.29087 -0.45012 0.31113327669410845 0.24307287241727224 0.15556663834705423
v -0.01703 2.29087 -0.46102 0.31113327669410845 0.24307287241727224 0.15556663834705423
v -0.00675 1.99087 -0.4943 0.31113327669410845 0.24307287241727224 0.15556663834705423
v -0.07727 1.99087 -0.47069 0.31113327669410845 0.24307287241727224 0.15556663834705423
v -0.04934 2.29087 -0.45012 0.31113327669410845 0.24307287241727224 0.15556663834705423
v -0.07727 1.99087 -0.47069 0.2981248008655005 0.23291000067617226 0.14906240043275026
v -0.05058 2.29087 -0.41485 0.2981248008655005 0.23291000067617226 0.14906240043275026
v -0.04934 2.29087 -0.45012 0.2981248008655005 0.23291000067617226 0.14906240043275026
v -0.07727 1.99087 -0.47069 0.2981248008655005 0.23291000067617226 0.14906240043275026
v -0.0801 1.99087 -0.39428 0.2981248008655005 0.23291000067617226 0.14906240043275026
v -0.05058 2.29087 -0.41485 0.2981248008655005 0.23291000067617226 0.14906240043275026
v -0.0801 1.99087 -0.39428 0.2727973386564482 0.21312292082535014 0.1363986693282241
v -0.01629 2.29087 -0.40395 0.2727973386564482 0.21312292082535014 0.1363986693282241
v -0.05058 2.29087 -0.41485 0.2727973386564482 0.21312292082535014 0.1363986693282241
v -0.0801 1.99087 -0.39428 0.2727973386564482 0.21312292082535014 0.1363986693282241
v -0.00506 1.99087 -0.37067 0.2727973386564482 0.21312292082535014 0.1363986693282241
v -0.01629 2.29087 -0.40395 0.2727973386564482 0.21312292082535014 0.1363986693282241
v -0.00506 1.99087 -0.37067 0.31891608269627864 0.24915318960646768 0.15945804134813932
v 0.00455 2.29087 -0.43249 0.31891608269627864 0.24915318960646768 0.15945804134813932
v -0.01629 2.29087 -0.40395 0.31891608269627864 0.24915318960646768 0.15945804134813932
v -0.00506 1.99087 -0.37067 0.31891608269627864 0.24915318960646768 0.15945804134813932
v 0.03903 1.99087 -0.43249 0.31891608269627864 0.24915318960646768 0.15945804134813932
v 0.00455 2.29087 -0.43249 0.31891608269627864 0.24915318960646768 0.15945804134813932
v -0.20597 0.31817 -0.57249 0.28 0.35 0.15
v -0.31196 0.66657 -0.2034 0.28 0.35 0.15
v -0.37444 0.5701 -0.22134 0.28 0.35 0.15
v -0.20597 0.31817 -0.57249 0.23800000000000002 0.2975 0.1275
v -0.24949 0.63503 -0.18546 0.23800000000000002 0.2975 0.1275
v -0.31196 0.66657 -0.2034 0.23800000000000002 0.2975 0.1275
v -0.31196 0.66657 -0.2034 0.28 0.35 0.15
v -0.42679 0.91066 0.19644 0.28 0.35 0.15
v -0.37444 0.5701 -0.22134 0.28 0.35 0.15
v -0.31196 0.66657 -0.2034 0.23800000000000002 0.2975 0.1275
v -0.24949 0.63503 -0.18546 0.23800000000000002 0.2975 0.1275
v -0.42679 0.91066 0.19644 0.23800000000000002 0.2975 0.1275
v -0.20597 0.67362 -0.57249 0.28 0.35 0.15
v -0.57381 0.91016 -0.46226 0.28 0.35 0.15
v -0.59247 0.86358 -0.52452 0.28 0.35 0.15
v -0.20597 0.67362 -0.57249 0.23800000000000002 0.2975 0.1275
v -0.55516 0.82875 -0.39999 0.23800000000000002 0.2975 0.1275
v -0.57381 0.91016 -0.46226 0.23800000000000002 0.2975 0.1275
v -0.57381 0.91016 -0.46226 0.28 0.35 0.15
v -0.97231 1.03308 -0.34284 0.28 0.35 0.15
v -0.59247 0.86358 -0.52452 0.28 0.35 0.15
v -0.57381 0.91016 -0.46226 0.23800000000000002 0.2975 0.1275
v -0.55516 0.82875 -0.39999 0.23800000000000002 0.2975 0.1275
v -0.97231 1.03308 -0.34284 0.23800000000000002 0.2975 0.1275
v -0.20597 1.02907 -0.57249 0.28 0.35 0.15
v -0.49747 0.96925 -0.82245 0.28 0.35 0.15
v -0.45516 0.91769 -0.8718 0.28 0.35 0.15
v -0.20597 1.02907 -0.57249 0.23800000000000002 0.2975 0.1275
v -0.53978 0.8928 -0.77311 0.23800000000000002 0.2975 0.1275
v -0.49747 0.96925 -0.82245 0.23800000000000002 0.2975 0.1275
v -0.49747 0.96925 -0.82245 0.28 0.35 0.15
v -0.81326 0.7711 -1.09326 0.28 0.35 0.15
v -0.45516 0.91769 -0.8718 0.28 0.35 0.15
v -0.49747 0.96925 -0.82245 0.23800000000000002 0.2975 0.1275
v -0.53978 0.8928 -0.77311 0.23800000000000002 0.2975 0.1275
v -0.81326 0.7711 -1.09326 0.23800000000000002 0.2975 0.1275
v 0.12436 -0.1 -0.28236 0.2688 0.2856 0.1344
v 0.09957 0.8429 -0.30328 0.2688 0.2856 0.1344
v 0.12059 0.83862 -0.28236 0.2688 0.2856 0.1344
v 0.12436 -0.1 -0.28236 0.2688 0.2856 0.1344
v 0.09936 -0.1 -0.30736 0.2688 0.2856 0.1344
v 0.09957 0.8429 -0.30328 0.2688 0.2856 0.1344
v 0.09936 -0.1 -0.30736 0.31113327669410845 0.3305791064874903 0.15556663834705423
v 0.07927 0.84336 -0.28236 0.31113327669410845 0.3305791064874903 0.15556663834705423
v 0.09957 0.8429 -0.30328 0.31113327669410845 0.3305791064874903 0.15556663834705423
v 0.09936 -0.1 -0.30736 0.31113327669410845 0.3305791064874903 0.15556663834705423
v 0.07497 -0.1 -0.28236 0.31113327669410845 0.3305791064874903 0.15556663834705423
v 0.07927 0.84336 -0.28236 0.31113327669410845 0.3305791064874903 0.15556663834705423
v 0.07497 -0.1 -0.28236 0.2981248008655005 0.3167576009195943 0.14906240043275026
v 0.09915 0.83921 -0.26144 0.2981248008655005 0.3167576009195943 0.14906240043275026
v 0.07927 0.84336 -0.28236 0.2981248008655005 0.3167576009195943 0.14906240043275026
v 0.07497 -0.1 -0.28236 0.2981248008655005 0.3167576009195943 0.14906240043275026
v 0.09936 -0.1 -0.25736 0.2981248008655005 0.3167576009195943 0.14906240043275026
v 0.09915 0.83921 -0.26144 0.2981248008655005 0.3167576009195943 0.14906240043275026
v 0.09936 -0.1 -0.25736 0.2727973386564482 0.2898471723224762 0.1363986693282241
v 0.12059 0.83862 -0.28236 0.2727973386564482 0.2898471723224762 0.1363986693282241
v 0.09915 0.83921 -0.26144 0.2727973386564482 0.2898471723224762 0.1363986693282241
v 0.09936 -0.1 -0.25736 0.2727973386564482 0.2898471723224762 0.1363986693282241
v 0.12436 -0.1 -0.28236 0.2727973386564482 0.2898471723224762 0.1363986693282241
v 0.12059 0.83862 -0.28236 0.2727973386564482 0.2898471723224762 0.1363986693282241
v 0.12059 0.83862 -0.28236 0.3050533590156069 0.3241191939540823 0.15252667950780344
v 0.27982 1.47004 -0.15018 0.3050533590156069 0.3241191939540823 0.15252667950780344
v 0.2873 1.46615 -0.14236 0.3050533590156069 0.3241191939540823 0.15252667950780344
v 0.12059 0.83862 -0.28236 0.3050533590156069 0.3241191939540823 0.15252667950780344
v 0.09957 0.8429 -0.30328 0.3050533590156069 0.3241191939540823 0.15252667950780344
v 0.27982 1.47004 -0.15018 0.3050533590156069 0.3241191939540823 0.15252667950780344
v 0.09957 0.8429 -0.30328 0.2698196406617506 0.2866833682031101 0.1349098203308753
v 0.27201 1.47053 -0.14236 0.2698196406617506 0.2866833682031101 0.1349098203308753
v 0.27982 1.47004 -0.15018 0.2698196406617506 0.2866833682031101 0.1349098203308753
v 0.09957 0.8429 -0.30328 0.2698196406617506 0.2866833682031101 0.1349098203308753
v 0.07927 0.84336 -0.28236 0.2698196406617506 0.2866833682031101 0.1349098203308753
v 0.27201 1.47053 -0.14236 0.2698196406617506 0.2866833682031101 0.1349098203308753
v 0.07927 0.84336 -0.28236 0.3158802311443572 0.3356227455908795 0.1579401155721786
v 0.2789 1.46681 -0.13454 0.3158802311443572 0.3356227455908795 0.1579401155721786
v 0.27201 1.47053 -0.14236 0.3158802311443572 0.3356227455908795 0.1579401155721786
v 0.07927 0.84336 -0.28236 0.3158802311443572 0.3356227455908795 0.1579401155721786
v 0.09915 0.83921 -0.26144 0.3158802311443572 0.3356227455908795 0.1579401155721786
v 0.2789 1.46681 -0.13454 0.3158802311443572 0.3356227455908795 0.1579401155721786
v 0.09915 0.83921 -0.26144 0.29089952721387946 0.3090807476647469 0.14544976360693973
v 0.2873 1.46615 -0.14236 0.29089952721387946 0.3090807476647469 0.14544976360693973
v 0.2789 1.46681 -0.13454 0.29089952721387946 0.3090807476647469 0.14544976360693973
v 0.09915 0.83921 -0.26144 0.29089952721387946 0.3090807476647469 0.14544976360693973
v 0.12059 0.83862 -0.28236 0.29089952721387946 0.3090807476647469 0.14544976360693973
v 0.2873 1.46615 -0.14236 0.29089952721387946 0.3090807476647469 0.14544976360693973
v 0.34436 1.46842 -0.14236 0.2688 0.21 0.1344
v 0.28831 1.76842 -0.17089 0.2688 0.21 0.1344
v 0.30988 1.76842 -0.14236 0.2688 0.21 0.1344
v 0.34436 1.46842 -0.14236 0.2688 0.21 0.1344
v 0.29858 1.46842 -0.20418 0.2688 0.21 0.1344
v 0.28831 1.76842 -0.17089 0.2688 0.21 0.1344
v 0.29858 1.46842 -0.20418 0.31113327669410845 0.24307287241727224 0.15556663834705423
v 0.25599 1.76842 -0.15999 0.31113327669410845 0.24307287241727224 0.15556663834705423
v 0.28831 1.76842 -0.17089 0.31113327669410845 0.24307287241727224 0.15556663834705423
v 0.29858 1.46842 -0.20418 0.31113327669410845 0.24307287241727224 0.15556663834705423
v 0.22806 1.46842 -0.18057 0.31113327669410845 0.24307287241727224 0.15556663834705423
v 0.25599 1.76842 -0.15999 0.31113327669410845 0.24307287241727224 0.15556663834705423
v 0.22806 1.46842 -0.18057 0.2981248008655005 0.23291000067617226 0.14906240043275026
v 0.25476 1.76842 -0.12473 0.2981248008655005 0.23291000067617226 0.14906240043275026
v 0.25599 1.76842 -0.15999 0.2981248008655005 0.23291000067617226 0.14906240043275026
v 0.22806 1.46842 -0.18057 0.2981248008655005 0.23291000067617226 0.14906240043275026
v 0.22523 1.46842 -0.10415 0.2981248008655005 0.23291000067617226 0.14906240043275026
v 0.25476 1.76842 -0.12473 0.2981248008655005 0.23291000067617226 0.14906240043275026
v 0.22523 1.46842 -0.10415 0.2727973386564482 0.21312292082535014 0.1363986693282241
v 0.28905 1.76842 -0.11383 0.2727973386564482 0.21312292082535014 0.1363986693282241
v 0.25476 1.76842 -0.12473 0.2727973386564482 0.21312292082535014 0.1363986693282241
v 0.22523 1.46842 -0.10415 0.2727973386564482 0.21312292082535014 0.1363986693282241
v 0.30027 1.46842 -0.08054 0.2727973386564482 0.21312292082535014 0.1363986693282241
v 0.28905 1.76842 -0.11383 0.2727973386564482 0.21312292082535014 0.1363986693282241
v 0.30027 1.46842 -0.08054 0.31891608269627864 0.24915318960646768 0.15945804134813932
v 0.30988 1.76842 -0.14236 0.31891608269627864 0.24915318960646768 0.15945804134813932
v 0.28905 1.76842 -0.11383 0.31891608269627864 0.24915318960646768 0.15945804134813932
v 0.30027 1.46842 -0.08054 0.31891608269627864 0.24915318960646768 0.15945804134813932
v 0.34436 1.46842 -0.14236 0.31891608269627864 0.24915318960646768 0.15945804134813932
v 0.30988 1.76842 -0.14236 0.31891608269627864 0.24915318960646768 0.15945804134813932
v 0.09936 0.21368 -0.28236 0.28 0.35 0.15
v -0.10525 0.28716 -0.60731 0.28 0.35 0.15
v -0.05025 0.25562 -0.64194 0.28 0.35 0.15
v 0.09936 0.21368 -0.28236 0.23800000000000002 0.2975 0.1275
v -0.16025 0.1907 -0.57267 0.23800000000000002 0.2975 0.1275
v -0.10525 0.28716 -0.60731 0.23800000000000002 0.2975 0.1275
v -0.10525 0.28716 -0.60731 0.28 0.35 0.15
v -0.32691 0.23342 -0.95934 0.28 0.35 0.15
v -0.05025 0.25562 -0.64194 0.28 0.35 0.15
v -0.10525 0.28716 -0.60731 0.23800000000000002 0.2975 0.1275
v -0.16025 0.1907 -0.57267 0.23800000000000002 0.2975 0.1275
v -0.32691 0.23342 -0.95934 0.23800000000000002 0.2975 0.1275
v 0.09936 0.48032 -0.28236 0.28 0.35 0.15
v 0.26224 0.80351 -0.6301 0.28 0.35 0.15
v 0.32111 0.72224 -0.60253 0.28 0.35 0.15
v 0.09936 0.48032 -0.28236 0.23800000000000002 0.2975 0.1275
v 0.20338 0.75678 -0.65767 0.23800000000000002 0.2975 0.1275
v 0.26224 0.80351 -0.6301 0.23800000000000002 0.2975 0.1275
v 0.26224 0.80351 -0.6301 0.28 0.35 0.15
v 0.4387 1.0203 -1.00682 0.28 0.35 0.15
v 0.32111 0.72224 -0.60253 0.28 0.35 0.15
v 0.26224 0.80351 -0.6301 0.23800000000000002 0.2975 0.1275
v 0.20338 0.75678 -0.65767 0.23800000000000002 0.2975 0.1275
v 0.4387 1.0203 -1.00682 0.23800000000000002 0.2975 0.1275
v 0.09936 0.74695 -0.28236 0.28 0.35 0.15
v 0.47998 1.04268 -0.33318 0.28 0.35 0.15
v 0.48858 0.96608 -0.26875 0.28 0.35 0.15
v 0.09936 0.74695 -0.28236 0.23800000000000002 0.2975 0.1275
v 0.47138 0.99129 -0.39761 0.23800000000000002 0.2975 0.1275
v 0.47998 1.04268 -0.33318 0.23800000000000002 0.2975 0.1275
v 0.47998 1.04268 -0.33318 0.28 0.35 0.15
v 0.89232 1.22973 -0.38824 0.28 0.35 0.15
v 0.48858 0.96608 -0.26875 0.28 0.35 0.15
v 0.47998 1.04268 -0.33318 0.23800000000000002 0.2975 0.1275
v 0.47138 0.99129 -0.39761 0.23800000000000002 0.2975 0.1275
v 0.89232 1.22973 -0.38824 0.23800000000000002 0.2975 0.1275
v -0.2466 -0.1 -0.02656 0.2688 0.2856 0.1344
v -0.27134 0.75089 -0.04746 0.2688 0.2856 0.1344
v -0.2504 0.74616 -0.02656 0.2688 0.2856 0.1344
v -0.2466 -0.1 -0.02656 0.2688 0.2856 0.1344
v -0.2716 -0.1 -0.05156 0.2688 0.2856 0.1344
v -0.27134 0.75089 -0.04746 0.2688 0.2856 0.1344
v -0.2716 -0.1 -0.05156 0.31113327669410845 0.3305791064874903 0.15556663834705423
v -0.29165 0.75141 -0.02656 0.31113327669410845 0.3305791064874903 0.15556663834705423
v -0.27134 0.75089 -0.04746 0.31113327669410845 0.3305791064874903 0.15556663834705423
v -0.2716 -0.1 -0.05156 0.31113327669410845 0.3305791064874903 0.15556663834705423
v -0.29599 -0.1 -0.02656 0.31113327669410845 0.3305791064874903 0.15556663834705423
v -0.29165 0.75141 -0.02656 0.31113327669410845 0.3305791064874903 0.15556663834705423
v -0.29599 -0.1 -0.02656 0.2981248008655005 0.3167576009195943 0.14906240043275026
v -0.27186 0.74682 -0.00567 0.2981248008655005 0.3167576009195943 0.14906240043275026
v -0.29165 0.75141 -0.02656 0.2981248008655005 0.3167576009195943 0.14906240043275026
v -0.29599 -0.1 -0.02656 0.2981248008655005 0.3167576009195943 0.14906240043275026
v -0.2716 -0.1 -0.00156 0.2981248008655005 0.3167576009195943 0.14906240043275026
v -0.27186 0.74682 -0.00567 0.2981248008655005 0.3167576009195943 0.14906240043275026
v -0.2716 -0.1 -0.00156 0.2727973386564482 0.2898471723224762 0.1363986693282241
v -0.2504 0.74616 -0.02656 0.2727973386564482 0.2898471723224762 0.1363986693282241
v -0.27186 0.74682 -0.00567 0.2727973386564482 0.2898471723224762 0.1363986693282241
v -0.2716 -0.1 -0.00156 0.2727973386564482 0.2898471723224762 0.1363986693282241
v -0.2466 -0.1 -0.02656 0.2727973386564482 0.2898471723224762 0.1363986693282241
v -0.2504 0.74616 -0.02656 0.2727973386564482 0.2898471723224762 0.1363986693282241
v -0.2504 0.74616 -0.02656 0.3050533590156069 0.3241191939540823 0.15252667950780344
v -0.09104 1.31651 0.10565 0.3050533590156069 0.3241191939540823 0.15252667950780344
v -0.08373 1.31225 0.11344 0.3050533590156069 0.3241191939540823 0.15252667950780344
v -0.2504 0.74616 -0.02656 0.3050533590156069 0.3241191939540823 0.15252667950780344
v -0.27134 0.75089 -0.04746 0.3050533590156069 0.3241191939540823 0.15252667950780344
v -0.09104 1.31651 0.10565 0.3050533590156069 0.3241191939540823 0.15252667950780344
v -0.27134 0.75089 -0.04746 0.2698196406617506 0.2866833682031101 0.1349098203308753
v -0.09888 1.31707 0.11344 0.2698196406617506 0.2866833682031101 0.1349098203308753
v -0.09104 1.31651 0.10565 0.2698196406617506 0.2866833682031101 0.1349098203308753
v -0.27134 0.75089 -0.04746 0.2698196406617506 0.2866833682031101 0.1349098203308753
v -0.29165 0.75141 -0.02656 0.2698196406617506 0.2866833682031101 0.1349098203308753
v -0.09888 1.31707 0.11344 0.2698196406617506 0.2866833682031101 0.1349098203308753
v -0.29165 0.75141 -0.02656 0.3158802311443572 0.3356227455908795 0.1579401155721786
v -0.09215 1.31301 0.12122 0.3158802311443572 0.3356227455908795 0.1579401155721786
v -0.09888 1.31707 0.11344 0.3158802311443572 0.3356227455908795 0.1579401155721786
v -0.29165 0.75141 -0.02656 0.3158802311443572 0.3356227455908795 0.1579401155721786
v -0.27186 0.74682 -0.00567 0.3158802311443572 0.3356227455908795 0.1579401155721786
v -0.09215 1.31301 0.12122 0.3158802311443572 0.3356227455908795 0.1579401155721786
v -0.27186 0.74682 -0.00567 0.29089952721387946 0.3090807476647469 0.14544976360693973
v -0.08373 1.31225 0.11344 0.29089952721387946 0.3090807476647469 0.14544976360693973
v -0.09215 1.31301 0.12122 0.29089952721387946 0.3090807476647469 0.14544976360693973
v -0.27186 0.74682 -0.00567 0.29089952721387946 0.3090807476647469 0.14544976360693973
v -0.2504 0.74616 -0.02656 0.29089952721387946 0.3090807476647469 0.14544976360693973
v -0.08373 1.31225 0.11344 0.29089952721387946 0.3090807476647469 0.14544976360693973
v -0.0266 1.31476 0.11344 0.2688 0.21 0.1344
v -0.08265 1.61476 0.0849 0.2688 0.21 0.1344
v -0.06107 1.61476 0.11344 0.2688 0.21 0.1344
v -0.0266 1.31476 0.11344 0.2688 0.21 0.1344
v -0.07238 1.31476 0.05162 0.2688 0.21 0.1344
v -0.08265 1.61476 0.0849 0.2688 0.21 0.1344
v -0.07238 1.31476 0.05162 0.31113327669410845 0.24307287241727224 0.15556663834705423
v -0.11496 1.61476 0.0958 0.31113327669410845 0.24307287241727224 0.15556663834705423
v -0.08265 1.61476 0.0849 0.31113327669410845 0.24307287241727224 0.15556663834705423
v -0.07238 1.31476 0.05162 0.31113327669410845 0.24307287241727224 0.15556663834705423
v -0.1429 1.31476 0.07523 0.31113327669410845 0.24307287241727224 0.15556663834705423
v -0.11496 1.61476 0.0958 0.31113327669410845 0.24307287241727224 0.15556663834705423
v -0.1429 1.31476 0.07523 0.2981248008655005 0.23291000067617226 0.14906240043275026
v -0.1162 1.61476 0.13107 0.2981248008655005 0.23291000067617226 0.14906240043275026
v -0.11496 1.61476 0.0958 0.2981248008655005 0.23291000067617226 0.14906240043275026
v -0.1429 1.31476 0.07523 0.2981248008655005 0.23291000067617226 0.14906240043275026
v -0.14572 1.31476 0.15164 0.2981248008655005 0.23291000067617226 0.14906240043275026
v -0.1162 1.61476 0.13107 0.2981248008655005 0.23291000067617226 0.14906240043275026
v -0.14572 1.31476 0.15164 0.2727973386564482 0.21312292082535014 0.1363986693282241
v -0.08191 1.61476 0.14197 0.2727973386564482 0.21312292082535014 0.1363986693282241
v -0.1162 1.61476 0.13107 0.2727973386564482 0.21312292082535014 0.1363986693282241
v -0.14572 1.31476 0.15164 0.2727973386564482 0.21312292082535014 0.1363986693282241
v -0.07069 1.31476 0.17525 0.2727973386564482 0.21312292082535014 0.1363986693282241
v -0.08191 1.61476 0.14197 0.2727973386564482 0.21312292082535014 0.1363986693282241
v -0.07069 1.31476 0.17525 0.31891608269627864 0.24915318960646768 0.15945804134813932
v -0.06107 1.61476 0.11344 0.31891608269627864 0.24915318960646768 0.15945804134813932
v -0.08191 1.61476 0.14197 0.31891608269627864 0.24915318960646768 0.15945804134813932
v -0.07069 1.31476 0.17525 0.31891608269627864 0.24915318960646768 0.15945804134813932
v -0.0266 1.31476 0.11344 0.31891608269627864 0.24915318960646768 0.15945804134813932
v -0.06107 1.61476 0.11344 0.31891608269627864 0.24915318960646768 0.15945804134813932
v -0.2716 0.18295 -0.02656 0.28 0.35 0.15
v 0.10704 0.07373 0.03736 0.28 0.35 0.15
v 0.09622 -0.02271 0.10146 0.28 0.35 0.15
v -0.2716 0.18295 -0.02656 0.23800000000000002 0.2975 0.1275
v 0.11786 0.04218 -0.02673 0.23800000000000002 0.2975 0.1275
v 0.10704 0.07373 0.03736 0.23800000000000002 0.2975 0.1275
v 0.10704 0.07373 0.03736 0.28 0.35 0.15
v 0.51724 -0.17792 0.10662 0.28 0.35 0.15
v 0.09622 -0.02271 0.10146 0.28 0.35 0.15
v 0.10704 0.07373 0.03736 0.23800000000000002 0.2975 0.1275
v 0.11786 0.04218 -0.02673 0.23800000000000002 0.2975 0.1275
v 0.51724 -0.17792 0.10662 0.23800000000000002 0.2975 0.1275
v -0.2716 0.42346 -0.02656 0.28 0.35 0.15
v -0.12081 0.2032 0.32659 0.28 0.35 0.15
v -0.18059 0.15632 0.35212 0.28 0.35 0.15
v -0.2716 0.42346 -0.02656 0.23800000000000002 0.2975 0.1275
v -0.06103 0.12208 0.30107 0.23800000000000002 0.2975 0.1275
v -0.12081 0.2032 0.32659 0.23800000000000002 0.2975 0.1275
v -0.12081 0.2032 0.32659 0.28 0.35 0.15
v 0.04254 -0.16875 0.70918 0.28 0.35 0.15
v -0.18059 0.15632 0.35212 0.28 0.35 0.15
v -0.12081 0.2032 0.32659 0.23800000000000002 0.2975 0.1275
v -0.06103 0.12208 0.30107 0.23800000000000002 0.2975 0.1275
v 0.04254 -0.16875 0.70918 0.23800000000000002 0.2975 0.1275
v -0.2716 0.66397 -0.02656 0.28 0.35 0.15
v -0.4873 0.63665 0.29113 0.28 0.35 0.15
v -0.54107 0.58541 0.25462 0.28 0.35 0.15
v -0.2716 0.66397 -0.02656 0.23800000000000002 0.2975 0.1275
v -0.43352 0.55989 0.32764 0.23800000000000002 0.2975 0.1275
v -0.4873 0.63665 0.29113 0.23800000000000002 0.2975 0.1275
v -0.4873 0.63665 0.29113 0.28 0.35 0.15
v -0.72097 0.47372 0.6353 0.28 0.35 0.15
v -0.54107 0.58541 0.25462 0.28 0.35 0.15
v -0.4873 0.63665 0.29113 0.23800000000000002 0.2975 0.1275
v -0.43352 0.55989 0.32764 0.23800000000000002 0.2975 0.1275
v -0.72097 0.47372 0.6353 0.23800000000000002 0.2975 0.1275
v -0.97172 -0.1 -0.06913 0.2688 0.2856 0.1344
v -0.99647 0.77569 -0.09004 0.2688 0.2856 0.1344
v -0.97551 0.77109 -0.06913 0.2688 0.2856 0.1344
v -0.97172 -0.1 -0.06913 0.2688 0.2856 0.1344
v -0.99672 -0.1 -0.09413 0.2688 0.2856 0.1344
v -0.99647 0.77569 -0.09004 0.2688 0.2856 0.1344
v -0.99672 -0.1 -0.09413 0.31113327669410845 0.3305791064874903 0.15556663834705423
v -1.01678 0.77619 -0.06913 0.31113327669410845 0.3305791064874903 0.15556663834705423
v -0.99647 0.77569 -0.09004 0.31113327669410845 0.3305791064874903 0.15556663834705423
v -0.99672 -0.1 -0.09413 0.31113327669410845 0.3305791064874903 0.15556663834705423
v -1.02111 -0.1 -0.06913 0.31113327669410845 0.3305791064874903 0.15556663834705423
v -1.01678 0.77619 -0.06913 0.31113327669410845 0.3305791064874903 0.15556663834705423
v -1.02111 -0.1 -0.06913 0.2981248008655005 0.3167576009195943 0.14906240043275026
v -0.99696 0.77173 -0.04823 0.2981248008655005 0.3167576009195943 0.14906240043275026
v -1.01678 0.77619 -0.06913 0.2981248008655005 0.3167576009195943 0.14906240043275026
v -1.02111 -0.1 -0.06913 0.2981248008655005 0.3167576009195943 0.14906240043275026
v -0.99672 -0.1 -0.04413 0.2981248008655005 0.3167576009195943 0.14906240043275026
v -0.99696 0.77173 -0.04823 0.2981248008655005 0.3167576009195943 0.14906240043275026
v -0.99672 -0.1 -0.04413 0.2727973386564482 0.2898471723224762 0.1363986693282241
v -0.97551 0.77109 -0.06913 0.2727973386564482 0.2898471723224762 0.1363986693282241
v -0.99696 0.77173 -0.04823 0.2727973386564482 0.2898471723224762 0.1363986693282241
v -0.99672 -0.1 -0.04413 0.2727973386564482 0.2898471723224762 0.1363986693282241
v -0.97172 -0.1 -0.06913 0.2727973386564482 0.2898471723224762 0.1363986693282241
v -0.97551 0.77109 -0.06913 0.2727973386564482 0.2898471723224762 0.1363986693282241
v -0.97551 0.77109 -0.06913 0.3050533590156069 0.3241191939540823 0.15252667950780344
v -0.81619 1.3579 0.06307 0.3050533590156069 0.3241191939540823 0.15252667950780344
v -0.80883 1.35375 0.07087 0.3050533590156069 0.3241191939540823 0.15252667950780344
v -0.97551 0.77109 -0.06913 0.3050533590156069 0.3241191939540823 0.15252667950780344
v -0.99647 0.77569 -0.09004 0.3050533590156069 0.3241191939540823 0.15252667950780344
v -0.81619 1.3579 0.06307 0.3050533590156069 0.3241191939540823 0.15252667950780344
v -0.99647 0.77569 -0.09004 0.2698196406617506 0.2866833682031101 0.1349098203308753
v -0.82402 1.35845 0.07087 0.2698196406617506 0.2866833682031101 0.1349098203308753
v -0.81619 1.3579 0.06307 0.2698196406617506 0.2866833682031101 0.1349098203308753
v -0.99647 0.77569 -0.09004 0.2698196406617506 0.2866833682031101 0.1349098203308753
v -1.01678 0.77619 -0.06913 0.2698196406617506 0.2866833682031101 0.1349098203308753
v -0.82402 1.35845 0.07087 0.2698196406617506 0.2866833682031101 0.1349098203308753
v -1.01678 0.77619 -0.06913 0.3158802311443572 0.3356227455908795 0.1579401155721786
v -0.81725 1.35448 0.07867 0.3158802311443572 0.3356227455908795 0.1579401155721786
v -0.82402 1.35845 0.07087 0.3158802311443572 0.3356227455908795 0.1579401155721786
v -1.01678 0.77619 -0.06913 0.3158802311443572 0.3356227455908795 0.1579401155721786
v -0.99696 0.77173 -0.04823 0.3158802311443572 0.3356227455908795 0.1579401155721786
v -0.81725 1.35448 0.07867 0.3158802311443572 0.3356227455908795 0.1579401155721786
v -0.99696 0.77173 -0.04823 0.29089952721387946 0.3090807476647469 0.14544976360693973
v -0.80883 1.35375 0.07087 0.29089952721387946 0.3090807476647469 0.14544976360693973
v -0.81725 1.35448 0.07867 0.29089952721387946 0.3090807476647469 0.14544976360693973
v -0.99696 0.77173 -0.04823 0.29089952721387946 0.3090807476647469 0.14544976360693973
v -0.97551 0.77109 -0.06913 0.29089952721387946 0.3090807476647469 0.14544976360693973
v -0.80883 1.35375 0.07087 0.29089952721387946 0.3090807476647469 0.14544976360693973
v -0.75172 1.35619 0.07087 0.2688 0.21 0.1344
v -0.80777 1.65619 0.04234 0.2688 0.21 0.1344
v -0.78619 1.65619 0.07087 0.2688 0.21 0.1344
v -0.75172 1.35619 0.07087 0.2688 0.21 0.1344
v -0.7975 1.35619 0.00905 0.2688 0.21 0.1344
v -0.80777 1.65619 0.04234 0.2688 0.21 0.1344
v -0.7975 1.35619 0.00905 0.31113327669410845 0.24307287241727224 0.15556663834705423
v -0.84008 1.65619 0.05324 0.31113327669410845 0.24307287241727224 0.15556663834705423
v -0.80777 1.65619 0.04234 0.31113327669410845 0.24307287241727224 0.15556663834705423
v -0.7975 1.35619 0.00905 0.31113327669410845 0.24307287241727224 0.15556663834705423
v -0.86802 1.35619 0.03266 0.31113327669410845 0.24307287241727224 0.15556663834705423
v -0.84008 1.65619 0.05324 0.31113327669410845 0.24307287241727224 0.15556663834705423
v -0.86802 1.35619 0.03266 0.2981248008655005 0.23291000067617226 0.14906240043275026
v -0.84132 1.65619 0.0885 0.2981248008655005 0.23291000067617226 0.14906240043275026
v -0.84008 1.65619 0.05324 0.2981248008655005 0.23291000067617226 0.14906240043275026
v -0.86802 1.35619 0.03266 0.2981248008655005 0.23291000067617226 0.14906240043275026
v -0.87084 1.35619 0.10908 0.2981248008655005 0.23291000067617226 0.14906240043275026
v -0.84132 1.65619 0.0885 0.2981248008655005 0.23291000067617226 0.14906240043275026
v -0.87084 1.35619 0.10908 0.2727973386564482 0.21312292082535014 0.1363986693282241
v -0.80703 1.65619 0.0994 0.2727973386564482 0.21312292082535014 0.1363986693282241
v -0.84132 1.65619 0.0885 0.2727973386564482 0.21312292082535014 0.1363986693282241
v -0.87084 1.35619 0.10908 0.2727973386564482 0.21312292082535014 0.1363986693282241
v -0.79581 1.35619 0.13269 0.2727973386564482 0.21312292082535014 0.1363986693282241
v -0.80703 1.65619 0.0994 0.2727973386564482 0.21312292082535014 0.1363986693282241
v -0.79581 1.35619 0.13269 0.31891608269627864 0.24915318960646768 0.15945804134813932
v -0.78619 1.65619 0.07087 0.31891608269627864 0.24915318960646768 0.15945804134813932
v -0.80703 1.65619 0.0994 0.31891608269627864 0.24915318960646768 0.15945804134813932
v -0.79581 1.35619 0.13269 0.31891608269627864 0.24915318960646768 0.15945804134813932
v -0.75172 1.35619 0.07087 0.31891608269627864 0.24915318960646768 0.15945804134813932
v -0.78619 1.65619 0.07087 0.31891608269627864 0.24915318960646768 0.15945804134813932
v -0.99672 0.19124 -0.06913 0.28 0.35 0.15
v -1.29667 0.43082 0.17063 0.28 0.35 0.15
v -1.33725 0.39926 0.11986 0.28 0.35 0.15
v -0.99672 0.19124 -0.06913 0.23800000000000002 0.2975 0.1275
v -1.25608 0.33439 0.2214 0.23800000000000002 0.2975 0.1275
v -1.29667 0.43082 0.17063 0.23800000000000002 0.2975 0.1275
v -1.29667 0.43082 0.17063 0.28 0.35 0.15
v -1.62162 0.55704 0.43037 0.28 0.35 0.15
v -1.33725 0.39926 0.11986 0.28 0.35 0.15
v -1.29667 0.43082 0.17063 0.23800000000000002 0.2975 0.1275
v -1.25608 0.33439 0.2214 0.23800000000000002 0.2975 0.1275
v -1.62162 0.55704 0.43037 0.23800000000000002 0.2975 0.1275
v -0.99672 0.43879 -0.06913 0.28 0.35 0.15
v -1.36053 0.78656 -0.19199 0.28 0.35 0.15
v -1.33974 0.70558 -0.25357 0.28 0.35 0.15
v -0.99672 0.43879 -0.06913 0.23800000000000002 0.2975 0.1275
v -1.38133 0.73954 -0.1304 0.23800000000000002 0.2975 0.1275
v -1.36053 0.78656 -0.19199 0.23800000000000002 0.2975 0.1275
v -1.36053 0.78656 -0.19199 0.28 0.35 0.15
v -1.75467 1.02997 -0.32508 0.28 0.35 0.15
v -1.33974 0.70558 -0.25357 0.28 0.35 0.15
v -1.36053 0.78656 -0.19199 0.23800000000000002 0.2975 0.1275
v -1.38133 0.73954 -0.1304 0.23800000000000002 0.2975 0.1275
v -1.75467 1.02997 -0.32508 0.23800000000000002 0.2975 0.1275
v -0.99672 0.68634 -0.06913 0.28 0.35 0.15
v -1.08991 0.83883 -0.44165 0.28 0.35 0.15
v -1.02685 0.76192 -0.45743 0.28 0.35 0.15
v -0.99672 0.68634 -0.06913 0.23800000000000002 0.2975 0.1275
v -1.15296 0.78775 -0.42588 0.23800000000000002 0.2975 0.1275
v -1.08991 0.83883 -0.44165 0.23800000000000002 0.2975 0.1275
v -1.08991 0.83883 -0.44165 0.28 0.35 0.15
v -1.19086 0.8707 -0.84521 0.28 0.35 0.15
v -1.02685 0.76192 -0.45743 0.28 0.35 0.15
v -1.08991 0.83883 -0.44165 0.23800000000000002 0.2975 0.1275
v -1.15296 0.78775 -0.42588 0.23800000000000002 0.2975 0.1275
v -1.19086 0.8707 -0.84521 0.23800000000000002 0.2975 0.1275
v -0.86304 -0.1 -0.43848 0.2688 0.2856 0.1344
v -0.88791 1.10585 -0.45943 0.2688 0.2856 0.1344
v -0.86676 1.10249 -0.43848 0.2688 0.2856 0.1344
v -0.86304 -0.1 -0.43848 0.2688 0.2856 0.1344
v -0.88804 -0.1 -0.46348 0.2688 0.2856 0.1344
v -0.88791 1.10585 -0.45943 0.2688 0.2856 0.1344
v -0.88804 -0.1 -0.46348 0.31113327669410845 0.3305791064874903 0.15556663834705423
v -0.90818 1.10621 -0.43848 0.31113327669410845 0.3305791064874903 0.15556663834705423
v -0.88791 1.10585 -0.45943 0.31113327669410845 0.3305791064874903 0.15556663834705423
v -0.88804 -0.1 -0.46348 0.31113327669410845 0.3305791064874903 0.15556663834705423
v -0.91243 -0.1 -0.43848 0.31113327669410845 0.3305791064874903 0.15556663834705423
v -0.90818 1.10621 -0.43848 0.31113327669410845 0.3305791064874903 0.15556663834705423
v -0.91243 -0.1 -0.43848 0.2981248008655005 0.3167576009195943 0.14906240043275026
v -0.88817 1.10295 -0.41753 0.2981248008655005 0.3167576009195943 0.14906240043275026
v -0.90818 1.10621 -0.43848 0.2981248008655005 0.3167576009195943 0.14906240043275026
v -0.91243 -0.1 -0.43848 0.2981248008655005 0.3167576009195943 0.14906240043275026
v -0.88804 -0.1 -0.41348 0.2981248008655005 0.3167576009195943 0.14906240043275026
v -0.88817 1.10295 -0.41753 0.2981248008655005 0.3167576009195943 0.14906240043275026
v -0.88804 -0.1 -0.41348 0.2727973386564482 0.2898471723224762 0.1363986693282241
v -0.86676 1.10249 -0.43848 0.2727973386564482 0.2898471723224762 0.1363986693282241
v -0.88817 1.10295 -0.41753 0.2727973386564482 0.2898471723224762 0.1363986693282241
v -0.88804 -0.1 -0.41348 0.2727973386564482 0.2898471723224762 0.1363986693282241
v -0.86304 -0.1 -0.43848 0.2727973386564482 0.2898471723224762 0.1363986693282241
v -0.86676 1.10249 -0.43848 0.2727973386564482 0.2898471723224762 0.1363986693282241
v -0.86676 1.10249 -0.43848 0.3050533590156069 0.3241191939540823 0.15252667950780344
v -0.70774 1.90864 -0.30637 0.3050533590156069 0.3241191939540823 0.15252667950780344
v -0.69998 1.90553 -0.29848 0.3050533590156069 0.3241191939540823 0.15252667950780344
v -0.86676 1.10249 -0.43848 0.3050533590156069 0.3241191939540823 0.15252667950780344
v -0.88791 1.10585 -0.45943 0.3050533590156069 0.3241191939540823 0.15252667950780344
v -0.70774 1.90864 -0.30637 0.3050533590156069 0.3241191939540823 0.15252667950780344
v -0.88791 1.10585 -0.45943 0.2698196406617506 0.2866833682031101 0.1349098203308753
v -0.7155 1.90901 -0.29848 0.2698196406617506 0.2866833682031101 0.1349098203308753
v -0.70774 1.90864 -0.30637 0.2698196406617506 0.2866833682031101 0.1349098203308753
v -0.88791 1.10585 -0.45943 0.2698196406617506 0.2866833682031101 0.1349098203308753
v -0.90818 1.10621 -0.43848 0.2698196406617506 0.2866833682031101 0.1349098203308753
v -0.7155 1.90901 -0.29848 0.2698196406617506 0.2866833682031101 0.1349098203308753
v -0.90818 1.10621 -0.43848 0.3158802311443572 0.3356227455908795 0.1579401155721786
v -0.70833 1.90602 -0.29059 0.3158802311443572 0.3356227455908795 0.1579401155721786
v -0.7155 1.90901 -0.29848 0.3158802311443572 0.3356227455908795 0.1579401155721786
v -0.90818 1.10621 -0.43848 0.3158802311443572 0.3356227455908795 0.1579401155721786
v -0.88817 1.10295 -0.41753 0.3158802311443572 0.3356227455908795 0.1579401155721786
v -0.70833 1.90602 -0.29059 0.3158802311443572 0.3356227455908795 0.1579401155721786
v -0.88817 1.10295 -0.41753 0.29089952721387946 0.3090807476647469 0.14544976360693973
v -0.69998 1.90553 -0.29848 0.29089952721387946 0.3090807476647469 0.14544976360693973
v -0.70833 1.90602 -0.29059 0.29089952721387946 0.3090807476647469 0.14544976360693973
v -0.88817 1.10295 -0.41753 0.29089952721387946 0.3090807476647469 0.14544976360693973
v -0.86676 1.10249 -0.43848 0.29089952721387946 0.3090807476647469 0.14544976360693973
v -0.69998 1.90553 -0.29848 0.29089952721387946 0.3090807476647469 0.14544976360693973
v -0.64304 1.90733 -0.29848 0.2688 0.21 0.1344
v -0.69909 2.20733 -0.32701 0.2688 0.21 0.1344
v -0.67751 2.20733 -0.29848 0.2688 0.21 0.1344
v -0.64304 1.90733 -0.29848 0.2688 0.21 0.1344
v -0.68882 1.90733 -0.3603 0.2688 0.21 0.1344
v -0.69909 2.20733 -0.32701 0.2688 0.21 0.1344
v -0.68882 1.90733 -0.3603 0.31113327669410845 0.24307287241727224 0.15556663834705423
v -0.7314 2.20733 -0.31611 0.31113327669410845 0.24307287241727224 0.15556663834705423
v -0.69909 2.20733 -0.32701 0.31113327669410845 0.24307287241727224 0.15556663834705423
v -0.68882 1.90733 -0.3603 0.31113327669410845 0.24307287241727224 0.15556663834705423
v -0.75934 1.90733 -0.33669 0.31113327669410845 0.24307287241727224 0.15556663834705423
v -0.7314 2.20733 -0.31611 0.31113327669410845 0.24307287241727224 0.15556663834705423
v -0.75934 1.90733 -0.33669 0.2981248008655005 0.23291000067617226 0.14906240043275026
v -0.73264 2.20733 -0.28085 0.2981248008655005 0.23291000067617226 0.14906240043275026
v -0.7314 2.20733 -0.31611 0.2981248008655005 0.23291000067617226 0.14906240043275026
v -0.75934 1.90733 -0.33669 0.2981248008655005 0.23291000067617226 0.14906240043275026
v -0.76216 1.90733 -0.26027 0.2981248008655005 0.23291000067617226 0.14906240043275026
v -0.73264 2.20733 -0.28085 0.2981248008655005 0.23291000067617226 0.14906240043275026
v -0.76216 1.90733 -0.26027 0.2727973386564482 0.21312292082535014 0.1363986693282241
v -0.69835 2.20733 -0.26995 0.2727973386564482 0.21312292082535014 0.1363986693282241
v -0.73264 2.20733 -0.28085 0.2727973386564482 0.21312292082535014 0.1363986693282241
v -0.76216 1.90733 -0.26027 0.2727973386564482 0.21312292082535014 0.1363986693282241
v -0.68713 1.90733 -0.23666 0.2727973386564482 0.21312292082535014 0.1363986693282241
v -0.69835 2.20733 -0.26995 0.2727973386564482 0.21312292082535014 0.1363986693282241
v -0.68713 1.90733 -0.23666 0.31891608269627864 0.24915318960646768 0.15945804134813932
v -0.67751 2.20733 -0.29848 0.31891608269627864 0.24915318960646768 0.15945804134813932
v -0.69835 2.20733 -0.26995 0.31891608269627864 0.24915318960646768 0.15945804134813932
v -0.68713 1.90733 -0.23666 0.31891608269627864 0.24915318960646768 0.15945804134813932
v -0.64304 1.90733 -0.29848 0.31891608269627864 0.24915318960646768 0.15945804134813932
v -0.67751 2.20733 -0.29848 0.31891608269627864 0.24915318960646768 0.15945804134813932
v -0.88804 0.30147 -0.43848 0.28 0.35 0.15
v -0.86698 0.11449 -0.8219 0.28 0.35 0.15
v -0.80208 0.01806 -0.81834 0.28 0.35 0.15
v -0.88804 0.30147 -0.43848 0.23800000000000002 0.2975 0.1275
v -0.93188 0.08291 -0.82547 0.23800000000000002 0.2975 0.1275
v -0.86698 0.11449 -0.8219 0.23800000000000002 0.2975 0.1275
v -0.86698 0.11449 -0.8219 0.28 0.35 0.15
v -0.84416 -0.2214 -1.23728 0.28 0.35 0.15
v -0.80208 0.01806 -0.81834 0.28 0.35 0.15
v -0.86698 0.11449 -0.8219 0.23800000000000002 0.2975 0.1275
v -0.93188 0.08291 -0.82547 0.23800000000000002 0.2975 0.1275
v -0.84416 -0.2214 -1.23728 0.23800000000000002 0.2975 0.1275
v -0.88804 0.64271 -0.43848 0.28 0.35 0.15
v -0.55402 0.71497 -0.62792 0.28 0.35 0.15
v -0.52195 0.6678 -0.57138 0.28 0.35 0.15
v -0.88804 0.64271 -0.43848 0.23800000000000002 0.2975 0.1275
v -0.58609 0.63413 -0.68446 0.23800000000000002 0.2975 0.1275
v -0.55402 0.71497 -0.62792 0.23800000000000002 0.2975 0.1275
v -0.55402 0.71497 -0.62792 0.28 0.35 0.15
v -0.19217 0.65991 -0.83315 0.28 0.35 0.15
v -0.52195 0.6678 -0.57138 0.28 0.35 0.15
v -0.55402 0.71497 -0.62792 0.23800000000000002 0.2975 0.1275
v -0.58609 0.63413 -0.68446 0.23800000000000002 0.2975 0.1275
v -0.19217 0.65991 -0.83315 0.23800000000000002 0.2975 0.1275
v -0.88804 0.98396 -0.43848 0.28 0.35 0.15
v -0.54816 1.30662 -0.25977 0.28 0.35 0.15
v -0.57841 1.25569 -0.20224 0.28 0.35 0.15
v -0.88804 0.98396 -0.43848 0.23800000000000002 0.2975 0.1275
v -0.51791 1.22955 -0.3173 0.23800000000000002 0.2975 0.1275
v -0.54816 1.30662 -0.25977 0.23800000000000002 0.2975 0.1275
v -0.54816 1.30662 -0.25977 0.28 0.35 0.15
v -0.17995 1.52283 -0.06617 0.28 0.35 0.15
v -0.57841 1.25569 -0.20224 0.28 0.35 0.15
v -0.54816 1.30662 -0.25977 0.23800000000000002 0.2975 0.1275
v -0.51791 1.22955 -0.3173 0.23800000000000002 0.2975 0.1275
v -0.17995 1.52283 -0.06617 0.23800000000000002 0.2975 0.1275
v 0.68388 -0.1 -0.94093 0.2688 0.2856 0.1344
v 0.65899 1.20193 -0.96188 0.2688 0.2856 0.1344
v 0.68017 1.19882 -0.94093 0.2688 0.2856 0.1344
v 0.68388 -0.1 -0.94093 0.2688 0.2856 0.1344
v 0.65888 -0.1 -0.96593 0.2688 0.2856 0.1344
v 0.65899 1.20193 -0.96188 0.2688 0.2856 0.1344
v 0.65888 -0.1 -0.96593 0.31113327669410845 0.3305791064874903 0.15556663834705423
v 0.63873 1.20226 -0.94093 0.31113327669410845 0.3305791064874903 0.15556663834705423
v 0.65899 1.20193 -0.96188 0.31113327669410845 0.3305791064874903 0.15556663834705423
v 0.65888 -0.1 -0.96593 0.31113327669410845 0.3305791064874903 0.15556663834705423
v 0.63449 -0.1 -0.94093 0.31113327669410845 0.3305791064874903 0.15556663834705423
v 0.63873 1.20226 -0.94093 0.31113327669410845 0.3305791064874903 0.15556663834705423
v 0.63449 -0.1 -0.94093 0.2981248008655005 0.3167576009195943 0.14906240043275026
v 0.65877 1.19924 -0.91997 0.2981248008655005 0.3167576009195943 0.14906240043275026
v 0.63873 1.20226 -0.94093 0.2981248008655005 0.3167576009195943 0.14906240043275026
v 0.63449 -0.1 -0.94093 0.2981248008655005 0.3167576009195943 0.14906240043275026
v 0.65888 -0.1 -0.91593 0.2981248008655005 0.3167576009195943 0.14906240043275026
v 0.65877 1.19924 -0.91997 0.2981248008655005 0.3167576009195943 0.14906240043275026
v 0.65888 -0.1 -0.91593 0.2727973386564482 0.2898471723224762 0.1363986693282241
v 0.68017 1.19882 -0.94093 0.2727973386564482 0.2898471723224762 0.1363986693282241
v 0.65877 1.19924 -0.91997 0.2727973386564482 0.2898471723224762 0.1363986693282241
v 0.65888 -0.1 -0.91593 0.2727973386564482 0.2898471723224762 0.1363986693282241
v 0.68388 -0.1 -0.94093 0.2727973386564482 0.2898471723224762 0.1363986693282241
v 0.68017 1.19882 -0.94093 0.2727973386564482 0.2898471723224762 0.1363986693282241
v 0.68017 1.19882 -0.94093 0.3050533590156069 0.3241191939540823 0.15252667950780344
v 0.83913 2.06887 -0.80883 0.3050533590156069 0.3241191939540823 0.15252667950780344
v 0.84697 2.06596 -0.80093 0.3050533590156069 0.3241191939540823 0.15252667950780344
v 0.68017 1.19882 -0.94093 0.3050533590156069 0.3241191939540823 0.15252667950780344
v 0.65899 1.20193 -0.96188 0.3050533590156069 0.3241191939540823 0.15252667950780344
v 0.83913 2.06887 -0.80883 0.3050533590156069 0.3241191939540823 0.15252667950780344
v 0.65899 1.20193 -0.96188 0.2698196406617506 0.2866833682031101 0.1349098203308753
v 0.83139 2.0692 -0.80093 0.2698196406617506 0.2866833682031101 0.1349098203308753
v 0.83913 2.06887 -0.80883 0.2698196406617506 0.2866833682031101 0.1349098203308753
v 0.65899 1.20193 -0.96188 0.2698196406617506 0.2866833682031101 0.1349098203308753
v 0.63873 1.20226 -0.94093 0.2698196406617506 0.2866833682031101 0.1349098203308753
v 0.83139 2.0692 -0.80093 0.2698196406617506 0.2866833682031101 0.1349098203308753
v 0.63873 1.20226 -0.94093 0.3158802311443572 0.3356227455908795 0.1579401155721786
v 0.83863 2.06642 -0.79303 0.3158802311443572 0.3356227455908795 0.1579401155721786
v 0.83139 2.0692 -0.80093 0.3158802311443572 0.3356227455908795 0.1579401155721786
v 0.63873 1.20226 -0.94093 0.3158802311443572 0.3356227455908795 0.1579401155721786
v 0.65877 1.19924 -0.91997 0.3158802311443572 0.3356227455908795 0.1579401155721786
v 0.83863 2.06642 -0.79303 0.3158802311443572 0.3356227455908795 0.1579401155721786
v 0.65877 1.19924 -0.91997 0.29089952721387946 0.3090807476647469 0.14544976360693973
v 0.84697 2.06596 -0.80093 0.29089952721387946 0.3090807476647469 0.14544976360693973
v 0.83863 2.06642 -0.79303 0.29089952721387946 0.3090807476647469 0.14544976360693973
v 0.65877 1.19924 -0.91997 0.29089952721387946 0.3090807476647469 0.14544976360693973
v 0.68017 1.19882 -0.94093 0.29089952721387946 0.3090807476647469 0.14544976360693973
v 0.84697 2.06596 -0.80093 0.29089952721387946 0.3090807476647469 0.14544976360693973
v 0.90388 2.06764 -0.80093 0.2688 0.21 0.1344
v 0.84783 2.36764 -0.82946 0.2688 0.21 0.1344
v 0.8694 2.36764 -0.80093 0.2688 0.21 0.1344
v 0.90388 2.06764 -0.80093 0.2688 0.21 0.1344
v 0.8581 2.06764 -0.86275 0.2688 0.21 0.1344
v 0.84783 2.36764 -0.82946 0.2688 0.21 0.1344
v 0.8581 2.06764 -0.86275 0.31113327669410845 0.24307287241727224 0.15556663834705423
v 0.81551 2.36764 -0.81856 0.31113327669410845 0.24307287241727224 0.15556663834705423
v 0.84783 2.36764 -0.82946 0.31113327669410845 0.24307287241727224 0.15556663834705423
v 0.8581 2.06764 -0.86275 0.31113327669410845 0.24307287241727224 0.15556663834705423
v 0.78758 2.06764 -0.83913 0.31113327669410845 0.24307287241727224 0.15556663834705423
v 0.81551 2.36764 -0.81856 0.31113327669410845 0.24307287241727224 0.15556663834705423
v 0.78758 2.06764 -0.83913 0.2981248008655005 0.23291000067617226 0.14906240043275026
v 0.81428 2.36764 -0.78329 0.2981248008655005 0.23291000067617226 0.14906240043275026
v 0.81551 2.36764 -0.81856 0.2981248008655005 0.23291000067617226 0.14906240043275026
v 0.78758 2.06764 -0.83913 0.2981248008655005 0.23291000067617226 0.14906240043275026
v 0.78475 2.06764 -0.76272 0.2981248008655005 0.23291000067617226 0.14906240043275026
v 0.81428 2.36764 -0.78329 0.2981248008655005 0.23291000067617226 0.14906240043275026
v 0.78475 2.06764 -0.76272 0.2727973386564482 0.21312292082535014 0.1363986693282241
v 0.84857 2.36764 -0.7724 0.2727973386564482 0.21312292082535014 0.1363986693282241
v 0.81428 2.36764 -0.78329 0.2727973386564482 0.21312292082535014 0.1363986693282241
v 0.78475 2.06764 -0.76272 0.2727973386564482 0.21312292082535014 0.1363986693282241
v 0.85979 2.06764 -0.73911 0.2727973386564482 0.21312292082535014 0.1363986693282241
v 0.84857 2.36764 -0.7724 0.2727973386564482 0.21312292082535014 0.1363986693282241
v 0.85979 2.06764 -0.73911 0.31891608269627864 0.24915318960646768 0.15945804134813932
v 0.8694 2.36764 -0.80093 0.31891608269627864 0.24915318960646768 0.15945804134813932
v 0.84857 2.36764 -0.7724 0.31891608269627864 0.24915318960646768 0.15945804134813932
v 0.85979 2.06764 -0.73911 0.31891608269627864 0.24915318960646768 0.15945804134813932
v 0.90388 2.06764 -0.80093 0.31891608269627864 0.24915318960646768 0.15945804134813932
v 0.8694 2.36764 -0.80093 0.31891608269627864 0.24915318960646768 0.15945804134813932
v 0.65888 0.33353 -0.94093 0.28 0.35 0.15
v 0.93077 0.30504 -0.66976 0.28 0.35 0.15
v 0.88487 0.27345 -0.62374 0.28 0.35 0.15
v 0.65888 0.33353 -0.94093 0.23800000000000002 0.2975 0.1275
v 0.97667 0.20862 -0.71578 0.23800000000000002 0.2975 0.1275
v 0.93077 0.30504 -0.66976 0.23800000000000002 0.2975 0.1275
v 0.93077 0.30504 -0.66976 0.28 0.35 0.15
v 1.22531 0.14084 -0.37599 0.28 0.35 0.15
v 0.88487 0.27345 -0.62374 0.28 0.35 0.15
v 0.93077 0.30504 -0.66976 0.23800000000000002 0.2975 0.1275
v 0.97667 0.20862 -0.71578 0.23800000000000002 0.2975 0.1275
v 1.22531 0.14084 -0.37599 0.23800000000000002 0.2975 0.1275
v 0.65888 0.70203 -0.94093 0.28 0.35 0.15
v 0.5776 0.96441 -0.56563 0.28 0.35 0.15
v 0.51407 0.88372 -0.57939 0.28 0.35 0.15
v 0.65888 0.70203 -0.94093 0.23800000000000002 0.2975 0.1275
v 0.64113 0.9171 -0.55187 0.23800000000000002 0.2975 0.1275
v 0.5776 0.96441 -0.56563 0.23800000000000002 0.2975 0.1275
v 0.5776 0.96441 -0.56563 0.28 0.35 0.15
v 0.48955 1.11532 -0.15905 0.28 0.35 0.15
v 0.51407 0.88372 -0.57939 0.28 0.35 0.15
v 0.5776 0.96441 -0.56563 0.23800000000000002 0.2975 0.1275
v 0.64113 0.9171 -0.55187 0.23800000000000002 0.2975 0.1275
v 0.48955 1.11532 -0.15905 0.23800000000000002 0.2975 0.1275
v 0.65888 1.07053 -0.94093 0.28 0.35 0.15
v 0.29916 1.41164 -0.80655 0.28 0.35 0.15
v 0.27641 1.33441 -0.86744 0.28 0.35 0.15
v 0.65888 1.07053 -0.94093 0.23800000000000002 0.2975 0.1275
v 0.32191 1.36086 -0.74566 0.23800000000000002 0.2975 0.1275
v 0.29916 1.41164 -0.80655 0.23800000000000002 0.2975 0.1275
v 0.29916 1.41164 -0.80655 0.28 0.35 0.15
v -0.09054 1.64784 -0.66097 0.28 0.35 0.15
v 0.27641 1.33441 -0.86744 0.28 0.35 0.15
v 0.29916 1.41164 -0.80655 0.23800000000000002 0.2975 0.1275
v 0.32191 1.36086 -0.74566 0.23800000000000002 0.2975 0.1275
v -0.09054 1.64784 -0.66097 0.23800000000000002 0.2975 0.1275
v -0.3689 -0.1 0.71415 0.2688 0.2856 0.1344
v -0.39379 1.25986 0.69319 0.2688 0.2856 0.1344
v -0.37259 1.25688 0.71415 0.2688 0.2856 0.1344
v -0.3689 -0.1 0.71415 0.2688 0.2856 0.1344
v -0.3939 -0.1 0.68915 0.2688 0.2856 0.1344
v -0.39379 1.25986 0.69319 0.2688 0.2856 0.1344
v -0.3939 -0.1 0.68915 0.31113327669410845 0.3305791064874903 0.15556663834705423
v -0.41405 1.26017 0.71415 0.31113327669410845 0.3305791064874903 0.15556663834705423
v -0.39379 1.25986 0.69319 0.31113327669410845 0.3305791064874903 0.15556663834705423
v -0.3939 -0.1 0.68915 0.31113327669410845 0.3305791064874903 0.15556663834705423
v -0.41828 -0.1 0.71415 0.31113327669410845 0.3305791064874903 0.15556663834705423
v -0.41405 1.26017 0.71415 0.31113327669410845 0.3305791064874903 0.15556663834705423
v -0.41828 -0.1 0.71415 0.2981248008655005 0.3167576009195943 0.14906240043275026
v -0.394 1.25729 0.73511 0.2981248008655005 0.3167576009195943 0.14906240043275026
v -0.41405 1.26017 0.71415 0.2981248008655005 0.3167576009195943 0.14906240043275026
v -0.41828 -0.1 0.71415 0.2981248008655005 0.3167576009195943 0.14906240043275026
v -0.3939 -0.1 0.73915 0.2981248008655005 0.3167576009195943 0.14906240043275026
v -0.394 1.25729 0.73511 0.2981248008655005 0.3167576009195943 0.14906240043275026
v -0.3939 -0.1 0.73915 0.2727973386564482 0.2898471723224762 0.1363986693282241
v -0.37259 1.25688 0.71415 0.2727973386564482 0.2898471723224762 0.1363986693282241
v -0.394 1.25729 0.73511 0.2727973386564482 0.2898471723224762 0.1363986693282241
v -0.3939 -0.1 0.73915 0.2727973386564482 0.2898471723224762 0.1363986693282241
v -0.3689 -0.1 0.71415 0.2727973386564482 0.2898471723224762 0.1363986693282241
v -0.37259 1.25688 0.71415 0.2727973386564482 0.2898471723224762 0.1363986693282241
v -0.37259 1.25688 0.71415 0.3050533590156069 0.3241191939540823 0.15252667950780344
v -0.21366 2.16546 0.84624 0.3050533590156069 0.3241191939540823 0.15252667950780344
v -0.2058 2.16268 0.85415 0.3050533590156069 0.3241191939540823 0.15252667950780344
v -0.37259 1.25688 0.71415 0.3050533590156069 0.3241191939540823 0.15252667950780344
v -0.39379 1.25986 0.69319 0.3050533590156069 0.3241191939540823 0.15252667950780344
v -0.21366 2.16546 0.84624 0.3050533590156069 0.3241191939540823 0.15252667950780344
v -0.39379 1.25986 0.69319 0.2698196406617506 0.2866833682031101 0.1349098203308753
v -0.2214 2.16578 0.85415 0.2698196406617506 0.2866833682031101 0.1349098203308753
v -0.21366 2.16546 0.84624 0.2698196406617506 0.2866833682031101 0.1349098203308753
v -0.39379 1.25986 0.69319 0.2698196406617506 0.2866833682031101 0.1349098203308753
v -0.41405 1.26017 0.71415 0.2698196406617506 0.2866833682031101 0.1349098203308753
v -0.2214 2.16578 0.85415 0.2698196406617506 0.2866833682031101 0.1349098203308753
v -0.41405 1.26017 0.71415 0.3158802311443572 0.3356227455908795 0.1579401155721786
v -0.21413 2.16311 0.86206 0.3158802311443572 0.3356227455908795 0.1579401155721786
v -0.2214 2.16578 0.85415 0.3158802311443572 0.3356227455908795 0.1579401155721786
v -0.41405 1.26017 0.71415 0.3158802311443572 0.3356227455908795 0.1579401155721786
v -0.394 1.25729 0.73511 0.3158802311443572 0.3356227455908795 0.1579401155721786
v -0.21413 2.16311 0.86206 0.3158802311443572 0.3356227455908795 0.1579401155721786
v -0.394 1.25729 0.73511 0.29089952721387946 0.3090807476647469 0.14544976360693973
v -0.2058 2.16268 0.85415 0.29089952721387946 0.3090807476647469 0.14544976360693973
v -0.21413 2.16311 0.86206 0.29089952721387946 0.3090807476647469 0.14544976360693973
v -0.394 1.25729 0.73511 0.29089952721387946 0.3090807476647469 0.14544976360693973
v -0.37259 1.25688 0.71415 0.29089952721387946 0.3090807476647469 0.14544976360693973
v -0.2058 2.16268 0.85415 0.29089952721387946 0.3090807476647469 0.14544976360693973
v -0.1489 2.16429 0.85415 0.2688 0.21 0.1344
v -0.20495 2.46429 0.82562 0.2688 0.21 0.1344
v -0.18337 2.46429 0.85415 0.2688 0.21 0.1344
v -0.1489 2.16429 0.85415 0.2688 0.21 0.1344
v -0.19468 2.16429 0.79233 0.2688 0.21 0.1344
v -0.20495 2.46429 0.82562 0.2688 0.21 0.1344
v -0.19468 2.16429 0.79233 0.31113327669410845 0.24307287241727224 0.15556663834705423
v -0.23726 2.46429 0.83652 0.31113327669410845 0.24307287241727224 0.15556663834705423
v -0.20495 2.46429 0.82562 0.31113327669410845 0.24307287241727224 0.15556663834705423
v -0.19468 2.16429 0.79233 0.31113327669410845 0.24307287241727224 0.15556663834705423
v -0.26519 2.16429 0.81594 0.31113327669410845 0.24307287241727224 0.15556663834705423
v -0.23726 2.46429 0.83652 0.31113327669410845 0.24307287241727224 0.15556663834705423
v -0.26519 2.16429 0.81594 0.2981248008655005 0.23291000067617226 0.14906240043275026
v -0.2385 2.46429 0.87178 0.2981248008655005 0.23291000067617226 0.14906240043275026
v -0.23726 2.46429 0.83652 0.2981248008655005 0.23291000067617226 0.14906240043275026
v -0.26519 2.16429 0.81594 0.2981248008655005 0.23291000067617226 0.14906240043275026
v -0.26802 2.16429 0.89236 0.2981248008655005 0.23291000067617226 0.14906240043275026
v -0.2385 2.46429 0.87178 0.2981248008655005 0.23291000067617226 0.14906240043275026
v -0.26802 2.16429 0.89236 0.2727973386564482 0.21312292082535014 0.1363986693282241
v -0.20421 2.46429 0.88268 0.2727973386564482 0.21312292082535014 0.1363986693282241
v -0.2385 2.46429 0.87178 0.2727973386564482 0.21312292082535014 0.1363986693282241
v -0.26802 2.16429 0.89236 0.2727973386564482 0.21312292082535014 0.1363986693282241
v -0.19298 2.16429 0.91597 0.2727973386564482 0.21312292082535014 0.1363986693282241
v -0.20421 2.46429 0.88268 0.2727973386564482 0.21312292082535014 0.1363986693282241
v -0.19298 2.16429 0.91597 0.31891608269627864 0.24915318960646768 0.15945804134813932
v -0.18337 2.46429 0.85415 0.31891608269627864 0.24915318960646768 0.15945804134813932
v -0.20421 2.46429 0.88268 0.31891608269627864 0.24915318960646768 0.15945804134813932
v -0.19298 2.16429 0.91597 0.31891608269627864 0.24915318960646768 0.15945804134813932
v -0.1489 2.16429 0.85415 0.31891608269627864 0.24915318960646768 0.15945804134813932
v -0.18337 2.46429 0.85415 0.31891608269627864 0.24915318960646768 0.15945804134813932
v -0.3939 0.35286 0.71415 0.28 0.35 0.15
v -0.77726 0.63766 0.73622 0.28 0.35 0.15
v -0.781 0.54126 0.67133 0.28 0.35 0.15
v -0.3939 0.35286 0.71415 0.23800000000000002 0.2975 0.1275
v -0.77352 0.60606 0.80112 0.23800000000000002 0.2975 0.1275
v -0.77726 0.63766 0.73622 0.23800000000000002 0.2975 0.1275
v -0.77726 0.63766 0.73622 0.28 0.35 0.15
v -1.19257 0.81286 0.76014 0.28 0.35 0.15
v -0.781 0.54126 0.67133 0.28 0.35 0.15
v -0.77726 0.63766 0.73622 0.23800000000000002 0.2975 0.1275
v -0.77352 0.60606 0.80112 0.23800000000000002 0.2975 0.1275
v -1.19257 0.81286 0.76014 0.23800000000000002 0.2975 0.1275
v -0.3939 0.73779 0.71415 0.28 0.35 0.15
v -0.6196 0.74085 0.40349 0.28 0.35 0.15
v -0.56702 0.6934 0.36528 0.28 0.35 0.15
v -0.3939 0.73779 0.71415 0.23800000000000002 0.2975 0.1275
v -0.67219 0.66031 0.44169 0.23800000000000002 0.2975 0.1275
v -0.6196 0.74085 0.40349 0.23800000000000002 0.2975 0.1275
v -0.6196 0.74085 0.40349 0.28 0.35 0.15
v -0.86412 0.61084 0.06693 0.28 0.35 0.15
v -0.56702 0.6934 0.36528 0.28 0.35 0.15
v -0.6196 0.74085 0.40349 0.23800000000000002 0.2975 0.1275
v -0.67219 0.66031 0.44169 0.23800000000000002 0.2975 0.1275
v -0.86412 0.61084 0.06693 0.23800000000000002 0.2975 0.1275
v -0.3939 1.12272 0.71415 0.28 0.35 0.15
v -0.25443 0.90921 0.35637 0.28 0.35 0.15
v -0.19387 0.85859 0.37998 0.28 0.35 0.15
v -0.3939 1.12272 0.71415 0.23800000000000002 0.2975 0.1275
v -0.31499 0.83183 0.33276 0.23800000000000002 0.2975 0.1275
v -0.25443 0.90921 0.35637 0.23800000000000002 0.2975 0.1275
v -0.25443 0.90921 0.35637 0.28 0.35 0.15
v -0.10335 0.54458 -0.03122 0.28 0.35 0.15
v -0.19387 0.85859 0.37998 0.28 0.35 0.15
v -0.25443 0.90921 0.35637 0.23800000000000002 0.2975 0.1275
v -0.31499 0.83183 0.33276 0.23800000000000002 0.2975 0.1275
v -0.10335 0.54458 -0.03122 0.23800000000000002 0.2975 0.1275
v -0.37772 -0.1 0.28379 0.2688 0.2856 0.1344
v -0.40257 1.03138 0.26284 0.2688 0.2856 0.1344
v -0.38145 1.02781 0.28379 0.2688 0.2856 0.1344
v -0.37772 -0.1 0.28379 0.2688 0.2856 0.1344
v -0.40272 -0.1 0.25879 0.2688 0.2856 0.1344
v -0.40257 1.03138 0.26284 0.2688 0.2856 0.1344
v -0.40272 -0.1 0.25879 0.31113327669410845 0.3305791064874903 0.15556663834705423
v -0.42284 1.03176 0.28379 0.31113327669410845 0.3305791064874903 0.15556663834705423
v -0.40257 1.03138 0.26284 0.31113327669410845 0.3305791064874903 0.15556663834705423
v -0.40272 -0.1 0.25879 0.31113327669410845 0.3305791064874903 0.15556663834705423
v -0.42711 -0.1 0.28379 0.31113327669410845 0.3305791064874903 0.15556663834705423
v -0.42284 1.03176 0.28379 0.31113327669410845 0.3305791064874903 0.15556663834705423
v -0.42711 -0.1 0.28379 0.2981248008655005 0.3167576009195943 0.14906240043275026
v -0.40287 1.0283 0.30473 0.2981248008655005 0.3167576009195943 0.14906240043275026
v -0.42284 1.03176 0.28379 0.2981248008655005 0.3167576009195943 0.14906240043275026
v -0.42711 -0.1 0.28379 0.2981248008655005 0.3167576009195943 0.14906240043275026
v -0.40272 -0.1 0.30879 0.2981248008655005 0.3167576009195943 0.14906240043275026
v -0.40287 1.0283 0.30473 0.2981248008655005 0.3167576009195943 0.14906240043275026
v -0.40272 -0.1 0.30879 0.2727973386564482 0.2898471723224762 0.1363986693282241
v -0.38145 1.02781 0.28379 0.2727973386564482 0.2898471723224762 0.1363986693282241
v -0.40287 1.0283 0.30473 0.2727973386564482 0.2898471723224762 0.1363986693282241
v -0.40272 -0.1 0.30879 0.2727973386564482 0.2898471723224762 0.1363986693282241
v -0.37772 -0.1 0.28379 0.2727973386564482 0.2898471723224762 0.1363986693282241
v -0.38145 1.02781 0.28379 0.2727973386564482 0.2898471723224762 0.1363986693282241
v -0.38145 1.02781 0.28379 0.3050533590156069 0.3241191939540823 0.15252667950780344
v -0.22239 1.78445 0.41591 0.3050533590156069 0.3241191939540823 0.15252667950780344
v -0.21469 1.78115 0.42379 0.3050533590156069 0.3241191939540823 0.15252667950780344
v -0.38145 1.02781 0.28379 0.3050533590156069 0.3241191939540823 0.15252667950780344
v -0.40257 1.03138 0.26284 0.3050533590156069 0.3241191939540823 0.15252667950780344
v -0.22239 1.78445 0.41591 0.3050533590156069 0.3241191939540823 0.15252667950780344
v -0.40257 1.03138 0.26284 0.2698196406617506 0.2866833682031101 0.1349098203308753
v -0.23016 1.78485 0.42379 0.2698196406617506 0.2866833682031101 0.1349098203308753
v -0.22239 1.78445 0.41591 0.2698196406617506 0.2866833682031101 0.1349098203308753
v -0.40257 1.03138 0.26284 0.2698196406617506 0.2866833682031101 0.1349098203308753
v -0.42284 1.03176 0.28379 0.2698196406617506 0.2866833682031101 0.1349098203308753
v -0.23016 1.78485 0.42379 0.2698196406617506 0.2866833682031101 0.1349098203308753
v -0.42284 1.03176 0.28379 0.3158802311443572 0.3356227455908795 0.1579401155721786
v -0.22305 1.78168 0.43166 0.3158802311443572 0.3356227455908795 0.1579401155721786
v -0.23016 1.78485 0.42379 0.3158802311443572 0.3356227455908795 0.1579401155721786
v -0.42284 1.03176 0.28379 0.3158802311443572 0.3356227455908795 0.1579401155721786
v -0.40287 1.0283 0.30473 0.3158802311443572 0.3356227455908795 0.1579401155721786
v -0.22305 1.78168 0.43166 0.3158802311443572 0.3356227455908795 0.1579401155721786
v -0.40287 1.0283 0.30473 0.29089952721387946 0.3090807476647469 0.14544976360693973
v -0.21469 1.78115 0.42379 0.29089952721387946 0.3090807476647469 0.14544976360693973
v -0.22305 1.78168 0.43166 0.29089952721387946 0.3090807476647469 0.14544976360693973
v -0.40287 1.0283 0.30473 0.29089952721387946 0.3090807476647469 0.14544976360693973
v -0.38145 1.02781 0.28379 0.29089952721387946 0.3090807476647469 0.14544976360693973
v -0.21469 1.78115 0.42379 0.29089952721387946 0.3090807476647469 0.14544976360693973
v -0.15772 1.78307 0.42379 0.2688 0.21 0.1344
v -0.21377 2.08307 0.39525 0.2688 0.21 0.1344
v -0.19219 2.08307 0.42379 0.2688 0.21 0.1344
v -0.15772 1.78307 0.42379 0.2688 0.21 0.1344
v -0.2035 1.78307 0.36197 0.2688 0.21 0.1344
v -0.21377 2.08307 0.39525 0.2688 0.21 0.1344
v -0.2035 1.78307 0.36197 0.31113327669410845 0.24307287241727224 0.15556663834705423
v -0.24608 2.08307 0.40615 0.31113327669410845 0.24307287241727224 0.15556663834705423
v -0.21377 2.08307 0.39525 0.31113327669410845 0.24307287241727224 0.15556663834705423
v -0.2035 1.78307 0.36197 0.31113327669410845 0.24307287241727224 0.15556663834705423
v -0.27402 1.78307 0.38558 0.31113327669410845 0.24307287241727224 0.15556663834705423
v -0.24608 2.08307 0.40615 0.31113327669410845 0.24307287241727224 0.15556663834705423
v -0.27402 1.78307 0.38558 0.2981248008655005 0.23291000067617226 0.14906240043275026
v -0.24732 2.08307 0.44142 0.2981248008655005 0.23291000067617226 0.14906240043275026
v -0.24608 2.08307 0.40615 0.2981248008655005 0.23291000067617226 0.14906240043275026
v -0.27402 1.78307 0.38558 0.2981248008655005 0.23291000067617226 0.14906240043275026
v -0.27684 1.78307 0.46199 0.2981248008655005 0.23291000067617226 0.14906240043275026
v -0.24732 2.08307 0.44142 0.2981248008655005 0.23291000067617226 0.14906240043275026
v -0.27684 1.78307 0.46199 0.2727973386564482 0.21312292082535014 0.1363986693282241
v -0.21303 2.08307 0.45232 0.2727973386564482 0.21312292082535014 0.1363986693282241
v -0.24732 2.08307 0.44142 0.2727973386564482 0.21312292082535014 0.1363986693282241
v -0.27684 1.78307 0.46199 0.2727973386564482 0.21312292082535014 0.1363986693282241
v -0.20181 1.78307 0.4856 0.2727973386564482 0.21312292082535014 0.1363986693282241
v -0.21303 2.08307 0.45232 0.2727973386564482 0.21312292082535014 0.1363986693282241
v -0.20181 1.78307 0.4856 0.31891608269627864 0.24915318960646768 0.15945804134813932
v -0.19219 2.08307 0.42379 0.31891608269627864 0.24915318960646768 0.15945804134813932
v -0.21303 2.08307 0.45232 0.31891608269627864 0.24915318960646768 0.15945804134813932
v -0.20181 1.78307 0.4856 0.31891608269627864 0.24915318960646768 0.15945804134813932
v -0.15772 1.78307 0.42379 0.31891608269627864 0.24915318960646768 0.15945804134813932
v -0.19219 2.08307 0.42379 0.31891608269627864 0.24915318960646768 0.15945804134813932
v -0.40272 0.27661 0.28379 0.28 0.35 0.15
v -0.16375 0.44056 -0.0168 0.28 0.35 0.15
v -0.11287 0.40895 0.02365 0.28 0.35 0.15
v -0.40272 0.27661 0.28379 0.23800000000000002 0.2975 0.1275
v -0.21463 0.34417 -0.05725 0.23800000000000002 0.2975 0.1275
v -0.16375 0.44056 -0.0168 0.23800000000000002 0.2975 0.1275
v -0.16375 0.44056 -0.0168 0.28 0.35 0.15
v 0.09513 0.48484 -0.34243 0.28 0.35 0.15
v -0.11287 0.40895 0.02365 0.28 0.35 0.15
v -0.16375 0.44056 -0.0168 0.23800000000000002 0.2975 0.1275
v -0.21463 0.34417 -0.05725 0.23800000000000002 0.2975 0.1275
v 0.09513 0.48484 -0.34243 0.23800000000000002 0.2975 0.1275
v -0.40272 0.59674 0.28379 0.28 0.35 0.15
v -0.02067 0.94632 0.32246 0.28 0.35 0.15
v -0.02722 0.86592 0.38713 0.28 0.35 0.15
v -0.40272 0.59674 0.28379 0.23800000000000002 0.2975 0.1275
v -0.01412 0.89872 0.25779 0.23800000000000002 0.2975 0.1275
v -0.02067 0.94632 0.32246 0.23800000000000002 0.2975 0.1275
v -0.02067 0.94632 0.32246 0.28 0.35 0.15
v 0.39321 1.19171 0.36436 0.28 0.35 0.15
v -0.02722 0.86592 0.38713 0.28 0.35 0.15
v -0.02067 0.94632 0.32246 0.23800000000000002 0.2975 0.1275
v -0.01412 0.89872 0.25779 0.23800000000000002 0.2975 0.1275
v 0.39321 1.19171 0.36436 0.23800000000000002 0.2975 0.1275
v -0.40272 0.91686 0.28379 0.28 0.35 0.15
v -0.22884 1.14668 0.62616 0.28 0.35 0.15
v -0.2868 1.06914 0.6556 0.28 0.35 0.15
v -0.40272 0.91686 0.28379 0.23800000000000002 0.2975 0.1275
v -0.17089 1.09622 0.59673 0.23800000000000002 0.2975 0.1275
v -0.22884 1.14668 0.62616 0.23800000000000002 0.2975 0.1275
v -0.22884 1.14668 0.62616 0.28 0.35 0.15
v -0.04047 1.26232 0.99707 0.28 0.35 0.15
v -0.2868 1.06914 0.6556 0.28 0.35 0.15
v -0.22884 1.14668 0.62616 0.23800000000000002 0.2975 0.1275
v -0.17089 1.09622 0.59673 0.23800000000000002 0.2975 0.1275
v -0.04047 1.26232 0.99707 0.23800000000000002 0.2975 0.1275
v -0.5005 -0.1 0.92466 0.2688 0.2856 0.1344
v -0.52537 1.09386 0.90371 0.2688 0.2856 0.1344
v -0.50422 1.09046 0.92466 0.2688 0.2856 0.1344
v -0.5005 -0.1 0.92466 0.2688 0.2856 0.1344
v -0.5255 -0.1 0.89966 0.2688 0.2856 0.1344
v -0.52537 1.09386 0.90371 0.2688 0.2856 0.1344
v -0.5255 -0.1 0.89966 0.31113327669410845 0.3305791064874903 0.15556663834705423
v -0.54563 1.09422 0.92466 0.31113327669410845 0.3305791064874903 0.15556663834705423
v -0.52537 1.09386 0.90371 0.31113327669410845 0.3305791064874903 0.15556663834705423
v -0.5255 -0.1 0.89966 0.31113327669410845 0.3305791064874903 0.15556663834705423
v -0.54989 -0.1 0.92466 0.31113327669410845 0.3305791064874903 0.15556663834705423
v -0.54563 1.09422 0.92466 0.31113327669410845 0.3305791064874903 0.15556663834705423
v -0.54989 -0.1 0.92466 0.2981248008655005 0.3167576009195943 0.14906240043275026
v -0.52563 1.09093 0.9456 0.2981248008655005 0.3167576009195943 0.14906240043275026
v -0.54563 1.09422 0.92466 0.2981248008655005 0.3167576009195943 0.14906240043275026
v -0.54989 -0.1 0.92466 0.2981248008655005 0.3167576009195943 0.14906240043275026
v -0.5255 -0.1 0.94966 0.2981248008655005 0.3167576009195943 0.14906240043275026
v -0.52563 1.09093 0.9456 0.2981248008655005 0.3167576009195943 0.14906240043275026
v -0.5255 -0.1 0.94966 0.2727973386564482 0.2898471723224762 0.1363986693282241
v -0.50422 1.09046 0.92466 0.2727973386564482 0.2898471723224762 0.1363986693282241
v -0.52563 1.09093 0.9456 0.2727973386564482 0.2898471723224762 0.1363986693282241
v -0.5255 -0.1 0.94966 0.2727973386564482 0.2898471723224762 0.1363986693282241
v -0.5005 -0.1 0.92466 0.2727973386564482 0.2898471723224762 0.1363986693282241
v -0.50422 1.09046 0.92466 0.2727973386564482 0.2898471723224762 0.1363986693282241
v -0.50422 1.09046 0.92466 0.3050533590156069 0.3241191939540823 0.15252667950780344
v -0.3452 1.88864 1.05677 0.3050533590156069 0.3241191939540823 0.15252667950780344
v -0.33744 1.8855 1.06466 0.3050533590156069 0.3241191939540823 0.15252667950780344
v -0.50422 1.09046 0.92466 0.3050533590156069 0.3241191939540823 0.15252667950780344
v -0.52537 1.09386 0.90371 0.3050533590156069 0.3241191939540823 0.15252667950780344
v -0.3452 1.88864 1.05677 0.3050533590156069 0.3241191939540823 0.15252667950780344
v -0.52537 1.09386 0.90371 0.2698196406617506 0.2866833682031101 0.1349098203308753
v -0.35296 1.88901 1.06466 0.2698196406617506 0.2866833682031101 0.1349098203308753
v -0.3452 1.88864 1.05677 0.2698196406617506 0.2866833682031101 0.1349098203308753
v -0.52537 1.09386 0.90371 0.2698196406617506 0.2866833682031101 0.1349098203308753
v -0.54563 1.09422 0.92466 0.2698196406617506 0.2866833682031101 0.1349098203308753
v -0.35296 1.88901 1.06466 0.2698196406617506 0.2866833682031101 0.1349098203308753
v -0.54563 1.09422 0.92466 0.3158802311443572 0.3356227455908795 0.1579401155721786
v -0.3458 1.886 1.07254 0.3158802311443572 0.3356227455908795 0.1579401155721786
v -0.35296 1.88901 1.06466 0.3158802311443572 0.3356227455908795 0.1579401155721786
v -0.54563 1.09422 0.92466 0.3158802311443572 0.3356227455908795 0.1579401155721786
v -0.52563 1.09093 0.9456 0.3158802311443572 0.3356227455908795 0.1579401155721786
v -0.3458 1.886 1.07254 0.3158802311443572 0.3356227455908795 0.1579401155721786
v -0.52563 1.09093 0.9456 0.29089952721387946 0.3090807476647469 0.14544976360693973
v -0.33744 1.8855 1.06466 0.29089952721387946 0.3090807476647469 0.14544976360693973
v -0.3458 1.886 1.07254 0.29089952721387946 0.3090807476647469 0.14544976360693973
v -0.52563 1.09093 0.9456 0.29089952721387946 0.3090807476647469 0.14544976360693973
v -0.50422 1.09046 0.92466 0.29089952721387946 0.3090807476647469 0.14544976360693973
v -0.33744 1.8855 1.06466 0.29089952721387946 0.3090807476647469 0.14544976360693973
v -0.2805 1.88732 1.06466 0.2688 0.21 0.1344
v -0.33655 2.18732 1.03612 0.2688 0.21 0.1344
v -0.31497 2.18732 1.06466 0.2688 0.21 0.1344
v -0.2805 1.88732 1.06466 0.2688 0.21 0.1344
v -0.32628 1.88732 1.00284 0.2688 0.21 0.1344
v -0.33655 2.18732 1.03612 0.2688 0.21 0.1344
v -0.32628 1.88732 1.00284 0.31113327669410845 0.24307287241727224 0.15556663834705423
v -0.36887 2.18732 1.04702 0.31113327669410845 0.24307287241727224 0.15556663834705423
v -0.33655 2.18732 1.03612 0.31113327669410845 0.24307287241727224 0.15556663834705423
v -0.32628 1.88732 1.00284 0.31113327669410845 0.24307287241727224 0.15556663834705423
v -0.3968 1.88732 1.02645 0.31113327669410845 0.24307287241727224 0.15556663834705423
v -0.36887 2.18732 1.04702 0.31113327669410845 0.24307287241727224 0.15556663834705423
v -0.3968 1.88732 1.02645 0.2981248008655005 0.23291000067617226 0.14906240043275026
v -0.3701 2.18732 1.08229 0.2981248008655005 0.23291000067617226 0.14906240043275026
v -0.36887 2.18732 1.04702 0.2981248008655005 0.23291000067617226 0.14906240043275026
v -0.3968 1.88732 1.02645 0.2981248008655005 0.23291000067617226 0.14906240043275026
v -0.39962 1.88732 1.10286 0.2981248008655005 0.23291000067617226 0.14906240043275026
v -0.3701 2.18732 1.08229 0.2981248008655005 0.23291000067617226 0.14906240043275026
v -0.39962 1.88732 1.10286 0.2727973386564482 0.21312292082535014 0.1363986693282241
v -0.33581 2.18732 1.09319 0.2727973386564482 0.21312292082535014 0.1363986693282241
v -0.3701 2.18732 1.08229 0.2727973386564482 0.21312292082535014 0.1363986693282241
v -0.39962 1.88732 1.10286 0.2727973386564482 0.21312292082535014 0.1363986693282241
v -0.32459 1.88732 1.12647 0.2727973386564482 0.21312292082535014 0.1363986693282241
v -0.33581 2.18732 1.09319 0.2727973386564482 0.21312292082535014 0.1363986693282241
v -0.32459 1.88732 1.12647 0.31891608269627864 0.24915318960646768 0.15945804134813932
v -0.31497 2.18732 1.06466 0.31891608269627864 0.24915318960646768 0.15945804134813932
v -0.33581 2.18732 1.09319 0.31891608269627864 0.24915318960646768 0.15945804134813932
v -0.32459 1.88732 1.12647 0.31891608269627864 0.24915318960646768 0.15945804134813932
v -0.2805 1.88732 1.06466 0.31891608269627864 0.24915318960646768 0.15945804134813932
v -0.31497 2.18732 1.06466 0.31891608269627864 0.24915318960646768 0.15945804134813932
v -0.5255 0.29746 0.92466 0.28 0.35 0.15
v -0.46057 0.07822 1.30313 0.28 0.35 0.15
v -0.52463 -0.01815 1.31412 0.28 0.35 0.15
v -0.5255 0.29746 0.92466 0.23800000000000002 0.2975 0.1275
v -0.3965 0.0466 1.29213 0.23800000000000002 0.2975 0.1275
v -0.46057 0.07822 1.30313 0.23800000000000002 0.2975 0.1275
v -0.46057 0.07822 1.30313 0.28 0.35 0.15
v -0.39023 -0.29262 1.71314 0.28 0.35 0.15
v -0.52463 -0.01815 1.31412 0.28 0.35 0.15
v -0.46057 0.07822 1.30313 0.23800000000000002 0.2975 0.1275
v -0.3965 0.0466 1.29213 0.23800000000000002 0.2975 0.1275
v -0.39023 -0.29262 1.71314 0.23800000000000002 0.2975 0.1275
v -0.5255 0.63531 0.92466 0.28 0.35 0.15
v -0.80889 0.52136 1.18378 0.28 0.35 0.15
v -0.85275 0.47361 1.13581 0.28 0.35 0.15
v -0.5255 0.63531 0.92466 0.23800000000000002 0.2975 0.1275
v -0.76503 0.44111 1.23175 0.23800000000000002 0.2975 0.1275
v -0.80889 0.52136 1.18378 0.23800000000000002 0.2975 0.1275
v -0.80889 0.52136 1.18378 0.28 0.35 0.15
v -1.11589 0.26457 1.4645 0.28 0.35 0.15
v -0.85275 0.47361 1.13581 0.28 0.35 0.15
v -0.80889 0.52136 1.18378 0.23800000000000002 0.2975 0.1275
v -0.76503 0.44111 1.23175 0.23800000000000002 0.2975 0.1275
v -1.11589 0.26457 1.4645 0.23800000000000002 0.2975 0.1275
v -0.5255 0.97315 0.92466 0.28 0.35 0.15
v -0.89666 1.15479 0.8262 0.28 0.35 0.15
v -0.88 1.10448 0.76337 0.28 0.35 0.15
v -0.5255 0.97315 0.92466 0.23800000000000002 0.2975 0.1275
v -0.91333 1.0771 0.88903 0.23800000000000002 0.2975 0.1275
v -0.89666 1.15479 0.8262 0.23800000000000002 0.2975 0.1275
v -0.89666 1.15479 0.8262 0.28 0.35 0.15
v -1.29876 1.21822 0.71954 0.28 0.35 0.15
v -0.88 1.10448 0.76337 0.28 0.35 0.15
v -0.89666 1.15479 0.8262 0.23800000000000002 0.2975 0.1275
v -0.91333 1.0771 0.88903 0.23800000000000002 0.2975 0.1275
v -1.29876 1.21822 0.71954 0.23800000000000002 0.2975 0.1275
v 0.9225 -0.1 -0.70295 0.2688 0.2856 0.1344
v 0.89773 0.80758 -0.72386 0.2688 0.2856 0.1344
v 0.91872 0.80314 -0.70295 0.2688 0.2856 0.1344
v 0.9225 -0.1 -0.70295 0.2688 0.2856 0.1344
v 0.8975 -0.1 -0.72795 0.2688 0.2856 0.1344
v 0.89773 0.80758 -0.72386 0.2688 0.2856 0.1344
v 0.8975 -0.1 -0.72795 0.31113327669410845 0.3305791064874903 0.15556663834705423
v 0.87742 0.80806 -0.70295 0.31113327669410845 0.3305791064874903 0.15556663834705423
v 0.89773 0.80758 -0.72386 0.31113327669410845 0.3305791064874903 0.15556663834705423
v 0.8975 -0.1 -0.72795 0.31113327669410845 0.3305791064874903 0.15556663834705423
v 0.87311 -0.1 -0.70295 0.31113327669410845 0.3305791064874903 0.15556663834705423
v 0.87742 0.80806 -0.70295 0.31113327669410845 0.3305791064874903 0.15556663834705423
v 0.87311 -0.1 -0.70295 0.2981248008655005 0.3167576009195943 0.14906240043275026
v 0.89727 0.80376 -0.68203 0.2981248008655005 0.3167576009195943 0.14906240043275026
v 0.87742 0.80806 -0.70295 0.2981248008655005 0.3167576009195943 0.14906240043275026
v 0.87311 -0.1 -0.70295 0.2981248008655005 0.3167576009195943 0.14906240043275026
v 0.8975 -0.1 -0.67795 0.2981248008655005 0.3167576009195943 0.14906240043275026
v 0.89727 0.80376 -0.68203 0.2981248008655005 0.3167576009195943 0.14906240043275026
v 0.8975 -0.1 -0.67795 0.2727973386564482 0.2898471723224762 0.1363986693282241
v 0.91872 0.80314 -0.70295 0.2727973386564482 0.2898471723224762 0.1363986693282241
v 0.89727 0.80376 -0.68203 0.2727973386564482 0.2898471723224762 0.1363986693282241
v 0.8975 -0.1 -0.67795 0.2727973386564482 0.2898471723224762 0.1363986693282241
v 0.9225 -0.1 -0.70295 0.2727973386564482 0.2898471723224762 0.1363986693282241
v 0.91872 0.80314 -0.70295 0.2727973386564482 0.2898471723224762 0.1363986693282241
v 0.91872 0.80314 -0.70295 0.3050533590156069 0.3241191939540823 0.15252667950780344
v 1.07799 1.41111 -0.57075 0.3050533590156069 0.3241191939540823 0.15252667950780344
v 1.08541 1.40709 -0.56295 0.3050533590156069 0.3241191939540823 0.15252667950780344
v 0.91872 0.80314 -0.70295 0.3050533590156069 0.3241191939540823 0.15252667950780344
v 0.89773 0.80758 -0.72386 0.3050533590156069 0.3241191939540823 0.15252667950780344
v 1.07799 1.41111 -0.57075 0.3050533590156069 0.3241191939540823 0.15252667950780344
v 0.89773 0.80758 -0.72386 0.2698196406617506 0.2866833682031101 0.1349098203308753
v 1.07017 1.41163 -0.56295 0.2698196406617506 0.2866833682031101 0.1349098203308753
v 1.07799 1.41111 -0.57075 0.2698196406617506 0.2866833682031101 0.1349098203308753
v 0.89773 0.80758 -0.72386 0.2698196406617506 0.2866833682031101 0.1349098203308753
v 0.87742 0.80806 -0.70295 0.2698196406617506 0.2866833682031101 0.1349098203308753
v 1.07017 1.41163 -0.56295 0.2698196406617506 0.2866833682031101 0.1349098203308753
v 0.87742 0.80806 -0.70295 0.3158802311443572 0.3356227455908795 0.1579401155721786
v 1.077 1.40778 -0.55514 0.3158802311443572 0.3356227455908795 0.1579401155721786
v 1.07017 1.41163 -0.56295 0.3158802311443572 0.3356227455908795 0.1579401155721786
v 0.87742 0.80806 -0.70295 0.3158802311443572 0.3356227455908795 0.1579401155721786
v 0.89727 0.80376 -0.68203 0.3158802311443572 0.3356227455908795 0.1579401155721786
v 1.077 1.40778 -0.55514 0.3158802311443572 0.3356227455908795 0.1579401155721786
v 0.89727 0.80376 -0.68203 0.29089952721387946 0.3090807476647469 0.14544976360693973
v 1.08541 1.40709 -0.56295 0.29089952721387946 0.3090807476647469 0.14544976360693973
v 1.077 1.40778 -0.55514 0.29089952721387946 0.3090807476647469 0.14544976360693973
v 0.89727 0.80376 -0.68203 0.29089952721387946 0.3090807476647469 0.14544976360693973
v 0.91872 0.80314 -0.70295 0.29089952721387946 0.3090807476647469 0.14544976360693973
v 1.08541 1.40709 -0.56295 0.29089952721387946 0.3090807476647469 0.14544976360693973
v 1.1425 1.40945 -0.56295 0.2688 0.21 0.1344
v 1.08645 1.70945 -0.59148 0.2688 0.21 0.1344
v 1.10802 1.70945 -0.56295 0.2688 0.21 0.1344
v 1.1425 1.40945 -0.56295 0.2688 0.21 0.1344
v 1.09672 1.40945 -0.62476 0.2688 0.21 0.1344
v 1.08645 1.70945 -0.59148 0.2688 0.21 0.1344
v 1.09672 1.40945 -0.62476 0.31113327669410845 0.24307287241727224 0.15556663834705423
v 1.05413 1.70945 -0.58058 0.31113327669410845 0.24307287241727224 0.15556663834705423
v 1.08645 1.70945 -0.59148 0.31113327669410845 0.24307287241727224 0.15556663834705423
v 1.09672 1.40945 -0.62476 0.31113327669410845 0.24307287241727224 0.15556663834705423
v 1.0262 1.40945 -0.60115 0.31113327669410845 0.24307287241727224 0.15556663834705423
v 1.05413 1.70945 -0.58058 0.31113327669410845 0.24307287241727224 0.15556663834705423
v 1.0262 1.40945 -0.60115 0.2981248008655005 0.23291000067617226 0.14906240043275026
v 1.0529 1.70945 -0.54531 0.2981248008655005 0.23291000067617226 0.14906240043275026
v 1.05413 1.70945 -0.58058 0.2981248008655005 0.23291000067617226 0.14906240043275026
v 1.0262 1.40945 -0.60115 0.2981248008655005 0.23291000067617226 0.14906240043275026
v 1.02337 1.40945 -0.52474 0.2981248008655005 0.23291000067617226 0.14906240043275026
v 1.0529 1.70945 -0.54531 0.2981248008655005 0.23291000067617226 0.14906240043275026
v 1.02337 1.40945 -0.52474 0.2727973386564482 0.21312292082535014 0.1363986693282241
v 1.08719 1.70945 -0.53441 0.2727973386564482 0.21312292082535014 0.1363986693282241
v 1.0529 1.70945 -0.54531 0.2727973386564482 0.21312292082535014 0.1363986693282241
v 1.02337 1.40945 -0.52474 0.2727973386564482 0.21312292082535014 0.1363986693282241
v 1.09841 1.40945 -0.50113 0.2727973386564482 0.21312292082535014 0.1363986693282241
v 1.08719 1.70945 -0.53441 0.2727973386564482 0.21312292082535014 0.1363986693282241
v 1.09841 1.40945 -0.50113 0.31891608269627864 0.24915318960646768 0.15945804134813932
v 1.10802 1.70945 -0.56295 0.31891608269627864 0.24915318960646768 0.15945804134813932
v 1.08719 1.70945 -0.53441 0.31891608269627864 0.24915318960646768 0.15945804134813932
v 1.09841 1.40945 -0.50113 0.31891608269627864 0.24915318960646768 0.15945804134813932
v 1.1425 1.40945 -0.56295 0.31891608269627864 0.24915318960646768 0.15945804134813932
v 1.10802 1.70945 -0.56295 0.31891608269627864 0.24915318960646768 0.15945804134813932
v 0.8975 0.20189 -0.70295 0.28 0.35 0.15
v 0.57201 -0.00577 -0.90669 0.28 0.35 0.15
v 0.6065 -0.03741 -0.96179 0.28 0.35 0.15
v 0.8975 0.20189 -0.70295 0.23800000000000002 0.2975 0.1275
v 0.53752 -0.10213 -0.8516 0.23800000000000002 0.2975 0.1275
v 0.57201 -0.00577 -0.90669 0.23800000000000002 0.2975 0.1275
v 0.57201 -0.00577 -0.90669 0.28 0.35 0.15
v 0.21939 -0.36407 -1.12742 0.28 0.35 0.15
v 0.6065 -0.03741 -0.96179 0.28 0.35 0.15
v 0.57201 -0.00577 -0.90669 0.23800000000000002 0.2975 0.1275
v 0.53752 -0.10213 -0.8516 0.23800000000000002 0.2975 0.1275
v 0.21939 -0.36407 -1.12742 0.23800000000000002 0.2975 0.1275
v 0.8975 0.4585 -0.70295 0.28 0.35 0.15
v 0.89308 0.48073 -1.08692 0.28 0.35 0.15
v 0.95808 0.40063 -1.08767 0.28 0.35 0.15
v 0.8975 0.4585 -0.70295 0.23800000000000002 0.2975 0.1275
v 0.82809 0.43284 -1.08617 0.23800000000000002 0.2975 0.1275
v 0.89308 0.48073 -1.08692 0.23800000000000002 0.2975 0.1275
v 0.89308 0.48073 -1.08692 0.28 0.35 0.15
v 0.8883 0.37149 -1.50289 0.28 0.35 0.15
v 0.95808 0.40063 -1.08767 0.28 0.35 0.15
v 0.89308 0.48073 -1.08692 0.23800000000000002 0.2975 0.1275
v 0.82809 0.43284 -1.08617 0.23800000000000002 0.2975 0.1275
v 0.8883 0.37149 -1.50289 0.23800000000000002 0.2975 0.1275
v 0.8975 0.7151 -0.70295 0.28 0.35 0.15
v 1.21821 1.0119 -0.91412 0.28 0.35 0.15
v 1.25396 0.93405 -0.85984 0.28 0.35 0.15
v 0.8975 0.7151 -0.70295 0.23800000000000002 0.2975 0.1275
v 1.18247 0.96174 -0.96841 0.23800000000000002 0.2975 0.1275
v 1.21821 1.0119 -0.91412 0.23800000000000002 0.2975 0.1275
v 1.21821 1.0119 -0.91412 0.28 0.35 0.15
v 1.56566 1.20009 -1.1429 0.28 0.35 0.15
v 1.25396 0.93405 -0.85984 0.28 0.35 0.15
v 1.21821 1.0119 -0.91412 0.23800000000000002 0.2975 0.1275
v 1.18247 0.96174 -0.96841 0.23800000000000002 0.2975 0.1275
v 1.56566 1.20009 -1.1429 0.23800000000000002 0.2975 0.1275
v 0.8674 -0.1 -0.39886 0.2688 0.2856 0.1344
v 0.84259 0.89007 -0.41979 0.2688 0.2856 0.1344
v 0.86364 0.88599 -0.39886 0.2688 0.2856 0.1344
v 0.8674 -0.1 -0.39886 0.2688 0.2856 0.1344
v 0.8424 -0.1 -0.42386 0.2688 0.2856 0.1344
v 0.84259 0.89007 -0.41979 0.2688 0.2856 0.1344
v 0.8424 -0.1 -0.42386 0.31113327669410845 0.3305791064874903 0.15556663834705423
v 0.8223 0.89051 -0.39886 0.31113327669410845 0.3305791064874903 0.15556663834705423
v 0.84259 0.89007 -0.41979 0.31113327669410845 0.3305791064874903 0.15556663834705423
v 0.8424 -0.1 -0.42386 0.31113327669410845 0.3305791064874903 0.15556663834705423
v 0.81801 -0.1 -0.39886 0.31113327669410845 0.3305791064874903 0.15556663834705423
v 0.8223 0.89051 -0.39886 0.31113327669410845 0.3305791064874903 0.15556663834705423
v 0.81801 -0.1 -0.39886 0.2981248008655005 0.3167576009195943 0.14906240043275026
v 0.84221 0.88655 -0.37794 0.2981248008655005 0.3167576009195943 0.14906240043275026
v 0.8223 0.89051 -0.39886 0.2981248008655005 0.3167576009195943 0.14906240043275026
v 0.81801 -0.1 -0.39886 0.2981248008655005 0.3167576009195943 0.14906240043275026
v 0.8424 -0.1 -0.37386 0.2981248008655005 0.3167576009195943 0.14906240043275026
v 0.84221 0.88655 -0.37794 0.2981248008655005 0.3167576009195943 0.14906240043275026
v 0.8424 -0.1 -0.37386 0.2727973386564482 0.2898471723224762 0.1363986693282241
v 0.86364 0.88599 -0.39886 0.2727973386564482 0.2898471723224762 0.1363986693282241
v 0.84221 0.88655 -0.37794 0.2727973386564482 0.2898471723224762 0.1363986693282241
v 0.8424 -0.1 -0.37386 0.2727973386564482 0.2898471723224762 0.1363986693282241
v 0.8674 -0.1 -0.39886 0.2727973386564482 0.2898471723224762 0.1363986693282241
v 0.86364 0.88599 -0.39886 0.2727973386564482 0.2898471723224762 0.1363986693282241
v 0.86364 0.88599 -0.39886 0.3050533590156069 0.3241191939540823 0.15252667950780344
v 1.02282 1.54873 -0.2667 0.3050533590156069 0.3241191939540823 0.15252667950780344
v 1.03036 1.54501 -0.25886 0.3050533590156069 0.3241191939540823 0.15252667950780344
v 0.86364 0.88599 -0.39886 0.3050533590156069 0.3241191939540823 0.15252667950780344
v 0.84259 0.89007 -0.41979 0.3050533590156069 0.3241191939540823 0.15252667950780344
v 1.02282 1.54873 -0.2667 0.3050533590156069 0.3241191939540823 0.15252667950780344
v 0.84259 0.89007 -0.41979 0.2698196406617506 0.2866833682031101 0.1349098203308753
v 1.01502 1.5492 -0.25886 0.2698196406617506 0.2866833682031101 0.1349098203308753
v 1.02282 1.54873 -0.2667 0.2698196406617506 0.2866833682031101 0.1349098203308753
v 0.84259 0.89007 -0.41979 0.2698196406617506 0.2866833682031101 0.1349098203308753
v 0.8223 0.89051 -0.39886 0.2698196406617506 0.2866833682031101 0.1349098203308753
v 1.01502 1.5492 -0.25886 0.2698196406617506 0.2866833682031101 0.1349098203308753
v 0.8223 0.89051 -0.39886 0.3158802311443572 0.3356227455908795 0.1579401155721786
v 1.02197 1.54563 -0.25103 0.3158802311443572 0.3356227455908795 0.1579401155721786
v 1.01502 1.5492 -0.25886 0.3158802311443572 0.3356227455908795 0.1579401155721786
v 0.8223 0.89051 -0.39886 0.3158802311443572 0.3356227455908795 0.1579401155721786
v 0.84221 0.88655 -0.37794 0.3158802311443572 0.3356227455908795 0.1579401155721786
v 1.02197 1.54563 -0.25103 0.3158802311443572 0.3356227455908795 0.1579401155721786
v 0.84221 0.88655 -0.37794 0.29089952721387946 0.3090807476647469 0.14544976360693973
v 1.03036 1.54501 -0.25886 0.29089952721387946 0.3090807476647469 0.14544976360693973
v 1.02197 1.54563 -0.25103 0.29089952721387946 0.3090807476647469 0.14544976360693973
v 0.84221 0.88655 -0.37794 0.29089952721387946 0.3090807476647469 0.14544976360693973
v 0.86364 0.88599 -0.39886 0.29089952721387946 0.3090807476647469 0.14544976360693973
v 1.03036 1.54501 -0.25886 0.29089952721387946 0.3090807476647469 0.14544976360693973
v 1.0874 1.54718 -0.25886 0.2688 0.21 0.1344
v 1.03135 1.84718 -0.2874 0.2688 0.21 0.1344
v 1.05292 1.84718 -0.25886 0.2688 0.21 0.1344
v 1.0874 1.54718 -0.25886 0.2688 0.21 0.1344
v 1.04162 1.54718 -0.32068 0.2688 0.21 0.1344
v 1.03135 1.84718 -0.2874 0.2688 0.21 0.1344
v 1.04162 1.54718 -0.32068 0.31113327669410845 0.24307287241727224 0.15556663834705423
v 0.99903 1.84718 -0.2765 0.31113327669410845 0.24307287241727224 0.15556663834705423
v 1.03135 1.84718 -0.2874 0.31113327669410845 0.24307287241727224 0.15556663834705423
v 1.04162 1.54718 -0.32068 0.31113327669410845 0.24307287241727224 0.15556663834705423
v 0.9711 1.54718 -0.29707 0.31113327669410845 0.24307287241727224 0.15556663834705423
v 0.99903 1.84718 -0.2765 0.31113327669410845 0.24307287241727224 0.15556663834705423
v 0.9711 1.54718 -0.29707 0.2981248008655005 0.23291000067617226 0.14906240043275026
v 0.9978 1.84718 -0.24123 0.2981248008655005 0.23291000067617226 0.14906240043275026
v 0.99903 1.84718 -0.2765 0.2981248008655005 0.23291000067617226 0.14906240043275026
v 0.9711 1.54718 -0.29707 0.2981248008655005 0.23291000067617226 0.14906240043275026
v 0.96827 1.54718 -0.22066 0.2981248008655005 0.23291000067617226 0.14906240043275026
v 0.9978 1.84718 -0.24123 0.2981248008655005 0.23291000067617226 0.14906240043275026
v 0.96827 1.54718 -0.22066 0.2727973386564482 0.21312292082535014 0.1363986693282241
v 1.03209 1.84718 -0.23033 0.2727973386564482 0.21312292082535014 0.1363986693282241
v 0.9978 1.84718 -0.24123 0.2727973386564482 0.21312292082535014 0.1363986693282241
v 0.96827 1.54718 -0.22066 0.2727973386564482 0.21312292082535014 0.1363986693282241
v 1.04331 1.54718 -0.19705 0.2727973386564482 0.21312292082535014 0.1363986693282241
v 1.03209 1.84718 -0.23033 0.2727973386564482 0.21312292082535014 0.1363986693282241
v 1.04331 1.54718 -0.19705 0.31891608269627864 0.24915318960646768 0.15945804134813932
v 1.05292 1.84718 -0.25886 0.31891608269627864 0.24915318960646768 0.15945804134813932
v 1.03209 1.84718 -0.23033 0.31891608269627864 0.24915318960646768 0.15945804134813932
v 1.04331 1.54718 -0.19705 0.31891608269627864 0.24915318960646768 0.15945804134813932
v 1.0874 1.54718 -0.25886 0.31891608269627864 0.24915318960646768 0.15945804134813932
v 1.05292 1.84718 -0.25886 0.31891608269627864 0.24915318960646768 0.15945804134813932
v 0.8424 0.22944 -0.39886 0.28 0.35 0.15
v 1.2112 0.3173 -0.50583 0.28 0.35 0.15
v 1.2293 0.22096 -0.44341 0.28 0.35 0.15
v 0.8424 0.22944 -0.39886 0.23800000000000002 0.2975 0.1275
v 1.19309 0.28564 -0.56826 0.23800000000000002 0.2975 0.1275
v 1.2112 0.3173 -0.50583 0.23800000000000002 0.2975 0.1275
v 1.2112 0.3173 -0.50583 0.28 0.35 0.15
v 1.61073 0.27916 -0.62171 0.28 0.35 0.15
v 1.2293 0.22096 -0.44341 0.28 0.35 0.15
v 1.2112 0.3173 -0.50583 0.23800000000000002 0.2975 0.1275
v 1.19309 0.28564 -0.56826 0.23800000000000002 0.2975 0.1275
v 1.61073 0.27916 -0.62171 0.23800000000000002 0.2975 0.1275
v 0.8424 0.50946 -0.39886 0.28 0.35 0.15
v 1.13167 0.33052 -0.14632 0.28 0.35 0.15
v 1.08892 0.28247 -0.09736 0.28 0.35 0.15
v 0.8424 0.50946 -0.39886 0.23800000000000002 0.2975 0.1275
v 1.17442 0.25056 -0.19529 0.23800000000000002 0.2975 0.1275
v 1.13167 0.33052 -0.14632 0.23800000000000002 0.2975 0.1275
v 1.13167 0.33052 -0.14632 0.28 0.35 0.15
v 1.44505 0.00333 0.12726 0.28 0.35 0.15
v 1.08892 0.28247 -0.09736 0.28 0.35 0.15
v 1.13167 0.33052 -0.14632 0.23800000000000002 0.2975 0.1275
v 1.17442 0.25056 -0.19529 0.23800000000000002 0.2975 0.1275
v 1.44505 0.00333 0.12726 0.23800000000000002 0.2975 0.1275
v 0.8424 0.78948 -0.39886 0.28 0.35 0.15
v 0.78619 0.60353 -0.019 0.28 0.35 0.15
v 0.72189 0.55352 -0.02852 0.28 0.35 0.15
v 0.8424 0.78948 -0.39886 0.23800000000000002 0.2975 0.1275
v 0.85049 0.52553 -0.00949 0.23800000000000002 0.2975 0.1275
v 0.78619 0.60353 -0.019 0.23800000000000002 0.2975 0.1275
v 0.78619 0.60353 -0.019 0.28 0.35 0.15
v 0.72529 0.26875 0.39252 0.28 0.35 0.15
v 0.72189 0.55352 -0.02852 0.28 0.35 0.15
v 0.78619 0.60353 -0.019 0.23800000000000002 0.2975 0.1275
v 0.85049 0.52553 -0.00949 0.23800000000000002 0.2975 0.1275
v 0.72529 0.26875 0.39252 0.23800000000000002 0.2975 0.1275
v -0.42738 -0.1 0.65363 0.2688 0.2856 0.1344
v -0.45216 0.83646 0.63272 0.2688 0.2856 0.1344
v -0.43115 0.83215 0.65363 0.2688 0.2856 0.1344
v -0.42738 -0.1 0.65363 0.2688 0.2856 0.1344
v -0.45238 -0.1 0.62863 0.2688 0.2856 0.1344
v -0.45216 0.83646 0.63272 0.2688 0.2856 0.1344
v -0.45238 -0.1 0.62863 0.31113327669410845 0.3305791064874903 0.15556663834705423
v -0.47246 0.83693 0.65363 0.31113327669410845 0.3305791064874903 0.15556663834705423
v -0.45216 0.83646 0.63272 0.31113327669410845 0.3305791064874903 0.15556663834705423
v -0.45238 -0.1 0.62863 0.31113327669410845 0.3305791064874903 0.15556663834705423
v -0.47676 -0.1 0.65363 0.31113327669410845 0.3305791064874903 0.15556663834705423
v -0.47246 0.83693 0.65363 0.31113327669410845 0.3305791064874903 0.15556663834705423
v -0.47676 -0.1 0.65363 0.2981248008655005 0.3167576009195943 0.14906240043275026
v -0.45259 0.83275 0.67455 0.2981248008655005 0.3167576009195943 0.14906240043275026
v -0.47246 0.83693 0.65363 0.2981248008655005 0.3167576009195943 0.14906240043275026
v -0.47676 -0.1 0.65363 0.2981248008655005 0.3167576009195943 0.14906240043275026
v -0.45238 -0.1 0.67863 0.2981248008655005 0.3167576009195943 0.14906240043275026
v -0.45259 0.83275 0.67455 0.2981248008655005 0.3167576009195943 0.14906240043275026
v -0.45238 -0.1 0.67863 0.2727973386564482 0.2898471723224762 0.1363986693282241
v -0.43115 0.83215 0.65363 0.2727973386564482 0.2898471723224762 0.1363986693282241
v -0.45259 0.83275 0.67455 0.2727973386564482 0.2898471723224762 0.1363986693282241
v -0.45238 -0.1 0.67863 0.2727973386564482 0.2898471723224762 0.1363986693282241
v -0.42738 -0.1 0.65363 0.2727973386564482 0.2898471723224762 0.1363986693282241
v -0.43115 0.83215 0.65363 0.2727973386564482 0.2898471723224762 0.1363986693282241
v -0.43115 0.83215 0.65363 0.3050533590156069 0.3241191939540823 0.15252667950780344
v -0.27191 1.4593 0.78581 0.3050533590156069 0.3241191939540823 0.15252667950780344
v -0.26444 1.45538 0.79363 0.3050533590156069 0.3241191939540823 0.15252667950780344
v -0.43115 0.83215 0.65363 0.3050533590156069 0.3241191939540823 0.15252667950780344
v -0.45216 0.83646 0.63272 0.3050533590156069 0.3241191939540823 0.15252667950780344
v -0.27191 1.4593 0.78581 0.3050533590156069 0.3241191939540823 0.15252667950780344
v -0.45216 0.83646 0.63272 0.2698196406617506 0.2866833682031101 0.1349098203308753
v -0.27972 1.4598 0.79363 0.2698196406617506 0.2866833682031101 0.1349098203308753
v -0.27191 1.4593 0.78581 0.2698196406617506 0.2866833682031101 0.1349098203308753
v -0.45216 0.83646 0.63272 0.2698196406617506 0.2866833682031101 0.1349098203308753
v -0.47246 0.83693 0.65363 0.2698196406617506 0.2866833682031101 0.1349098203308753
v -0.27972 1.4598 0.79363 0.2698196406617506 0.2866833682031101 0.1349098203308753
v -0.47246 0.83693 0.65363 0.3158802311443572 0.3356227455908795 0.1579401155721786
v -0.27284 1.45605 0.80145 0.3158802311443572 0.3356227455908795 0.1579401155721786
v -0.27972 1.4598 0.79363 0.3158802311443572 0.3356227455908795 0.1579401155721786
v -0.47246 0.83693 0.65363 0.3158802311443572 0.3356227455908795 0.1579401155721786
v -0.45259 0.83275 0.67455 0.3158802311443572 0.3356227455908795 0.1579401155721786
v -0.27284 1.45605 0.80145 0.3158802311443572 0.3356227455908795 0.1579401155721786
v -0.45259 0.83275 0.67455 0.29089952721387946 0.3090807476647469 0.14544976360693973
v -0.26444 1.45538 0.79363 0.29089952721387946 0.3090807476647469 0.14544976360693973
v -0.27284 1.45605 0.80145 0.29089952721387946 0.3090807476647469 0.14544976360693973
v -0.45259 0.83275 0.67455 0.29089952721387946 0.3090807476647469 0.14544976360693973
v -0.43115 0.83215 0.65363 0.29089952721387946 0.3090807476647469 0.14544976360693973
v -0.26444 1.45538 0.79363 0.29089952721387946 0.3090807476647469 0.14544976360693973
v -0.20738 1.45768 0.79363 0.2688 0.21 0.1344
v -0.26343 1.75768 0.7651 0.2688 0.21 0.1344
v -0.24185 1.75768 0.79363 0.2688 0.21 0.1344
v -0.20738 1.45768 0.79363 0.2688 0.21 0.1344
v -0.25316 1.45768 0.73181 0.2688 0.21 0.1344
v -0.26343 1.75768 0.7651 0.2688 0.21 0.1344
v -0.25316 1.45768 0.73181 0.31113327669410845 0.24307287241727224 0.15556663834705423
v -0.29574 1.75768 0.776 0.31113327669410845 0.24307287241727224 0.15556663834705423
v -0.26343 1.75768 0.7651 0.31113327669410845 0.24307287241727224 0.15556663834705423
v -0.25316 1.45768 0.73181 0.31113327669410845 0.24307287241727224 0.15556663834705423
v -0.32367 1.45768 0.75543 0.31113327669410845 0.24307287241727224 0.15556663834705423
v -0.29574 1.75768 0.776 0.31113327669410845 0.24307287241727224 0.15556663834705423
v -0.32367 1.45768 0.75543 0.2981248008655005 0.23291000067617226 0.14906240043275026
v -0.29698 1.75768 0.81127 0.2981248008655005 0.23291000067617226 0.14906240043275026
v -0.29574 1.75768 0.776 0.2981248008655005 0.23291000067617226 0.14906240043275026
v -0.32367 1.45768 0.75543 0.2981248008655005 0.23291000067617226 0.14906240043275026
v -0.3265 1.45768 0.83184 0.2981248008655005 0.23291000067617226 0.14906240043275026
v -0.29698 1.75768 0.81127 0.2981248008655005 0.23291000067617226 0.14906240043275026
v -0.3265 1.45768 0.83184 0.2727973386564482 0.21312292082535014 0.1363986693282241
v -0.26269 1.75768 0.82216 0.2727973386564482 0.21312292082535014 0.1363986693282241
v -0.29698 1.75768 0.81127 0.2727973386564482 0.21312292082535014 0.1363986693282241
v -0.3265 1.45768 0.83184 0.2727973386564482 0.21312292082535014 0.1363986693282241
v -0.25146 1.45768 0.85545 0.2727973386564482 0.21312292082535014 0.1363986693282241
v -0.26269 1.75768 0.82216 0.2727973386564482 0.21312292082535014 0.1363986693282241
v -0.25146 1.45768 0.85545 0.31891608269627864 0.24915318960646768 0.15945804134813932
v -0.24185 1.75768 0.79363 0.31891608269627864 0.24915318960646768 0.15945804134813932
v -0.26269 1.75768 0.82216 0.31891608269627864 0.24915318960646768 0.15945804134813932
v -0.25146 1.45768 0.85545 0.31891608269627864 0.24915318960646768 0.15945804134813932
v -0.20738 1.45768 0.79363 0.31891608269627864 0.24915318960646768 0.15945804134813932
v -0.24185 1.75768 0.79363 0.31891608269627864 0.24915318960646768 0.15945804134813932
v -0.45238 0.21154 0.65363 0.28 0.35 0.15
v -0.61833 0.02701 0.99992 0.28 0.35 0.15
v -0.67695 -0.00467 0.97183 0.28 0.35 0.15
v -0.45238 0.21154 0.65363 0.23800000000000002 0.2975 0.1275
v -0.55972 -0.06931 1.02801 0.23800000000000002 0.2975 0.1275
v -0.61833 0.02701 0.99992 0.23800000000000002 0.2975 0.1275
v -0.61833 0.02701 0.99992 0.28 0.35 0.15
v -0.79812 -0.30622 1.37506 0.28 0.35 0.15
v -0.67695 -0.00467 0.97183 0.28 0.35 0.15
v -0.61833 0.02701 0.99992 0.23800000000000002 0.2975 0.1275
v -0.55972 -0.06931 1.02801 0.23800000000000002 0.2975 0.1275
v -0.79812 -0.30622 1.37506 0.23800000000000002 0.2975 0.1275
v -0.45238 0.47634 0.65363 0.28 0.35 0.15
v -0.83343 0.55352 0.70108 0.28 0.35 0.15
v -0.84146 0.47371 0.63658 0.28 0.35 0.15
v -0.45238 0.47634 0.65363 0.23800000000000002 0.2975 0.1275
v -0.8254 0.50532 0.76559 0.23800000000000002 0.2975 0.1275
v -0.83343 0.55352 0.70108 0.23800000000000002 0.2975 0.1275
v -0.83343 0.55352 0.70108 0.28 0.35 0.15
v -1.24624 0.50379 0.75249 0.28 0.35 0.15
v -0.84146 0.47371 0.63658 0.28 0.35 0.15
v -0.83343 0.55352 0.70108 0.23800000000000002 0.2975 0.1275
v -0.8254 0.50532 0.76559 0.23800000000000002 0.2975 0.1275
v -1.24624 0.50379 0.75249 0.23800000000000002 0.2975 0.1275
v -0.45238 0.74115 0.65363 0.28 0.35 0.15
v -0.69819 1.06593 0.35862 0.28 0.35 0.15
v -0.64825 0.98778 0.31701 0.28 0.35 0.15
v -0.45238 0.74115 0.65363 0.23800000000000002 0.2975 0.1275
v -0.74813 1.01608 0.40023 0.23800000000000002 0.2975 0.1275
v -0.69819 1.06593 0.35862 0.23800000000000002 0.2975 0.1275
v -0.69819 1.06593 0.35862 0.28 0.35 0.15
v -0.96449 1.28445 0.03903 0.28 0.35 0.15
v -0.64825 0.98778 0.31701 0.28 0.35 0.15
v -0.69819 1.06593 0.35862 0.23800000000000002 0.2975 0.1275
v -0.74813 1.01608 0.40023 0.23800000000000002 0.2975 0.1275
v -0.96449 1.28445 0.03903 0.23800000000000002 0.2975 0.1275
v -0.72072 -0.1 -0.778 0.2688 0.2856 0.1344
v -0.74562 1.28311 -0.79896 0.2688 0.2856 0.1344
v -0.72442 1.28018 -0.778 0.2688 0.2856 0.1344
v -0.72072 -0.1 -0.778 0.2688 0.2856 0.1344
v -0.74572 -0.1 -0.803 0.2688 0.2856 0.1344
v -0.74562 1.28311 -0.79896 0.2688 0.2856 0.1344
v -0.74572 -0.1 -0.803 0.31113327669410845 0.3305791064874903 0.15556663834705423
v -0.76588 1.28342 -0.778 0.31113327669410845 0.3305791064874903 0.15556663834705423
v -0.74562 1.28311 -0.79896 0.31113327669410845 0.3305791064874903 0.15556663834705423
v -0.74572 -0.1 -0.803 0.31113327669410845 0.3305791064874903 0.15556663834705423
v -0.77011 -0.1 -0.778 0.31113327669410845 0.3305791064874903 0.15556663834705423
v -0.76588 1.28342 -0.778 0.31113327669410845 0.3305791064874903 0.15556663834705423
v -0.77011 -0.1 -0.778 0.2981248008655005 0.3167576009195943 0.14906240043275026
v -0.74582 1.28057 -0.75704 0.2981248008655005 0.3167576009195943 0.14906240043275026
v -0.76588 1.28342 -0.778 0.2981248008655005 0.3167576009195943 0.14906240043275026
v -0.77011 -0.1 -0.778 0.2981248008655005 0.3167576009195943 0.14906240043275026
v -0.74572 -0.1 -0.753 0.2981248008655005 0.3167576009195943 0.14906240043275026
v -0.74582 1.28057 -0.75704 0.2981248008655005 0.3167576009195943 0.14906240043275026
v -0.74572 -0.1 -0.753 0.2727973386564482 0.2898471723224762 0.1363986693282241
v -0.72442 1.28018 -0.778 0.2727973386564482 0.2898471723224762 0.1363986693282241
v -0.74582 1.28057 -0.75704 0.2727973386564482 0.2898471723224762 0.1363986693282241
v -0.74572 -0.1 -0.753 0.2727973386564482 0.2898471723224762 0.1363986693282241
v -0.72072 -0.1 -0.778 0.2727973386564482 0.2898471723224762 0.1363986693282241
v -0.72442 1.28018 -0.778 0.2727973386564482 0.2898471723224762 0.1363986693282241
v -0.72442 1.28018 -0.778 0.3050533590156069 0.3241191939540823 0.15252667950780344
v -0.5655 2.20423 -0.64591 0.3050533590156069 0.3241191939540823 0.15252667950780344
v -0.55762 2.20148 -0.638 0.3050533590156069 0.3241191939540823 0.15252667950780344
v -0.72442 1.28018 -0.778 0.3050533590156069 0.3241191939540823 0.15252667950780344
v -0.74562 1.28311 -0.79896 0.3050533590156069 0.3241191939540823 0.15252667950780344
v -0.5655 2.20423 -0.64591 0.3050533590156069 0.3241191939540823 0.15252667950780344
v -0.74562 1.28311 -0.79896 0.2698196406617506 0.2866833682031101 0.1349098203308753
v -0.57323 2.20453 -0.638 0.2698196406617506 0.2866833682031101 0.1349098203308753
v -0.5655 2.20423 -0.64591 0.2698196406617506 0.2866833682031101 0.1349098203308753
v -0.74562 1.28311 -0.79896 0.2698196406617506 0.2866833682031101 0.1349098203308753
v -0.76588 1.28342 -0.778 0.2698196406617506 0.2866833682031101 0.1349098203308753
v -0.57323 2.20453 -0.638 0.2698196406617506 0.2866833682031101 0.1349098203308753
v -0.76588 1.28342 -0.778 0.3158802311443572 0.3356227455908795 0.1579401155721786
v -0.56595 2.20191 -0.63009 0.3158802311443572 0.3356227455908795 0.1579401155721786
v -0.57323 2.20453 -0.638 0.3158802311443572 0.3356227455908795 0.1579401155721786
v -0.76588 1.28342 -0.778 0.3158802311443572 0.3356227455908795 0.1579401155721786
v -0.74582 1.28057 -0.75704 0.3158802311443572 0.3356227455908795 0.1579401155721786
v -0.56595 2.20191 -0.63009 0.3158802311443572 0.3356227455908795 0.1579401155721786
v -0.74582 1.28057 -0.75704 0.29089952721387946 0.3090807476647469 0.14544976360693973
v -0.55762 2.20148 -0.638 0.29089952721387946 0.3090807476647469 0.14544976360693973
v -0.56595 2.20191 -0.63009 0.29089952721387946 0.3090807476647469 0.14544976360693973
v -0.74582 1.28057 -0.75704 0.29089952721387946 0.3090807476647469 0.14544976360693973
v -0.72442 1.28018 -0.778 0.29089952721387946 0.3090807476647469 0.14544976360693973
v -0.55762 2.20148 -0.638 0.29089952721387946 0.3090807476647469 0.14544976360693973
v -0.50072 2.20307 -0.638 0.2688 0.21 0.1344
v -0.55677 2.50307 -0.66653 0.2688 0.21 0.1344
v -0.5352 2.50307 -0.638 0.2688 0.21 0.1344
v -0.50072 2.20307 -0.638 0.2688 0.21 0.1344
v -0.5465 2.20307 -0.69982 0.2688 0.21 0.1344
v -0.55677 2.50307 -0.66653 0.2688 0.21 0.1344
v -0.5465 2.20307 -0.69982 0.31113327669410845 0.24307287241727224 0.15556663834705423
v -0.58909 2.50307 -0.65563 0.31113327669410845 0.24307287241727224 0.15556663834705423
v -0.55677 2.50307 -0.66653 0.31113327669410845 0.24307287241727224 0.15556663834705423
v -0.5465 2.20307 -0.69982 0.31113327669410845 0.24307287241727224 0.15556663834705423
v -0.61702 2.20307 -0.67621 0.31113327669410845 0.24307287241727224 0.15556663834705423
v -0.58909 2.50307 -0.65563 0.31113327669410845 0.24307287241727224 0.15556663834705423
v -0.61702 2.20307 -0.67621 0.2981248008655005 0.23291000067617226 0.14906240043275026
v -0.59032 2.50307 -0.62037 0.2981248008655005 0.23291000067617226 0.14906240043275026
v -0.58909 2.50307 -0.65563 0.2981248008655005 0.23291000067617226 0.14906240043275026
v -0.61702 2.20307 -0.67621 0.2981248008655005 0.23291000067617226 0.14906240043275026
v -0.61985 2.20307 -0.59979 0.2981248008655005 0.23291000067617226 0.14906240043275026
v -0.59032 2.50307 -0.62037 0.2981248008655005 0.23291000067617226 0.14906240043275026
v -0.61985 2.20307 -0.59979 0.2727973386564482 0.21312292082535014 0.1363986693282241
v -0.55604 2.50307 -0.60947 0.2727973386564482 0.21312292082535014 0.1363986693282241
v -0.59032 2.50307 -0.62037 0.2727973386564482 0.21312292082535014 0.1363986693282241
v -0.61985 2.20307 -0.59979 0.2727973386564482 0.21312292082535014 0.1363986693282241
v -0.54481 2.20307 -0.57618 0.2727973386564482 0.21312292082535014 0.1363986693282241
v -0.55604 2.50307 -0.60947 0.2727973386564482 0.21312292082535014 0.1363986693282241
v -0.54481 2.20307 -0.57618 0.31891608269627864 0.24915318960646768 0.15945804134813932
v -0.5352 2.50307 -0.638 0.31891608269627864 0.24915318960646768 0.15945804134813932
v -0.55604 2.50307 -0.60947 0.31891608269627864 0.24915318960646768 0.15945804134813932
v -0.54481 2.20307 -0.57618 0.31891608269627864 0.24915318960646768 0.15945804134813932
v -0.50072 2.20307 -0.638 0.31891608269627864 0.24915318960646768 0.15945804134813932
v -0.5352 2.50307 -0.638 0.31891608269627864 0.24915318960646768 0.15945804134813932
v -0.74572 0.36061 -0.778 0.28 0.35 0.15
v -0.89338 0.50881 -1.13248 0.28 0.35 0.15
v -0.83338 0.41251 -1.15747 0.28 0.35 0.15
v -0.74572 0.36061 -0.778 0.23800000000000002 0.2975 0.1275
v -0.95338 0.47712 -1.10748 0.23800000000000002 0.2975 0.1275
v -0.89338 0.50881 -1.13248 0.23800000000000002 0.2975 0.1275
v -0.89338 0.50881 -1.13248 0.28 0.35 0.15
v -1.05334 0.53603 -1.51649 0.28 0.35 0.15
v -0.83338 0.41251 -1.15747 0.28 0.35 0.15
v -0.89338 0.50881 -1.13248 0.23800000000000002 0.2975 0.1275
v -0.95338 0.47712 -1.10748 0.23800000000000002 0.2975 0.1275
v -1.05334 0.53603 -1.51649 0.23800000000000002 0.2975 0.1275
v -0.74572 0.75213 -0.778 0.28 0.35 0.15
v -0.52722 0.61153 -1.09377 0.28 0.35 0.15
v -0.47377 0.56319 -1.05679 0.28 0.35 0.15
v -0.74572 0.75213 -0.778 0.23800000000000002 0.2975 0.1275
v -0.58067 0.53187 -1.13076 0.23800000000000002 0.2975 0.1275
v -0.52722 0.61153 -1.09377 0.23800000000000002 0.2975 0.1275
v -0.52722 0.61153 -1.09377 0.28 0.35 0.15
v -0.29051 0.32587 -1.43586 0.28 0.35 0.15
v -0.47377 0.56319 -1.05679 0.28 0.35 0.15
v -0.52722 0.61153 -1.09377 0.23800000000000002 0.2975 0.1275
v -0.58067 0.53187 -1.13076 0.23800000000000002 0.2975 0.1275
v -0.29051 0.32587 -1.43586 0.23800000000000002 0.2975 0.1275
v -0.74572 1.14366 -0.778 0.28 0.35 0.15
v -0.36195 0.93305 -0.76475 0.28 0.35 0.15
v -0.3642 0.88335 -0.69979 0.28 0.35 0.15
v -0.74572 1.14366 -0.778 0.23800000000000002 0.2975 0.1275
v -0.35971 0.85474 -0.82971 0.23800000000000002 0.2975 0.1275
v -0.36195 0.93305 -0.76475 0.23800000000000002 0.2975 0.1275
v -0.36195 0.93305 -0.76475 0.28 0.35 0.15
v 0.0538 0.57155 -0.75039 0.28 0.35 0.15
v -0.3642 0.88335 -0.69979 0.28 0.35 0.15
v -0.36195 0.93305 -0.76475 0.23800000000000002 0.2975 0.1275
v -0.35971 0.85474 -0.82971 0.23800000000000002 0.2975 0.1275
v 0.0538 0.57155 -0.75039 0.23800000000000002 0.2975 0.1275
v -0.86269 -0.1 -0.66158 0.2688 0.2856 0.1344
v -0.88748 0.86164 -0.6825 0.2688 0.2856 0.1344
v -0.86645 0.85744 -0.66158 0.2688 0.2856 0.1344
v -0.86269 -0.1 -0.66158 0.2688 0.2856 0.1344
v -0.88769 -0.1 -0.68658 0.2688 0.2856 0.1344
v -0.88748 0.86164 -0.6825 0.2688 0.2856 0.1344
v -0.88769 -0.1 -0.68658 0.31113327669410845 0.3305791064874903 0.15556663834705423
v -0.90778 0.86209 -0.66158 0.31113327669410845 0.3305791064874903 0.15556663834705423
v -0.88748 0.86164 -0.6825 0.31113327669410845 0.3305791064874903 0.15556663834705423
v -0.88769 -0.1 -0.68658 0.31113327669410845 0.3305791064874903 0.15556663834705423
v -0.91207 -0.1 -0.66158 0.31113327669410845 0.3305791064874903 0.15556663834705423
v -0.90778 0.86209 -0.66158 0.31113327669410845 0.3305791064874903 0.15556663834705423
v -0.91207 -0.1 -0.66158 0.2981248008655005 0.3167576009195943 0.14906240043275026
v -0.88789 0.85802 -0.64066 0.2981248008655005 0.3167576009195943 0.14906240043275026
v -0.90778 0.86209 -0.66158 0.2981248008655005 0.3167576009195943 0.14906240043275026
v -0.91207 -0.1 -0.66158 0.2981248008655005 0.3167576009195943 0.14906240043275026
v -0.88769 -0.1 -0.63658 0.2981248008655005 0.3167576009195943 0.14906240043275026
v -0.88789 0.85802 -0.64066 0.2981248008655005 0.3167576009195943 0.14906240043275026
v -0.88769 -0.1 -0.63658 0.2727973386564482 0.2898471723224762 0.1363986693282241
v -0.86645 0.85744 -0.66158 0.2727973386564482 0.2898471723224762 0.1363986693282241
v -0.88789 0.85802 -0.64066 0.2727973386564482 0.2898471723224762 0.1363986693282241
v -0.88769 -0.1 -0.63658 0.2727973386564482 0.2898471723224762 0.1363986693282241
v -0.86269 -0.1 -0.66158 0.2727973386564482 0.2898471723224762 0.1363986693282241
v -0.86645 0.85744 -0.66158 0.2727973386564482 0.2898471723224762 0.1363986693282241
v -0.86645 0.85744 -0.66158 0.3050533590156069 0.3241191939540823 0.15252667950780344
v -0.70724 1.5013 -0.52941 0.3050533590156069 0.3241191939540823 0.15252667950780344
v -0.69974 1.49748 -0.52158 0.3050533590156069 0.3241191939540823 0.15252667950780344
v -0.86645 0.85744 -0.66158 0.3050533590156069 0.3241191939540823 0.15252667950780344
v -0.88748 0.86164 -0.6825 0.3050533590156069 0.3241191939540823 0.15252667950780344
v -0.70724 1.5013 -0.52941 0.3050533590156069 0.3241191939540823 0.15252667950780344
v -0.88748 0.86164 -0.6825 0.2698196406617506 0.2866833682031101 0.1349098203308753
v -0.71505 1.50179 -0.52158 0.2698196406617506 0.2866833682031101 0.1349098203308753
v -0.70724 1.5013 -0.52941 0.2698196406617506 0.2866833682031101 0.1349098203308753
v -0.88748 0.86164 -0.6825 0.2698196406617506 0.2866833682031101 0.1349098203308753
v -0.90778 0.86209 -0.66158 0.2698196406617506 0.2866833682031101 0.1349098203308753
v -0.71505 1.50179 -0.52158 0.2698196406617506 0.2866833682031101 0.1349098203308753
v -0.90778 0.86209 -0.66158 0.3158802311443572 0.3356227455908795 0.1579401155721786
v -0.70813 1.49813 -0.51375 0.3158802311443572 0.3356227455908795 0.1579401155721786
v -0.71505 1.50179 -0.52158 0.3158802311443572 0.3356227455908795 0.1579401155721786
v -0.90778 0.86209 -0.66158 0.3158802311443572 0.3356227455908795 0.1579401155721786
v -0.88789 0.85802 -0.64066 0.3158802311443572 0.3356227455908795 0.1579401155721786
v -0.70813 1.49813 -0.51375 0.3158802311443572 0.3356227455908795 0.1579401155721786
v -0.88789 0.85802 -0.64066 0.29089952721387946 0.3090807476647469 0.14544976360693973
v -0.69974 1.49748 -0.52158 0.29089952721387946 0.3090807476647469 0.14544976360693973
v -0.70813 1.49813 -0.51375 0.29089952721387946 0.3090807476647469 0.14544976360693973
v -0.88789 0.85802 -0.64066 0.29089952721387946 0.3090807476647469 0.14544976360693973
v -0.86645 0.85744 -0.66158 0.29089952721387946 0.3090807476647469 0.14544976360693973
v -0.69974 1.49748 -0.52158 0.29089952721387946 0.3090807476647469 0.14544976360693973
v -0.64269 1.49972 -0.52158 0.2688 0.21 0.1344
v -0.69874 1.79972 -0.55011 0.2688 0.21 0.1344
v -0.67716 1.79972 -0.52158 0.2688 0.21 0.1344
v -0.64269 1.49972 -0.52158 0.2688 0.21 0.1344
v -0.68847 1.49972 -0.5834 0.2688 0.21 0.1344
v -0.69874 1.79972 -0.55011 0.2688 0.21 0.1344
v -0.68847 1.49972 -0.5834 0.31113327669410845 0.24307287241727224 0.15556663834705423
v -0.73105 1.79972 -0.53922 0.31113327669410845 0.24307287241727224 0.15556663834705423
v -0.69874 1.79972 -0.55011 0.31113327669410845 0.24307287241727224 0.15556663834705423
v -0.68847 1.49972 -0.5834 0.31113327669410845 0.24307287241727224 0.15556663834705423
v -0.75898 1.49972 -0.55979 0.31113327669410845 0.24307287241727224 0.15556663834705423
v -0.73105 1.79972 -0.53922 0.31113327669410845 0.24307287241727224 0.15556663834705423
v -0.75898 1.49972 -0.55979 0.2981248008655005 0.23291000067617226 0.14906240043275026
v -0.73229 1.79972 -0.50395 0.2981248008655005 0.23291000067617226 0.14906240043275026
v -0.73105 1.79972 -0.53922 0.2981248008655005 0.23291000067617226 0.14906240043275026
v -0.75898 1.49972 -0.55979 0.2981248008655005 0.23291000067617226 0.14906240043275026
v -0.76181 1.49972 -0.48338 0.2981248008655005 0.23291000067617226 0.14906240043275026
v -0.73229 1.79972 -0.50395 0.2981248008655005 0.23291000067617226 0.14906240043275026
v -0.76181 1.49972 -0.48338 0.2727973386564482 0.21312292082535014 0.1363986693282241
v -0.698 1.79972 -0.49305 0.2727973386564482 0.21312292082535014 0.1363986693282241
v -0.73229 1.79972 -0.50395 0.2727973386564482 0.21312292082535014 0.1363986693282241
v -0.76181 1.49972 -0.48338 0.2727973386564482 0.21312292082535014 0.1363986693282241
v -0.68677 1.49972 -0.45976 0.2727973386564482 0.21312292082535014 0.1363986693282241
v -0.698 1.79972 -0.49305 0.2727973386564482 0.21312292082535014 0.1363986693282241
v -0.68677 1.49972 -0.45976 0.31891608269627864 0.24915318960646768 0.15945804134813932
v -0.67716 1.79972 -0.52158 0.31891608269627864 0.24915318960646768 0.15945804134813932
v -0.698 1.79972 -0.49305 0.31891608269627864 0.24915318960646768 0.15945804134813932
v -0.68677 1.49972 -0.45976 0.31891608269627864 0.24915318960646768 0.15945804134813932
v -0.64269 1.49972 -0.52158 0.31891608269627864 0.24915318960646768 0.15945804134813932
v -0.67716 1.79972 -0.52158 0.31891608269627864 0.24915318960646768 0.15945804134813932
v -0.88769 0.21994 -0.66158 0.28 0.35 0.15
v -0.52497 0.47058 -0.53551 0.28 0.35 0.15
v -0.54631 0.43886 -0.47411 0.28 0.35 0.15
v -0.88769 0.21994 -0.66158 0.23800000000000002 0.2975 0.1275
v -0.50363 0.37429 -0.59691 0.23800000000000002 0.2975 0.1275
v -0.52497 0.47058 -0.53551 0.23800000000000002 0.2975 0.1275
v -0.52497 0.47058 -0.53551 0.28 0.35 0.15
v -0.13203 0.60876 -0.39893 0.28 0.35 0.15
v -0.54631 0.43886 -0.47411 0.28 0.35 0.15
v -0.52497 0.47058 -0.53551 0.23800000000000002 0.2975 0.1275
v -0.50363 0.37429 -0.59691 0.23800000000000002 0.2975 0.1275
v -0.13203 0.60876 -0.39893 0.23800000000000002 0.2975 0.1275
v -0.88769 0.4919 -0.66158 0.28 0.35 0.15
v -0.7978 0.83689 -0.28825 0.28 0.35 0.15
v -0.86099 0.75738 -0.27304 0.28 0.35 0.15
v -0.88769 0.4919 -0.66158 0.23800000000000002 0.2975 0.1275
v -0.7346 0.7884 -0.30347 0.23800000000000002 0.2975 0.1275
v -0.7978 0.83689 -0.28825 0.23800000000000002 0.2975 0.1275
v -0.7978 0.83689 -0.28825 0.28 0.35 0.15
v -0.70042 1.0773 0.11619 0.28 0.35 0.15
v -0.86099 0.75738 -0.27304 0.28 0.35 0.15
v -0.7978 0.83689 -0.28825 0.23800000000000002 0.2975 0.1275
v -0.7346 0.7884 -0.30347 0.23800000000000002 0.2975 0.1275
v -0.70042 1.0773 0.11619 0.23800000000000002 0.2975 0.1275
v -0.88769 0.76385 -0.66158 0.28 0.35 0.15
v -1.15326 0.90271 -0.38423 0.28 0.35 0.15
v -1.20021 0.82426 -0.42919 0.28 0.35 0.15
v -0.88769 0.76385 -0.66158 0.23800000000000002 0.2975 0.1275
v -1.10632 0.85317 -0.33928 0.23800000000000002 0.2975 0.1275
v -1.15326 0.90271 -0.38423 0.23800000000000002 0.2975 0.1275
v -1.15326 0.90271 -0.38423 0.28 0.35 0.15
v -1.44098 0.91981 -0.08377 0.28 0.35 0.15
v -1.20021 0.82426 -0.42919 0.28 0.35 0.15
v -1.15326 0.90271 -0.38423 0.23800000000000002 0.2975 0.1275
v -1.10632 0.85317 -0.33928 0.23800000000000002 0.2975 0.1275
v -1.44098 0.91981 -0.08377 0.23800000000000002 0.2975 0.1275
v 0.14852 -0.1 0.6663 0.2688 0.2856 0.1344
v 0.12361 1.32024 0.64534 0.2688 0.2856 0.1344
v 0.14482 1.31738 0.6663 0.2688 0.2856 0.1344
v 0.14852 -0.1 0.6663 0.2688 0.2856 0.1344
v 0.12352 -0.1 0.6413 0.2688 0.2856 0.1344
v 0.12361 1.32024 0.64534 0.2688 0.2856 0.1344
v 0.12352 -0.1 0.6413 0.31113327669410845 0.3305791064874903 0.15556663834705423
v 0.10336 1.32054 0.6663 0.31113327669410845 0.3305791064874903 0.15556663834705423
v 0.12361 1.32024 0.64534 0.31113327669410845 0.3305791064874903 0.15556663834705423
v 0.12352 -0.1 0.6413 0.31113327669410845 0.3305791064874903 0.15556663834705423
v 0.09913 -0.1 0.6663 0.31113327669410845 0.3305791064874903 0.15556663834705423
v 0.10336 1.32054 0.6663 0.31113327669410845 0.3305791064874903 0.15556663834705423
v 0.09913 -0.1 0.6663 0.2981248008655005 0.3167576009195943 0.14906240043275026
v 0.12342 1.31777 0.68726 0.2981248008655005 0.3167576009195943 0.14906240043275026
v 0.10336 1.32054 0.6663 0.2981248008655005 0.3167576009195943 0.14906240043275026
v 0.09913 -0.1 0.6663 0.2981248008655005 0.3167576009195943 0.14906240043275026
v 0.12352 -0.1 0.6913 0.2981248008655005 0.3167576009195943 0.14906240043275026
v 0.12342 1.31777 0.68726 0.2981248008655005 0.3167576009195943 0.14906240043275026
v 0.12352 -0.1 0.6913 0.2727973386564482 0.2898471723224762 0.1363986693282241
v 0.14482 1.31738 0.6663 0.2727973386564482 0.2898471723224762 0.1363986693282241
v 0.12342 1.31777 0.68726 0.2727973386564482 0.2898471723224762 0.1363986693282241
v 0.12352 -0.1 0.6913 0.2727973386564482 0.2898471723224762 0.1363986693282241
v 0.14852 -0.1 0.6663 0.2727973386564482 0.2898471723224762 0.1363986693282241
v 0.14482 1.31738 0.6663 0.2727973386564482 0.2898471723224762 0.1363986693282241
v 0.14482 1.31738 0.6663 0.3050533590156069 0.3241191939540823 0.15252667950780344
v 0.30373 2.26614 0.79838 0.3050533590156069 0.3241191939540823 0.15252667950780344
v 0.31163 2.26346 0.8063 0.3050533590156069 0.3241191939540823 0.15252667950780344
v 0.14482 1.31738 0.6663 0.3050533590156069 0.3241191939540823 0.15252667950780344
v 0.12361 1.32024 0.64534 0.3050533590156069 0.3241191939540823 0.15252667950780344
v 0.30373 2.26614 0.79838 0.3050533590156069 0.3241191939540823 0.15252667950780344
v 0.12361 1.32024 0.64534 0.2698196406617506 0.2866833682031101 0.1349098203308753
v 0.29601 2.26644 0.8063 0.2698196406617506 0.2866833682031101 0.1349098203308753
v 0.30373 2.26614 0.79838 0.2698196406617506 0.2866833682031101 0.1349098203308753
v 0.12361 1.32024 0.64534 0.2698196406617506 0.2866833682031101 0.1349098203308753
v 0.10336 1.32054 0.6663 0.2698196406617506 0.2866833682031101 0.1349098203308753
v 0.29601 2.26644 0.8063 0.2698196406617506 0.2866833682031101 0.1349098203308753
v 0.10336 1.32054 0.6663 0.3158802311443572 0.3356227455908795 0.1579401155721786
v 0.3033 2.26388 0.81422 0.3158802311443572 0.3356227455908795 0.1579401155721786
v 0.29601 2.26644 0.8063 0.3158802311443572 0.3356227455908795 0.1579401155721786
v 0.10336 1.32054 0.6663 0.3158802311443572 0.3356227455908795 0.1579401155721786
v 0.12342 1.31777 0.68726 0.3158802311443572 0.3356227455908795 0.1579401155721786
v 0.3033 2.26388 0.81422 0.3158802311443572 0.3356227455908795 0.1579401155721786
v 0.12342 1.31777 0.68726 0.29089952721387946 0.3090807476647469 0.14544976360693973
v 0.31163 2.26346 0.8063 0.29089952721387946 0.3090807476647469 0.14544976360693973
v 0.3033 2.26388 0.81422 0.29089952721387946 0.3090807476647469 0.14544976360693973
v 0.12342 1.31777 0.68726 0.29089952721387946 0.3090807476647469 0.14544976360693973
v 0.14482 1.31738 0.6663 0.29089952721387946 0.3090807476647469 0.14544976360693973
v 0.31163 2.26346 0.8063 0.29089952721387946 0.3090807476647469 0.14544976360693973
v 0.36852 2.26501 0.8063 0.2688 0.21 0.1344
v 0.31247 2.56501 0.77777 0.2688 0.21 0.1344
v 0.33404 2.56501 0.8063 0.2688 0.21 0.1344
v 0.36852 2.26501 0.8063 0.2688 0.21 0.1344
v 0.32274 2.26501 0.74448 0.2688 0.21 0.1344
v 0.31247 2.56501 0.77777 0.2688 0.21 0.1344
v 0.32274 2.26501 0.74448 0.31113327669410845 0.24307287241727224 0.15556663834705423
v 0.28015 2.56501 0.78867 0.31113327669410845 0.24307287241727224 0.15556663834705423
v 0.31247 2.56501 0.77777 0.31113327669410845 0.24307287241727224 0.15556663834705423
v 0.32274 2.26501 0.74448 0.31113327669410845 0.24307287241727224 0.15556663834705423
v 0.25222 2.26501 0.7681 0.31113327669410845 0.24307287241727224 0.15556663834705423
v 0.28015 2.56501 0.78867 0.31113327669410845 0.24307287241727224 0.15556663834705423
v 0.25222 2.26501 0.7681 0.2981248008655005 0.23291000067617226 0.14906240043275026
v 0.27892 2.56501 0.82393 0.2981248008655005 0.23291000067617226 0.14906240043275026
v 0.28015 2.56501 0.78867 0.2981248008655005 0.23291000067617226 0.14906240043275026
v 0.25222 2.26501 0.7681 0.2981248008655005 0.23291000067617226 0.14906240043275026
v 0.24939 2.26501 0.84451 0.2981248008655005 0.23291000067617226 0.14906240043275026
v 0.27892 2.56501 0.82393 0.2981248008655005 0.23291000067617226 0.14906240043275026
v 0.24939 2.26501 0.84451 0.2727973386564482 0.21312292082535014 0.1363986693282241
v 0.31321 2.56501 0.83483 0.2727973386564482 0.21312292082535014 0.1363986693282241
v 0.27892 2.56501 0.82393 0.2727973386564482 0.21312292082535014 0.1363986693282241
v 0.24939 2.26501 0.84451 0.2727973386564482 0.21312292082535014 0.1363986693282241
v 0.32443 2.26501 0.86812 0.2727973386564482 0.21312292082535014 0.1363986693282241
v 0.31321 2.56501 0.83483 0.2727973386564482 0.21312292082535014 0.1363986693282241
v 0.32443 2.26501 0.86812 0.31891608269627864 0.24915318960646768 0.15945804134813932
v 0.33404 2.56501 0.8063 0.31891608269627864 0.24915318960646768 0.15945804134813932
v 0.31321 2.56501 0.83483 0.31891608269627864 0.24915318960646768 0.15945804134813932
v 0.32443 2.26501 0.86812 0.31891608269627864 0.24915318960646768 0.15945804134813932
v 0.36852 2.26501 0.8063 0.31891608269627864 0.24915318960646768 0.15945804134813932
v 0.33404 2.56501 0.8063 0.31891608269627864 0.24915318960646768 0.15945804134813932
v 0.12352 0.373 0.6663 0.28 0.35 0.15
v -0.21216 0.58147 0.85278 0.28 0.35 0.15
v -0.24373 0.48521 0.79596 0.28 0.35 0.15
v 0.12352 0.373 0.6663 0.23800000000000002 0.2975 0.1275
v -0.1806 0.54974 0.9096 0.23800000000000002 0.2975 0.1275
v -0.21216 0.58147 0.85278 0.23800000000000002 0.2975 0.1275
v -0.21216 0.58147 0.85278 0.28 0.35 0.15
v -0.57582 0.67398 1.0548 0.28 0.35 0.15
v -0.24373 0.48521 0.79596 0.28 0.35 0.15
v -0.21216 0.58147 0.85278 0.23800000000000002 0.2975 0.1275
v -0.1806 0.54974 0.9096 0.23800000000000002 0.2975 0.1275
v -0.57582 0.67398 1.0548 0.23800000000000002 0.2975 0.1275
v 0.12352 0.77505 0.6663 0.28 0.35 0.15
v -0.21477 1.1268 0.48459 0.28 0.35 0.15
v -0.18401 1.07817 0.42733 0.28 0.35 0.15
v 0.12352 0.77505 0.6663 0.23800000000000002 0.2975 0.1275
v -0.24553 1.04744 0.54185 0.23800000000000002 0.2975 0.1275
v -0.21477 1.1268 0.48459 0.23800000000000002 0.2975 0.1275
v -0.21477 1.1268 0.48459 0.28 0.35 0.15
v -0.58124 1.37454 0.28774 0.28 0.35 0.15
v -0.18401 1.07817 0.42733 0.28 0.35 0.15
v -0.21477 1.1268 0.48459 0.23800000000000002 0.2975 0.1275
v -0.24553 1.04744 0.54185 0.23800000000000002 0.2975 0.1275
v -0.58124 1.37454 0.28774 0.23800000000000002 0.2975 0.1275
v 0.12352 1.1771 0.6663 0.28 0.35 0.15
v 0.09365 1.36442 0.28346 0.28 0.35 0.15
v 0.15845 1.31502 0.27841 0.28 0.35 0.15
v 0.12352 1.1771 0.6663 0.23800000000000002 0.2975 0.1275
v 0.02884 1.28581 0.28852 0.23800000000000002 0.2975 0.1275
v 0.09365 1.36442 0.28346 0.23800000000000002 0.2975 0.1275
v 0.09365 1.36442 0.28346 0.28 0.35 0.15
v 0.06128 1.43401 -0.13127 0.28 0.35 0.15
v 0.15845 1.31502 0.27841 0.28 0.35 0.15
v 0.09365 1.36442 0.28346 0.23800000000000002 0.2975 0.1275
v 0.02884 1.28581 0.28852 0.23800000000000002 0.2975 0.1275
v 0.06128 1.43401 -0.13127 0.23800000000000002 0.2975 0.1275
v -0.02888 -0.1 0.34709 0.2688 0.2856 0.1344
v -0.05368 0.85053 0.32617 0.2688 0.2856 0.1344
v -0.03265 0.84629 0.34709 0.2688 0.2856 0.1344
v -0.02888 -0.1 0.34709 0.2688 0.2856 0.1344
v -0.05388 -0.1 0.32209 0.2688 0.2856 0.1344
v -0.05368 0.85053 0.32617 0.2688 0.2856 0.1344
v -0.05388 -0.1 0.32209 0.31113327669410845 0.3305791064874903 0.15556663834705423
v -0.07397 0.85099 0.34709 0.31113327669410845 0.3305791064874903 0.15556663834705423
v -0.05368 0.85053 0.32617 0.31113327669410845 0.3305791064874903 0.15556663834705423
v -0.05388 -0.1 0.32209 0.31113327669410845 0.3305791064874903 0.15556663834705423
v -0.07827 -0.1 0.34709 0.31113327669410845 0.3305791064874903 0.15556663834705423
v -0.07397 0.85099 0.34709 0.31113327669410845 0.3305791064874903 0.15556663834705423
v -0.07827 -0.1 0.34709 0.2981248008655005 0.3167576009195943 0.14906240043275026
v -0.05409 0.84687 0.36801 0.2981248008655005 0.3167576009195943 0.14906240043275026
v -0.07397 0.85099 0.34709 0.2981248008655005 0.3167576009195943 0.14906240043275026
v -0.07827 -0.1 0.34709 0.2981248008655005 0.3167576009195943 0.14906240043275026
v -0.05388 -0.1 0.37209 0.2981248008655005 0.3167576009195943 0.14906240043275026
v -0.05409 0.84687 0.36801 0.2981248008655005 0.3167576009195943 0.14906240043275026
v -0.05388 -0.1 0.37209 0.2727973386564482 0.2898471723224762 0.1363986693282241
v -0.03265 0.84629 0.34709 0.2727973386564482 0.2898471723224762 0.1363986693282241
v -0.05409 0.84687 0.36801 0.2727973386564482 0.2898471723224762 0.1363986693282241
v -0.05388 -0.1 0.37209 0.2727973386564482 0.2898471723224762 0.1363986693282241
v -0.02888 -0.1 0.34709 0.2727973386564482 0.2898471723224762 0.1363986693282241
v -0.03265 0.84629 0.34709 0.2727973386564482 0.2898471723224762 0.1363986693282241
v -0.03265 0.84629 0.34709 0.3050533590156069 0.3241191939540823 0.15252667950780344
v 0.12657 1.48277 0.47927 0.3050533590156069 0.3241191939540823 0.15252667950780344
v 0.13406 1.47891 0.48709 0.3050533590156069 0.3241191939540823 0.15252667950780344
v -0.03265 0.84629 0.34709 0.3050533590156069 0.3241191939540823 0.15252667950780344
v -0.05368 0.85053 0.32617 0.3050533590156069 0.3241191939540823 0.15252667950780344
v 0.12657 1.48277 0.47927 0.3050533590156069 0.3241191939540823 0.15252667950780344
v -0.05368 0.85053 0.32617 0.2698196406617506 0.2866833682031101 0.1349098203308753
v 0.11876 1.48326 0.48709 0.2698196406617506 0.2866833682031101 0.1349098203308753
v 0.12657 1.48277 0.47927 0.2698196406617506 0.2866833682031101 0.1349098203308753
v -0.05368 0.85053 0.32617 0.2698196406617506 0.2866833682031101 0.1349098203308753
v -0.07397 0.85099 0.34709 0.2698196406617506 0.2866833682031101 0.1349098203308753
v 0.11876 1.48326 0.48709 0.2698196406617506 0.2866833682031101 0.1349098203308753
v -0.07397 0.85099 0.34709 0.3158802311443572 0.3356227455908795 0.1579401155721786
v 0.12566 1.47957 0.49492 0.3158802311443572 0.3356227455908795 0.1579401155721786
v 0.11876 1.48326 0.48709 0.3158802311443572 0.3356227455908795 0.1579401155721786
v -0.07397 0.85099 0.34709 0.3158802311443572 0.3356227455908795 0.1579401155721786
v -0.05409 0.84687 0.36801 0.3158802311443572 0.3356227455908795 0.1579401155721786
v 0.12566 1.47957 0.49492 0.3158802311443572 0.3356227455908795 0.1579401155721786
v -0.05409 0.84687 0.36801 0.29089952721387946 0.3090807476647469 0.14544976360693973
v 0.13406 1.47891 0.48709 0.29089952721387946 0.3090807476647469 0.14544976360693973
v 0.12566 1.47957 0.49492 0.29089952721387946 0.3090807476647469 0.14544976360693973
v -0.05409 0.84687 0.36801 0.29089952721387946 0.3090807476647469 0.14544976360693973
v -0.03265 0.84629 0.34709 0.29089952721387946 0.3090807476647469 0.14544976360693973
v 0.13406 1.47891 0.48709 0.29089952721387946 0.3090807476647469 0.14544976360693973
v 0.19112 1.48117 0.48709 0.2688 0.21 0.1344
v 0.13506 1.78117 0.45856 0.2688 0.21 0.1344
v 0.15664 1.78117 0.48709 0.2688 0.21 0.1344
v 0.19112 1.48117 0.48709 0.2688 0.21 0.1344
v 0.14534 1.48117 0.42527 0.2688 0.21 0.1344
v 0.13506 1.78117 0.45856 0.2688 0.21 0.1344
v 0.14534 1.48117 0.42527 0.31113327669410845 0.24307287241727224 0.15556663834705423
v 0.10275 1.78117 0.46946 0.31113327669410845 0.24307287241727224 0.15556663834705423
v 0.13506 1.78117 0.45856 0.31113327669410845 0.24307287241727224 0.15556663834705423
v 0.14534 1.48117 0.42527 0.31113327669410845 0.24307287241727224 0.15556663834705423
v 0.07482 1.48117 0.44889 0.31113327669410845 0.24307287241727224 0.15556663834705423
v 0.10275 1.78117 0.46946 0.31113327669410845 0.24307287241727224 0.15556663834705423
v 0.07482 1.48117 0.44889 0.2981248008655005 0.23291000067617226 0.14906240043275026
v 0.10151 1.78117 0.50473 0.2981248008655005 0.23291000067617226 0.14906240043275026
v 0.10275 1.78117 0.46946 0.2981248008655005 0.23291000067617226 0.14906240043275026
v 0.07482 1.48117 0.44889 0.2981248008655005 0.23291000067617226 0.14906240043275026
v 0.07199 1.48117 0.5253 0.2981248008655005 0.23291000067617226 0.14906240043275026
v 0.10151 1.78117 0.50473 0.2981248008655005 0.23291000067617226 0.14906240043275026
v 0.07199 1.48117 0.5253 0.2727973386564482 0.21312292082535014 0.1363986693282241
v 0.1358 1.78117 0.51562 0.2727973386564482 0.21312292082535014 0.1363986693282241
v 0.10151 1.78117 0.50473 0.2727973386564482 0.21312292082535014 0.1363986693282241
v 0.07199 1.48117 0.5253 0.2727973386564482 0.21312292082535014 0.1363986693282241
v 0.14703 1.48117 0.54891 0.2727973386564482 0.21312292082535014 0.1363986693282241
v 0.1358 1.78117 0.51562 0.2727973386564482 0.21312292082535014 0.1363986693282241
v 0.14703 1.48117 0.54891 0.31891608269627864 0.24915318960646768 0.15945804134813932
v 0.15664 1.78117 0.48709 0.31891608269627864 0.24915318960646768 0.15945804134813932
v 0.1358 1.78117 0.51562 0.31891608269627864 0.24915318960646768 0.15945804134813932
v 0.14703 1.48117 0.54891 0.31891608269627864 0.24915318960646768 0.15945804134813932
v 0.19112 1.48117 0.48709 0.31891608269627864 0.24915318960646768 0.15945804134813932
v 0.15664 1.78117 0.48709 0.31891608269627864 0.24915318960646768 0.15945804134813932
v -0.05388 0.21623 0.34709 0.28 0.35 0.15
v 0.03071 -0.00621 -0.02747 0.28 0.35 0.15
v 0.09412 -0.03797 -0.01315 0.28 0.35 0.15
v -0.05388 0.21623 0.34709 0.23800000000000002 0.2975 0.1275
v -0.03269 -0.10246 -0.04179 0.23800000000000002 0.2975 0.1275
v 0.03071 -0.00621 -0.02747 0.23800000000000002 0.2975 0.1275
v 0.03071 -0.00621 -0.02747 0.28 0.35 0.15
v 0.12236 -0.38053 -0.43325 0.28 0.35 0.15
v 0.09412 -0.03797 -0.01315 0.28 0.35 0.15
v 0.03071 -0.00621 -0.02747 0.23800000000000002 0.2975 0.1275
v -0.03269 -0.10246 -0.04179 0.23800000000000002 0.2975 0.1275
v 0.12236 -0.38053 -0.43325 0.23800000000000002 0.2975 0.1275
v -0.05388 0.48503 0.34709 0.28 0.35 0.15
v 0.30701 0.38932 0.2159 0.28 0.35 0.15
v 0.32922 0.31011 0.27699 0.28 0.35 0.15
v -0.05388 0.48503 0.34709 0.23800000000000002 0.2975 0.1275
v 0.2848 0.34053 0.15481 0.23800000000000002 0.2975 0.1275
v 0.30701 0.38932 0.2159 0.23800000000000002 0.2975 0.1275
v 0.30701 0.38932 0.2159 0.28 0.35 0.15
v 0.69798 0.1523 0.07378 0.28 0.35 0.15
v 0.32922 0.31011 0.27699 0.28 0.35 0.15
v 0.30701 0.38932 0.2159 0.23800000000000002 0.2975 0.1275
v 0.2848 0.34053 0.15481 0.23800000000000002 0.2975 0.1275
v 0.69798 0.1523 0.07378 0.23800000000000002 0.2975 0.1275
v -0.05388 0.75383 0.34709 0.28 0.35 0.15
v 0.2515 0.95565 0.57989 0.28 0.35 0.15
v 0.2121 0.87689 0.63158 0.28 0.35 0.15
v -0.05388 0.75383 0.34709 0.23800000000000002 0.2975 0.1275
v 0.29091 0.90641 0.5282 0.23800000000000002 0.2975 0.1275
v 0.2515 0.95565 0.57989 0.23800000000000002 0.2975 0.1275
v 0.2515 0.95565 0.57989 0.28 0.35 0.15
v 0.58234 1.04095 0.83209 0.28 0.35 0.15
v 0.2121 0.87689 0.63158 0.28 0.35 0.15
v 0.2515 0.95565 0.57989 0.23800000000000002 0.2975 0.1275
v 0.29091 0.90641 0.5282 0.23800000000000002 0.2975 0.1275
v 0.58234 1.04095 0.83209 0.23800000000000002 0.2975 0.1275
v 0.05511 -0.1 -0.92528 0.2688 0.2856 0.1344
v 0.03023 1.15904 -0.94623 0.2688 0.2856 0.1344
v 0.0514 1.15582 -0.92528 0.2688 0.2856 0.1344
v 0.05511 -0.1 -0.92528 0.2688 0.2856 0.1344
v 0.03011 -0.1 -0.95028 0.2688 0.2856 0.1344
v 0.03023 1.15904 -0.94623 0.2688 0.2856 0.1344
v 0.03011 -0.1 -0.95028 0.31113327669410845 0.3305791064874903 0.15556663834705423
v 0.00997 1.15938 -0.92528 0.31113327669410845 0.3305791064874903 0.15556663834705423
v 0.03023 1.15904 -0.94623 0.31113327669410845 0.3305791064874903 0.15556663834705423
v 0.03011 -0.1 -0.95028 0.31113327669410845 0.3305791064874903 0.15556663834705423
v 0.00572 -0.1 -0.92528 0.31113327669410845 0.3305791064874903 0.15556663834705423
v 0.00997 1.15938 -0.92528 0.31113327669410845 0.3305791064874903 0.15556663834705423
v 0.00572 -0.1 -0.92528 0.2981248008655005 0.3167576009195943 0.14906240043275026
v 0.02999 1.15626 -0.90433 0.2981248008655005 0.3167576009195943 0.14906240043275026
v 0.00997 1.15938 -0.92528 0.2981248008655005 0.3167576009195943 0.14906240043275026
v 0.00572 -0.1 -0.92528 0.2981248008655005 0.3167576009195943 0.14906240043275026
v 0.03011 -0.1 -0.90028 0.2981248008655005 0.3167576009195943 0.14906240043275026
v 0.02999 1.15626 -0.90433 0.2981248008655005 0.3167576009195943 0.14906240043275026
v 0.03011 -0.1 -0.90028 0.2727973386564482 0.2898471723224762 0.1363986693282241
v 0.0514 1.15582 -0.92528 0.2727973386564482 0.2898471723224762 0.1363986693282241
v 0.02999 1.15626 -0.90433 0.2727973386564482 0.2898471723224762 0.1363986693282241
v 0.03011 -0.1 -0.90028 0.2727973386564482 0.2898471723224762 0.1363986693282241
v 0.05511 -0.1 -0.92528 0.2727973386564482 0.2898471723224762 0.1363986693282241
v 0.0514 1.15582 -0.92528 0.2727973386564482 0.2898471723224762 0.1363986693282241
v 0.0514 1.15582 -0.92528 0.3050533590156069 0.3241191939540823 0.15252667950780344
v 0.21038 1.99735 -0.79317 0.3050533590156069 0.3241191939540823 0.15252667950780344
v 0.21818 1.99435 -0.78528 0.3050533590156069 0.3241191939540823 0.15252667950780344
v 0.0514 1.15582 -0.92528 0.3050533590156069 0.3241191939540823 0.15252667950780344
v 0.03023 1.15904 -0.94623 0.3050533590156069 0.3241191939540823 0.15252667950780344
v 0.21038 1.99735 -0.79317 0.3050533590156069 0.3241191939540823 0.15252667950780344
v 0.03023 1.15904 -0.94623 0.2698196406617506 0.2866833682031101 0.1349098203308753
v 0.20263 1.99769 -0.78528 0.2698196406617506 0.2866833682031101 0.1349098203308753
v 0.21038 1.99735 -0.79317 0.2698196406617506 0.2866833682031101 0.1349098203308753
v 0.03023 1.15904 -0.94623 0.2698196406617506 0.2866833682031101 0.1349098203308753
v 0.00997 1.15938 -0.92528 0.2698196406617506 0.2866833682031101 0.1349098203308753
v 0.20263 1.99769 -0.78528 0.2698196406617506 0.2866833682031101 0.1349098203308753
v 0.00997 1.15938 -0.92528 0.3158802311443572 0.3356227455908795 0.1579401155721786
v 0.20984 1.99482 -0.77738 0.3158802311443572 0.3356227455908795 0.1579401155721786
v 0.20263 1.99769 -0.78528 0.3158802311443572 0.3356227455908795 0.1579401155721786
v 0.00997 1.15938 -0.92528 0.3158802311443572 0.3356227455908795 0.1579401155721786
v 0.02999 1.15626 -0.90433 0.3158802311443572 0.3356227455908795 0.1579401155721786
v 0.20984 1.99482 -0.77738 0.3158802311443572 0.3356227455908795 0.1579401155721786
v 0.02999 1.15626 -0.90433 0.29089952721387946 0.3090807476647469 0.14544976360693973
v 0.21818 1.99435 -0.78528 0.29089952721387946 0.3090807476647469 0.14544976360693973
v 0.20984 1.99482 -0.77738 0.29089952721387946 0.3090807476647469 0.14544976360693973
v 0.02999 1.15626 -0.90433 0.29089952721387946 0.3090807476647469 0.14544976360693973
v 0.0514 1.15582 -0.92528 0.29089952721387946 0.3090807476647469 0.14544976360693973
v 0.21818 1.99435 -0.78528 0.29089952721387946 0.3090807476647469 0.14544976360693973
v 0.27511 1.99609 -0.78528 0.2688 0.21 0.1344
v 0.21906 2.29609 -0.81381 0.2688 0.21 0.1344
v 0.24064 2.29609 -0.78528 0.2688 0.21 0.1344
v 0.27511 1.99609 -0.78528 0.2688 0.21 0.1344
v 0.22933 1.99609 -0.8471 0.2688 0.21 0.1344
v 0.21906 2.29609 -0.81381 0.2688 0.21 0.1344
v 0.22933 1.99609 -0.8471 0.31113327669410845 0.24307287241727224 0.15556663834705423
v 0.18674 2.29609 -0.80291 0.31113327669410845 0.24307287241727224 0.15556663834705423
v 0.21906 2.29609 -0.81381 0.31113327669410845 0.24307287241727224 0.15556663834705423
v 0.22933 1.99609 -0.8471 0.31113327669410845 0.24307287241727224 0.15556663834705423
v 0.15881 1.99609 -0.82349 0.31113327669410845 0.24307287241727224 0.15556663834705423
v 0.18674 2.29609 -0.80291 0.31113327669410845 0.24307287241727224 0.15556663834705423
v 0.15881 1.99609 -0.82349 0.2981248008655005 0.23291000067617226 0.14906240043275026
v 0.18551 2.29609 -0.76765 0.2981248008655005 0.23291000067617226 0.14906240043275026
v 0.18674 2.29609 -0.80291 0.2981248008655005 0.23291000067617226 0.14906240043275026
v 0.15881 1.99609 -0.82349 0.2981248008655005 0.23291000067617226 0.14906240043275026
v 0.15599 1.99609 -0.74707 0.2981248008655005 0.23291000067617226 0.14906240043275026
v 0.18551 2.29609 -0.76765 0.2981248008655005 0.23291000067617226 0.14906240043275026
v 0.15599 1.99609 -0.74707 0.2727973386564482 0.21312292082535014 0.1363986693282241
v 0.2198 2.29609 -0.75675 0.2727973386564482 0.21312292082535014 0.1363986693282241
v 0.18551 2.29609 -0.76765 0.2727973386564482 0.21312292082535014 0.1363986693282241
v 0.15599 1.99609 -0.74707 0.2727973386564482 0.21312292082535014 0.1363986693282241
v 0.23102 1.99609 -0.72346 0.2727973386564482 0.21312292082535014 0.1363986693282241
v 0.2198 2.29609 -0.75675 0.2727973386564482 0.21312292082535014 0.1363986693282241
v 0.23102 1.99609 -0.72346 0.31891608269627864 0.24915318960646768 0.15945804134813932
v 0.24064 2.29609 -0.78528 0.31891608269627864 0.24915318960646768 0.15945804134813932
v 0.2198 2.29609 -0.75675 0.31891608269627864 0.24915318960646768 0.15945804134813932
v 0.23102 1.99609 -0.72346 0.31891608269627864 0.24915318960646768 0.15945804134813932
v 0.27511 1.99609 -0.78528 0.31891608269627864 0.24915318960646768 0.15945804134813932
v 0.24064 2.29609 -0.78528 0.31891608269627864 0.24915318960646768 0.15945804134813932
v 0.03011 0.31922 -0.92528 0.28 0.35 0.15
v 0.25306 0.46525 -0.61263 0.28 0.35 0.15
v 0.20014 0.36902 -0.57489 0.28 0.35 0.15
v 0.03011 0.31922 -0.92528 0.23800000000000002 0.2975 0.1275
v 0.30598 0.43347 -0.65037 0.23800000000000002 0.2975 0.1275
v 0.25306 0.46525 -0.61263 0.23800000000000002 0.2975 0.1275
v 0.25306 0.46525 -0.61263 0.28 0.35 0.15
v 0.49459 0.49011 -0.27393 0.28 0.35 0.15
v 0.20014 0.36902 -0.57489 0.28 0.35 0.15
v 0.25306 0.46525 -0.61263 0.23800000000000002 0.2975 0.1275
v 0.30598 0.43347 -0.65037 0.23800000000000002 0.2975 0.1275
v 0.49459 0.49011 -0.27393 0.23800000000000002 0.2975 0.1275
v 0.03011 0.67555 -0.92528 0.28 0.35 0.15
v -0.11251 0.53336 -0.56875 0.28 0.35 0.15
v -0.17286 0.48442 -0.59289 0.28 0.35 0.15
v 0.03011 0.67555 -0.92528 0.23800000000000002 0.2975 0.1275
v -0.05216 0.45429 -0.54461 0.23800000000000002 0.2975 0.1275
v -0.11251 0.53336 -0.56875 0.23800000000000002 0.2975 0.1275
v -0.11251 0.53336 -0.56875 0.28 0.35 0.15
v -0.26702 0.24598 -0.18251 0.28 0.35 0.15
v -0.17286 0.48442 -0.59289 0.28 0.35 0.15
v -0.11251 0.53336 -0.56875 0.23800000000000002 0.2975 0.1275
v -0.05216 0.45429 -0.54461 0.23800000000000002 0.2975 0.1275
v -0.26702 0.24598 -0.18251 0.23800000000000002 0.2975 0.1275
v 0.03011 1.03189 -0.92528 0.28 0.35 0.15
v -0.34696 0.82197 -0.85266 0.28 0.35 0.15
v -0.35925 0.77288 -0.91649 0.28 0.35 0.15
v 0.03011 1.03189 -0.92528 0.23800000000000002 0.2975 0.1275
v -0.33467 0.74306 -0.78883 0.23800000000000002 0.2975 0.1275
v -0.34696 0.82197 -0.85266 0.23800000000000002 0.2975 0.1275
v -0.34696 0.82197 -0.85266 0.28 0.35 0.15
v -0.75545 0.46122 -0.77399 0.28 0.35 0.15
v -0.35925 0.77288 -0.91649 0.28 0.35 0.15
v -0.34696 0.82197 -0.85266 0.23800000000000002 0.2975 0.1275
v -0.33467 0.74306 -0.78883 0.23800000000000002 0.2975 0.1275
v -0.75545 0.46122 -0.77399 0.23800000000000002 0.2975 0.1275
v 0.09576 -0.1 0.34409 0.2688 0.2856 0.1344
v 0.07086 1.22793 0.32314 0.2688 0.2856 0.1344
v 0.09205 1.22488 0.34409 0.2688 0.2856 0.1344
v 0.09576 -0.1 0.34409 0.2688 0.2856 0.1344
v 0.07076 -0.1 0.31909 0.2688 0.2856 0.1344
v 0.07086 1.22793 0.32314 0.2688 0.2856 0.1344
v 0.07076 -0.1 0.31909 0.31113327669410845 0.3305791064874903 0.15556663834705423
v 0.0506 1.22826 0.34409 0.31113327669410845 0.3305791064874903 0.15556663834705423
v 0.07086 1.22793 0.32314 0.31113327669410845 0.3305791064874903 0.15556663834705423
v 0.07076 -0.1 0.31909 0.31113327669410845 0.3305791064874903 0.15556663834705423
v 0.04637 -0.1 0.34409 0.31113327669410845 0.3305791064874903 0.15556663834705423
v 0.0506 1.22826 0.34409 0.31113327669410845 0.3305791064874903 0.15556663834705423
v 0.04637 -0.1 0.34409 0.2981248008655005 0.3167576009195943 0.14906240043275026
v 0.07065 1.2253 0.36505 0.2981248008655005 0.3167576009195943 0.14906240043275026
v 0.0506 1.22826 0.34409 0.2981248008655005 0.3167576009195943 0.14906240043275026
v 0.04637 -0.1 0.34409 0.2981248008655005 0.3167576009195943 0.14906240043275026
v 0.07076 -0.1 0.36909 0.2981248008655005 0.3167576009195943 0.14906240043275026
v 0.07065 1.2253 0.36505 0.2981248008655005 0.3167576009195943 0.14906240043275026
v 0.07076 -0.1 0.36909 0.2727973386564482 0.2898471723224762 0.1363986693282241
v 0.09205 1.22488 0.34409 0.2727973386564482 0.2898471723224762 0.1363986693282241
v 0.07065 1.2253 0.36505 0.2727973386564482 0.2898471723224762 0.1363986693282241
v 0.07076 -0.1 0.36909 0.2727973386564482 0.2898471723224762 0.1363986693282241
v 0.09576 -0.1 0.34409 0.2727973386564482 0.2898471723224762 0.1363986693282241
v 0.09205 1.22488 0.34409 0.2727973386564482 0.2898471723224762 0.1363986693282241
v 0.09205 1.22488 0.34409 0.3050533590156069 0.3241191939540823 0.15252667950780344
v 0.251 2.11223 0.47619 0.3050533590156069 0.3241191939540823 0.15252667950780344
v 0.25885 2.10938 0.48409 0.3050533590156069 0.3241191939540823 0.15252667950780344
v 0.09205 1.22488 0.34409 0.3050533590156069 0.3241191939540823 0.15252667950780344
v 0.07086 1.22793 0.32314 0.3050533590156069 0.3241191939540823 0.15252667950780344
v 0.251 2.11223 0.47619 0.3050533590156069 0.3241191939540823 0.15252667950780344
v 0.07086 1.22793 0.32314 0.2698196406617506 0.2866833682031101 0.1349098203308753
v 0.24326 2.11255 0.48409 0.2698196406617506 0.2866833682031101 0.1349098203308753
v 0.251 2.11223 0.47619 0.2698196406617506 0.2866833682031101 0.1349098203308753
v 0.07086 1.22793 0.32314 0.2698196406617506 0.2866833682031101 0.1349098203308753
v 0.0506 1.22826 0.34409 0.2698196406617506 0.2866833682031101 0.1349098203308753
v 0.24326 2.11255 0.48409 0.2698196406617506 0.2866833682031101 0.1349098203308753
v 0.0506 1.22826 0.34409 0.3158802311443572 0.3356227455908795 0.1579401155721786
v 0.25051 2.10982 0.492 0.3158802311443572 0.3356227455908795 0.1579401155721786
v 0.24326 2.11255 0.48409 0.3158802311443572 0.3356227455908795 0.1579401155721786
v 0.0506 1.22826 0.34409 0.3158802311443572 0.3356227455908795 0.1579401155721786
v 0.07065 1.2253 0.36505 0.3158802311443572 0.3356227455908795 0.1579401155721786
v 0.25051 2.10982 0.492 0.3158802311443572 0.3356227455908795 0.1579401155721786
v 0.07065 1.2253 0.36505 0.29089952721387946 0.3090807476647469 0.14544976360693973
v 0.25885 2.10938 0.48409 0.29089952721387946 0.3090807476647469 0.14544976360693973
v 0.25051 2.10982 0.492 0.29089952721387946 0.3090807476647469 0.14544976360693973
v 0.07065 1.2253 0.36505 0.29089952721387946 0.3090807476647469 0.14544976360693973
v 0.09205 1.22488 0.34409 0.29089952721387946 0.3090807476647469 0.14544976360693973
v 0.25885 2.10938 0.48409 0.29089952721387946 0.3090807476647469 0.14544976360693973
v 0.31576 2.11103 0.48409 0.2688 0.21 0.1344
v 0.2597 2.41103 0.45556 0.2688 0.21 0.1344
v 0.28128 2.41103 0.48409 0.2688 0.21 0.1344
v 0.31576 2.11103 0.48409 0.2688 0.21 0.1344
v 0.26997 2.11103 0.42227 0.2688 0.21 0.1344
v 0.2597 2.41103 0.45556 0.2688 0.21 0.1344
v 0.26997 2.11103 0.42227 0.31113327669410845 0.24307287241727224 0.15556663834705423
v 0.22739 2.41103 0.46646 0.31113327669410845 0.24307287241727224 0.15556663834705423
v 0.2597 2.41103 0.45556 0.31113327669410845 0.24307287241727224 0.15556663834705423
v 0.26997 2.11103 0.42227 0.31113327669410845 0.24307287241727224 0.15556663834705423
v 0.19946 2.11103 0.44589 0.31113327669410845 0.24307287241727224 0.15556663834705423
v 0.22739 2.41103 0.46646 0.31113327669410845 0.24307287241727224 0.15556663834705423
v 0.19946 2.11103 0.44589 0.2981248008655005 0.23291000067617226 0.14906240043275026
v 0.22615 2.41103 0.50173 0.2981248008655005 0.23291000067617226 0.14906240043275026
v 0.22739 2.41103 0.46646 0.2981248008655005 0.23291000067617226 0.14906240043275026
v 0.19946 2.11103 0.44589 0.2981248008655005 0.23291000067617226 0.14906240043275026
v 0.19663 2.11103 0.5223 0.2981248008655005 0.23291000067617226 0.14906240043275026
v 0.22615 2.41103 0.50173 0.2981248008655005 0.23291000067617226 0.14906240043275026
v 0.19663 2.11103 0.5223 0.2727973386564482 0.21312292082535014 0.1363986693282241
v 0.26044 2.41103 0.51263 0.2727973386564482 0.21312292082535014 0.1363986693282241
v 0.22615 2.41103 0.50173 0.2727973386564482 0.21312292082535014 0.1363986693282241
v 0.19663 2.11103 0.5223 0.2727973386564482 0.21312292082535014 0.1363986693282241
v 0.27167 2.11103 0.54591 0.2727973386564482 0.21312292082535014 0.1363986693282241
v 0.26044 2.41103 0.51263 0.2727973386564482 0.21312292082535014 0.1363986693282241
v 0.27167 2.11103 0.54591 0.31891608269627864 0.24915318960646768 0.15945804134813932
v 0.28128 2.41103 0.48409 0.31891608269627864 0.24915318960646768 0.15945804134813932
v 0.26044 2.41103 0.51263 0.31891608269627864 0.24915318960646768 0.15945804134813932
v 0.27167 2.11103 0.54591 0.31891608269627864 0.24915318960646768 0.15945804134813932
v 0.31576 2.11103 0.48409 0.31891608269627864 0.24915318960646768 0.15945804134813932
v 0.28128 2.41103 0.48409 0.31891608269627864 0.24915318960646768 0.15945804134813932
v 0.07076 0.34221 0.34409 0.28 0.35 0.15
v -0.31093 0.65211 0.30204 0.28 0.35 0.15
v -0.30382 0.62031 0.23743 0.28 0.35 0.15
v 0.07076 0.34221 0.34409 0.23800000000000002 0.2975 0.1275
v -0.31805 0.55591 0.36665 0.23800000000000002 0.2975 0.1275
v -0.31093 0.65211 0.30204 0.23800000000000002 0.2975 0.1275
v -0.31093 0.65211 0.30204 0.28 0.35 0.15
v -0.72443 0.85451 0.25648 0.28 0.35 0.15
v -0.30382 0.62031 0.23743 0.28 0.35 0.15
v -0.31093 0.65211 0.30204 0.23800000000000002 0.2975 0.1275
v -0.31805 0.55591 0.36665 0.23800000000000002 0.2975 0.1275
v -0.72443 0.85451 0.25648 0.23800000000000002 0.2975 0.1275
v 0.07076 0.71808 0.34409 0.28 0.35 0.15
v -0.10008 1.0292 0.00019 0.28 0.35 0.15
v -0.04187 0.95029 -0.02873 0.28 0.35 0.15
v 0.07076 0.71808 0.34409 0.23800000000000002 0.2975 0.1275
v -0.1583 0.98011 0.02911 0.23800000000000002 0.2975 0.1275
v -0.10008 1.0292 0.00019 0.23800000000000002 0.2975 0.1275
v -0.10008 1.0292 0.00019 0.28 0.35 0.15
v -0.28516 1.23291 -0.37237 0.28 0.35 0.15
v -0.04187 0.95029 -0.02873 0.28 0.35 0.15
v -0.10008 1.0292 0.00019 0.23800000000000002 0.2975 0.1275
v -0.1583 0.98011 0.02911 0.23800000000000002 0.2975 0.1275
v -0.28516 1.23291 -0.37237 0.23800000000000002 0.2975 0.1275
v 0.07076 1.09395 0.34409 0.28 0.35 0.15
v 0.26784 1.14202 0.01453 0.28 0.35 0.15
v 0.32362 1.06296 0.04788 0.28 0.35 0.15
v 0.07076 1.09395 0.34409 0.23800000000000002 0.2975 0.1275
v 0.21205 1.09308 -0.01883 0.23800000000000002 0.2975 0.1275
v 0.26784 1.14202 0.01453 0.23800000000000002 0.2975 0.1275
v 0.26784 1.14202 0.01453 0.28 0.35 0.15
v 0.48134 1.06076 -0.34251 0.28 0.35 0.15
v 0.32362 1.06296 0.04788 0.28 0.35 0.15
v 0.26784 1.14202 0.01453 0.23800000000000002 0.2975 0.1275
v 0.21205 1.09308 -0.01883 0.23800000000000002 0.2975 0.1275
v 0.48134 1.06076 -0.34251 0.23800000000000002 0.2975 0.1275
v 0.67101 -0.1 0.9629 0.2688 0.2856 0.1344
v 0.64613 1.1462 0.94195 0.2688 0.2856 0.1344
v 0.6673 1.14295 0.9629 0.2688 0.2856 0.1344
v 0.67101 -0.1 0.9629 0.2688 0.2856 0.1344
v 0.64601 -0.1 0.9379 0.2688 0.2856 0.1344
v 0.64613 1.1462 0.94195 0.2688 0.2856 0.1344
v 0.64601 -0.1 0.9379 0.31113327669410845 0.3305791064874903 0.15556663834705423
v 0.62587 1.14654 0.9629 0.31113327669410845 0.3305791064874903 0.15556663834705423
v 0.64613 1.1462 0.94195 0.31113327669410845 0.3305791064874903 0.15556663834705423
v 0.64601 -0.1 0.9379 0.31113327669410845 0.3305791064874903 0.15556663834705423
v 0.62162 -0.1 0.9629 0.31113327669410845 0.3305791064874903 0.15556663834705423
v 0.62587 1.14654 0.9629 0.31113327669410845 0.3305791064874903 0.15556663834705423
v 0.62162 -0.1 0.9629 0.2981248008655005 0.3167576009195943 0.14906240043275026
v 0.64589 1.14339 0.98385 0.2981248008655005 0.3167576009195943 0.14906240043275026
v 0.62587 1.14654 0.9629 0.2981248008655005 0.3167576009195943 0.14906240043275026
v 0.62162 -0.1 0.9629 0.2981248008655005 0.3167576009195943 0.14906240043275026
v 0.64601 -0.1 0.9879 0.2981248008655005 0.3167576009195943 0.14906240043275026
v 0.64589 1.14339 0.98385 0.2981248008655005 0.3167576009195943 0.14906240043275026
v 0.64601 -0.1 0.9879 0.2727973386564482 0.2898471723224762 0.1363986693282241
v 0.6673 1.14295 0.9629 0.2727973386564482 0.2898471723224762 0.1363986693282241
v 0.64589 1.14339 0.98385 0.2727973386564482 0.2898471723224762 0.1363986693282241
v 0.64601 -0.1 0.9879 0.2727973386564482 0.2898471723224762 0.1363986693282241
v 0.67101 -0.1 0.9629 0.2727973386564482 0.2898471723224762 0.1363986693282241
v 0.6673 1.14295 0.9629 0.2727973386564482 0.2898471723224762 0.1363986693282241
v 0.6673 1.14295 0.9629 0.3050533590156069 0.3241191939540823 0.15252667950780344
v 0.82629 1.97593 1.095 0.3050533590156069 0.3241191939540823 0.15252667950780344
v 0.83408 1.9729 1.1029 0.3050533590156069 0.3241191939540823 0.15252667950780344
v 0.6673 1.14295 0.9629 0.3050533590156069 0.3241191939540823 0.15252667950780344
v 0.64613 1.1462 0.94195 0.3050533590156069 0.3241191939540823 0.15252667950780344
v 0.82629 1.97593 1.095 0.3050533590156069 0.3241191939540823 0.15252667950780344
v 0.64613 1.1462 0.94195 0.2698196406617506 0.2866833682031101 0.1349098203308753
v 0.81854 1.97627 1.1029 0.2698196406617506 0.2866833682031101 0.1349098203308753
v 0.82629 1.97593 1.095 0.2698196406617506 0.2866833682031101 0.1349098203308753
v 0.64613 1.1462 0.94195 0.2698196406617506 0.2866833682031101 0.1349098203308753
v 0.62587 1.14654 0.9629 0.2698196406617506 0.2866833682031101 0.1349098203308753
v 0.81854 1.97627 1.1029 0.2698196406617506 0.2866833682031101 0.1349098203308753
v 0.62587 1.14654 0.9629 0.3158802311443572 0.3356227455908795 0.1579401155721786
v 0.82573 1.97338 1.11079 0.3158802311443572 0.3356227455908795 0.1579401155721786
v 0.81854 1.97627 1.1029 0.3158802311443572 0.3356227455908795 0.1579401155721786
v 0.62587 1.14654 0.9629 0.3158802311443572 0.3356227455908795 0.1579401155721786
v 0.64589 1.14339 0.98385 0.3158802311443572 0.3356227455908795 0.1579401155721786
v 0.82573 1.97338 1.11079 0.3158802311443572 0.3356227455908795 0.1579401155721786
v 0.64589 1.14339 0.98385 0.29089952721387946 0.3090807476647469 0.14544976360693973
v 0.83408 1.9729 1.1029 0.29089952721387946 0.3090807476647469 0.14544976360693973
v 0.82573 1.97338 1.11079 0.29089952721387946 0.3090807476647469 0.14544976360693973
v 0.64589 1.14339 0.98385 0.29089952721387946 0.3090807476647469 0.14544976360693973
v 0.6673 1.14295 0.9629 0.29089952721387946 0.3090807476647469 0.14544976360693973
v 0.83408 1.9729 1.1029 0.29089952721387946 0.3090807476647469 0.14544976360693973
v 0.89101 1.97465 1.1029 0.2688 0.21 0.1344
v 0.83496 2.27465 1.07437 0.2688 0.21 0.1344
v 0.85654 2.27465 1.1029 0.2688 0.21 0.1344
v 0.89101 1.97465 1.1029 0.2688 0.21 0.1344
v 0.84523 1.97465 1.04108 0.2688 0.21 0.1344
v 0.83496 2.27465 1.07437 0.2688 0.21 0.1344
v 0.84523 1.97465 1.04108 0.31113327669410845 0.24307287241727224 0.15556663834705423
v 0.80264 2.27465 1.08526 0.31113327669410845 0.24307287241727224 0.15556663834705423
v 0.83496 2.27465 1.07437 0.31113327669410845 0.24307287241727224 0.15556663834705423
v 0.84523 1.97465 1.04108 0.31113327669410845 0.24307287241727224 0.15556663834705423
v 0.77471 1.97465 1.06469 0.31113327669410845 0.24307287241727224 0.15556663834705423
v 0.80264 2.27465 1.08526 0.31113327669410845 0.24307287241727224 0.15556663834705423
v 0.77471 1.97465 1.06469 0.2981248008655005 0.23291000067617226 0.14906240043275026
v 0.80141 2.27465 1.12053 0.2981248008655005 0.23291000067617226 0.14906240043275026
v 0.80264 2.27465 1.08526 0.2981248008655005 0.23291000067617226 0.14906240043275026
v 0.77471 1.97465 1.06469 0.2981248008655005 0.23291000067617226 0.14906240043275026
v 0.77189 1.97465 1.1411 0.2981248008655005 0.23291000067617226 0.14906240043275026
v 0.80141 2.27465 1.12053 0.2981248008655005 0.23291000067617226 0.14906240043275026
v 0.77189 1.97465 1.1411 0.2727973386564482 0.21312292082535014 0.1363986693282241
v 0.8357 2.27465 1.13143 0.2727973386564482 0.21312292082535014 0.1363986693282241
v 0.80141 2.27465 1.12053 0.2727973386564482 0.21312292082535014 0.1363986693282241
v 0.77189 1.97465 1.1411 0.2727973386564482 0.21312292082535014 0.1363986693282241
v 0.84692 1.97465 1.16472 0.2727973386564482 0.21312292082535014 0.1363986693282241
v 0.8357 2.27465 1.13143 0.2727973386564482 0.21312292082535014 0.1363986693282241
v 0.84692 1.97465 1.16472 0.31891608269627864 0.24915318960646768 0.15945804134813932
v 0.85654 2.27465 1.1029 0.31891608269627864 0.24915318960646768 0.15945804134813932
v 0.8357 2.27465 1.13143 0.31891608269627864 0.24915318960646768 0.15945804134813932
v 0.84692 1.97465 1.16472 0.31891608269627864 0.24915318960646768 0.15945804134813932
v 0.89101 1.97465 1.1029 0.31891608269627864 0.24915318960646768 0.15945804134813932
v 0.85654 2.27465 1.1029 0.31891608269627864 0.24915318960646768 0.15945804134813932
v 0.64601 0.31493 0.9629 0.28 0.35 0.15
v 0.93168 0.40845 0.70629 0.28 0.35 0.15
v 0.97512 0.31228 0.75465 0.28 0.35 0.15
v 0.64601 0.31493 0.9629 0.23800000000000002 0.2975 0.1275
v 0.88825 0.37663 0.65793 0.23800000000000002 0.2975 0.1275
v 0.93168 0.40845 0.70629 0.23800000000000002 0.2975 0.1275
v 0.93168 0.40845 0.70629 0.28 0.35 0.15
v 1.24116 0.37644 0.4283 0.28 0.35 0.15
v 0.97512 0.31228 0.75465 0.28 0.35 0.15
v 0.93168 0.40845 0.70629 0.23800000000000002 0.2975 0.1275
v 0.88825 0.37663 0.65793 0.23800000000000002 0.2975 0.1275
v 1.24116 0.37644 0.4283 0.23800000000000002 0.2975 0.1275
v 0.64601 0.66762 0.9629 0.28 0.35 0.15
v 1.01629 0.99894 1.06464 0.28 0.35 0.15
v 0.99907 0.9497 1.12731 0.28 0.35 0.15
v 0.64601 0.66762 0.9629 0.23800000000000002 0.2975 0.1275
v 1.03351 0.92018 1.00196 0.23800000000000002 0.2975 0.1275
v 1.01629 0.99894 1.06464 0.23800000000000002 0.2975 0.1275
v 1.01629 0.99894 1.06464 0.28 0.35 0.15
v 1.41742 1.22453 1.17485 0.28 0.35 0.15
v 0.99907 0.9497 1.12731 0.28 0.35 0.15
v 1.01629 0.99894 1.06464 0.23800000000000002 0.2975 0.1275
v 1.03351 0.92018 1.00196 0.23800000000000002 0.2975 0.1275
v 1.41742 1.22453 1.17485 0.23800000000000002 0.2975 0.1275
v 0.64601 1.02031 0.9629 0.28 0.35 0.15
v 0.76046 1.30356 1.32945 0.28 0.35 0.15
v 0.69842 1.25477 1.34882 0.28 0.35 0.15
v 0.64601 1.02031 0.9629 0.23800000000000002 0.2975 0.1275
v 0.82251 1.22435 1.31007 0.23800000000000002 0.2975 0.1275
v 0.76046 1.30356 1.32945 0.23800000000000002 0.2975 0.1275
v 0.76046 1.30356 1.32945 0.28 0.35 0.15
v 0.88445 1.47708 1.72654 0.28 0.35 0.15
v 0.69842 1.25477 1.34882 0.28 0.35 0.15
v 0.76046 1.30356 1.32945 0.23800000000000002 0.2975 0.1275
v 0.82251 1.22435 1.31007 0.23800000000000002 0.2975 0.1275
v 0.88445 1.47708 1.72654 0.23800000000000002 0.2975 0.1275
f 1 2 3
f 4 5 6
f 7 8 9
f 10 11 12
f 13 14 15
f 16 17 18
f 19 20 21
f 22 23 24
f 25 26 27
f 28 29 30
f 31 32 33
f 34 35 36
f 37 38 39
f 40 41 42
f 43 44 45
f 46 47 48
f 49 50 51
f 52 53 54
f 55 56 57
f 58 59 60
f 61 62 63
f 64 65 66
f 67 68 69
f 70 71 72
f 73 74 75
f 76 77 78
f 79 80 81
f 82 83 84
f 85 86 87
f 88 89 90
f 91 92 93
f 94 95 96
f 97 98 99
f 100 101 102
f 103 104 105
f 106 107 108
f 109 110 111
f 112 113 114
f 115 116 117
f 118 119 120
f 121 122 123
f 124 125 126
f 127 128 129
f 130 131 132
f 133 134 135
f 136 137 138
f 139 140 141
f 142 143 144
f 145 146 147
f 148 149 150
f 151 152 153
f 154 155 156
f 157 158 159
f 160 161 162
f 163 164 165
f 166 167 168
f 169 170 171
f 172 173 174
f 175 176 177
f 178 179 180
f 181 182 183
f 184 185 186
f 187 188 189
f 190 191 192
f 193 194 195
f 196 197 198
f 199 200 201
f 202 203 204
f 205 206 207
f 208 209 210
f 211 212 213
f 214 215 216
f 217 218 219
f 220 221 222
f 223 224 225
f 226 227 228
f 229 230 231
f 232 233 234
f 235 236 237
f 238 239 240
f 241 242 243
f 244 245 246
f 247 248 249
f 250 251 252
f 253 254 255
f 256 257 258
f 259 260 261
f 262 263 264
f 265 266 267
f 268 269 270
f 271 272 273
f 274 275 276
f 277 278 279
f 280 281 282
f 283 284 285
f 286 287 288
f 289 290 291
f 292 293 294
f 295 296 297
f 298 299 300
f 301 302 303
f 304 305 306
f 307 308 309
f 310 311 312
f 313 314 315
f 316 317 318
f 319 320 321
f 322 323 324
f 325 326 327
f 328 329 330
f 331 332 333
f 334 335 336
f 337 338 339
f 340 341 342
f 343 344 345
f 346 347 348
f 349 350 351
f 352 353 354
f 355 356 357
f 358 359 360
f 361 362 363
f 364 365 366
f 367 368 369
f 370 371 372
f 373 374 375
f 376 377 378
f 379 380 381
f 382 383 384
f 385 386 387
f 388 389 390
f 391 392 393
f 394 395 396
f 397 398 399
f 400 401 402
f 403 404 405
f 406 407 408
f 409 410 411
f 412 413 414
f 415 416 417
f 418 419 420
f 421 422 423
f 424 425 426
f 427 428 429
f 430 431 432
f 433 434 435
f 436 437 438
f 439 440 441
f 442 443 444
f 445 446 447
f 448 449 450
f 451 452 453
f 454 455 456
f 457 458 459
f 460 461 462
f 463 464 465
f 466 467 468
f 469 470 471
f 472 473 474
f 475 476 477
f 478 479 480
f 481 482 483
f 484 485 486
f 487 488 489
f 490 491 492
f 493 494 495
f 496 497 498
f 499 500 501
f 502 503 504
f 505 506 507
f 508 509 510
f 511 512 513
f 514 515 516
f 517 518 519
f 520 521 522
f 523 524 525
f 526 527 528
f 529 530 531
f 532 533 534
f 535 536 537
f 538 539 540
f 541 542 543
f 544 545 546
f 547 548 549
f 550 551 552
f 553 554 555
f 556 557 558
f 559 560 561
f 562 563 564
f 565 566 567
f 568 569 570
f 571 572 573
f 574 575 576
f 577 578 579
f 580 581 582
f 583 584 585
f 586 587 588
f 589 590 591
f 592 593 594
f 595 596 597
f 598 599 600
f 601 602 603
f 604 605 606
f 607 608 609
f 610 611 612
f 613 614 615
f 616 617 618
f 619 620 621
f 622 623 624
f 625 626 627
f 628 629 630
f 631 632 633
f 634 635 636
f 637 638 639
f 640 641 642
f 643 644 645
f 646 647 648
f 649 650 651
f 652 653 654
f 655 656 657
f 658 659 660
f 661 662 663
f 664 665 666
f 667 668 669
f 670 671 672
f 673 674 675
f 676 677 678
f 679 680 681
f 682 683 684
f 685 686 687
f 688 689 690
f 691 692 693
f 694 695 696
f 697 698 699
f 700 701 702
f 703 704 705
f 706 707 708
f 709 710 711
f 712 713 714
f 715 716 717
f 718 719 720
f 721 722 723
f 724 725 726
f 727 728 729
f 730 731 732
f 733 734 735
f 736 737 738
f 739 740 741
f 742 743 744
f 745 746 747
f 748 749 750
f 751 752 753
f 754 755 756
f 757 758 759
f 760 761 762
f 763 764 765
f 766 767 768
f 769 770 771
f 772 773 774
f 775 776 777
f 778 779 780
f 781 782 783
f 784 785 786
f 787 788 789
f 790 791 792
f 793 794 795
f 796 797 798
f 799 800 801
f 802 803 804
f 805 806 807
f 808 809 810
f 811 812 813
f 814 815 816
f 817 818 819
f 820 821 822
f 823 824 825
f 826 827 828
f 829 830 831
f 832 833 834
f 835 836 837
f 838 839 840
f 841 842 843
f 844 845 846
f 847 848 849
f 850 851 852
f 853 854 855
f 856 857 858
f 859 860 861
f 862 863 864
f 865 866 867
f 868 869 870
f 871 872 873
f 874 875 876
f 877 878 879
f 880 881 882
f 883 884 885
f 886 887 888
f 889 890 891
f 892 893 894
f 895 896 897
f 898 899 900
f 901 902 903
f 904 905 906
f 907 908 909
f 910 911 912
f 913 914 915
f 916 917 918
f 919 920 921
f 922 923 924
f 925 926 927
f 928 929 930
f 931 932 933
f 934 935 936
f 937 938 939
f 940 941 942
f 943 944 945
f 946 947 948
f 949 950 951
f 952 953 954
f 955 956 957
f 958 959 960
f 961 962 963
f 964 965 966
f 967 968 969
f 970 971 972
f 973 974 975
f 976 977 978
f 979 980 981
f 982 983 984
f 985 986 987
f 988 989 990
f 991 992 993
f 994 995 996
f 997 998 999
f 1000 1001 1002
f 1003 1004 1005
f 1006 1007 1008
f 1009 1010 1011
f 1012 1013 1014
f 1015 1016 1017
f 1018 1019 1020
f 1021 1022 1023
f 1024 1025 1026
f 1027 1028 1029
f 1030 1031 1032
f 1033 1034 1035
f 1036 1037 1038
f 1039 1040 1041
f 1042 1043 1044
f 1045 1046 1047
f 1048 1049 1050
f 1051 1052 1053
f 1054 1055 1056
f 1057 1058 1059
f 1060 1061 1062
f 1063 1064 1065
f 1066 1067 1068
f 1069 1070 1071
f 1072 1073 1074
f 1075 1076 1077
f 1078 1079 1080
f 1081 1082 1083
f 1084 1085 1086
f 1087 1088 1089
f 1090 1091 1092
f 1093 1094 1095
f 1096 1097 1098
f 1099 1100 1101
f 1102 1103 1104
f 1105 1106 1107
f 1108 1109 1110
f 1111 1112 1113
f 1114 1115 1116
f 1117 1118 1119
f 1120 1121 1122
f 1123 1124 1125
f 1126 1127 1128
f 1129 1130 1131
f 1132 1133 1134
f 1135 1136 1137
f 1138 1139 1140
f 1141 1142 1143
f 1144 1145 1146
f 1147 1148 1149
f 1150 1151 1152
f 1153 1154 1155
f 1156 1157 1158
f 1159 1160 1161
f 1162 1163 1164
f 1165 1166 1167
f 1168 1169 1170
f 1171 1172 1173
f 1174 1175 1176
f 1177 1178 1179
f 1180 1181 1182
f 1183 1184 1185
f 1186 1187 1188
f 1189 1190 1191
f 1192 1193 1194
f 1195 1196 1197
f 1198 1199 1200
f 1201 1202 1203
f 1204 1205 1206
f 1207 1208 1209
f 1210 1211 1212
f 1213 1214 1215
f 1216 1217 1218
f 1219 1220 1221
f 1222 1223 1224
f 1225 1226 1227
f 1228 1229 1230
f 1231 1232 1233
f 1234 1235 1236
f 1237 1238 1239
f 1240 1241 1242
f 1243 1244 1245
f 1246 1247 1248
f 1249 1250 1251
f 1252 1253 1254
f 1255 1256 1257
f 1258 1259 1260
f 1261 1262 1263
f 1264 1265 1266
f 1267 1268 1269
f 1270 1271 1272
f 1273 1274 1275
f 1276 1277 1278
f 1279 1280 1281
f 1282 1283 1284
f 1285 1286 1287
f 1288 1289 1290
f 1291 1292 1293
f 1294 1295 1296
f 1297 1298 1299
f 1300 1301 1302
f 1303 1304 1305
f 1306 1307 1308
f 1309 1310 1311
f 1312 1313 1314
f 1315 1316 1317
f 1318 1319 1320
f 1321 1322 1323
f 1324 1325 1326
f 1327 1328 1329
f 1330 1331 1332
f 1333 1334 1335
f 1336 1337 1338
f 1339 1340 1341
f 1342 1343 1344
f 1345 1346 1347
f 1348 1349 1350
f 1351 1352 1353
f 1354 1355 1356
f 1357 1358 1359
f 1360 1361 1362
f 1363 1364 1365
f 1366 1367 1368
f 1369 1370 1371
f 1372 1373 1374
f 1375 1376 1377
f 1378 1379 1380
f 1381 1382 1383
f 1384 1385 1386
f 1387 1388 1389
f 1390 1391 1392
f 1393 1394 1395
f 1396 1397 1398
f 1399 1400 1401
f 1402 1403 1404
f 1405 1406 1407
f 1408 1409 1410
f 1411 1412 1413
f 1414 1415 1416
f 1417 1418 1419
f 1420 1421 1422
f 1423 1424 1425
f 1426 1427 1428
f 1429 1430 1431
f 1432 1433 1434
f 1435 1436 1437
f 1438 1439 1440
f 1441 1442 1443
f 1444 1445 1446
f 1447 1448 1449
f 1450 1451 1452
f 1453 1454 1455
f 1456 1457 1458
f 1459 1460 1461
f 1462 1463 1464
f 1465 1466 1467
f 1468 1469 1470
f 1471 1472 1473
f 1474 1475 1476
f 1477 1478 1479
f 1480 1481 1482
f 1483 1484 1485
f 1486 1487 1488
f 1489 1490 1491
f 1492 1493 1494
f 1495 1496 1497
f 1498 1499 1500
f 1501 1502 1503
f 1504 1505 1506
f 1507 1508 1509
f 1510 1511 1512
f 1513 1514 1515
f 1516 1517 1518
f 1519 1520 1521
f 1522 1523 1524
f 1525 1526 1527
f 1528 1529 1530
f 1531 1532 1533
f 1534 1535 1536
f 1537 1538 1539
f 1540 1541 1542
f 1543 1544 1545
f 1546 1547 1548
f 1549 1550 1551
f 1552 1553 1554
f 1555 1556 1557
f 1558 1559 1560
f 1561 1562 1563
f 1564 1565 1566
f 1567 1568 1569
f 1570 1571 1572
f 1573 1574 1575
f 1576 1577 1578
f 1579 1580 1581
f 1582 1583 1584
f 1585 1586 1587
f 1588 1589 1590
f 1591 1592 1593
f 1594 1595 1596
f 1597 1598 1599
f 1600 1601 1602
f 1603 1604 1605
f 1606 1607 1608
f 1609 1610 1611
f 1612 1613 1614
f 1615 1616 1617
f 1618 1619 1620
f 1621 1622 1623
f 1624 1625 1626
f 1627 1628 1629
f 1630 1631 1632
f 1633 1634 1635
f 1636 1637 1638
f 1639 1640 1641
f 1642 1643 1644
f 1645 1646 1647
f 1648 1649 1650
f 1651 1652 1653
f 1654 1655 1656
f 1657 1658 1659
f 1660 1661 1662
f 1663 1664 1665
f 1666 1667 1668
f 1669 1670 1671
f 1672 1673 1674
f 1675 1676 1677
f 1678 1679 1680
f 1681 1682 1683
f 1684 1685 1686
f 1687 1688 1689
f 1690 1691 1692
f 1693 1694 1695
f 1696 1697 1698
f 1699 1700 1701
f 1702 1703 1704
f 1705 1706 1707
f 1708 1709 1710
f 1711 1712 1713
f 1714 1715 1716
f 1717 1718 1719
f 1720 1721 1722
f 1723 1724 1725
f 1726 1727 1728
f 1729 1730 1731
f 1732 1733 1734
f 1735 1736 1737
f 1738 1739 1740
f 1741 1742 1743
f 1744 1745 1746
f 1747 1748 1749
f 1750 1751 1752
f 1753 1754 1755
f 1756 1757 1758
f 1759 1760 1761
f 1762 1763 1764
f 1765 1766 1767
f 1768 1769 1770
f 1771 1772 1773
f 1774 1775 1776
f 1777 1778 1779
f 1780 1781 1782
f 1783 1784 1785
f 1786 1787 1788
f 1789 1790 1791
f 1792 1793 1794
f 1795 1796 1797
f 1798 1799 1800
f 1801 1802 1803
f 1804 1805 1806
f 1807 1808 1809
f 1810 1811 1812
f 1813 1814 1815
f 1816 1817 1818
f 1819 1820 1821
f 1822 1823 1824
f 1825 1826 1827
f 1828 1829 1830
f 1831 1832 1833
f 1834 1835 1836
f 1837 1838 1839
f 1840 1841 1842
f 1843 1844 1845
f 1846 1847 1848
f 1849 1850 1851
f 1852 1853 1854
f 1855 1856 1857
f 1858 1859 1860
f 1861 1862 1863
f 1864 1865 1866
f 1867 1868 1869
f 1870 1871 1872
f 1873 1874 1875
f 1876 1877 1878
f 1879 1880 1881
f 1882 1883 1884
f 1885 1886 1887
f 1888 1889 1890
f 1891 1892 1893
f 1894 1895 1896
f 1897 1898 1899
f 1900 1901 1902
f 1903 1904 1905
f 1906 1907 1908
f 1909 1910 1911
f 1912 1913 1914
f 1915 1916 1917
f 1918 1919 1920
f 1921 1922 1923
f 1924 1925 1926
f 1927 1928 1929
f 1930 1931 1932
f 1933 1934 1935
f 1936 1937 1938
f 1939 1940 1941
f 1942 1943 1944
f 1945 1946 1947
f 1948 1949 1950
f 1951 1952 1953
f 1954 1955 1956
f 1957 1958 1959
f 1960 1961 1962
f 1963 1964 1965
f 1966 1967 1968
f 1969 1970 1971
f 1972 1973 1974
f 1975 1976 1977
f 1978 1979 1980
f 1981 1982 1983
f 1984 1985 1986
f 1987 1988 1989
f 1990 1991 1992
f 1993 1994 1995
f 1996 1997 1998
f 1999 2000 2001
f 2002 2003 2004
f 2005 2006 2007
f 2008 2009 2010
f 2011 2012 2013
f 2014 2015 2016
f 2017 2018 2019
f 2020 2021 2022
f 2023 2024 2025
f 2026 2027 2028
f 2029 2030 2031
f 2032 2033 2034
f 2035 2036 2037
f 2038 2039 2040
f 2041 2042 2043
f 2044 2045 2046
f 2047 2048 2049
f 2050 2051 2052
f 2053 2054 2055
f 2056 2057 2058
f 2059 2060 2061
f 2062 2063 2064
f 2065 2066 2067
f 2068 2069 2070
f 2071 2072 2073
f 2074 2075 2076
f 2077 2078 2079
f 2080 2081 2082
f 2083 2084 2085
f 2086 2087 2088
f 2089 2090 2091
f 2092 2093 2094
f 2095 2096 2097
f 2098 2099 2100
f 2101 2102 2103
f 2104 2105 2106
f 2107 2108 2109
f 2110 2111 2112
f 2113 2114 2115
f 2116 2117 2118
f 2119 2120 2121
f 2122 2123 2124
f 2125 2126 2127
f 2128 2129 2130
f 2131 2132 2133
f 2134 2135 2136
f 2137 2138 2139
f 2140 2141 2142
f 2143 2144 2145
f 2146 2147 2148
f 2149 2150 2151
f 2152 2153 2154
f 2155 2156 2157
f 2158 2159 2160
f 2161 2162 2163
f 2164 2165 2166
f 2167 2168 2169
f 2170 2171 2172
f 2173 2174 2175
f 2176 2177 2178
f 2179 2180 2181
f 2182 2183 2184
f 2185 2186 2187
f 2188 2189 2190
f 2191 2192 2193
f 2194 2195 2196
f 2197 2198 2199
f 2200 2201 2202
f 2203 2204 2205
f 2206 2207 2208
f 2209 2210 2211
f 2212 2213 2214
f 2215 2216 2217
f 2218 2219 2220
f 2221 2222 2223
f 2224 2225 2226
f 2227 2228 2229
f 2230 2231 2232
f 2233 2234 2235
f 2236 2237 2238
f 2239 2240 2241
f 2242 2243 2244
f 2245 2246 2247
f 2248 2249 2250
f 2251 2252 2253
f 2254 2255 2256
f 2257 2258 2259
f 2260 2261 2262
f 2263 2264 2265
f 2266 2267 2268
f 2269 2270 2271
f 2272 2273 2274
f 2275 2276 2277
f 2278 2279 2280
f 2281 2282 2283
f 2284 2285 2286
f 2287 2288 2289
f 2290 2291 2292
f 2293 2294 2295
f 2296 2297 2298
f 2299 2300 2301
f 2302 2303 2304
f 2305 2306 2307
f 2308 2309 2310
f 2311 2312 2313
f 2314 2315 2316
f 2317 2318 2319
f 2320 2321 2322
f 2323 2324 2325
f 2326 2327 2328
f 2329 2330 2331
f 2332 2333 2334
f 2335 2336 2337
f 2338 2339 2340
f 2341 2342 2343
f 2344 2345 2346
f 2347 2348 2349
f 2350 2351 2352
f 2353 2354 2355
f 2356 2357 2358
f 2359 2360 2361
f 2362 2363 2364
f 2365 2366 2367
f 2368 2369 2370
f 2371 2372 2373
f 2374 2375 2376
f 2377 2378 2379
f 2380 2381 2382
f 2383 2384 2385
f 2386 2387 2388
f 2389 2390 2391
f 2392 2393 2394
f 2395 2396 2397
f 2398 2399 2400
f 2401 2402 2403
f 2404 2405 2406
f 2407 2408 2409
f 2410 2411 2412
f 2413 2414 2415
f 2416 2417 2418
f 2419 2420 2421
f 2422 2423 2424
f 2425 2426 2427
f 2428 2429 2430
f 2431 2432 2433
f 2434 2435 2436
f 2437 2438 2439
f 2440 2441 2442
f 2443 2444 2445
f 2446 2447 2448
f 2449 2450 2451
f 2452 2453 2454
f 2455 2456 2457
f 2458 2459 2460
f 2461 2462 2463
f 2464 2465 2466
f 2467 2468 2469
f 2470 2471 2472
f 2473 2474 2475
f 2476 2477 2478
f 2479 2480 2481
f 2482 2483 2484
f 2485 2486 2487
f 2488 2489 2490
f 2491 2492 2493
f 2494 2495 2496
f 2497 2498 2499
f 2500 2501 2502
f 2503 2504 2505
f 2506 2507 2508
f 2509 2510 2511
f 2512 2513 2514
f 2515 2516 2517
f 2518 2519 2520
f 2521 2522 2523
f 2524 2525 2526
f 2527 2528 2529
f 2530 2531 2532
f 2533 2534 2535
f 2536 2537 2538
f 2539 2540 2541
f 2542 2543 2544
f 2545 2546 2547
f 2548 2549 2550
f 2551 2552 2553
f 2554 2555 2556
f 2557 2558 2559
f 2560 2561 2562
f 2563 2564 2565
f 2566 2567 2568
f 2569 2570 2571
f 2572 2573 2574
f 2575 2576 2577
f 2578 2579 2580
f 2581 2582 2583
f 2584 2585 2586
f 2587 2588 2589
f 2590 2591 2592
f 2593 2594 2595
f 2596 2597 2598
f 2599 2600 2601
f 2602 2603 2604
f 2605 2606 2607
f 2608 2609 2610
f 2611 2612 2613
f 2614 2615 2616
f 2617 2618 2619
f 2620 2621 2622
f 2623 2624 2625
f 2626 2627 2628
f 2629 2630 2631
f 2632 2633 2634
f 2635 2636 2637
f 2638 2639 2640
f 2641 2642 2643
f 2644 2645 2646
f 2647 2648 2649
f 2650 2651 2652
f 2653 2654 2655
f 2656 2657 2658
f 2659 2660 2661
f 2662 2663 2664
f 2665 2666 2667
f 2668 2669 2670
f 2671 2672 2673
f 2674 2675 2676
f 2677 2678 2679
f 2680 2681 2682
f 2683 2684 2685
f 2686 2687 2688
f 2689 2690 2691
f 2692 2693 2694
f 2695 2696 2697
f 2698 2699 2700
f 2701 2702 2703
f 2704 2705 2706
f 2707 2708 2709
f 2710 2711 2712
f 2713 2714 2715
f 2716 2717 2718
f 2719 2720 2721
f 2722 2723 2724
f 2725 2726 2727
f 2728 2729 2730
f 2731 2732 2733
f 2734 2735 2736
f 2737 2738 2739
f 2740 2741 2742
f 2743 2744 2745
f 2746 2747 2748
f 2749 2750 2751
f 2752 2753 2754
f 2755 2756 2757
f 2758 2759 2760
f 2761 2762 2763
f 2764 2765 2766
f 2767 2768 2769
f 2770 2771 2772
f 2773 2774 2775
f 2776 2777 2778
f 2779 2780 2781
f 2782 2783 2784
f 2785 2786 2787
f 2788 2789 2790
f 2791 2792 2793
f 2794 2795 2796
f 2797 2798 2799
f 2800 2801 2802
f 2803 2804 2805
f 2806 2807 2808
f 2809 2810 2811
f 2812 2813 2814
f 2815 2816 2817
f 2818 2819 2820
f 2821 2822 2823
f 2824 2825 2826
f 2827 2828 2829
f 2830 2831 2832
f 2833 2834 2835
f 2836 2837 2838
f 2839 2840 2841
f 2842 2843 2844
f 2845 2846 2847
f 2848 2849 2850
f 2851 2852 2853
f 2854 2855 2856
f 2857 2858 2859
f 2860 2861 2862
f 2863 2864 2865
f 2866 2867 2868
f 2869 2870 2871
f 2872 2873 2874
f 2875 2876 2877
f 2878 2879 2880
f 2881 2882 2883
f 2884 2885 2886
f 2887 2888 2889
f 2890 2891 2892
f 2893 2894 2895
f 2896 2897 2898
f 2899 2900 2901
f 2902 2903 2904
f 2905 2906 2907
f 2908 2909 2910
f 2911 2912 2913
f 2914 2915 2916
f 2917 2918 2919
f 2920 2921 2922
f 2923 2924 2925
f 2926 2927 2928
f 2929 2930 2931
f 2932 2933 2934
f 2935 2936 2937
f 2938 2939 2940
f 2941 2942 2943
f 2944 2945 2946
f 2947 2948 2949
f 2950 2951 2952
f 2953 2954 2955
f 2956 2957 2958
f 2959 2960 2961
f 2962 2963 2964
f 2965 2966 2967
f 2968 2969 2970
f 2971 2972 2973
f 2974 2975 2976
f 2977 2978 2979
f 2980 2981 2982
f 2983 2984 2985
f 2986 2987 2988
f 2989 2990 2991
f 2992 2993 2994
f 2995 2996 2997
f 2998 2999 3000
f 3001 3002 3003
f 3004 3005 3006
f 3007 3008 3009
f 3010 3011 3012
f 3013 3014 3015
f 3016 3017 3018
f 3019 3020 3021
f 3022 3023 3024
f 3025 3026 3027
f 3028 3029 3030
f 3031 3032 3033
f 3034 3035 3036
f 3037 3038 3039
f 3040 3041 3042
f 3043 3044 3045
f 3046 3047 3048
f 3049 3050 3051
f 3052 3053 3054
f 3055 3056 3057
f 3058 3059 3060
f 3061 3062 3063
f 3064 3065 3066
f 3067 3068 3069
f 3070 3071 3072
f 3073 3074 3075
f 3076 3077 3078
f 3079 3080 3081
f 3082 3083 3084
f 3085 3086 3087
f 3088 3089 3090
f 3091 3092 3093
f 3094 3095 3096
f 3097 3098 3099
f 3100 3101 3102
f 3103 3104 3105
f 3106 3107 3108
f 3109 3110 3111
f 3112 3113 3114
f 3115 3116 3117
f 3118 3119 3120
f 3121 3122 3123
f 3124 3125 3126
f 3127 3128 3129
f 3130 3131 3132
f 3133 3134 3135
f 3136 3137 3138
f 3139 3140 3141
f 3142 3143 3144
f 3145 3146 3147
f 3148 3149 3150
f 3151 3152 3153
f 3154 3155 3156
f 3157 3158 3159
f 3160 3161 3162
f 3163 3164 3165
f 3166 3167 3168
f 3169 3170 3171
f 3172 3173 3174
f 3175 3176 3177
f 3178 3179 3180
f 3181 3182 3183
f 3184 3185 3186
f 3187 3188 3189
f 3190 3191 3192
