# R3 authored topology; reference 05-forest.png;09-natural-ecotones.png
v 1.49475 -0.67537 0.0 0.1848 0.1722 0.1596
v 0.61115 1.04398 -0.86572 0.1848 0.1722 0.1596
v 1.14654 1.04468 0.0 0.1848 0.1722 0.1596
v 1.49475 -0.67537 0.0 0.1848 0.1722 0.1596
v 0.71513 -0.60998 -1.29904 0.1848 0.1722 0.1596
v 0.61115 1.04398 -0.86572 0.1848 0.1722 0.1596
v 0.71513 -0.60998 -1.29904 0.21390412772719958 0.19931975538216323 0.18473538303712692
v -0.35191 1.00165 -0.86572 0.21390412772719958 0.19931975538216323 0.18473538303712692
v 0.61115 1.04398 -0.86572 0.21390412772719958 0.19931975538216323 0.18473538303712692
v 0.71513 -0.60998 -1.29904 0.21390412772719958 0.19931975538216323 0.18473538303712692
v -0.72908 -0.48885 -1.29904 0.21390412772719958 0.19931975538216323 0.18473538303712692
v -0.35191 1.00165 -0.86572 0.21390412772719958 0.19931975538216323 0.18473538303712692
v -0.72908 -0.48885 -1.29904 0.2049608005950316 0.19098620055446125 0.17701160051389092
v -0.88266 0.95549 -0.0 0.2049608005950316 0.19098620055446125 0.17701160051389092
v -0.35191 1.00165 -0.86572 0.2049608005950316 0.19098620055446125 0.17701160051389092
v -0.72908 -0.48885 -1.29904 0.2049608005950316 0.19098620055446125 0.17701160051389092
v -1.53849 -0.42097 -0.0 0.2049608005950316 0.19098620055446125 0.17701160051389092
v -0.88266 0.95549 -0.0 0.2049608005950316 0.19098620055446125 0.17701160051389092
v -1.53849 -0.42097 -0.0 0.18754817032630813 0.1747607950767871 0.16197341982726612
v -0.39099 0.95427 0.86572 0.18754817032630813 0.1747607950767871 0.16197341982726612
v -0.88266 0.95549 -0.0 0.18754817032630813 0.1747607950767871 0.16197341982726612
v -1.53849 -0.42097 -0.0 0.18754817032630813 0.1747607950767871 0.16197341982726612
v -0.77808 -0.48474 1.29904 0.18754817032630813 0.1747607950767871 0.16197341982726612
v -0.39099 0.95427 0.86572 0.18754817032630813 0.1747607950767871 0.16197341982726612
v -0.77808 -0.48474 1.29904 0.21925480685369156 0.2043056154773035 0.18935642410091544
v 0.63646 0.99943 0.86572 0.21925480685369156 0.2043056154773035 0.18935642410091544
v -0.39099 0.95427 0.86572 0.21925480685369156 0.2043056154773035 0.18935642410091544
v -0.77808 -0.48474 1.29904 0.21925480685369156 0.2043056154773035 0.18935642410091544
v 0.74292 -0.61231 1.29904 0.21925480685369156 0.2043056154773035 0.18935642410091544
v 0.63646 0.99943 0.86572 0.21925480685369156 0.2043056154773035 0.18935642410091544
v 0.74292 -0.61231 1.29904 0.1952177557120843 0.18190745418626034 0.16859715266043643
v 1.14654 1.04468 0.0 0.1952177557120843 0.18190745418626034 0.16859715266043643
v 0.63646 0.99943 0.86572 0.1952177557120843 0.18190745418626034 0.16859715266043643
v 0.74292 -0.61231 1.29904 0.1952177557120843 0.18190745418626034 0.16859715266043643
v 1.49475 -0.67537 0.0 0.1952177557120843 0.18190745418626034 0.16859715266043643
v 1.14654 1.04468 0.0 0.1952177557120843 0.18190745418626034 0.16859715266043643
v 1.14654 1.04468 0.0 0.2097241843232297 0.19542480811937313 0.18112543191551655
v 0.18721 4.0046 -0.56388 0.2097241843232297 0.19542480811937313 0.18112543191551655
v 0.6149 3.96857 0.12 0.2097241843232297 0.19542480811937313 0.18112543191551655
v 1.14654 1.04468 0.0 0.2097241843232297 0.19542480811937313 0.18112543191551655
v 0.61115 1.04398 -0.86572 0.2097241843232297 0.19542480811937313 0.18112543191551655
v 0.18721 4.0046 -0.56388 0.2097241843232297 0.19542480811937313 0.18112543191551655
v 0.61115 1.04398 -0.86572 0.18550100295495356 0.172853207298934 0.16020541164291444
v -0.57653 4.03406 -0.56388 0.18550100295495356 0.172853207298934 0.16020541164291444
v 0.18721 4.0046 -0.56388 0.18550100295495356 0.172853207298934 0.16020541164291444
v 0.61115 1.04398 -0.86572 0.18550100295495356 0.172853207298934 0.16020541164291444
v -0.35191 1.00165 -0.86572 0.18550100295495356 0.172853207298934 0.16020541164291444
v -0.57653 4.03406 -0.56388 0.18550100295495356 0.172853207298934 0.16020541164291444
v -0.35191 1.00165 -0.86572 0.21716765891174555 0.2023607730768538 0.18755388724196206
v -0.98615 4.03032 0.12 0.21716765891174555 0.2023607730768538 0.18755388724196206
v -0.57653 4.03406 -0.56388 0.21716765891174555 0.2023607730768538 0.18755388724196206
v -0.35191 1.00165 -0.86572 0.21716765891174555 0.2023607730768538 0.18755388724196206
v -0.88266 0.95549 -0.0 0.21716765891174555 0.2023607730768538 0.18755388724196206
v -0.98615 4.03032 0.12 0.21716765891174555 0.2023607730768538 0.18755388724196206
v -0.88266 0.95549 -0.0 0.19999342495954212 0.18635750962139153 0.17272159428324094
v -0.61196 3.99635 0.80388 0.19999342495954212 0.18635750962139153 0.17272159428324094
v -0.98615 4.03032 0.12 0.19999342495954212 0.18635750962139153 0.17272159428324094
v -0.88266 0.95549 -0.0 0.19999342495954212 0.18635750962139153 0.17272159428324094
v -0.39099 0.95427 0.86572 0.19999342495954212 0.18635750962139153 0.17272159428324094
v -0.61196 3.99635 0.80388 0.19999342495954212 0.18635750962139153 0.17272159428324094
v -0.39099 0.95427 0.86572 0.19077842593490418 0.17777080598479705 0.16476318603468998
v 0.20495 3.96484 0.80388 0.19077842593490418 0.17777080598479705 0.16476318603468998
v -0.61196 3.99635 0.80388 0.19077842593490418 0.17777080598479705 0.16476318603468998
v -0.39099 0.95427 0.86572 0.19077842593490418 0.17777080598479705 0.16476318603468998
v 0.63646 0.99943 0.86572 0.19077842593490418 0.17777080598479705 0.16476318603468998
v 0.20495 3.96484 0.80388 0.19077842593490418 0.17777080598479705 0.16476318603468998
v 0.63646 0.99943 0.86572 0.2199993105445456 0.20499935755287202 0.1899994045611985
v 0.6149 3.96857 0.12 0.2199993105445456 0.20499935755287202 0.1899994045611985
v 0.20495 3.96484 0.80388 0.2199993105445456 0.20499935755287202 0.1899994045611985
v 0.63646 0.99943 0.86572 0.2199993105445456 0.20499935755287202 0.1899994045611985
v 1.14654 1.04468 0.0 0.2199993105445456 0.20499935755287202 0.1899994045611985
v 0.6149 3.96857 0.12 0.2199993105445456 0.20499935755287202 0.1899994045611985
v 0.6149 3.96857 0.12 0.21390412772719958 0.19931975538216323 0.18473538303712692
v 0.71827 7.97975 -0.35419 0.21390412772719958 0.19931975538216323 0.18473538303712692
v 1.06637 7.97501 0.2 0.21390412772719958 0.19931975538216323 0.18473538303712692
v 0.6149 3.96857 0.12 0.21390412772719958 0.19931975538216323 0.18473538303712692
v 0.18721 4.0046 -0.56388 0.21390412772719958 0.19931975538216323 0.18473538303712692
v 0.71827 7.97975 -0.35419 0.21390412772719958 0.19931975538216323 0.18473538303712692
v 0.18721 4.0046 -0.56388 0.2049608005950316 0.19098620055446125 0.17701160051389092
v 0.094 8.00316 -0.35419 0.2049608005950316 0.19098620055446125 0.17701160051389092
v 0.71827 7.97975 -0.35419 0.2049608005950316 0.19098620055446125 0.17701160051389092
v 0.18721 4.0046 -0.56388 0.2049608005950316 0.19098620055446125 0.17701160051389092
v -0.57653 4.03406 -0.56388 0.2049608005950316 0.19098620055446125 0.17701160051389092
v 0.094 8.00316 -0.35419 0.2049608005950316 0.19098620055446125 0.17701160051389092
v -0.57653 4.03406 -0.56388 0.18754817032630813 0.1747607950767871 0.16197341982726612
v -0.22595 8.02347 0.2 0.18754817032630813 0.1747607950767871 0.16197341982726612
v 0.094 8.00316 -0.35419 0.18754817032630813 0.1747607950767871 0.16197341982726612
v -0.57653 4.03406 -0.56388 0.18754817032630813 0.1747607950767871 0.16197341982726612
v -0.98615 4.03032 0.12 0.18754817032630813 0.1747607950767871 0.16197341982726612
v -0.22595 8.02347 0.2 0.18754817032630813 0.1747607950767871 0.16197341982726612
v -0.98615 4.03032 0.12 0.21925480685369156 0.2043056154773035 0.18935642410091544
v 0.0703 8.02068 0.75419 0.21925480685369156 0.2043056154773035 0.18935642410091544
v -0.22595 8.02347 0.2 0.21925480685369156 0.2043056154773035 0.18935642410091544
v -0.98615 4.03032 0.12 0.21925480685369156 0.2043056154773035 0.18935642410091544
v -0.61196 3.99635 0.80388 0.21925480685369156 0.2043056154773035 0.18935642410091544
v 0.0703 8.02068 0.75419 0.21925480685369156 0.2043056154773035 0.18935642410091544
v -0.61196 3.99635 0.80388 0.1952177557120843 0.18190745418626034 0.16859715266043643
v 0.73269 7.99584 0.75419 0.1952177557120843 0.18190745418626034 0.16859715266043643
v 0.0703 8.02068 0.75419 0.1952177557120843 0.18190745418626034 0.16859715266043643
v -0.61196 3.99635 0.80388 0.1952177557120843 0.18190745418626034 0.16859715266043643
v 0.20495 3.96484 0.80388 0.1952177557120843 0.18190745418626034 0.16859715266043643
v 0.73269 7.99584 0.75419 0.1952177557120843 0.18190745418626034 0.16859715266043643
v 0.20495 3.96484 0.80388 0.19493444947086883 0.18164346427967323 0.16835247908847764
v 1.06637 7.97501 0.2 0.19493444947086883 0.18164346427967323 0.16835247908847764
v 0.73269 7.99584 0.75419 0.19493444947086883 0.18164346427967323 0.16835247908847764
v 0.20495 3.96484 0.80388 0.19493444947086883 0.18164346427967323 0.16835247908847764
v 0.6149 3.96857 0.12 0.19493444947086883 0.18164346427967323 0.16835247908847764
v 1.06637 7.97501 0.2 0.19493444947086883 0.18164346427967323 0.16835247908847764
v 1.06637 7.97501 0.2 0.18550100295495356 0.172853207298934 0.16020541164291444
v 0.3025 11.98808 -0.34638 0.18550100295495356 0.172853207298934 0.16020541164291444
v 0.5177 11.98434 0.0 0.18550100295495356 0.172853207298934 0.16020541164291444
v 1.06637 7.97501 0.2 0.18550100295495356 0.172853207298934 0.16020541164291444
v 0.71827 7.97975 -0.35419 0.18550100295495356 0.172853207298934 0.16020541164291444
v 0.3025 11.98808 -0.34638 0.18550100295495356 0.172853207298934 0.16020541164291444
v 0.71827 7.97975 -0.35419 0.21716765891174555 0.2023607730768538 0.18755388724196206
v -0.09262 12.00289 -0.34638 0.21716765891174555 0.2023607730768538 0.18755388724196206
v 0.3025 11.98808 -0.34638 0.21716765891174555 0.2023607730768538 0.18755388724196206
v 0.71827 7.97975 -0.35419 0.21716765891174555 0.2023607730768538 0.18755388724196206
v 0.094 8.00316 -0.35419 0.21716765891174555 0.2023607730768538 0.18755388724196206
v -0.09262 12.00289 -0.34638 0.21716765891174555 0.2023607730768538 0.18755388724196206
v 0.094 8.00316 -0.35419 0.19999342495954212 0.18635750962139153 0.17272159428324094
v -0.28572 12.01446 -0.0 0.19999342495954212 0.18635750962139153 0.17272159428324094
v -0.09262 12.00289 -0.34638 0.19999342495954212 0.18635750962139153 0.17272159428324094
v 0.094 8.00316 -0.35419 0.19999342495954212 0.18635750962139153 0.17272159428324094
v -0.22595 8.02347 0.2 0.19999342495954212 0.18635750962139153 0.17272159428324094
v -0.28572 12.01446 -0.0 0.19999342495954212 0.18635750962139153 0.17272159428324094
v -0.22595 8.02347 0.2 0.19077842593490418 0.17777080598479705 0.16476318603468998
v -0.10313 12.01195 0.34638 0.19077842593490418 0.17777080598479705 0.16476318603468998
v -0.28572 12.01446 -0.0 0.19077842593490418 0.17777080598479705 0.16476318603468998
v -0.22595 8.02347 0.2 0.19077842593490418 0.17777080598479705 0.16476318603468998
v 0.0703 8.02068 0.75419 0.19077842593490418 0.17777080598479705 0.16476318603468998
v -0.10313 12.01195 0.34638 0.19077842593490418 0.17777080598479705 0.16476318603468998
v 0.0703 8.02068 0.75419 0.2199993105445456 0.20499935755287202 0.1899994045611985
v 0.30897 11.99649 0.34638 0.2199993105445456 0.20499935755287202 0.1899994045611985
v -0.10313 12.01195 0.34638 0.2199993105445456 0.20499935755287202 0.1899994045611985
v 0.0703 8.02068 0.75419 0.2199993105445456 0.20499935755287202 0.1899994045611985
v 0.73269 7.99584 0.75419 0.2199993105445456 0.20499935755287202 0.1899994045611985
v 0.30897 11.99649 0.34638 0.2199993105445456 0.20499935755287202 0.1899994045611985
v 0.73269 7.99584 0.75419 0.19101421992701592 0.17799052311381028 0.16496682630060466
v 0.5177 11.98434 0.0 0.19101421992701592 0.17799052311381028 0.16496682630060466
v 0.30897 11.99649 0.34638 0.19101421992701592 0.17799052311381028 0.16496682630060466
v 0.73269 7.99584 0.75419 0.19101421992701592 0.17799052311381028 0.16496682630060466
v 1.06637 7.97501 0.2 0.19101421992701592 0.17799052311381028 0.16496682630060466
v 0.5177 11.98434 0.0 0.19101421992701592 0.17799052311381028 0.16496682630060466
v 0.5177 11.98434 0.0 0.2049608005950316 0.19098620055446125 0.17701160051389092
v 0.74098 15.99558 0.03074 0.2049608005950316 0.19098620055446125 0.17701160051389092
v 0.78235 15.98765 0.1 0.2049608005950316 0.19098620055446125 0.17701160051389092
v 0.5177 11.98434 0.0 0.2049608005950316 0.19098620055446125 0.17701160051389092
v 0.3025 11.98808 -0.34638 0.2049608005950316 0.19098620055446125 0.17701160051389092
v 0.74098 15.99558 0.03074 0.2049608005950316 0.19098620055446125 0.17701160051389092
v 0.3025 11.98808 -0.34638 0.18754817032630813 0.1747607950767871 0.16197341982726612
v 0.66165 16.00748 0.03074 0.18754817032630813 0.1747607950767871 0.16197341982726612
v 0.74098 15.99558 0.03074 0.18754817032630813 0.1747607950767871 0.16197341982726612
v 0.3025 11.98808 -0.34638 0.18754817032630813 0.1747607950767871 0.16197341982726612
v -0.09262 12.00289 -0.34638 0.18754817032630813 0.1747607950767871 0.16197341982726612
v 0.66165 16.00748 0.03074 0.18754817032630813 0.1747607950767871 0.16197341982726612
v -0.09262 12.00289 -0.34638 0.21925480685369156 0.2043056154773035 0.18935642410091544
v 0.62431 16.01135 0.1 0.21925480685369156 0.2043056154773035 0.18935642410091544
v 0.66165 16.00748 0.03074 0.21925480685369156 0.2043056154773035 0.18935642410091544
v -0.09262 12.00289 -0.34638 0.21925480685369156 0.2043056154773035 0.18935642410091544
v -0.28572 12.01446 -0.0 0.21925480685369156 0.2043056154773035 0.18935642410091544
v 0.62431 16.01135 0.1 0.21925480685369156 0.2043056154773035 0.18935642410091544
v -0.28572 12.01446 -0.0 0.1952177557120843 0.18190745418626034 0.16859715266043643
v 0.6602 16.00424 0.16926 0.1952177557120843 0.18190745418626034 0.16859715266043643
v 0.62431 16.01135 0.1 0.1952177557120843 0.18190745418626034 0.16859715266043643
v -0.28572 12.01446 -0.0 0.1952177557120843 0.18190745418626034 0.16859715266043643
v -0.10313 12.01195 0.34638 0.1952177557120843 0.18190745418626034 0.16859715266043643
v 0.6602 16.00424 0.16926 0.1952177557120843 0.18190745418626034 0.16859715266043643
v -0.10313 12.01195 0.34638 0.19493444947086883 0.18164346427967323 0.16835247908847764
v 0.74101 15.99212 0.16926 0.19493444947086883 0.18164346427967323 0.16835247908847764
v 0.6602 16.00424 0.16926 0.19493444947086883 0.18164346427967323 0.16835247908847764
v -0.10313 12.01195 0.34638 0.19493444947086883 0.18164346427967323 0.16835247908847764
v 0.30897 11.99649 0.34638 0.19493444947086883 0.18164346427967323 0.16835247908847764
v 0.74101 15.99212 0.16926 0.19493444947086883 0.18164346427967323 0.16835247908847764
v 0.30897 11.99649 0.34638 0.21934186324711877 0.2043867362075425 0.18943160916796623
v 0.78235 15.98765 0.1 0.21934186324711877 0.2043867362075425 0.18943160916796623
v 0.74101 15.99212 0.16926 0.21934186324711877 0.2043867362075425 0.18943160916796623
v 0.30897 11.99649 0.34638 0.21934186324711877 0.2043867362075425 0.18943160916796623
v 0.5177 11.98434 0.0 0.21934186324711877 0.2043867362075425 0.18943160916796623
v 0.78235 15.98765 0.1 0.21934186324711877 0.2043867362075425 0.18943160916796623
v 0.99938 -0.59908 0.0 0.1848 0.1722 0.1596
v 1.48273 0.34964 -0.45033 0.1848 0.1722 0.1596
v 1.4636 0.07214 0.0 0.1848 0.1722 0.1596
v 0.99938 -0.59908 0.0 0.1848 0.1722 0.1596
v 0.79108 -0.28661 -0.62354 0.1848 0.1722 0.1596
v 1.48273 0.34964 -0.45033 0.1848 0.1722 0.1596
v 0.79108 -0.28661 -0.62354 0.21390412772719958 0.19931975538216323 0.18473538303712692
v 1.51722 0.84972 -0.45033 0.21390412772719958 0.19931975538216323 0.18473538303712692
v 1.48273 0.34964 -0.45033 0.21390412772719958 0.19931975538216323 0.18473538303712692
v 0.79108 -0.28661 -0.62354 0.21390412772719958 0.19931975538216323 0.18473538303712692
v 0.4052 0.29221 -0.62354 0.21390412772719958 0.19931975538216323 0.18473538303712692
v 1.51722 0.84972 -0.45033 0.21390412772719958 0.19931975538216323 0.18473538303712692
v 0.4052 0.29221 -0.62354 0.2049608005950316 0.19098620055446125 0.17701160051389092
v 1.53627 1.12584 -0.0 0.2049608005950316 0.19098620055446125 0.17701160051389092
v 1.51722 0.84972 -0.45033 0.2049608005950316 0.19098620055446125 0.17701160051389092
v 0.4052 0.29221 -0.62354 0.2049608005950316 0.19098620055446125 0.17701160051389092
v 0.18893 0.61661 -0.0 0.2049608005950316 0.19098620055446125 0.17701160051389092
v 1.53627 1.12584 -0.0 0.2049608005950316 0.19098620055446125 0.17701160051389092
v 0.18893 0.61661 -0.0 0.18754817032630813 0.1747607950767871 0.16197341982726612
v 1.51869 0.87105 0.45033 0.18754817032630813 0.1747607950767871 0.16197341982726612
v 1.53627 1.12584 -0.0 0.18754817032630813 0.1747607950767871 0.16197341982726612
v 0.18893 0.61661 -0.0 0.18754817032630813 0.1747607950767871 0.16197341982726612
v 0.3921 0.31184 0.62354 0.18754817032630813 0.1747607950767871 0.16197341982726612
v 1.51869 0.87105 0.45033 0.18754817032630813 0.1747607950767871 0.16197341982726612
v 0.3921 0.31184 0.62354 0.21925480685369156 0.2043056154773035 0.18935642410091544
v 1.4819 0.33753 0.45033 0.21925480685369156 0.2043056154773035 0.18935642410091544
v 1.51869 0.87105 0.45033 0.21925480685369156 0.2043056154773035 0.18935642410091544
v 0.3921 0.31184 0.62354 0.21925480685369156 0.2043056154773035 0.18935642410091544
v 0.7985 -0.29775 0.62354 0.21925480685369156 0.2043056154773035 0.18935642410091544
v 1.4819 0.33753 0.45033 0.21925480685369156 0.2043056154773035 0.18935642410091544
v 0.7985 -0.29775 0.62354 0.1952177557120843 0.18190745418626034 0.16859715266043643
v 1.4636 0.07214 0.0 0.1952177557120843 0.18190745418626034 0.16859715266043643
v 1.4819 0.33753 0.45033 0.1952177557120843 0.18190745418626034 0.16859715266043643
v 0.7985 -0.29775 0.62354 0.1952177557120843 0.18190745418626034 0.16859715266043643
v 0.99938 -0.59908 0.0 0.1952177557120843 0.18190745418626034 0.16859715266043643
v 1.4636 0.07214 0.0 0.1952177557120843 0.18190745418626034 0.16859715266043643
v 1.4636 0.07214 0.0 0.2097241843232297 0.19542480811937313 0.18112543191551655
v 3.45858 -0.29942 -0.19053 0.2097241843232297 0.19542480811937313 0.18112543191551655
v 3.41265 -0.40963 0.0 0.2097241843232297 0.19542480811937313 0.18112543191551655
v 1.4636 0.07214 0.0 0.2097241843232297 0.19542480811937313 0.18112543191551655
v 1.48273 0.34964 -0.45033 0.2097241843232297 0.19542480811937313 0.18112543191551655
v 3.45858 -0.29942 -0.19053 0.2097241843232297 0.19542480811937313 0.18112543191551655
v 1.48273 0.34964 -0.45033 0.18550100295495356 0.172853207298934 0.16020541164291444
v 3.54044 -0.10294 -0.19053 0.18550100295495356 0.172853207298934 0.16020541164291444
v 3.45858 -0.29942 -0.19053 0.18550100295495356 0.172853207298934 0.16020541164291444
v 1.48273 0.34964 -0.45033 0.18550100295495356 0.172853207298934 0.16020541164291444
v 1.51722 0.84972 -0.45033 0.18550100295495356 0.172853207298934 0.16020541164291444
v 3.54044 -0.10294 -0.19053 0.18550100295495356 0.172853207298934 0.16020541164291444
v 1.51722 0.84972 -0.45033 0.21716765891174555 0.2023607730768538 0.18755388724196206
v 3.58427 0.00224 -0.0 0.21716765891174555 0.2023607730768538 0.18755388724196206
v 3.54044 -0.10294 -0.19053 0.21716765891174555 0.2023607730768538 0.18755388724196206
v 1.51722 0.84972 -0.45033 0.21716765891174555 0.2023607730768538 0.18755388724196206
v 1.53627 1.12584 -0.0 0.21716765891174555 0.2023607730768538 0.18755388724196206
v 3.58427 0.00224 -0.0 0.21716765891174555 0.2023607730768538 0.18755388724196206
v 1.53627 1.12584 -0.0 0.19999342495954212 0.18635750962139153 0.17272159428324094
v 3.54408 -0.09422 0.19053 0.19999342495954212 0.18635750962139153 0.17272159428324094
v 3.58427 0.00224 -0.0 0.19999342495954212 0.18635750962139153 0.17272159428324094
v 1.53627 1.12584 -0.0 0.19999342495954212 0.18635750962139153 0.17272159428324094
v 1.51869 0.87105 0.45033 0.19999342495954212 0.18635750962139153 0.17272159428324094
v 3.54408 -0.09422 0.19053 0.19999342495954212 0.18635750962139153 0.17272159428324094
v 1.51869 0.87105 0.45033 0.19077842593490418 0.17777080598479705 0.16476318603468998
v 3.45651 -0.30437 0.19053 0.19077842593490418 0.17777080598479705 0.16476318603468998
v 3.54408 -0.09422 0.19053 0.19077842593490418 0.17777080598479705 0.16476318603468998
v 1.51869 0.87105 0.45033 0.19077842593490418 0.17777080598479705 0.16476318603468998
v 1.4819 0.33753 0.45033 0.19077842593490418 0.17777080598479705 0.16476318603468998
v 3.45651 -0.30437 0.19053 0.19077842593490418 0.17777080598479705 0.16476318603468998
v 1.4819 0.33753 0.45033 0.2199993105445456 0.20499935755287202 0.1899994045611985
v 3.41265 -0.40963 0.0 0.2199993105445456 0.20499935755287202 0.1899994045611985
v 3.45651 -0.30437 0.19053 0.2199993105445456 0.20499935755287202 0.1899994045611985
v 1.4819 0.33753 0.45033 0.2199993105445456 0.20499935755287202 0.1899994045611985
v 1.4636 0.07214 0.0 0.2199993105445456 0.20499935755287202 0.1899994045611985
v 3.41265 -0.40963 0.0 0.2199993105445456 0.20499935755287202 0.1899994045611985
v 3.41265 -0.40963 0.0 0.21390412772719958 0.19931975538216323 0.18473538303712692
v 4.49489 -0.66136 -0.02165 0.21390412772719958 0.19931975538216323 0.18473538303712692
v 4.48931 -0.67375 0.0 0.21390412772719958 0.19931975538216323 0.18473538303712692
v 3.41265 -0.40963 0.0 0.21390412772719958 0.19931975538216323 0.18473538303712692
v 3.45858 -0.29942 -0.19053 0.21390412772719958 0.19931975538216323 0.18473538303712692
v 4.49489 -0.66136 -0.02165 0.21390412772719958 0.19931975538216323 0.18473538303712692
v 3.45858 -0.29942 -0.19053 0.2049608005950316 0.19098620055446125 0.17701160051389092
v 4.5049 -0.6391 -0.02165 0.2049608005950316 0.19098620055446125 0.17701160051389092
v 4.49489 -0.66136 -0.02165 0.2049608005950316 0.19098620055446125 0.17701160051389092
v 3.45858 -0.29942 -0.19053 0.2049608005950316 0.19098620055446125 0.17701160051389092
v 3.54044 -0.10294 -0.19053 0.2049608005950316 0.19098620055446125 0.17701160051389092
v 4.5049 -0.6391 -0.02165 0.2049608005950316 0.19098620055446125 0.17701160051389092
v 3.54044 -0.10294 -0.19053 0.18754817032630813 0.1747607950767871 0.16197341982726612
v 4.51004 -0.62769 -0.0 0.18754817032630813 0.1747607950767871 0.16197341982726612
v 4.5049 -0.6391 -0.02165 0.18754817032630813 0.1747607950767871 0.16197341982726612
v 3.54044 -0.10294 -0.19053 0.18754817032630813 0.1747607950767871 0.16197341982726612
v 3.58427 0.00224 -0.0 0.18754817032630813 0.1747607950767871 0.16197341982726612
v 4.51004 -0.62769 -0.0 0.18754817032630813 0.1747607950767871 0.16197341982726612
v 3.58427 0.00224 -0.0 0.21925480685369156 0.2043056154773035 0.18935642410091544
v 4.50529 -0.63824 0.02165 0.21925480685369156 0.2043056154773035 0.18935642410091544
v 4.51004 -0.62769 -0.0 0.21925480685369156 0.2043056154773035 0.18935642410091544
v 3.58427 0.00224 -0.0 0.21925480685369156 0.2043056154773035 0.18935642410091544
v 3.54408 -0.09422 0.19053 0.21925480685369156 0.2043056154773035 0.18935642410091544
v 4.50529 -0.63824 0.02165 0.21925480685369156 0.2043056154773035 0.18935642410091544
v 3.54408 -0.09422 0.19053 0.1952177557120843 0.18190745418626034 0.16859715266043643
v 4.49467 -0.66185 0.02165 0.1952177557120843 0.18190745418626034 0.16859715266043643
v 4.50529 -0.63824 0.02165 0.1952177557120843 0.18190745418626034 0.16859715266043643
v 3.54408 -0.09422 0.19053 0.1952177557120843 0.18190745418626034 0.16859715266043643
v 3.45651 -0.30437 0.19053 0.1952177557120843 0.18190745418626034 0.16859715266043643
v 4.49467 -0.66185 0.02165 0.1952177557120843 0.18190745418626034 0.16859715266043643
v 3.45651 -0.30437 0.19053 0.19493444947086883 0.18164346427967323 0.16835247908847764
v 4.48931 -0.67375 0.0 0.19493444947086883 0.18164346427967323 0.16835247908847764
v 4.49467 -0.66185 0.02165 0.19493444947086883 0.18164346427967323 0.16835247908847764
v 3.45651 -0.30437 0.19053 0.19493444947086883 0.18164346427967323 0.16835247908847764
v 3.41265 -0.40963 0.0 0.19493444947086883 0.18164346427967323 0.16835247908847764
v 4.48931 -0.67375 0.0 0.19493444947086883 0.18164346427967323 0.16835247908847764
v 0.93229 -0.54313 0.38567 0.1848 0.1722 0.1596
v 1.41418 0.32416 0.61863 0.1848 0.1722 0.1596
v 1.10162 0.07302 0.96418 0.1848 0.1722 0.1596
v 0.93229 -0.54313 0.38567 0.1848 0.1722 0.1596
v 0.93733 -0.04092 -0.14119 0.1848 0.1722 0.1596
v 1.41418 0.32416 0.61863 0.1848 0.1722 0.1596
v 0.93733 -0.04092 -0.14119 0.21390412772719958 0.19931975538216323 0.18473538303712692
v 1.45913 0.82341 0.61863 0.21390412772719958 0.19931975538216323 0.18473538303712692
v 1.41418 0.32416 0.61863 0.21390412772719958 0.19931975538216323 0.18473538303712692
v 0.93733 -0.04092 -0.14119 0.21390412772719958 0.19931975538216323 0.18473538303712692
v 0.48064 0.48384 -0.14119 0.21390412772719958 0.19931975538216323 0.18473538303712692
v 1.45913 0.82341 0.61863 0.21390412772719958 0.19931975538216323 0.18473538303712692
v 0.48064 0.48384 -0.14119 0.2049608005950316 0.19098620055446125 0.17701160051389092
v 1.19633 1.12497 0.96418 0.2049608005950316 0.19098620055446125 0.17701160051389092
v 1.45913 0.82341 0.61863 0.2049608005950316 0.19098620055446125 0.17701160051389092
v 0.48064 0.48384 -0.14119 0.2049608005950316 0.19098620055446125 0.17701160051389092
v -0.02687 0.55902 0.38567 0.2049608005950316 0.19098620055446125 0.17701160051389092
v 1.19633 1.12497 0.96418 0.2049608005950316 0.19098620055446125 0.17701160051389092
v -0.02687 0.55902 0.38567 0.18754817032630813 0.1747607950767871 0.16197341982726612
v 0.88581 0.8965 1.30973 0.18754817032630813 0.1747607950767871 0.16197341982726612
v 1.19633 1.12497 0.96418 0.18754817032630813 0.1747607950767871 0.16197341982726612
v -0.02687 0.55902 0.38567 0.18754817032630813 0.1747607950767871 0.16197341982726612
v -0.03798 0.06379 0.91254 0.18754817032630813 0.1747607950767871 0.16197341982726612
v 0.88581 0.8965 1.30973 0.18754817032630813 0.1747607950767871 0.16197341982726612
v -0.03798 0.06379 0.91254 0.21925480685369156 0.2043056154773035 0.18935642410091544
v 0.83786 0.36386 1.30973 0.21925480685369156 0.2043056154773035 0.18935642410091544
v 0.88581 0.8965 1.30973 0.21925480685369156 0.2043056154773035 0.18935642410091544
v -0.03798 0.06379 0.91254 0.21925480685369156 0.2043056154773035 0.18935642410091544
v 0.44299 -0.48887 0.91254 0.21925480685369156 0.2043056154773035 0.18935642410091544
v 0.83786 0.36386 1.30973 0.21925480685369156 0.2043056154773035 0.18935642410091544
v 0.44299 -0.48887 0.91254 0.1952177557120843 0.18190745418626034 0.16859715266043643
v 1.10162 0.07302 0.96418 0.1952177557120843 0.18190745418626034 0.16859715266043643
v 0.83786 0.36386 1.30973 0.1952177557120843 0.18190745418626034 0.16859715266043643
v 0.44299 -0.48887 0.91254 0.1952177557120843 0.18190745418626034 0.16859715266043643
v 0.93229 -0.54313 0.38567 0.1952177557120843 0.18190745418626034 0.16859715266043643
v 1.10162 0.07302 0.96418 0.1952177557120843 0.18190745418626034 0.16859715266043643
v 1.10162 0.07302 0.96418 0.2097241843232297 0.19542480811937313 0.18112543191551655
v 2.729 -0.34863 2.09639 0.2097241843232297 0.19542480811937313 0.18112543191551655
v 2.57264 -0.3995 2.24976 0.2097241843232297 0.19542480811937313 0.18112543191551655
v 1.10162 0.07302 0.96418 0.2097241843232297 0.19542480811937313 0.18112543191551655
v 1.41418 0.32416 0.61863 0.2097241843232297 0.19542480811937313 0.18112543191551655
v 2.729 -0.34863 2.09639 0.2097241843232297 0.19542480811937313 0.18112543191551655
v 1.41418 0.32416 0.61863 0.18550100295495356 0.172853207298934 0.16020541164291444
v 2.8307 -0.16165 2.09639 0.18550100295495356 0.172853207298934 0.16020541164291444
v 2.729 -0.34863 2.09639 0.18550100295495356 0.172853207298934 0.16020541164291444
v 1.41418 0.32416 0.61863 0.18550100295495356 0.172853207298934 0.16020541164291444
v 1.45913 0.82341 0.61863 0.18550100295495356 0.172853207298934 0.16020541164291444
v 2.8307 -0.16165 2.09639 0.18550100295495356 0.172853207298934 0.16020541164291444
v 1.45913 0.82341 0.61863 0.21716765891174555 0.2023607730768538 0.18755388724196206
v 2.78584 -0.00754 2.24976 0.21716765891174555 0.2023607730768538 0.18755388724196206
v 2.8307 -0.16165 2.09639 0.21716765891174555 0.2023607730768538 0.18755388724196206
v 1.45913 0.82341 0.61863 0.21716765891174555 0.2023607730768538 0.18755388724196206
v 1.19633 1.12497 0.96418 0.21716765891174555 0.2023607730768538 0.18755388724196206
v 2.78584 -0.00754 2.24976 0.21716765891174555 0.2023607730768538 0.18755388724196206
v 1.19633 1.12497 0.96418 0.19999342495954212 0.18635750962139153 0.17272159428324094
v 2.6366 -0.04532 2.40312 0.19999342495954212 0.18635750962139153 0.17272159428324094
v 2.78584 -0.00754 2.24976 0.19999342495954212 0.18635750962139153 0.17272159428324094
v 1.19633 1.12497 0.96418 0.19999342495954212 0.18635750962139153 0.17272159428324094
v 0.88581 0.8965 1.30973 0.19999342495954212 0.18635750962139153 0.17272159428324094
v 2.6366 -0.04532 2.40312 0.19999342495954212 0.18635750962139153 0.17272159428324094
v 0.88581 0.8965 1.30973 0.19077842593490418 0.17777080598479705 0.16476318603468998
v 2.52783 -0.24531 2.40312 0.19077842593490418 0.17777080598479705 0.16476318603468998
v 2.6366 -0.04532 2.40312 0.19077842593490418 0.17777080598479705 0.16476318603468998
v 0.88581 0.8965 1.30973 0.19077842593490418 0.17777080598479705 0.16476318603468998
v 0.83786 0.36386 1.30973 0.19077842593490418 0.17777080598479705 0.16476318603468998
v 2.52783 -0.24531 2.40312 0.19077842593490418 0.17777080598479705 0.16476318603468998
v 0.83786 0.36386 1.30973 0.2199993105445456 0.20499935755287202 0.1899994045611985
v 2.57264 -0.3995 2.24976 0.2199993105445456 0.20499935755287202 0.1899994045611985
v 2.52783 -0.24531 2.40312 0.2199993105445456 0.20499935755287202 0.1899994045611985
v 0.83786 0.36386 1.30973 0.2199993105445456 0.20499935755287202 0.1899994045611985
v 1.10162 0.07302 0.96418 0.2199993105445456 0.20499935755287202 0.1899994045611985
v 2.57264 -0.3995 2.24976 0.2199993105445456 0.20499935755287202 0.1899994045611985
v 2.57264 -0.3995 2.24976 0.21390412772719958 0.19931975538216323 0.18473538303712692
v 3.45183 -0.66717 2.875 0.21390412772719958 0.19931975538216323 0.18473538303712692
v 3.43401 -0.67246 2.89254 0.21390412772719958 0.19931975538216323 0.18473538303712692
v 2.57264 -0.3995 2.24976 0.21390412772719958 0.19931975538216323 0.18473538303712692
v 2.729 -0.34863 2.09639 0.21390412772719958 0.19931975538216323 0.18473538303712692
v 3.45183 -0.66717 2.875 0.21390412772719958 0.19931975538216323 0.18473538303712692
v 2.729 -0.34863 2.09639 0.2049608005950316 0.19098620055446125 0.17701160051389092
v 3.46419 -0.64613 2.875 0.2049608005950316 0.19098620055446125 0.17701160051389092
v 3.45183 -0.66717 2.875 0.2049608005950316 0.19098620055446125 0.17701160051389092
v 2.729 -0.34863 2.09639 0.2049608005950316 0.19098620055446125 0.17701160051389092
v 2.8307 -0.16165 2.09639 0.2049608005950316 0.19098620055446125 0.17701160051389092
v 3.46419 -0.64613 2.875 0.2049608005950316 0.19098620055446125 0.17701160051389092
v 2.8307 -0.16165 2.09639 0.18754817032630813 0.1747607950767871 0.16197341982726612
v 3.45959 -0.6289 2.89254 0.18754817032630813 0.1747607950767871 0.16197341982726612
v 3.46419 -0.64613 2.875 0.18754817032630813 0.1747607950767871 0.16197341982726612
v 2.8307 -0.16165 2.09639 0.18754817032630813 0.1747607950767871 0.16197341982726612
v 2.78584 -0.00754 2.24976 0.18754817032630813 0.1747607950767871 0.16197341982726612
v 3.45959 -0.6289 2.89254 0.18754817032630813 0.1747607950767871 0.16197341982726612
v 2.78584 -0.00754 2.24976 0.21925480685369156 0.2043056154773035 0.18935642410091544
v 3.44279 -0.63245 2.91009 0.21925480685369156 0.2043056154773035 0.18935642410091544
v 3.45959 -0.6289 2.89254 0.21925480685369156 0.2043056154773035 0.18935642410091544
v 2.78584 -0.00754 2.24976 0.21925480685369156 0.2043056154773035 0.18935642410091544
v 2.6366 -0.04532 2.40312 0.21925480685369156 0.2043056154773035 0.18935642410091544
v 3.44279 -0.63245 2.91009 0.21925480685369156 0.2043056154773035 0.18935642410091544
v 2.6366 -0.04532 2.40312 0.1952177557120843 0.18190745418626034 0.16859715266043643
v 3.42968 -0.65477 2.91009 0.1952177557120843 0.18190745418626034 0.16859715266043643
v 3.44279 -0.63245 2.91009 0.1952177557120843 0.18190745418626034 0.16859715266043643
v 2.6366 -0.04532 2.40312 0.1952177557120843 0.18190745418626034 0.16859715266043643
v 2.52783 -0.24531 2.40312 0.1952177557120843 0.18190745418626034 0.16859715266043643
v 3.42968 -0.65477 2.91009 0.1952177557120843 0.18190745418626034 0.16859715266043643
v 2.52783 -0.24531 2.40312 0.19493444947086883 0.18164346427967323 0.16835247908847764
v 3.43401 -0.67246 2.89254 0.19493444947086883 0.18164346427967323 0.16835247908847764
v 3.42968 -0.65477 2.91009 0.19493444947086883 0.18164346427967323 0.16835247908847764
v 2.52783 -0.24531 2.40312 0.19493444947086883 0.18164346427967323 0.16835247908847764
v 2.57264 -0.3995 2.24976 0.19493444947086883 0.18164346427967323 0.16835247908847764
v 3.43401 -0.67246 2.89254 0.19493444947086883 0.18164346427967323 0.16835247908847764
v 0.80094 -0.18148 0.59088 0.1848 0.1722 0.1596
v 0.57904 0.20345 1.39327 0.1848 0.1722 0.1596
v 0.06517 0.10825 1.47721 0.1848 0.1722 0.1596
v 0.80094 -0.18148 0.59088 0.1848 0.1722 0.1596
v 0.56632 0.40761 0.23347 0.1848 0.1722 0.1596
v 0.57904 0.20345 1.39327 0.1848 0.1722 0.1596
v 0.56632 0.40761 0.23347 0.21390412772719958 0.19931975538216323 0.18473538303712692
v 0.76406 0.66933 1.39327 0.21390412772719958 0.19931975538216323 0.18473538303712692
v 0.57904 0.20345 1.39327 0.21390412772719958 0.19931975538216323 0.18473538303712692
v 0.56632 0.40761 0.23347 0.21390412772719958 0.19931975538216323 0.18473538303712692
v -0.10687 0.58296 0.23347 0.21390412772719958 0.19931975538216323 0.18473538303712692
v 0.76406 0.66933 1.39327 0.21390412772719958 0.19931975538216323 0.18473538303712692
v -0.10687 0.58296 0.23347 0.2049608005950316 0.19098620055446125 0.17701160051389092
v 0.45503 1.08987 1.47721 0.2049608005950316 0.19098620055446125 0.17701160051389092
v 0.76406 0.66933 1.39327 0.2049608005950316 0.19098620055446125 0.17701160051389092
v -0.10687 0.58296 0.23347 0.2049608005950316 0.19098620055446125 0.17701160051389092
v -0.61295 0.1868 0.59088 0.2049608005950316 0.19098620055446125 0.17701160051389092
v 0.45503 1.08987 1.47721 0.2049608005950316 0.19098620055446125 0.17701160051389092
v -0.61295 0.1868 0.59088 0.18754817032630813 0.1747607950767871 0.16197341982726612
v -0.05044 1.01582 1.56115 0.18754817032630813 0.1747607950767871 0.16197341982726612
v 0.45503 1.08987 1.47721 0.18754817032630813 0.1747607950767871 0.16197341982726612
v -0.61295 0.1868 0.59088 0.18754817032630813 0.1747607950767871 0.16197341982726612
v -0.38729 -0.39997 0.9483 0.18754817032630813 0.1747607950767871 0.16197341982726612
v -0.05044 1.01582 1.56115 0.18754817032630813 0.1747607950767871 0.16197341982726612
v -0.38729 -0.39997 0.9483 0.21925480685369156 0.2043056154773035 0.18935642410091544
v -0.24784 0.5188 1.56115 0.21925480685369156 0.2043056154773035 0.18935642410091544
v -0.05044 1.01582 1.56115 0.21925480685369156 0.2043056154773035 0.18935642410091544
v -0.38729 -0.39997 0.9483 0.21925480685369156 0.2043056154773035 0.18935642410091544
v 0.3217 -0.58464 0.9483 0.21925480685369156 0.2043056154773035 0.18935642410091544
v -0.24784 0.5188 1.56115 0.21925480685369156 0.2043056154773035 0.18935642410091544
v 0.3217 -0.58464 0.9483 0.1952177557120843 0.18190745418626034 0.16859715266043643
v 0.06517 0.10825 1.47721 0.1952177557120843 0.18190745418626034 0.16859715266043643
v -0.24784 0.5188 1.56115 0.1952177557120843 0.18190745418626034 0.16859715266043643
v 0.3217 -0.58464 0.9483 0.1952177557120843 0.18190745418626034 0.16859715266043643
v 0.80094 -0.18148 0.59088 0.1952177557120843 0.18190745418626034 0.16859715266043643
v 0.06517 0.10825 1.47721 0.1952177557120843 0.18190745418626034 0.16859715266043643
v 0.06517 0.10825 1.47721 0.2097241843232297 0.19542480811937313 0.18112543191551655
v 0.57498 -0.4013 3.36744 0.2097241843232297 0.19542480811937313 0.18112543191551655
v 0.39814 -0.28736 3.44683 0.2097241843232297 0.19542480811937313 0.18112543191551655
v 0.06517 0.10825 1.47721 0.2097241843232297 0.19542480811937313 0.18112543191551655
v 0.57904 0.20345 1.39327 0.2097241843232297 0.19542480811937313 0.18112543191551655
v 0.57498 -0.4013 3.36744 0.2097241843232297 0.19542480811937313 0.18112543191551655
v 0.57904 0.20345 1.39327 0.18550100295495356 0.172853207298934 0.16020541164291444
v 0.77145 -0.31942 3.36744 0.18550100295495356 0.172853207298934 0.16020541164291444
v 0.57498 -0.4013 3.36744 0.18550100295495356 0.172853207298934 0.16020541164291444
v 0.57904 0.20345 1.39327 0.18550100295495356 0.172853207298934 0.16020541164291444
v 0.76406 0.66933 1.39327 0.18550100295495356 0.172853207298934 0.16020541164291444
v 0.77145 -0.31942 3.36744 0.18550100295495356 0.172853207298934 0.16020541164291444
v 0.76406 0.66933 1.39327 0.21716765891174555 0.2023607730768538 0.18755388724196206
v 0.81 -0.11572 3.44683 0.21716765891174555 0.2023607730768538 0.18755388724196206
v 0.77145 -0.31942 3.36744 0.21716765891174555 0.2023607730768538 0.18755388724196206
v 0.76406 0.66933 1.39327 0.21716765891174555 0.2023607730768538 0.18755388724196206
v 0.45503 1.08987 1.47721 0.21716765891174555 0.2023607730768538 0.18755388724196206
v 0.81 -0.11572 3.44683 0.21716765891174555 0.2023607730768538 0.18755388724196206
v 0.45503 1.08987 1.47721 0.19999342495954212 0.18635750962139153 0.17272159428324094
v 0.64692 0.00395 3.52622 0.19999342495954212 0.18635750962139153 0.17272159428324094
v 0.81 -0.11572 3.44683 0.19999342495954212 0.18635750962139153 0.17272159428324094
v 0.45503 1.08987 1.47721 0.19999342495954212 0.18635750962139153 0.17272159428324094
v -0.05044 1.01582 1.56115 0.19999342495954212 0.18635750962139153 0.17272159428324094
v 0.64692 0.00395 3.52622 0.19999342495954212 0.18635750962139153 0.17272159428324094
v -0.05044 1.01582 1.56115 0.19077842593490418 0.17777080598479705 0.16476318603468998
v 0.43678 -0.08362 3.52622 0.19077842593490418 0.17777080598479705 0.16476318603468998
v 0.64692 0.00395 3.52622 0.19077842593490418 0.17777080598479705 0.16476318603468998
v -0.05044 1.01582 1.56115 0.19077842593490418 0.17777080598479705 0.16476318603468998
v -0.24784 0.5188 1.56115 0.19077842593490418 0.17777080598479705 0.16476318603468998
v 0.43678 -0.08362 3.52622 0.19077842593490418 0.17777080598479705 0.16476318603468998
v -0.24784 0.5188 1.56115 0.2199993105445456 0.20499935755287202 0.1899994045611985
v 0.39814 -0.28736 3.44683 0.2199993105445456 0.20499935755287202 0.1899994045611985
v 0.43678 -0.08362 3.52622 0.2199993105445456 0.20499935755287202 0.1899994045611985
v -0.24784 0.5188 1.56115 0.2199993105445456 0.20499935755287202 0.1899994045611985
v 0.06517 0.10825 1.47721 0.2199993105445456 0.20499935755287202 0.1899994045611985
v 0.39814 -0.28736 3.44683 0.2199993105445456 0.20499935755287202 0.1899994045611985
v 0.39814 -0.28736 3.44683 0.21390412772719958 0.19931975538216323 0.18473538303712692
v 0.7768 -0.67262 4.42211 0.21390412772719958 0.19931975538216323 0.18473538303712692
v 0.75711 -0.65938 4.43163 0.21390412772719958 0.19931975538216323 0.18473538303712692
v 0.39814 -0.28736 3.44683 0.21390412772719958 0.19931975538216323 0.18473538303712692
v 0.57498 -0.4013 3.36744 0.21390412772719958 0.19931975538216323 0.18473538303712692
v 0.7768 -0.67262 4.42211 0.21390412772719958 0.19931975538216323 0.18473538303712692
v 0.57498 -0.4013 3.36744 0.2049608005950316 0.19098620055446125 0.17701160051389092
v 0.79956 -0.66384 4.42211 0.2049608005950316 0.19098620055446125 0.17701160051389092
v 0.7768 -0.67262 4.42211 0.2049608005950316 0.19098620055446125 0.17701160051389092
v 0.57498 -0.4013 3.36744 0.2049608005950316 0.19098620055446125 0.17701160051389092
v 0.77145 -0.31942 3.36744 0.2049608005950316 0.19098620055446125 0.17701160051389092
v 0.79956 -0.66384 4.42211 0.2049608005950316 0.19098620055446125 0.17701160051389092
v 0.77145 -0.31942 3.36744 0.18754817032630813 0.1747607950767871 0.16197341982726612
v 0.80424 -0.64119 4.43163 0.18754817032630813 0.1747607950767871 0.16197341982726612
v 0.79956 -0.66384 4.42211 0.18754817032630813 0.1747607950767871 0.16197341982726612
v 0.77145 -0.31942 3.36744 0.18754817032630813 0.1747607950767871 0.16197341982726612
v 0.81 -0.11572 3.44683 0.18754817032630813 0.1747607950767871 0.16197341982726612
v 0.80424 -0.64119 4.43163 0.18754817032630813 0.1747607950767871 0.16197341982726612
v 0.81 -0.11572 3.44683 0.21925480685369156 0.2043056154773035 0.18935642410091544
v 0.78645 -0.62722 4.44116 0.21925480685369156 0.2043056154773035 0.18935642410091544
v 0.80424 -0.64119 4.43163 0.21925480685369156 0.2043056154773035 0.18935642410091544
v 0.81 -0.11572 3.44683 0.21925480685369156 0.2043056154773035 0.18935642410091544
v 0.64692 0.00395 3.52622 0.21925480685369156 0.2043056154773035 0.18935642410091544
v 0.78645 -0.62722 4.44116 0.21925480685369156 0.2043056154773035 0.18935642410091544
v 0.64692 0.00395 3.52622 0.1952177557120843 0.18190745418626034 0.16859715266043643
v 0.7623 -0.63654 4.44116 0.1952177557120843 0.18190745418626034 0.16859715266043643
v 0.78645 -0.62722 4.44116 0.1952177557120843 0.18190745418626034 0.16859715266043643
v 0.64692 0.00395 3.52622 0.1952177557120843 0.18190745418626034 0.16859715266043643
v 0.43678 -0.08362 3.52622 0.1952177557120843 0.18190745418626034 0.16859715266043643
v 0.7623 -0.63654 4.44116 0.1952177557120843 0.18190745418626034 0.16859715266043643
v 0.43678 -0.08362 3.52622 0.19493444947086883 0.18164346427967323 0.16835247908847764
v 0.75711 -0.65938 4.43163 0.19493444947086883 0.18164346427967323 0.16835247908847764
v 0.7623 -0.63654 4.44116 0.19493444947086883 0.18164346427967323 0.16835247908847764
v 0.43678 -0.08362 3.52622 0.19493444947086883 0.18164346427967323 0.16835247908847764
v 0.39814 -0.28736 3.44683 0.19493444947086883 0.18164346427967323 0.16835247908847764
v 0.75711 -0.65938 4.43163 0.19493444947086883 0.18164346427967323 0.16835247908847764
v 0.276 0.432 0.51962 0.1848 0.1722 0.1596
v -1.16972 0.79544 1.07228 0.1848 0.1722 0.1596
v -0.8223 1.12415 1.29904 0.1848 0.1722 0.1596
v 0.276 0.432 0.51962 0.1848 0.1722 0.1596
v -0.29401 0.56612 0.08727 0.1848 0.1722 0.1596
v -1.16972 0.79544 1.07228 0.1848 0.1722 0.1596
v -0.29401 0.56612 0.08727 0.21390412772719958 0.19931975538216323 0.18473538303712692
v -1.10122 0.29887 1.07228 0.21390412772719958 0.19931975538216323 0.18473538303712692
v -1.16972 0.79544 1.07228 0.21390412772719958 0.19931975538216323 0.18473538303712692
v -0.29401 0.56612 0.08727 0.21390412772719958 0.19931975538216323 0.18473538303712692
v -0.85053 0.14873 0.08727 0.21390412772719958 0.19931975538216323 0.18473538303712692
v -1.10122 0.29887 1.07228 0.21390412772719958 0.19931975538216323 0.18473538303712692
v -0.85053 0.14873 0.08727 0.2049608005950316 0.19098620055446125 0.17701160051389092
v -0.67798 0.07785 1.29904 0.2049608005950316 0.19098620055446125 0.17701160051389092
v -1.10122 0.29887 1.07228 0.2049608005950316 0.19098620055446125 0.17701160051389092
v -0.85053 0.14873 0.08727 0.2049608005950316 0.19098620055446125 0.17701160051389092
v -0.89286 -0.44464 0.51962 0.2049608005950316 0.19098620055446125 0.17701160051389092
v -0.67798 0.07785 1.29904 0.2049608005950316 0.19098620055446125 0.17701160051389092
v -0.89286 -0.44464 0.51962 0.18754817032630813 0.1747607950767871 0.16197341982726612
v -0.32745 0.38401 1.5258 0.18754817032630813 0.1747607950767871 0.16197341982726612
v -0.67798 0.07785 1.29904 0.18754817032630813 0.1747607950767871 0.16197341982726612
v -0.89286 -0.44464 0.51962 0.18754817032630813 0.1747607950767871 0.16197341982726612
v -0.33025 -0.58432 0.95196 0.18754817032630813 0.1747607950767871 0.16197341982726612
v -0.32745 0.38401 1.5258 0.18754817032630813 0.1747607950767871 0.16197341982726612
v -0.33025 -0.58432 0.95196 0.21925480685369156 0.2043056154773035 0.18935642410091544
v -0.40052 0.91378 1.5258 0.21925480685369156 0.2043056154773035 0.18935642410091544
v -0.32745 0.38401 1.5258 0.21925480685369156 0.2043056154773035 0.18935642410091544
v -0.33025 -0.58432 0.95196 0.21925480685369156 0.2043056154773035 0.18935642410091544
v 0.25587 -0.14473 0.95196 0.21925480685369156 0.2043056154773035 0.18935642410091544
v -0.40052 0.91378 1.5258 0.21925480685369156 0.2043056154773035 0.18935642410091544
v 0.25587 -0.14473 0.95196 0.1952177557120843 0.18190745418626034 0.16859715266043643
v -0.8223 1.12415 1.29904 0.1952177557120843 0.18190745418626034 0.16859715266043643
v -0.40052 0.91378 1.5258 0.1952177557120843 0.18190745418626034 0.16859715266043643
v 0.25587 -0.14473 0.95196 0.1952177557120843 0.18190745418626034 0.16859715266043643
v 0.276 0.432 0.51962 0.1952177557120843 0.18190745418626034 0.16859715266043643
v -0.8223 1.12415 1.29904 0.1952177557120843 0.18190745418626034 0.16859715266043643
v -0.8223 1.12415 1.29904 0.2097241843232297 0.19542480811937313 0.18112543191551655
v -1.93595 -0.21477 2.91662 0.2097241843232297 0.19542480811937313 0.18112543191551655
v -1.89539 -0.02554 3.03109 0.2097241843232297 0.19542480811937313 0.18112543191551655
v -0.8223 1.12415 1.29904 0.2097241843232297 0.19542480811937313 0.18112543191551655
v -1.16972 0.79544 1.07228 0.2097241843232297 0.19542480811937313 0.18112543191551655
v -1.93595 -0.21477 2.91662 0.2097241843232297 0.19542480811937313 0.18112543191551655
v -1.16972 0.79544 1.07228 0.18550100295495356 0.172853207298934 0.16020541164291444
v -1.79969 -0.37828 2.91662 0.18550100295495356 0.172853207298934 0.16020541164291444
v -1.93595 -0.21477 2.91662 0.18550100295495356 0.172853207298934 0.16020541164291444
v -1.16972 0.79544 1.07228 0.18550100295495356 0.172853207298934 0.16020541164291444
v -1.10122 0.29887 1.07228 0.18550100295495356 0.172853207298934 0.16020541164291444
v -1.79969 -0.37828 2.91662 0.18550100295495356 0.172853207298934 0.16020541164291444
v -1.10122 0.29887 1.07228 0.21716765891174555 0.2023607730768538 0.18755388724196206
v -1.60974 -0.36831 3.03109 0.21716765891174555 0.2023607730768538 0.18755388724196206
v -1.79969 -0.37828 2.91662 0.21716765891174555 0.2023607730768538 0.18755388724196206
v -1.10122 0.29887 1.07228 0.21716765891174555 0.2023607730768538 0.18755388724196206
v -0.67798 0.07785 1.29904 0.21716765891174555 0.2023607730768538 0.18755388724196206
v -1.60974 -0.36831 3.03109 0.21716765891174555 0.2023607730768538 0.18755388724196206
v -0.67798 0.07785 1.29904 0.19999342495954212 0.18635750962139153 0.17272159428324094
v -1.55963 -0.19053 3.14555 0.19999342495954212 0.18635750962139153 0.17272159428324094
v -1.60974 -0.36831 3.03109 0.19999342495954212 0.18635750962139153 0.17272159428324094
v -0.67798 0.07785 1.29904 0.19999342495954212 0.18635750962139153 0.17272159428324094
v -0.32745 0.38401 1.5258 0.19999342495954212 0.18635750962139153 0.17272159428324094
v -1.55963 -0.19053 3.14555 0.19999342495954212 0.18635750962139153 0.17272159428324094
v -0.32745 0.38401 1.5258 0.19077842593490418 0.17777080598479705 0.16476318603468998
v -1.70538 -0.01564 3.14555 0.19077842593490418 0.17777080598479705 0.16476318603468998
v -1.55963 -0.19053 3.14555 0.19077842593490418 0.17777080598479705 0.16476318603468998
v -0.32745 0.38401 1.5258 0.19077842593490418 0.17777080598479705 0.16476318603468998
v -0.40052 0.91378 1.5258 0.19077842593490418 0.17777080598479705 0.16476318603468998
v -1.70538 -0.01564 3.14555 0.19077842593490418 0.17777080598479705 0.16476318603468998
v -0.40052 0.91378 1.5258 0.2199993105445456 0.20499935755287202 0.1899994045611985
v -1.89539 -0.02554 3.03109 0.2199993105445456 0.20499935755287202 0.1899994045611985
v -1.70538 -0.01564 3.14555 0.2199993105445456 0.20499935755287202 0.1899994045611985
v -0.40052 0.91378 1.5258 0.2199993105445456 0.20499935755287202 0.1899994045611985
v -0.8223 1.12415 1.29904 0.2199993105445456 0.20499935755287202 0.1899994045611985
v -1.89539 -0.02554 3.03109 0.2199993105445456 0.20499935755287202 0.1899994045611985
v -1.89539 -0.02554 3.03109 0.21390412772719958 0.19931975538216323 0.18473538303712692
v -2.27104 -0.65218 3.88383 0.21390412772719958 0.19931975538216323 0.18473538303712692
v -2.26743 -0.63064 3.89711 0.21390412772719958 0.19931975538216323 0.18473538303712692
v -1.89539 -0.02554 3.03109 0.21390412772719958 0.19931975538216323 0.18473538303712692
v -1.93595 -0.21477 2.91662 0.21390412772719958 0.19931975538216323 0.18473538303712692
v -2.27104 -0.65218 3.88383 0.21390412772719958 0.19931975538216323 0.18473538303712692
v -1.93595 -0.21477 2.91662 0.2049608005950316 0.19098620055446125 0.17701160051389092
v -2.25472 -0.67032 3.88383 0.2049608005950316 0.19098620055446125 0.17701160051389092
v -2.27104 -0.65218 3.88383 0.2049608005950316 0.19098620055446125 0.17701160051389092
v -1.93595 -0.21477 2.91662 0.2049608005950316 0.19098620055446125 0.17701160051389092
v -1.79969 -0.37828 2.91662 0.2049608005950316 0.19098620055446125 0.17701160051389092
v -2.25472 -0.67032 3.88383 0.2049608005950316 0.19098620055446125 0.17701160051389092
v -1.79969 -0.37828 2.91662 0.18754817032630813 0.1747607950767871 0.16197341982726612
v -2.23363 -0.66819 3.89711 0.18754817032630813 0.1747607950767871 0.16197341982726612
v -2.25472 -0.67032 3.88383 0.18754817032630813 0.1747607950767871 0.16197341982726612
v -1.79969 -0.37828 2.91662 0.18754817032630813 0.1747607950767871 0.16197341982726612
v -1.60974 -0.36831 3.03109 0.18754817032630813 0.1747607950767871 0.16197341982726612
v -2.23363 -0.66819 3.89711 0.18754817032630813 0.1747607950767871 0.16197341982726612
v -1.60974 -0.36831 3.03109 0.21925480685369156 0.2043056154773035 0.18935642410091544
v -2.22866 -0.64815 3.9104 0.21925480685369156 0.2043056154773035 0.18935642410091544
v -2.23363 -0.66819 3.89711 0.21925480685369156 0.2043056154773035 0.18935642410091544
v -1.60974 -0.36831 3.03109 0.21925480685369156 0.2043056154773035 0.18935642410091544
v -1.55963 -0.19053 3.14555 0.21925480685369156 0.2043056154773035 0.18935642410091544
v -2.22866 -0.64815 3.9104 0.21925480685369156 0.2043056154773035 0.18935642410091544
v -1.55963 -0.19053 3.14555 0.1952177557120843 0.18190745418626034 0.16859715266043643
v -2.24598 -0.6289 3.9104 0.1952177557120843 0.18190745418626034 0.16859715266043643
v -2.22866 -0.64815 3.9104 0.1952177557120843 0.18190745418626034 0.16859715266043643
v -1.55963 -0.19053 3.14555 0.1952177557120843 0.18190745418626034 0.16859715266043643
v -1.70538 -0.01564 3.14555 0.1952177557120843 0.18190745418626034 0.16859715266043643
v -2.24598 -0.6289 3.9104 0.1952177557120843 0.18190745418626034 0.16859715266043643
v -1.70538 -0.01564 3.14555 0.19493444947086883 0.18164346427967323 0.16835247908847764
v -2.26743 -0.63064 3.89711 0.19493444947086883 0.18164346427967323 0.16835247908847764
v -2.24598 -0.6289 3.9104 0.19493444947086883 0.18164346427967323 0.16835247908847764
v -1.70538 -0.01564 3.14555 0.19493444947086883 0.18164346427967323 0.16835247908847764
v -1.89539 -0.02554 3.03109 0.19493444947086883 0.18164346427967323 0.16835247908847764
v -2.26743 -0.63064 3.89711 0.19493444947086883 0.18164346427967323 0.16835247908847764
v -0.14721 0.58723 0.20521 0.1848 0.1722 0.1596
v -1.58115 0.83904 0.08972 0.1848 0.1722 0.1596
v -1.44827 1.12769 0.51303 0.1848 0.1722 0.1596
v -0.14721 0.58723 0.20521 0.1848 0.1722 0.1596
v -0.50922 0.38362 -0.39254 0.1848 0.1722 0.1596
v -1.58115 0.83904 0.08972 0.1848 0.1722 0.1596
v -0.50922 0.38362 -0.39254 0.21390412772719958 0.19931975538216323 0.18473538303712692
v -1.54446 0.33911 0.08972 0.21390412772719958 0.19931975538216323 0.18473538303712692
v -1.58115 0.83904 0.08972 0.21390412772719958 0.19931975538216323 0.18473538303712692
v -0.50922 0.38362 -0.39254 0.21390412772719958 0.19931975538216323 0.18473538303712692
v -0.91174 -0.18375 -0.39254 0.21390412772719958 0.19931975538216323 0.18473538303712692
v -1.54446 0.33911 0.08972 0.21390412772719958 0.19931975538216323 0.18473538303712692
v -0.91174 -0.18375 -0.39254 0.2049608005950316 0.19098620055446125 0.17701160051389092
v -1.37096 0.07432 0.51303 0.2049608005950316 0.19098620055446125 0.17701160051389092
v -1.54446 0.33911 0.08972 0.2049608005950316 0.19098620055446125 0.17701160051389092
v -0.91174 -0.18375 -0.39254 0.2049608005950316 0.19098620055446125 0.17701160051389092
v -0.99262 -0.60441 0.20521 0.2049608005950316 0.19098620055446125 0.17701160051389092
v -1.37096 0.07432 0.51303 0.2049608005950316 0.19098620055446125 0.17701160051389092
v -0.99262 -0.60441 0.20521 0.18754817032630813 0.1747607950767871 0.16197341982726612
v -1.23641 0.34028 0.93634 0.18754817032630813 0.1747607950767871 0.16197341982726612
v -1.37096 0.07432 0.51303 0.18754817032630813 0.1747607950767871 0.16197341982726612
v -0.99262 -0.60441 0.20521 0.18754817032630813 0.1747607950767871 0.16197341982726612
v -0.63595 -0.40835 0.80297 0.18754817032630813 0.1747607950767871 0.16197341982726612
v -1.23641 0.34028 0.93634 0.18754817032630813 0.1747607950767871 0.16197341982726612
v -0.63595 -0.40835 0.80297 0.21925480685369156 0.2043056154773035 0.18935642410091544
v -1.27555 0.87363 0.93634 0.21925480685369156 0.2043056154773035 0.18935642410091544
v -1.23641 0.34028 0.93634 0.21925480685369156 0.2043056154773035 0.18935642410091544
v -0.63595 -0.40835 0.80297 0.21925480685369156 0.2043056154773035 0.18935642410091544
v -0.21203 0.18919 0.80297 0.21925480685369156 0.2043056154773035 0.18935642410091544
v -1.27555 0.87363 0.93634 0.21925480685369156 0.2043056154773035 0.18935642410091544
v -0.21203 0.18919 0.80297 0.1952177557120843 0.18190745418626034 0.16859715266043643
v -1.44827 1.12769 0.51303 0.1952177557120843 0.18190745418626034 0.16859715266043643
v -1.27555 0.87363 0.93634 0.1952177557120843 0.18190745418626034 0.16859715266043643
v -0.21203 0.18919 0.80297 0.1952177557120843 0.18190745418626034 0.16859715266043643
v -0.14721 0.58723 0.20521 0.1952177557120843 0.18190745418626034 0.16859715266043643
v -1.44827 1.12769 0.51303 0.1952177557120843 0.18190745418626034 0.16859715266043643
v -1.44827 1.12769 0.51303 0.2097241843232297 0.19542480811937313 0.18112543191551655
v -3.38757 -0.12593 1.01629 0.2097241843232297 0.19542480811937313 0.18112543191551655
v -3.38098 0.00761 1.19707 0.2097241843232297 0.19542480811937313 0.18112543191551655
v -1.44827 1.12769 0.51303 0.2097241843232297 0.19542480811937313 0.18112543191551655
v -1.58115 0.83904 0.08972 0.2097241843232297 0.19542480811937313 0.18112543191551655
v -3.38757 -0.12593 1.01629 0.2097241843232297 0.19542480811937313 0.18112543191551655
v -1.58115 0.83904 0.08972 0.18550100295495356 0.172853207298934 0.16020541164291444
v -3.30129 -0.3205 1.01629 0.18550100295495356 0.172853207298934 0.16020541164291444
v -3.38757 -0.12593 1.01629 0.18550100295495356 0.172853207298934 0.16020541164291444
v -1.58115 0.83904 0.08972 0.18550100295495356 0.172853207298934 0.16020541164291444
v -1.54446 0.33911 0.08972 0.18550100295495356 0.172853207298934 0.16020541164291444
v -3.30129 -0.3205 1.01629 0.18550100295495356 0.172853207298934 0.16020541164291444
v -1.54446 0.33911 0.08972 0.21716765891174555 0.2023607730768538 0.18755388724196206
v -3.20012 -0.40028 1.19707 0.21716765891174555 0.2023607730768538 0.18755388724196206
v -3.30129 -0.3205 1.01629 0.21716765891174555 0.2023607730768538 0.18755388724196206
v -1.54446 0.33911 0.08972 0.21716765891174555 0.2023607730768538 0.18755388724196206
v -1.37096 0.07432 0.51303 0.21716765891174555 0.2023607730768538 0.18755388724196206
v -3.20012 -0.40028 1.19707 0.21716765891174555 0.2023607730768538 0.18755388724196206
v -1.37096 0.07432 0.51303 0.19999342495954212 0.18635750962139153 0.17272159428324094
v -3.18748 -0.28038 1.37785 0.19999342495954212 0.18635750962139153 0.17272159428324094
v -3.20012 -0.40028 1.19707 0.19999342495954212 0.18635750962139153 0.17272159428324094
v -1.37096 0.07432 0.51303 0.19999342495954212 0.18635750962139153 0.17272159428324094
v -1.23641 0.34028 0.93634 0.19999342495954212 0.18635750962139153 0.17272159428324094
v -3.18748 -0.28038 1.37785 0.19999342495954212 0.18635750962139153 0.17272159428324094
v -1.23641 0.34028 0.93634 0.19077842593490418 0.17777080598479705 0.16476318603468998
v -3.27977 -0.07226 1.37785 0.19077842593490418 0.17777080598479705 0.16476318603468998
v -3.18748 -0.28038 1.37785 0.19077842593490418 0.17777080598479705 0.16476318603468998
v -1.23641 0.34028 0.93634 0.19077842593490418 0.17777080598479705 0.16476318603468998
v -1.27555 0.87363 0.93634 0.19077842593490418 0.17777080598479705 0.16476318603468998
v -3.27977 -0.07226 1.37785 0.19077842593490418 0.17777080598479705 0.16476318603468998
v -1.27555 0.87363 0.93634 0.2199993105445456 0.20499935755287202 0.1899994045611985
v -3.38098 0.00761 1.19707 0.2199993105445456 0.20499935755287202 0.1899994045611985
v -3.27977 -0.07226 1.37785 0.2199993105445456 0.20499935755287202 0.1899994045611985
v -1.27555 0.87363 0.93634 0.2199993105445456 0.20499935755287202 0.1899994045611985
v -1.44827 1.12769 0.51303 0.2199993105445456 0.20499935755287202 0.1899994045611985
v -3.38098 0.00761 1.19707 0.2199993105445456 0.20499935755287202 0.1899994045611985
v -3.38098 0.00761 1.19707 0.21390412772719958 0.19931975538216323 0.18473538303712692
v -4.24009 -0.64168 1.51852 0.21390412772719958 0.19931975538216323 0.18473538303712692
v -4.23987 -0.62651 1.53909 0.21390412772719958 0.19931975538216323 0.18473538303712692
v -3.38098 0.00761 1.19707 0.21390412772719958 0.19931975538216323 0.18473538303712692
v -3.38757 -0.12593 1.01629 0.21390412772719958 0.19931975538216323 0.18473538303712692
v -4.24009 -0.64168 1.51852 0.21390412772719958 0.19931975538216323 0.18473538303712692
v -3.38757 -0.12593 1.01629 0.2049608005950316 0.19098620055446125 0.17701160051389092
v -4.22955 -0.66369 1.51852 0.2049608005950316 0.19098620055446125 0.17701160051389092
v -4.24009 -0.64168 1.51852 0.2049608005950316 0.19098620055446125 0.17701160051389092
v -3.38757 -0.12593 1.01629 0.2049608005950316 0.19098620055446125 0.17701160051389092
v -3.30129 -0.3205 1.01629 0.2049608005950316 0.19098620055446125 0.17701160051389092
v -4.22955 -0.66369 1.51852 0.2049608005950316 0.19098620055446125 0.17701160051389092
v -3.30129 -0.3205 1.01629 0.18754817032630813 0.1747607950767871 0.16197341982726612
v -4.21805 -0.67207 1.53909 0.18754817032630813 0.1747607950767871 0.16197341982726612
v -4.22955 -0.66369 1.51852 0.18754817032630813 0.1747607950767871 0.16197341982726612
v -3.30129 -0.3205 1.01629 0.18754817032630813 0.1747607950767871 0.16197341982726612
v -3.20012 -0.40028 1.19707 0.18754817032630813 0.1747607950767871 0.16197341982726612
v -4.21805 -0.67207 1.53909 0.18754817032630813 0.1747607950767871 0.16197341982726612
v -3.20012 -0.40028 1.19707 0.21925480685369156 0.2043056154773035 0.18935642410091544
v -4.21695 -0.65872 1.55966 0.21925480685369156 0.2043056154773035 0.18935642410091544
v -4.21805 -0.67207 1.53909 0.21925480685369156 0.2043056154773035 0.18935642410091544
v -3.20012 -0.40028 1.19707 0.21925480685369156 0.2043056154773035 0.18935642410091544
v -3.18748 -0.28038 1.37785 0.21925480685369156 0.2043056154773035 0.18935642410091544
v -4.21695 -0.65872 1.55966 0.21925480685369156 0.2043056154773035 0.18935642410091544
v -3.18748 -0.28038 1.37785 0.1952177557120843 0.18190745418626034 0.16859715266043643
v -4.22814 -0.63537 1.55966 0.1952177557120843 0.18190745418626034 0.16859715266043643
v -4.21695 -0.65872 1.55966 0.1952177557120843 0.18190745418626034 0.16859715266043643
v -3.18748 -0.28038 1.37785 0.1952177557120843 0.18190745418626034 0.16859715266043643
v -3.27977 -0.07226 1.37785 0.1952177557120843 0.18190745418626034 0.16859715266043643
v -4.22814 -0.63537 1.55966 0.1952177557120843 0.18190745418626034 0.16859715266043643
v -3.27977 -0.07226 1.37785 0.19493444947086883 0.18164346427967323 0.16835247908847764
v -4.23987 -0.62651 1.53909 0.19493444947086883 0.18164346427967323 0.16835247908847764
v -4.22814 -0.63537 1.55966 0.19493444947086883 0.18164346427967323 0.16835247908847764
v -3.27977 -0.07226 1.37785 0.19493444947086883 0.18164346427967323 0.16835247908847764
v -3.38098 0.00761 1.19707 0.19493444947086883 0.18164346427967323 0.16835247908847764
v -4.23987 -0.62651 1.53909 0.19493444947086883 0.18164346427967323 0.16835247908847764
v -0.14721 0.58723 -0.20521 0.1848 0.1722 0.1596
v -1.27466 0.86153 -0.93634 0.1848 0.1722 0.1596
v -1.44827 1.12769 -0.51303 0.1848 0.1722 0.1596
v -0.14721 0.58723 -0.20521 0.1848 0.1722 0.1596
v -0.21978 0.17827 -0.80297 0.1848 0.1722 0.1596
v -1.27466 0.86153 -0.93634 0.1848 0.1722 0.1596
v -0.21978 0.17827 -0.80297 0.21390412772719958 0.19931975538216323 0.18473538303712692
v -1.23797 0.3616 -0.93634 0.21390412772719958 0.19931975538216323 0.18473538303712692
v -1.27466 0.86153 -0.93634 0.21390412772719958 0.19931975538216323 0.18473538303712692
v -0.21978 0.17827 -0.80297 0.21390412772719958 0.19931975538216323 0.18473538303712692
v -0.6223 -0.3891 -0.80297 0.21390412772719958 0.19931975538216323 0.18473538303712692
v -1.23797 0.3616 -0.93634 0.21390412772719958 0.19931975538216323 0.18473538303712692
v -0.6223 -0.3891 -0.80297 0.2049608005950316 0.19098620055446125 0.17701160051389092
v -1.37096 0.07432 -0.51303 0.2049608005950316 0.19098620055446125 0.17701160051389092
v -1.23797 0.3616 -0.93634 0.2049608005950316 0.19098620055446125 0.17701160051389092
v -0.6223 -0.3891 -0.80297 0.2049608005950316 0.19098620055446125 0.17701160051389092
v -0.99262 -0.60441 -0.20521 0.2049608005950316 0.19098620055446125 0.17701160051389092
v -1.37096 0.07432 -0.51303 0.2049608005950316 0.19098620055446125 0.17701160051389092
v -0.99262 -0.60441 -0.20521 0.18754817032630813 0.1747607950767871 0.16197341982726612
v -1.5429 0.31778 -0.08972 0.18754817032630813 0.1747607950767871 0.16197341982726612
v -1.37096 0.07432 -0.51303 0.18754817032630813 0.1747607950767871 0.16197341982726612
v -0.99262 -0.60441 -0.20521 0.18754817032630813 0.1747607950767871 0.16197341982726612
v -0.9254 -0.203 0.39254 0.18754817032630813 0.1747607950767871 0.16197341982726612
v -1.5429 0.31778 -0.08972 0.18754817032630813 0.1747607950767871 0.16197341982726612
v -0.9254 -0.203 0.39254 0.21925480685369156 0.2043056154773035 0.18935642410091544
v -1.58204 0.85114 -0.08972 0.21925480685369156 0.2043056154773035 0.18935642410091544
v -1.5429 0.31778 -0.08972 0.21925480685369156 0.2043056154773035 0.18935642410091544
v -0.9254 -0.203 0.39254 0.21925480685369156 0.2043056154773035 0.18935642410091544
v -0.50147 0.39454 0.39254 0.21925480685369156 0.2043056154773035 0.18935642410091544
v -1.58204 0.85114 -0.08972 0.21925480685369156 0.2043056154773035 0.18935642410091544
v -0.50147 0.39454 0.39254 0.1952177557120843 0.18190745418626034 0.16859715266043643
v -1.44827 1.12769 -0.51303 0.1952177557120843 0.18190745418626034 0.16859715266043643
v -1.58204 0.85114 -0.08972 0.1952177557120843 0.18190745418626034 0.16859715266043643
v -0.50147 0.39454 0.39254 0.1952177557120843 0.18190745418626034 0.16859715266043643
v -0.14721 0.58723 -0.20521 0.1952177557120843 0.18190745418626034 0.16859715266043643
v -1.44827 1.12769 -0.51303 0.1952177557120843 0.18190745418626034 0.16859715266043643
v -1.44827 1.12769 -0.51303 0.2097241843232297 0.19542480811937313 0.18112543191551655
v -3.27759 -0.07716 -1.37785 0.2097241843232297 0.19542480811937313 0.18112543191551655
v -3.38098 0.00761 -1.19707 0.2097241843232297 0.19542480811937313 0.18112543191551655
v -1.44827 1.12769 -0.51303 0.2097241843232297 0.19542480811937313 0.18112543191551655
v -1.27466 0.86153 -0.93634 0.2097241843232297 0.19542480811937313 0.18112543191551655
v -3.27759 -0.07716 -1.37785 0.2097241843232297 0.19542480811937313 0.18112543191551655
v -1.27466 0.86153 -0.93634 0.18550100295495356 0.172853207298934 0.16020541164291444
v -3.19132 -0.27174 -1.37785 0.18550100295495356 0.172853207298934 0.16020541164291444
v -3.27759 -0.07716 -1.37785 0.18550100295495356 0.172853207298934 0.16020541164291444
v -1.27466 0.86153 -0.93634 0.18550100295495356 0.172853207298934 0.16020541164291444
v -1.23797 0.3616 -0.93634 0.18550100295495356 0.172853207298934 0.16020541164291444
v -3.19132 -0.27174 -1.37785 0.18550100295495356 0.172853207298934 0.16020541164291444
v -1.23797 0.3616 -0.93634 0.21716765891174555 0.2023607730768538 0.18755388724196206
v -3.20012 -0.40028 -1.19707 0.21716765891174555 0.2023607730768538 0.18755388724196206
v -3.19132 -0.27174 -1.37785 0.21716765891174555 0.2023607730768538 0.18755388724196206
v -1.23797 0.3616 -0.93634 0.21716765891174555 0.2023607730768538 0.18755388724196206
v -1.37096 0.07432 -0.51303 0.21716765891174555 0.2023607730768538 0.18755388724196206
v -3.20012 -0.40028 -1.19707 0.21716765891174555 0.2023607730768538 0.18755388724196206
v -1.37096 0.07432 -0.51303 0.19999342495954212 0.18635750962139153 0.17272159428324094
v -3.29746 -0.32914 -1.01629 0.19999342495954212 0.18635750962139153 0.17272159428324094
v -3.20012 -0.40028 -1.19707 0.19999342495954212 0.18635750962139153 0.17272159428324094
v -1.37096 0.07432 -0.51303 0.19999342495954212 0.18635750962139153 0.17272159428324094
v -1.5429 0.31778 -0.08972 0.19999342495954212 0.18635750962139153 0.17272159428324094
v -3.29746 -0.32914 -1.01629 0.19999342495954212 0.18635750962139153 0.17272159428324094
v -1.5429 0.31778 -0.08972 0.19077842593490418 0.17777080598479705 0.16476318603468998
v -3.38974 -0.12102 -1.01629 0.19077842593490418 0.17777080598479705 0.16476318603468998
v -3.29746 -0.32914 -1.01629 0.19077842593490418 0.17777080598479705 0.16476318603468998
v -1.5429 0.31778 -0.08972 0.19077842593490418 0.17777080598479705 0.16476318603468998
v -1.58204 0.85114 -0.08972 0.19077842593490418 0.17777080598479705 0.16476318603468998
v -3.38974 -0.12102 -1.01629 0.19077842593490418 0.17777080598479705 0.16476318603468998
v -1.58204 0.85114 -0.08972 0.2199993105445456 0.20499935755287202 0.1899994045611985
v -3.38098 0.00761 -1.19707 0.2199993105445456 0.20499935755287202 0.1899994045611985
v -3.38974 -0.12102 -1.01629 0.2199993105445456 0.20499935755287202 0.1899994045611985
v -1.58204 0.85114 -0.08972 0.2199993105445456 0.20499935755287202 0.1899994045611985
v -1.44827 1.12769 -0.51303 0.2199993105445456 0.20499935755287202 0.1899994045611985
v -3.38098 0.00761 -1.19707 0.2199993105445456 0.20499935755287202 0.1899994045611985
v -3.38098 0.00761 -1.19707 0.21390412772719958 0.19931975538216323 0.18473538303712692
v -4.22791 -0.63585 -1.55966 0.21390412772719958 0.19931975538216323 0.18473538303712692
v -4.23987 -0.62651 -1.53909 0.21390412772719958 0.19931975538216323 0.18473538303712692
v -3.38098 0.00761 -1.19707 0.21390412772719958 0.19931975538216323 0.18473538303712692
v -3.27759 -0.07716 -1.37785 0.21390412772719958 0.19931975538216323 0.18473538303712692
v -4.22791 -0.63585 -1.55966 0.21390412772719958 0.19931975538216323 0.18473538303712692
v -3.27759 -0.07716 -1.37785 0.2049608005950316 0.19098620055446125 0.17701160051389092
v -4.21737 -0.65786 -1.55966 0.2049608005950316 0.19098620055446125 0.17701160051389092
v -4.22791 -0.63585 -1.55966 0.2049608005950316 0.19098620055446125 0.17701160051389092
v -3.27759 -0.07716 -1.37785 0.2049608005950316 0.19098620055446125 0.17701160051389092
v -3.19132 -0.27174 -1.37785 0.2049608005950316 0.19098620055446125 0.17701160051389092
v -4.21737 -0.65786 -1.55966 0.2049608005950316 0.19098620055446125 0.17701160051389092
v -3.19132 -0.27174 -1.37785 0.18754817032630813 0.1747607950767871 0.16197341982726612
v -4.21805 -0.67207 -1.53909 0.18754817032630813 0.1747607950767871 0.16197341982726612
v -4.21737 -0.65786 -1.55966 0.18754817032630813 0.1747607950767871 0.16197341982726612
v -3.19132 -0.27174 -1.37785 0.18754817032630813 0.1747607950767871 0.16197341982726612
v -3.20012 -0.40028 -1.19707 0.18754817032630813 0.1747607950767871 0.16197341982726612
v -4.21805 -0.67207 -1.53909 0.18754817032630813 0.1747607950767871 0.16197341982726612
v -3.20012 -0.40028 -1.19707 0.21925480685369156 0.2043056154773035 0.18935642410091544
v -4.22914 -0.66455 -1.51852 0.21925480685369156 0.2043056154773035 0.18935642410091544
v -4.21805 -0.67207 -1.53909 0.21925480685369156 0.2043056154773035 0.18935642410091544
v -3.20012 -0.40028 -1.19707 0.21925480685369156 0.2043056154773035 0.18935642410091544
v -3.29746 -0.32914 -1.01629 0.21925480685369156 0.2043056154773035 0.18935642410091544
v -4.22914 -0.66455 -1.51852 0.21925480685369156 0.2043056154773035 0.18935642410091544
v -3.29746 -0.32914 -1.01629 0.1952177557120843 0.18190745418626034 0.16859715266043643
v -4.24032 -0.6412 -1.51852 0.1952177557120843 0.18190745418626034 0.16859715266043643
v -4.22914 -0.66455 -1.51852 0.1952177557120843 0.18190745418626034 0.16859715266043643
v -3.29746 -0.32914 -1.01629 0.1952177557120843 0.18190745418626034 0.16859715266043643
v -3.38974 -0.12102 -1.01629 0.1952177557120843 0.18190745418626034 0.16859715266043643
v -4.24032 -0.6412 -1.51852 0.1952177557120843 0.18190745418626034 0.16859715266043643
v -3.38974 -0.12102 -1.01629 0.19493444947086883 0.18164346427967323 0.16835247908847764
v -4.23987 -0.62651 -1.53909 0.19493444947086883 0.18164346427967323 0.16835247908847764
v -4.24032 -0.6412 -1.51852 0.19493444947086883 0.18164346427967323 0.16835247908847764
v -3.38974 -0.12102 -1.01629 0.19493444947086883 0.18164346427967323 0.16835247908847764
v -3.38098 0.00761 -1.19707 0.19493444947086883 0.18164346427967323 0.16835247908847764
v -4.23987 -0.62651 -1.53909 0.19493444947086883 0.18164346427967323 0.16835247908847764
v 0.276 0.432 -0.51962 0.1848 0.1722 0.1596
v -0.39886 0.90177 -1.5258 0.1848 0.1722 0.1596
v -0.8223 1.12415 -1.29904 0.1848 0.1722 0.1596
v 0.276 0.432 -0.51962 0.1848 0.1722 0.1596
v 0.24516 -0.15277 -0.95196 0.1848 0.1722 0.1596
v -0.39886 0.90177 -1.5258 0.1848 0.1722 0.1596
v 0.24516 -0.15277 -0.95196 0.21390412772719958 0.19931975538216323 0.18473538303712692
v -0.33037 0.4052 -1.5258 0.21390412772719958 0.19931975538216323 0.18473538303712692
v -0.39886 0.90177 -1.5258 0.21390412772719958 0.19931975538216323 0.18473538303712692
v 0.24516 -0.15277 -0.95196 0.21390412772719958 0.19931975538216323 0.18473538303712692
v -0.31137 -0.57016 -0.95196 0.21390412772719958 0.19931975538216323 0.18473538303712692
v -0.33037 0.4052 -1.5258 0.21390412772719958 0.19931975538216323 0.18473538303712692
v -0.31137 -0.57016 -0.95196 0.2049608005950316 0.19098620055446125 0.17701160051389092
v -0.67798 0.07785 -1.29904 0.2049608005950316 0.19098620055446125 0.17701160051389092
v -0.33037 0.4052 -1.5258 0.2049608005950316 0.19098620055446125 0.17701160051389092
v -0.31137 -0.57016 -0.95196 0.2049608005950316 0.19098620055446125 0.17701160051389092
v -0.89286 -0.44464 -0.51962 0.2049608005950316 0.19098620055446125 0.17701160051389092
v -0.67798 0.07785 -1.29904 0.2049608005950316 0.19098620055446125 0.17701160051389092
v -0.89286 -0.44464 -0.51962 0.18754817032630813 0.1747607950767871 0.16197341982726612
v -1.0983 0.27769 -1.07228 0.18754817032630813 0.1747607950767871 0.16197341982726612
v -0.67798 0.07785 -1.29904 0.18754817032630813 0.1747607950767871 0.16197341982726612
v -0.89286 -0.44464 -0.51962 0.18754817032630813 0.1747607950767871 0.16197341982726612
v -0.86942 0.13457 -0.08727 0.18754817032630813 0.1747607950767871 0.16197341982726612
v -1.0983 0.27769 -1.07228 0.18754817032630813 0.1747607950767871 0.16197341982726612
v -0.86942 0.13457 -0.08727 0.21925480685369156 0.2043056154773035 0.18935642410091544
v -1.17137 0.80746 -1.07228 0.21925480685369156 0.2043056154773035 0.18935642410091544
v -1.0983 0.27769 -1.07228 0.21925480685369156 0.2043056154773035 0.18935642410091544
v -0.86942 0.13457 -0.08727 0.21925480685369156 0.2043056154773035 0.18935642410091544
v -0.2833 0.57416 -0.08727 0.21925480685369156 0.2043056154773035 0.18935642410091544
v -1.17137 0.80746 -1.07228 0.21925480685369156 0.2043056154773035 0.18935642410091544
v -0.2833 0.57416 -0.08727 0.1952177557120843 0.18190745418626034 0.16859715266043643
v -0.8223 1.12415 -1.29904 0.1952177557120843 0.18190745418626034 0.16859715266043643
v -1.17137 0.80746 -1.07228 0.1952177557120843 0.18190745418626034 0.16859715266043643
v -0.2833 0.57416 -0.08727 0.1952177557120843 0.18190745418626034 0.16859715266043643
v 0.276 0.432 -0.51962 0.1952177557120843 0.18190745418626034 0.16859715266043643
v -0.8223 1.12415 -1.29904 0.1952177557120843 0.18190745418626034 0.16859715266043643
v -0.8223 1.12415 -1.29904 0.2097241843232297 0.19542480811937313 0.18112543191551655
v -1.70194 -0.01976 -3.14555 0.2097241843232297 0.19542480811937313 0.18112543191551655
v -1.89539 -0.02554 -3.03109 0.2097241843232297 0.19542480811937313 0.18112543191551655
v -0.8223 1.12415 -1.29904 0.2097241843232297 0.19542480811937313 0.18112543191551655
v -0.39886 0.90177 -1.5258 0.2097241843232297 0.19542480811937313 0.18112543191551655
v -1.70194 -0.01976 -3.14555 0.2097241843232297 0.19542480811937313 0.18112543191551655
v -0.39886 0.90177 -1.5258 0.18550100295495356 0.172853207298934 0.16020541164291444
v -1.56568 -0.18327 -3.14555 0.18550100295495356 0.172853207298934 0.16020541164291444
v -1.70194 -0.01976 -3.14555 0.18550100295495356 0.172853207298934 0.16020541164291444
v -0.39886 0.90177 -1.5258 0.18550100295495356 0.172853207298934 0.16020541164291444
v -0.33037 0.4052 -1.5258 0.18550100295495356 0.172853207298934 0.16020541164291444
v -1.56568 -0.18327 -3.14555 0.18550100295495356 0.172853207298934 0.16020541164291444
v -0.33037 0.4052 -1.5258 0.21716765891174555 0.2023607730768538 0.18755388724196206
v -1.60974 -0.36831 -3.03109 0.21716765891174555 0.2023607730768538 0.18755388724196206
v -1.56568 -0.18327 -3.14555 0.21716765891174555 0.2023607730768538 0.18755388724196206
v -0.33037 0.4052 -1.5258 0.21716765891174555 0.2023607730768538 0.18755388724196206
v -0.67798 0.07785 -1.29904 0.21716765891174555 0.2023607730768538 0.18755388724196206
v -1.60974 -0.36831 -3.03109 0.21716765891174555 0.2023607730768538 0.18755388724196206
v -0.67798 0.07785 -1.29904 0.19999342495954212 0.18635750962139153 0.17272159428324094
v -1.79364 -0.38554 -2.91662 0.19999342495954212 0.18635750962139153 0.17272159428324094
v -1.60974 -0.36831 -3.03109 0.19999342495954212 0.18635750962139153 0.17272159428324094
v -0.67798 0.07785 -1.29904 0.19999342495954212 0.18635750962139153 0.17272159428324094
v -1.0983 0.27769 -1.07228 0.19999342495954212 0.18635750962139153 0.17272159428324094
v -1.79364 -0.38554 -2.91662 0.19999342495954212 0.18635750962139153 0.17272159428324094
v -1.0983 0.27769 -1.07228 0.19077842593490418 0.17777080598479705 0.16476318603468998
v -1.93939 -0.21065 -2.91662 0.19077842593490418 0.17777080598479705 0.16476318603468998
v -1.79364 -0.38554 -2.91662 0.19077842593490418 0.17777080598479705 0.16476318603468998
v -1.0983 0.27769 -1.07228 0.19077842593490418 0.17777080598479705 0.16476318603468998
v -1.17137 0.80746 -1.07228 0.19077842593490418 0.17777080598479705 0.16476318603468998
v -1.93939 -0.21065 -2.91662 0.19077842593490418 0.17777080598479705 0.16476318603468998
v -1.17137 0.80746 -1.07228 0.2199993105445456 0.20499935755287202 0.1899994045611985
v -1.89539 -0.02554 -3.03109 0.2199993105445456 0.20499935755287202 0.1899994045611985
v -1.93939 -0.21065 -2.91662 0.2199993105445456 0.20499935755287202 0.1899994045611985
v -1.17137 0.80746 -1.07228 0.2199993105445456 0.20499935755287202 0.1899994045611985
v -0.8223 1.12415 -1.29904 0.2199993105445456 0.20499935755287202 0.1899994045611985
v -1.89539 -0.02554 -3.03109 0.2199993105445456 0.20499935755287202 0.1899994045611985
v -1.89539 -0.02554 -3.03109 0.21390412772719958 0.19931975538216323 0.18473538303712692
v -2.24562 -0.62931 -3.9104 0.21390412772719958 0.19931975538216323 0.18473538303712692
v -2.26743 -0.63064 -3.89711 0.21390412772719958 0.19931975538216323 0.18473538303712692
v -1.89539 -0.02554 -3.03109 0.21390412772719958 0.19931975538216323 0.18473538303712692
v -1.70194 -0.01976 -3.14555 0.21390412772719958 0.19931975538216323 0.18473538303712692
v -2.24562 -0.62931 -3.9104 0.21390412772719958 0.19931975538216323 0.18473538303712692
v -1.70194 -0.01976 -3.14555 0.2049608005950316 0.19098620055446125 0.17701160051389092
v -2.2293 -0.64744 -3.9104 0.2049608005950316 0.19098620055446125 0.17701160051389092
v -2.24562 -0.62931 -3.9104 0.2049608005950316 0.19098620055446125 0.17701160051389092
v -1.70194 -0.01976 -3.14555 0.2049608005950316 0.19098620055446125 0.17701160051389092
v -1.56568 -0.18327 -3.14555 0.2049608005950316 0.19098620055446125 0.17701160051389092
v -2.2293 -0.64744 -3.9104 0.2049608005950316 0.19098620055446125 0.17701160051389092
v -1.56568 -0.18327 -3.14555 0.18754817032630813 0.1747607950767871 0.16197341982726612
v -2.23363 -0.66819 -3.89711 0.18754817032630813 0.1747607950767871 0.16197341982726612
v -2.2293 -0.64744 -3.9104 0.18754817032630813 0.1747607950767871 0.16197341982726612
v -1.56568 -0.18327 -3.14555 0.18754817032630813 0.1747607950767871 0.16197341982726612
v -1.60974 -0.36831 -3.03109 0.18754817032630813 0.1747607950767871 0.16197341982726612
v -2.23363 -0.66819 -3.89711 0.18754817032630813 0.1747607950767871 0.16197341982726612
v -1.60974 -0.36831 -3.03109 0.21925480685369156 0.2043056154773035 0.18935642410091544
v -2.25408 -0.67103 -3.88383 0.21925480685369156 0.2043056154773035 0.18935642410091544
v -2.23363 -0.66819 -3.89711 0.21925480685369156 0.2043056154773035 0.18935642410091544
v -1.60974 -0.36831 -3.03109 0.21925480685369156 0.2043056154773035 0.18935642410091544
v -1.79364 -0.38554 -2.91662 0.21925480685369156 0.2043056154773035 0.18935642410091544
v -2.25408 -0.67103 -3.88383 0.21925480685369156 0.2043056154773035 0.18935642410091544
v -1.79364 -0.38554 -2.91662 0.1952177557120843 0.18190745418626034 0.16859715266043643
v -2.2714 -0.65178 -3.88383 0.1952177557120843 0.18190745418626034 0.16859715266043643
v -2.25408 -0.67103 -3.88383 0.1952177557120843 0.18190745418626034 0.16859715266043643
v -1.79364 -0.38554 -2.91662 0.1952177557120843 0.18190745418626034 0.16859715266043643
v -1.93939 -0.21065 -2.91662 0.1952177557120843 0.18190745418626034 0.16859715266043643
v -2.2714 -0.65178 -3.88383 0.1952177557120843 0.18190745418626034 0.16859715266043643
v -1.93939 -0.21065 -2.91662 0.19493444947086883 0.18164346427967323 0.16835247908847764
v -2.26743 -0.63064 -3.89711 0.19493444947086883 0.18164346427967323 0.16835247908847764
v -2.2714 -0.65178 -3.88383 0.19493444947086883 0.18164346427967323 0.16835247908847764
v -1.93939 -0.21065 -2.91662 0.19493444947086883 0.18164346427967323 0.16835247908847764
v -1.89539 -0.02554 -3.03109 0.19493444947086883 0.18164346427967323 0.16835247908847764
v -2.26743 -0.63064 -3.89711 0.19493444947086883 0.18164346427967323 0.16835247908847764
v 0.80094 -0.18148 -0.59088 0.1848 0.1722 0.1596
v -0.24336 0.53007 -1.56115 0.1848 0.1722 0.1596
v 0.06517 0.10825 -1.47721 0.1848 0.1722 0.1596
v 0.80094 -0.18148 -0.59088 0.1848 0.1722 0.1596
v 0.30875 -0.58126 -0.9483 0.1848 0.1722 0.1596
v -0.24336 0.53007 -1.56115 0.1848 0.1722 0.1596
v 0.30875 -0.58126 -0.9483 0.21390412772719958 0.19931975538216323 0.18473538303712692
v -0.05833 0.99595 -1.56115 0.21390412772719958 0.19931975538216323 0.18473538303712692
v -0.24336 0.53007 -1.56115 0.21390412772719958 0.19931975538216323 0.18473538303712692
v 0.30875 -0.58126 -0.9483 0.21390412772719958 0.19931975538216323 0.18473538303712692
v -0.36445 -0.40591 -0.9483 0.21390412772719958 0.19931975538216323 0.18473538303712692
v -0.05833 0.99595 -1.56115 0.21390412772719958 0.19931975538216323 0.18473538303712692
v -0.36445 -0.40591 -0.9483 0.2049608005950316 0.19098620055446125 0.17701160051389092
v 0.45503 1.08987 -1.47721 0.2049608005950316 0.19098620055446125 0.17701160051389092
v -0.05833 0.99595 -1.56115 0.2049608005950316 0.19098620055446125 0.17701160051389092
v -0.36445 -0.40591 -0.9483 0.2049608005950316 0.19098620055446125 0.17701160051389092
v -0.61295 0.1868 -0.59088 0.2049608005950316 0.19098620055446125 0.17701160051389092
v 0.45503 1.08987 -1.47721 0.2049608005950316 0.19098620055446125 0.17701160051389092
v -0.61295 0.1868 -0.59088 0.18754817032630813 0.1747607950767871 0.16197341982726612
v 0.77196 0.6892 -1.39327 0.18754817032630813 0.1747607950767871 0.16197341982726612
v 0.45503 1.08987 -1.47721 0.18754817032630813 0.1747607950767871 0.16197341982726612
v -0.61295 0.1868 -0.59088 0.18754817032630813 0.1747607950767871 0.16197341982726612
v -0.12971 0.58891 -0.23347 0.18754817032630813 0.1747607950767871 0.16197341982726612
v 0.77196 0.6892 -1.39327 0.18754817032630813 0.1747607950767871 0.16197341982726612
v -0.12971 0.58891 -0.23347 0.21925480685369156 0.2043056154773035 0.18935642410091544
v 0.57456 0.19218 -1.39327 0.21925480685369156 0.2043056154773035 0.18935642410091544
v 0.77196 0.6892 -1.39327 0.21925480685369156 0.2043056154773035 0.18935642410091544
v -0.12971 0.58891 -0.23347 0.21925480685369156 0.2043056154773035 0.18935642410091544
v 0.57928 0.40423 -0.23347 0.21925480685369156 0.2043056154773035 0.18935642410091544
v 0.57456 0.19218 -1.39327 0.21925480685369156 0.2043056154773035 0.18935642410091544
v 0.57928 0.40423 -0.23347 0.1952177557120843 0.18190745418626034 0.16859715266043643
v 0.06517 0.10825 -1.47721 0.1952177557120843 0.18190745418626034 0.16859715266043643
v 0.57456 0.19218 -1.39327 0.1952177557120843 0.18190745418626034 0.16859715266043643
v 0.57928 0.40423 -0.23347 0.1952177557120843 0.18190745418626034 0.16859715266043643
v 0.80094 -0.18148 -0.59088 0.1952177557120843 0.18190745418626034 0.16859715266043643
v 0.06517 0.10825 -1.47721 0.1952177557120843 0.18190745418626034 0.16859715266043643
v 0.06517 0.10825 -1.47721 0.2097241843232297 0.19542480811937313 0.18112543191551655
v 0.44173 -0.08156 -3.52622 0.2097241843232297 0.19542480811937313 0.18112543191551655
v 0.39814 -0.28736 -3.44683 0.2097241843232297 0.19542480811937313 0.18112543191551655
v 0.06517 0.10825 -1.47721 0.2097241843232297 0.19542480811937313 0.18112543191551655
v -0.24336 0.53007 -1.56115 0.2097241843232297 0.19542480811937313 0.18112543191551655
v 0.44173 -0.08156 -3.52622 0.2097241843232297 0.19542480811937313 0.18112543191551655
v -0.24336 0.53007 -1.56115 0.18550100295495356 0.172853207298934 0.16020541164291444
v 0.6382 0.00032 -3.52622 0.18550100295495356 0.172853207298934 0.16020541164291444
v 0.44173 -0.08156 -3.52622 0.18550100295495356 0.172853207298934 0.16020541164291444
v -0.24336 0.53007 -1.56115 0.18550100295495356 0.172853207298934 0.16020541164291444
v -0.05833 0.99595 -1.56115 0.18550100295495356 0.172853207298934 0.16020541164291444
v 0.6382 0.00032 -3.52622 0.18550100295495356 0.172853207298934 0.16020541164291444
v -0.05833 0.99595 -1.56115 0.21716765891174555 0.2023607730768538 0.18755388724196206
v 0.81 -0.11572 -3.44683 0.21716765891174555 0.2023607730768538 0.18755388724196206
v 0.6382 0.00032 -3.52622 0.21716765891174555 0.2023607730768538 0.18755388724196206
v -0.05833 0.99595 -1.56115 0.21716765891174555 0.2023607730768538 0.18755388724196206
v 0.45503 1.08987 -1.47721 0.21716765891174555 0.2023607730768538 0.18755388724196206
v 0.81 -0.11572 -3.44683 0.21716765891174555 0.2023607730768538 0.18755388724196206
v 0.45503 1.08987 -1.47721 0.19999342495954212 0.18635750962139153 0.17272159428324094
v 0.78017 -0.31579 -3.36744 0.19999342495954212 0.18635750962139153 0.17272159428324094
v 0.81 -0.11572 -3.44683 0.19999342495954212 0.18635750962139153 0.17272159428324094
v 0.45503 1.08987 -1.47721 0.19999342495954212 0.18635750962139153 0.17272159428324094
v 0.77196 0.6892 -1.39327 0.19999342495954212 0.18635750962139153 0.17272159428324094
v 0.78017 -0.31579 -3.36744 0.19999342495954212 0.18635750962139153 0.17272159428324094
v 0.77196 0.6892 -1.39327 0.19077842593490418 0.17777080598479705 0.16476318603468998
v 0.57003 -0.40336 -3.36744 0.19077842593490418 0.17777080598479705 0.16476318603468998
v 0.78017 -0.31579 -3.36744 0.19077842593490418 0.17777080598479705 0.16476318603468998
v 0.77196 0.6892 -1.39327 0.19077842593490418 0.17777080598479705 0.16476318603468998
v 0.57456 0.19218 -1.39327 0.19077842593490418 0.17777080598479705 0.16476318603468998
v 0.57003 -0.40336 -3.36744 0.19077842593490418 0.17777080598479705 0.16476318603468998
v 0.57456 0.19218 -1.39327 0.2199993105445456 0.20499935755287202 0.1899994045611985
v 0.39814 -0.28736 -3.44683 0.2199993105445456 0.20499935755287202 0.1899994045611985
v 0.57003 -0.40336 -3.36744 0.2199993105445456 0.20499935755287202 0.1899994045611985
v 0.57456 0.19218 -1.39327 0.2199993105445456 0.20499935755287202 0.1899994045611985
v 0.06517 0.10825 -1.47721 0.2199993105445456 0.20499935755287202 0.1899994045611985
v 0.39814 -0.28736 -3.44683 0.2199993105445456 0.20499935755287202 0.1899994045611985
v 0.39814 -0.28736 -3.44683 0.21390412772719958 0.19931975538216323 0.18473538303712692
v 0.7628 -0.63634 -4.44116 0.21390412772719958 0.19931975538216323 0.18473538303712692
v 0.75711 -0.65938 -4.43163 0.21390412772719958 0.19931975538216323 0.18473538303712692
v 0.39814 -0.28736 -3.44683 0.21390412772719958 0.19931975538216323 0.18473538303712692
v 0.44173 -0.08156 -3.52622 0.21390412772719958 0.19931975538216323 0.18473538303712692
v 0.7628 -0.63634 -4.44116 0.21390412772719958 0.19931975538216323 0.18473538303712692
v 0.44173 -0.08156 -3.52622 0.2049608005950316 0.19098620055446125 0.17701160051389092
v 0.78556 -0.62756 -4.44116 0.2049608005950316 0.19098620055446125 0.17701160051389092
v 0.7628 -0.63634 -4.44116 0.2049608005950316 0.19098620055446125 0.17701160051389092
v 0.44173 -0.08156 -3.52622 0.2049608005950316 0.19098620055446125 0.17701160051389092
v 0.6382 0.00032 -3.52622 0.2049608005950316 0.19098620055446125 0.17701160051389092
v 0.78556 -0.62756 -4.44116 0.2049608005950316 0.19098620055446125 0.17701160051389092
v 0.6382 0.00032 -3.52622 0.18754817032630813 0.1747607950767871 0.16197341982726612
v 0.80424 -0.64119 -4.43163 0.18754817032630813 0.1747607950767871 0.16197341982726612
v 0.78556 -0.62756 -4.44116 0.18754817032630813 0.1747607950767871 0.16197341982726612
v 0.6382 0.00032 -3.52622 0.18754817032630813 0.1747607950767871 0.16197341982726612
v 0.81 -0.11572 -3.44683 0.18754817032630813 0.1747607950767871 0.16197341982726612
v 0.80424 -0.64119 -4.43163 0.18754817032630813 0.1747607950767871 0.16197341982726612
v 0.81 -0.11572 -3.44683 0.21925480685369156 0.2043056154773035 0.18935642410091544
v 0.80045 -0.6635 -4.42211 0.21925480685369156 0.2043056154773035 0.18935642410091544
v 0.80424 -0.64119 -4.43163 0.21925480685369156 0.2043056154773035 0.18935642410091544
v 0.81 -0.11572 -3.44683 0.21925480685369156 0.2043056154773035 0.18935642410091544
v 0.78017 -0.31579 -3.36744 0.21925480685369156 0.2043056154773035 0.18935642410091544
v 0.80045 -0.6635 -4.42211 0.21925480685369156 0.2043056154773035 0.18935642410091544
v 0.78017 -0.31579 -3.36744 0.1952177557120843 0.18190745418626034 0.16859715266043643
v 0.7763 -0.67282 -4.42211 0.1952177557120843 0.18190745418626034 0.16859715266043643
v 0.80045 -0.6635 -4.42211 0.1952177557120843 0.18190745418626034 0.16859715266043643
v 0.78017 -0.31579 -3.36744 0.1952177557120843 0.18190745418626034 0.16859715266043643
v 0.57003 -0.40336 -3.36744 0.1952177557120843 0.18190745418626034 0.16859715266043643
v 0.7763 -0.67282 -4.42211 0.1952177557120843 0.18190745418626034 0.16859715266043643
v 0.57003 -0.40336 -3.36744 0.19493444947086883 0.18164346427967323 0.16835247908847764
v 0.75711 -0.65938 -4.43163 0.19493444947086883 0.18164346427967323 0.16835247908847764
v 0.7763 -0.67282 -4.42211 0.19493444947086883 0.18164346427967323 0.16835247908847764
v 0.57003 -0.40336 -3.36744 0.19493444947086883 0.18164346427967323 0.16835247908847764
v 0.39814 -0.28736 -3.44683 0.19493444947086883 0.18164346427967323 0.16835247908847764
v 0.75711 -0.65938 -4.43163 0.19493444947086883 0.18164346427967323 0.16835247908847764
v 0.93229 -0.54313 -0.38567 0.1848 0.1722 0.1596
v 0.83894 0.37595 -1.30973 0.1848 0.1722 0.1596
v 1.10162 0.07302 -0.96418 0.1848 0.1722 0.1596
v 0.93229 -0.54313 -0.38567 0.1848 0.1722 0.1596
v 0.4342 -0.47877 -0.91254 0.1848 0.1722 0.1596
v 0.83894 0.37595 -1.30973 0.1848 0.1722 0.1596
v 0.4342 -0.47877 -0.91254 0.21390412772719958 0.19931975538216323 0.18473538303712692
v 0.88389 0.8752 -1.30973 0.21390412772719958 0.19931975538216323 0.18473538303712692
v 0.83894 0.37595 -1.30973 0.21390412772719958 0.19931975538216323 0.18473538303712692
v 0.4342 -0.47877 -0.91254 0.21390412772719958 0.19931975538216323 0.18473538303712692
v -0.02249 0.04599 -0.91254 0.21390412772719958 0.19931975538216323 0.18473538303712692
v 0.88389 0.8752 -1.30973 0.21390412772719958 0.19931975538216323 0.18473538303712692
v -0.02249 0.04599 -0.91254 0.2049608005950316 0.19098620055446125 0.17701160051389092
v 1.19633 1.12497 -0.96418 0.2049608005950316 0.19098620055446125 0.17701160051389092
v 0.88389 0.8752 -1.30973 0.2049608005950316 0.19098620055446125 0.17701160051389092
v -0.02249 0.04599 -0.91254 0.2049608005950316 0.19098620055446125 0.17701160051389092
v -0.02687 0.55902 -0.38567 0.2049608005950316 0.19098620055446125 0.17701160051389092
v 1.19633 1.12497 -0.96418 0.2049608005950316 0.19098620055446125 0.17701160051389092
v -0.02687 0.55902 -0.38567 0.18754817032630813 0.1747607950767871 0.16197341982726612
v 1.46105 0.84471 -0.61863 0.18754817032630813 0.1747607950767871 0.16197341982726612
v 1.19633 1.12497 -0.96418 0.18754817032630813 0.1747607950767871 0.16197341982726612
v -0.02687 0.55902 -0.38567 0.18754817032630813 0.1747607950767871 0.16197341982726612
v 0.46515 0.50165 0.14119 0.18754817032630813 0.1747607950767871 0.16197341982726612
v 1.46105 0.84471 -0.61863 0.18754817032630813 0.1747607950767871 0.16197341982726612
v 0.46515 0.50165 0.14119 0.21925480685369156 0.2043056154773035 0.18935642410091544
v 1.4131 0.31208 -0.61863 0.21925480685369156 0.2043056154773035 0.18935642410091544
v 1.46105 0.84471 -0.61863 0.21925480685369156 0.2043056154773035 0.18935642410091544
v 0.46515 0.50165 0.14119 0.21925480685369156 0.2043056154773035 0.18935642410091544
v 0.94612 -0.05102 0.14119 0.21925480685369156 0.2043056154773035 0.18935642410091544
v 1.4131 0.31208 -0.61863 0.21925480685369156 0.2043056154773035 0.18935642410091544
v 0.94612 -0.05102 0.14119 0.1952177557120843 0.18190745418626034 0.16859715266043643
v 1.10162 0.07302 -0.96418 0.1952177557120843 0.18190745418626034 0.16859715266043643
v 1.4131 0.31208 -0.61863 0.1952177557120843 0.18190745418626034 0.16859715266043643
v 0.94612 -0.05102 0.14119 0.1952177557120843 0.18190745418626034 0.16859715266043643
v 0.93229 -0.54313 -0.38567 0.1952177557120843 0.18190745418626034 0.16859715266043643
v 1.10162 0.07302 -0.96418 0.1952177557120843 0.18190745418626034 0.16859715266043643
v 1.10162 0.07302 -0.96418 0.2097241843232297 0.19542480811937313 0.18112543191551655
v 2.53039 -0.2406 -2.40312 0.2097241843232297 0.19542480811937313 0.18112543191551655
v 2.57264 -0.3995 -2.24976 0.2097241843232297 0.19542480811937313 0.18112543191551655
v 1.10162 0.07302 -0.96418 0.2097241843232297 0.19542480811937313 0.18112543191551655
v 0.83894 0.37595 -1.30973 0.2097241843232297 0.19542480811937313 0.18112543191551655
v 2.53039 -0.2406 -2.40312 0.2097241843232297 0.19542480811937313 0.18112543191551655
v 0.83894 0.37595 -1.30973 0.18550100295495356 0.172853207298934 0.16020541164291444
v 2.63209 -0.05362 -2.40312 0.18550100295495356 0.172853207298934 0.16020541164291444
v 2.53039 -0.2406 -2.40312 0.18550100295495356 0.172853207298934 0.16020541164291444
v 0.83894 0.37595 -1.30973 0.18550100295495356 0.172853207298934 0.16020541164291444
v 0.88389 0.8752 -1.30973 0.18550100295495356 0.172853207298934 0.16020541164291444
v 2.63209 -0.05362 -2.40312 0.18550100295495356 0.172853207298934 0.16020541164291444
v 0.88389 0.8752 -1.30973 0.21716765891174555 0.2023607730768538 0.18755388724196206
v 2.78584 -0.00754 -2.24976 0.21716765891174555 0.2023607730768538 0.18755388724196206
v 2.63209 -0.05362 -2.40312 0.21716765891174555 0.2023607730768538 0.18755388724196206
v 0.88389 0.8752 -1.30973 0.21716765891174555 0.2023607730768538 0.18755388724196206
v 1.19633 1.12497 -0.96418 0.21716765891174555 0.2023607730768538 0.18755388724196206
v 2.78584 -0.00754 -2.24976 0.21716765891174555 0.2023607730768538 0.18755388724196206
v 1.19633 1.12497 -0.96418 0.19999342495954212 0.18635750962139153 0.17272159428324094
v 2.83522 -0.15335 -2.09639 0.19999342495954212 0.18635750962139153 0.17272159428324094
v 2.78584 -0.00754 -2.24976 0.19999342495954212 0.18635750962139153 0.17272159428324094
v 1.19633 1.12497 -0.96418 0.19999342495954212 0.18635750962139153 0.17272159428324094
v 1.46105 0.84471 -0.61863 0.19999342495954212 0.18635750962139153 0.17272159428324094
v 2.83522 -0.15335 -2.09639 0.19999342495954212 0.18635750962139153 0.17272159428324094
v 1.46105 0.84471 -0.61863 0.19077842593490418 0.17777080598479705 0.16476318603468998
v 2.72644 -0.35334 -2.09639 0.19077842593490418 0.17777080598479705 0.16476318603468998
v 2.83522 -0.15335 -2.09639 0.19077842593490418 0.17777080598479705 0.16476318603468998
v 1.46105 0.84471 -0.61863 0.19077842593490418 0.17777080598479705 0.16476318603468998
v 1.4131 0.31208 -0.61863 0.19077842593490418 0.17777080598479705 0.16476318603468998
v 2.72644 -0.35334 -2.09639 0.19077842593490418 0.17777080598479705 0.16476318603468998
v 1.4131 0.31208 -0.61863 0.2199993105445456 0.20499935755287202 0.1899994045611985
v 2.57264 -0.3995 -2.24976 0.2199993105445456 0.20499935755287202 0.1899994045611985
v 2.72644 -0.35334 -2.09639 0.2199993105445456 0.20499935755287202 0.1899994045611985
v 1.4131 0.31208 -0.61863 0.2199993105445456 0.20499935755287202 0.1899994045611985
v 1.10162 0.07302 -0.96418 0.2199993105445456 0.20499935755287202 0.1899994045611985
v 2.57264 -0.3995 -2.24976 0.2199993105445456 0.20499935755287202 0.1899994045611985
v 2.57264 -0.3995 -2.24976 0.21390412772719958 0.19931975538216323 0.18473538303712692
v 3.42995 -0.65431 -2.91009 0.21390412772719958 0.19931975538216323 0.18473538303712692
v 3.43401 -0.67246 -2.89254 0.21390412772719958 0.19931975538216323 0.18473538303712692
v 2.57264 -0.3995 -2.24976 0.21390412772719958 0.19931975538216323 0.18473538303712692
v 2.53039 -0.2406 -2.40312 0.21390412772719958 0.19931975538216323 0.18473538303712692
v 3.42995 -0.65431 -2.91009 0.21390412772719958 0.19931975538216323 0.18473538303712692
v 2.53039 -0.2406 -2.40312 0.2049608005950316 0.19098620055446125 0.17701160051389092
v 3.44231 -0.63327 -2.91009 0.2049608005950316 0.19098620055446125 0.17701160051389092
v 3.42995 -0.65431 -2.91009 0.2049608005950316 0.19098620055446125 0.17701160051389092
v 2.53039 -0.2406 -2.40312 0.2049608005950316 0.19098620055446125 0.17701160051389092
v 2.63209 -0.05362 -2.40312 0.2049608005950316 0.19098620055446125 0.17701160051389092
v 3.44231 -0.63327 -2.91009 0.2049608005950316 0.19098620055446125 0.17701160051389092
v 2.63209 -0.05362 -2.40312 0.18754817032630813 0.1747607950767871 0.16197341982726612
v 3.45959 -0.6289 -2.89254 0.18754817032630813 0.1747607950767871 0.16197341982726612
v 3.44231 -0.63327 -2.91009 0.18754817032630813 0.1747607950767871 0.16197341982726612
v 2.63209 -0.05362 -2.40312 0.18754817032630813 0.1747607950767871 0.16197341982726612
v 2.78584 -0.00754 -2.24976 0.18754817032630813 0.1747607950767871 0.16197341982726612
v 3.45959 -0.6289 -2.89254 0.18754817032630813 0.1747607950767871 0.16197341982726612
v 2.78584 -0.00754 -2.24976 0.21925480685369156 0.2043056154773035 0.18935642410091544
v 3.46468 -0.64531 -2.875 0.21925480685369156 0.2043056154773035 0.18935642410091544
v 3.45959 -0.6289 -2.89254 0.21925480685369156 0.2043056154773035 0.18935642410091544
v 2.78584 -0.00754 -2.24976 0.21925480685369156 0.2043056154773035 0.18935642410091544
v 2.83522 -0.15335 -2.09639 0.21925480685369156 0.2043056154773035 0.18935642410091544
v 3.46468 -0.64531 -2.875 0.21925480685369156 0.2043056154773035 0.18935642410091544
v 2.83522 -0.15335 -2.09639 0.1952177557120843 0.18190745418626034 0.16859715266043643
v 3.45156 -0.66763 -2.875 0.1952177557120843 0.18190745418626034 0.16859715266043643
v 3.46468 -0.64531 -2.875 0.1952177557120843 0.18190745418626034 0.16859715266043643
v 2.83522 -0.15335 -2.09639 0.1952177557120843 0.18190745418626034 0.16859715266043643
v 2.72644 -0.35334 -2.09639 0.1952177557120843 0.18190745418626034 0.16859715266043643
v 3.45156 -0.66763 -2.875 0.1952177557120843 0.18190745418626034 0.16859715266043643
v 2.72644 -0.35334 -2.09639 0.19493444947086883 0.18164346427967323 0.16835247908847764
v 3.43401 -0.67246 -2.89254 0.19493444947086883 0.18164346427967323 0.16835247908847764
v 3.45156 -0.66763 -2.875 0.19493444947086883 0.18164346427967323 0.16835247908847764
v 2.72644 -0.35334 -2.09639 0.19493444947086883 0.18164346427967323 0.16835247908847764
v 2.57264 -0.3995 -2.24976 0.19493444947086883 0.18164346427967323 0.16835247908847764
v 3.43401 -0.67246 -2.89254 0.19493444947086883 0.18164346427967323 0.16835247908847764
v 0.25834 6.6549 0.0 0.1848 0.1722 0.1596
v 2.5662 7.4 -0.22 0.1848 0.1722 0.1596
v 2.63796 7.18796 0.0 0.1848 0.1722 0.1596
v 0.25834 6.6549 0.0 0.1848 0.1722 0.1596
v 0.2 7.0 -0.35 0.1848 0.1722 0.1596
v 2.5662 7.4 -0.22 0.1848 0.1722 0.1596
v 0.2 7.0 -0.35 0.21390412772719958 0.19931975538216323 0.18473538303712692
v 2.49831 7.60063 -0.0 0.21390412772719958 0.19931975538216323 0.18473538303712692
v 2.5662 7.4 -0.22 0.21390412772719958 0.19931975538216323 0.18473538303712692
v 0.2 7.0 -0.35 0.21390412772719958 0.19931975538216323 0.18473538303712692
v 0.14309 7.33666 -0.0 0.21390412772719958 0.19931975538216323 0.18473538303712692
v 2.49831 7.60063 -0.0 0.21390412772719958 0.19931975538216323 0.18473538303712692
v 0.14309 7.33666 -0.0 0.2049608005950316 0.19098620055446125 0.17701160051389092
v 2.5662 7.4 0.22 0.2049608005950316 0.19098620055446125 0.17701160051389092
v 2.49831 7.60063 -0.0 0.2049608005950316 0.19098620055446125 0.17701160051389092
v 0.14309 7.33666 -0.0 0.2049608005950316 0.19098620055446125 0.17701160051389092
v 0.2 7.0 0.35 0.2049608005950316 0.19098620055446125 0.17701160051389092
v 2.5662 7.4 0.22 0.2049608005950316 0.19098620055446125 0.17701160051389092
v 0.2 7.0 0.35 0.18754817032630813 0.1747607950767871 0.16197341982726612
v 2.63796 7.18796 0.0 0.18754817032630813 0.1747607950767871 0.16197341982726612
v 2.5662 7.4 0.22 0.18754817032630813 0.1747607950767871 0.16197341982726612
v 0.2 7.0 0.35 0.18754817032630813 0.1747607950767871 0.16197341982726612
v 0.25834 6.6549 0.0 0.18754817032630813 0.1747607950767871 0.16197341982726612
v 2.63796 7.18796 0.0 0.18754817032630813 0.1747607950767871 0.16197341982726612
v 2.63796 7.18796 0.0 0.2097241843232297 0.19542480811937313 0.18112543191551655
v 6.11 9.0 -0.045 0.2097241843232297 0.19542480811937313 0.18112543191551655
v 6.12912 8.95766 0.0 0.2097241843232297 0.19542480811937313 0.18112543191551655
v 2.63796 7.18796 0.0 0.2097241843232297 0.19542480811937313 0.18112543191551655
v 2.5662 7.4 -0.22 0.2097241843232297 0.19542480811937313 0.18112543191551655
v 6.11 9.0 -0.045 0.2097241843232297 0.19542480811937313 0.18112543191551655
v 2.5662 7.4 -0.22 0.18550100295495356 0.172853207298934 0.16020541164291444
v 6.0923 9.0392 -0.0 0.18550100295495356 0.172853207298934 0.16020541164291444
v 6.11 9.0 -0.045 0.18550100295495356 0.172853207298934 0.16020541164291444
v 2.5662 7.4 -0.22 0.18550100295495356 0.172853207298934 0.16020541164291444
v 2.49831 7.60063 -0.0 0.18550100295495356 0.172853207298934 0.16020541164291444
v 6.0923 9.0392 -0.0 0.18550100295495356 0.172853207298934 0.16020541164291444
v 2.49831 7.60063 -0.0 0.21716765891174555 0.2023607730768538 0.18755388724196206
v 6.11 9.0 0.045 0.21716765891174555 0.2023607730768538 0.18755388724196206
v 6.0923 9.0392 -0.0 0.21716765891174555 0.2023607730768538 0.18755388724196206
v 2.49831 7.60063 -0.0 0.21716765891174555 0.2023607730768538 0.18755388724196206
v 2.5662 7.4 0.22 0.21716765891174555 0.2023607730768538 0.18755388724196206
v 6.11 9.0 0.045 0.21716765891174555 0.2023607730768538 0.18755388724196206
v 2.5662 7.4 0.22 0.19999342495954212 0.18635750962139153 0.17272159428324094
v 6.12912 8.95766 0.0 0.19999342495954212 0.18635750962139153 0.17272159428324094
v 6.11 9.0 0.045 0.19999342495954212 0.18635750962139153 0.17272159428324094
v 2.5662 7.4 0.22 0.19999342495954212 0.18635750962139153 0.17272159428324094
v 2.63796 7.18796 0.0 0.19999342495954212 0.18635750962139153 0.17272159428324094
v 6.12912 8.95766 0.0 0.19999342495954212 0.18635750962139153 0.17272159428324094
v 5.70195 9.48437 -0.39176 0.17602024452503065 0.24447256184032037 0.11734682968335378
v 3.65593 9.54109 -0.86484 0.17602024452503065 0.24447256184032037 0.11734682968335378
v 4.91135 9.64731 -1.44699 0.17602024452503065 0.24447256184032037 0.11734682968335378
v 5.70195 9.48437 -0.39176 0.14961720784627605 0.2078016775642723 0.0997448052308507
v 4.52838 9.37588 0.20931 0.14961720784627605 0.2078016775642723 0.0997448052308507
v 3.65593 9.54109 -0.86484 0.14961720784627605 0.2078016775642723 0.0997448052308507
v 5.2173 8.72524 -2.85105 0.19014802567544598 0.2640944801047861 0.12676535045029733
v 3.15929 7.52224 -2.43323 0.19014802567544598 0.2640944801047861 0.12676535045029733
v 4.06034 8.51932 -3.4835 0.19014802567544598 0.2640944801047861 0.12676535045029733
v 5.2173 8.72524 -2.85105 0.16162582182412907 0.22448030808906816 0.10775054788275272
v 4.39857 7.77628 -1.81749 0.16162582182412907 0.22448030808906816 0.10775054788275272
v 3.15929 7.52224 -2.43323 0.16162582182412907 0.22448030808906816 0.10775054788275272
v 6.74542 8.2615 -2.42577 0.17715972451877796 0.24605517294274717 0.11810648301251864
v 7.49244 6.71287 -4.38841 0.17715972451877796 0.24605517294274717 0.11810648301251864
v 7.89839 7.35596 -3.06547 0.17715972451877796 0.24605517294274717 0.11810648301251864
v 6.74542 8.2615 -2.42577 0.15058576584096126 0.2091468970013351 0.10039051056064084
v 6.30959 7.68036 -3.67021 0.15058576584096126 0.2091468970013351 0.10039051056064084
v 7.49244 6.71287 -4.38841 0.15058576584096126 0.2091468970013351 0.10039051056064084
v 6.08612 10.16135 -0.8587 0.1911816286768151 0.2655300398289099 0.12745441911787675
v 6.29072 11.277 1.23131 0.1911816286768151 0.2655300398289099 0.12745441911787675
v 5.33837 11.10937 0.22731 0.1911816286768151 0.2655300398289099 0.12745441911787675
v 6.08612 10.16135 -0.8587 0.16250438437529283 0.2257005338545734 0.10833625625019523
v 7.03029 10.28435 0.06169 0.16250438437529283 0.2257005338545734 0.10833625625019523
v 6.29072 11.277 1.23131 0.16250438437529283 0.2257005338545734 0.10833625625019523
v 6.85043 10.02271 -2.07243 0.16735979551343255 0.232444160435323 0.11157319700895504
v 8.64706 9.2198 -3.15968 0.16735979551343255 0.232444160435323 0.11157319700895504
v 8.15289 9.62366 -1.8671 0.16735979551343255 0.232444160435323 0.11157319700895504
v 6.85043 10.02271 -2.07243 0.14225582618641766 0.19757753637002456 0.09483721745761178
v 7.27273 9.65097 -3.32152 0.14225582618641766 0.19757753637002456 0.09483721745761178
v 8.64706 9.2198 -3.15968 0.14225582618641766 0.19757753637002456 0.09483721745761178
v 6.90981 9.32448 -2.78455 0.14758516173617367 0.2049793913002412 0.09839010782411578
v 8.75469 8.01992 -3.78775 0.14758516173617367 0.2049793913002412 0.09839010782411578
v 8.20141 8.76479 -2.51935 0.14758516173617367 0.2049793913002412 0.09839010782411578
v 6.90981 9.32448 -2.78455 0.12544738747574763 0.17423248260520502 0.08363159165049841
v 7.3893 8.63179 -4.01282 0.12544738747574763 0.17423248260520502 0.08363159165049841
v 8.75469 8.01992 -3.78775 0.12544738747574763 0.17423248260520502 0.08363159165049841
v 5.6893 9.3984 -1.83499 0.2121211841997 0.2946127558329167 0.1414141227998
v 3.73154 7.87315 -1.07526 0.2121211841997 0.2946127558329167 0.1414141227998
v 4.44206 8.81887 -2.26274 0.2121211841997 0.2946127558329167 0.1414141227998
v 5.6893 9.3984 -1.83499 0.180303006569745 0.2504208424579792 0.12020200437983
v 5.05709 8.51369 -0.67789 0.180303006569745 0.2504208424579792 0.12020200437983
v 3.73154 7.87315 -1.07526 0.180303006569745 0.2504208424579792 0.12020200437983
v 6.57203 9.88534 -0.68652 0.17787710408283686 0.24705153344838454 0.11858473605522457
v 6.29444 8.33156 1.39506 0.17787710408283686 0.24705153344838454 0.11858473605522457
v 5.59625 9.46441 0.20028 0.17787710408283686 0.24705153344838454 0.11858473605522457
v 6.57203 9.88534 -0.68652 0.1511955384704113 0.20999380343112686 0.10079702564694089
v 7.28133 8.81464 0.425 0.1511955384704113 0.20999380343112686 0.10079702564694089
v 6.29444 8.33156 1.39506 0.1511955384704113 0.20999380343112686 0.10079702564694089
v 7.03513 10.02568 -1.04174 0.21215635560828275 0.29466160501150385 0.14143757040552185
v 9.05149 9.45788 -1.62847 0.21215635560828275 0.29466160501150385 0.14143757040552185
v 8.24047 10.11926 -0.50722 0.21215635560828275 0.29466160501150385 0.14143757040552185
v 7.03513 10.02568 -1.04174 0.18033290226704032 0.25046236425977825 0.12022193484469357
v 7.76549 9.38702 -2.13952 0.18033290226704032 0.25046236425977825 0.12022193484469357
v 9.05149 9.45788 -1.62847 0.18033290226704032 0.25046236425977825 0.12022193484469357
v 7.00339 9.04801 -2.10245 0.18433919934592052 0.25602666575822297 0.12289279956394702
v 5.51552 7.7132 -0.62048 0.18433919934592052 0.25602666575822297 0.12289279956394702
v 5.68937 7.99487 -1.99334 0.18433919934592052 0.25602666575822297 0.12289279956394702
v 7.00339 9.04801 -2.10245 0.15668831944403244 0.21762266589448953 0.10445887962935498
v 6.88906 8.81974 -0.78887 0.15668831944403244 0.21762266589448953 0.10445887962935498
v 5.51552 7.7132 -0.62048 0.15668831944403244 0.21762266589448953 0.10445887962935498
v 5.65964 9.55062 -1.00692 0.16907518351830403 0.23482664377542228 0.1127167890122027
v 6.61938 8.11332 0.86094 0.16907518351830403 0.23482664377542228 0.1127167890122027
v 5.36427 8.76873 0.27812 0.16907518351830403 0.23482664377542228 0.1127167890122027
v 5.65964 9.55062 -1.00692 0.14371390599055842 0.19960264720910895 0.09580927066037229
v 6.87635 8.9527 -0.49882 0.14371390599055842 0.19960264720910895 0.09580927066037229
v 6.61938 8.11332 0.86094 0.14371390599055842 0.19960264720910895 0.09580927066037229
v 5.59857 9.26782 -2.89139 0.19269390102088918 0.26763041808456833 0.1284626006805928
v 5.88441 10.77296 -4.97185 0.19269390102088918 0.26763041808456833 0.1284626006805928
v 6.57786 10.20871 -3.77432 0.19269390102088918 0.26763041808456833 0.1284626006805928
v 5.59857 9.26782 -2.89139 0.1637898158677558 0.22748585537188307 0.10919321057850387
v 4.89369 9.77187 -4.00571 0.1637898158677558 0.22748585537188307 0.10919321057850387
v 5.88441 10.77296 -4.97185 0.1637898158677558 0.22748585537188307 0.10919321057850387
v 6.84474 8.51415 -3.16017 0.17890163279797872 0.24847448999719268 0.11926775519865249
v 7.78113 9.80169 -1.28049 0.17890163279797872 0.24847448999719268 0.11926775519865249
v 6.53339 9.0615 -1.87891 0.17890163279797872 0.24847448999719268 0.11926775519865249
v 6.84474 8.51415 -3.16017 0.15206638787828192 0.21120331649761379 0.1013775919188546
v 8.05503 9.20284 -2.63694 0.15206638787828192 0.21120331649761379 0.1013775919188546
v 7.78113 9.80169 -1.28049 0.15206638787828192 0.21120331649761379 0.1013775919188546
v 5.95882 8.65455 -2.61354 0.19262507888398844 0.2675348317833173 0.1284167192559923
v 6.01311 10.03504 -4.71284 0.19262507888398844 0.2675348317833173 0.1284167192559923
v 6.83459 9.67332 -3.59923 0.19262507888398844 0.2675348317833173 0.1284167192559923
v 5.95882 8.65455 -2.61354 0.16373131705139018 0.2274046070158197 0.10915421136759344
v 5.13516 8.96105 -3.64318 0.16373131705139018 0.2274046070158197 0.10915421136759344
v 6.01311 10.03504 -4.71284 0.16373131705139018 0.2274046070158197 0.10915421136759344
v 9.57876 10.39856 -2.37764 0.19038957672944903 0.2644299676797903 0.12692638448629934
v 11.21181 11.75003 -3.69792 0.19038957672944903 0.2644299676797903 0.12692638448629934
v 10.89703 10.81137 -2.35038 0.19038957672944903 0.2644299676797903 0.12692638448629934
v 9.57876 10.39856 -2.37764 0.16183114022003167 0.22476547252782178 0.10788742681335443
v 9.82822 11.28316 -3.67237 0.16183114022003167 0.22476547252782178 0.10788742681335443
v 11.21181 11.75003 -3.69792 0.16183114022003167 0.22476547252782178 0.10788742681335443
v 9.17907 10.01716 -2.15126 0.13276474989970016 0.1843954859718058 0.08850983326646678
v 8.96848 10.56142 -0.06185 0.13276474989970016 0.1843954859718058 0.08850983326646678
v 8.23227 10.63646 -1.23358 0.13276474989970016 0.1843954859718058 0.08850983326646678
v 9.17907 10.01716 -2.15126 0.11285003741474514 0.15673616307603494 0.07523335827649676
v 9.9237 9.92035 -1.0631 0.11285003741474514 0.15673616307603494 0.07523335827649676
v 8.96848 10.56142 -0.06185 0.11285003741474514 0.15673616307603494 0.07523335827649676
v 6.65779 9.9679 -1.42179 0.19145005846366214 0.26590285897730853 0.1276333723091081
v 8.72464 9.60181 -1.79344 0.19145005846366214 0.26590285897730853 0.1276333723091081
v 7.80031 10.21501 -0.7636 0.19145005846366214 0.26590285897730853 0.1276333723091081
v 6.65779 9.9679 -1.42179 0.16273254969411283 0.22601743013071224 0.10848836646274188
v 7.49945 9.36935 -2.43677 0.16273254969411283 0.22601743013071224 0.10848836646274188
v 8.72464 9.60181 -1.79344 0.16273254969411283 0.22601743013071224 0.10848836646274188
v 9.43069 9.19932 -0.49941 0.13969610545125208 0.19402236868229455 0.09313073696750138
v 11.14742 10.75994 0.71008 0.13969610545125208 0.19402236868229455 0.09313073696750138
v 9.76517 9.60381 0.77601 0.13969610545125208 0.19402236868229455 0.09313073696750138
v 9.43069 9.19932 -0.49941 0.11874168963356427 0.16491901337995038 0.07916112642237617
v 10.74428 10.29304 -0.61372 0.11874168963356427 0.16491901337995038 0.07916112642237617
v 11.14742 10.75994 0.71008 0.11874168963356427 0.16491901337995038 0.07916112642237617
v 8.84635 10.58358 -0.81999 0.15788979437884262 0.21929138108172586 0.10525986291922841
v 10.05412 10.41319 0.89795 0.15788979437884262 0.21929138108172586 0.10525986291922841
v 8.73072 10.20156 0.49348 0.15788979437884262 0.21929138108172586 0.10525986291922841
v 8.84635 10.58358 -0.81999 0.13420632522201623 0.18639767391946696 0.08947088348134415
v 10.12144 10.80202 -0.48424 0.13420632522201623 0.18639767391946696 0.08947088348134415
v 10.05412 10.41319 0.89795 0.13420632522201623 0.18639767391946696 0.08947088348134415
v 6.80773 10.71819 -1.20766 0.13656834393600117 0.1896782554666683 0.09104556262400078
v 8.15581 9.54877 0.40252 0.13656834393600117 0.1896782554666683 0.09104556262400078
v 6.80307 9.7725 0.11088 0.13656834393600117 0.1896782554666683 0.09104556262400078
v 6.80773 10.71819 -1.20766 0.11608309234560099 0.16122651714666805 0.07738872823040066
v 8.10654 10.54123 -0.98043 0.11608309234560099 0.16122651714666805 0.07738872823040066
v 8.15581 9.54877 0.40252 0.11608309234560099 0.16122651714666805 0.07738872823040066
v 6.28872 10.94925 0.2699 0.15174206050201666 0.21075286180835648 0.1011613736680111
v 8.24751 9.74269 -0.48716 0.15174206050201666 0.21075286180835648 0.1011613736680111
v 7.53537 10.63965 0.69936 0.15174206050201666 0.21075286180835648 0.1011613736680111
v 6.28872 10.94925 0.2699 0.12898075142671417 0.179139932537103 0.08598716761780943
v 6.92251 10.10056 -0.88633 0.12898075142671417 0.179139932537103 0.08598716761780943
v 8.24751 9.74269 -0.48716 0.12898075142671417 0.179139932537103 0.08598716761780943
v 0.26723 7.83348 0.0 0.1848 0.1722 0.1596
v -1.97001 7.9451 1.52073 0.1848 0.1722 0.1596
v -1.75413 8.09522 1.69212 0.1848 0.1722 0.1596
v 0.26723 7.83348 0.0 0.1848 0.1722 0.1596
v -0.01661 7.5324 -0.27163 0.1848 0.1722 0.1596
v -1.97001 7.9451 1.52073 0.1848 0.1722 0.1596
v -0.01661 7.5324 -0.27163 0.21390412772719958 0.19931975538216323 0.18473538303712692
v -1.92818 7.69583 1.69212 0.21390412772719958 0.19931975538216323 0.18473538303712692
v -1.97001 7.9451 1.52073 0.21390412772719958 0.19931975538216323 0.18473538303712692
v -0.01661 7.5324 -0.27163 0.21390412772719958 0.19931975538216323 0.18473538303712692
v 0.13441 7.15493 -0.0 0.21390412772719958 0.19931975538216323 0.18473538303712692
v -1.92818 7.69583 1.69212 0.21390412772719958 0.19931975538216323 0.18473538303712692
v 0.13441 7.15493 -0.0 0.2049608005950316 0.19098620055446125 0.17701160051389092
v -1.71712 7.8349 1.86352 0.2049608005950316 0.19098620055446125 0.17701160051389092
v -1.92818 7.69583 1.69212 0.2049608005950316 0.19098620055446125 0.17701160051389092
v 0.13441 7.15493 -0.0 0.2049608005950316 0.19098620055446125 0.17701160051389092
v 0.41661 7.4476 0.27163 0.2049608005950316 0.19098620055446125 0.17701160051389092
v -1.71712 7.8349 1.86352 0.2049608005950316 0.19098620055446125 0.17701160051389092
v 0.41661 7.4476 0.27163 0.18754817032630813 0.1747607950767871 0.16197341982726612
v -1.75413 8.09522 1.69212 0.18754817032630813 0.1747607950767871 0.16197341982726612
v -1.71712 7.8349 1.86352 0.18754817032630813 0.1747607950767871 0.16197341982726612
v 0.41661 7.4476 0.27163 0.18754817032630813 0.1747607950767871 0.16197341982726612
v 0.26723 7.83348 0.0 0.18754817032630813 0.1747607950767871 0.16197341982726612
v -1.75413 8.09522 1.69212 0.18754817032630813 0.1747607950767871 0.16197341982726612
v -1.75413 8.09522 1.69212 0.2097241843232297 0.19542480811937313 0.18112543191551655
v -4.41282 9.50469 3.99334 0.2097241843232297 0.19542480811937313 0.18112543191551655
v -4.36472 9.52933 4.02887 0.2097241843232297 0.19542480811937313 0.18112543191551655
v -1.75413 8.09522 1.69212 0.2097241843232297 0.19542480811937313 0.18112543191551655
v -1.97001 7.9451 1.52073 0.2097241843232297 0.19542480811937313 0.18112543191551655
v -4.41282 9.50469 3.99334 0.2097241843232297 0.19542480811937313 0.18112543191551655
v -1.97001 7.9451 1.52073 0.18550100295495356 0.172853207298934 0.16020541164291444
v -4.41233 9.45358 4.02887 0.18550100295495356 0.172853207298934 0.16020541164291444
v -4.41282 9.50469 3.99334 0.18550100295495356 0.172853207298934 0.16020541164291444
v -1.97001 7.9451 1.52073 0.18550100295495356 0.172853207298934 0.16020541164291444
v -1.92818 7.69583 1.69212 0.18550100295495356 0.172853207298934 0.16020541164291444
v -4.41233 9.45358 4.02887 0.18550100295495356 0.172853207298934 0.16020541164291444
v -1.92818 7.69583 1.69212 0.21716765891174555 0.2023607730768538 0.18755388724196206
v -4.36606 9.47531 4.0644 0.21716765891174555 0.2023607730768538 0.18755388724196206
v -4.41233 9.45358 4.02887 0.21716765891174555 0.2023607730768538 0.18755388724196206
v -1.92818 7.69583 1.69212 0.21716765891174555 0.2023607730768538 0.18755388724196206
v -1.71712 7.8349 1.86352 0.21716765891174555 0.2023607730768538 0.18755388724196206
v -4.36606 9.47531 4.0644 0.21716765891174555 0.2023607730768538 0.18755388724196206
v -1.71712 7.8349 1.86352 0.19999342495954212 0.18635750962139153 0.17272159428324094
v -4.36472 9.52933 4.02887 0.19999342495954212 0.18635750962139153 0.17272159428324094
v -4.36606 9.47531 4.0644 0.19999342495954212 0.18635750962139153 0.17272159428324094
v -1.71712 7.8349 1.86352 0.19999342495954212 0.18635750962139153 0.17272159428324094
v -1.75413 8.09522 1.69212 0.19999342495954212 0.18635750962139153 0.17272159428324094
v -4.36472 9.52933 4.02887 0.19999342495954212 0.18635750962139153 0.17272159428324094
v -4.40569 10.92746 6.11522 0.2176015003883539 0.302224306094936 0.14506766692556927
v -2.33224 10.87474 6.44805 0.2176015003883539 0.302224306094936 0.14506766692556927
v -3.54515 11.23983 7.11424 0.2176015003883539 0.302224306094936 0.14506766692556927
v -4.40569 10.92746 6.11522 0.18496127533010082 0.2568906601806956 0.12330751688673387
v -3.27572 10.56448 5.43572 0.18496127533010082 0.2568906601806956 0.12330751688673387
v -2.33224 10.87474 6.44805 0.18496127533010082 0.2568906601806956 0.12330751688673387
v -4.1652 10.51982 6.18846 0.22490742376442774 0.3123714218950385 0.1499382825096185
v -3.21189 10.06385 4.31731 0.22490742376442774 0.3123714218950385 0.1499382825096185
v -2.95024 9.98666 5.67617 0.22490742376442774 0.3123714218950385 0.1499382825096185
v -4.1652 10.51982 6.18846 0.19117131019976358 0.2655157086107827 0.12744754013317572
v -4.46498 10.61525 4.90445 0.19117131019976358 0.2655157086107827 0.12744754013317572
v -3.21189 10.06385 4.31731 0.19117131019976358 0.2655157086107827 0.12744754013317572
v -3.52657 9.06155 6.8044 0.1830022458814303 0.25416978594643097 0.12200149725428686
v -5.38592 10.56579 5.82828 0.1830022458814303 0.25416978594643097 0.12200149725428686
v -4.02396 9.50162 5.58327 0.1830022458814303 0.25416978594643097 0.12200149725428686
v -3.52657 9.06155 6.8044 0.15555190899921575 0.2160443180544663 0.10370127266614383
v -4.81415 10.06555 7.08846 0.15555190899921575 0.2160443180544663 0.10370127266614383
v -5.38592 10.56579 5.82828 0.15555190899921575 0.2160443180544663 0.10370127266614383
v -4.61686 10.32579 4.27951 0.21086648446907558 0.29287011731816054 0.14057765631271704
v -6.267 11.86913 2.98064 0.21086648446907558 0.29287011731816054 0.14057765631271704
v -4.8832 10.64345 2.98814 0.21086648446907558 0.29287011731816054 0.14057765631271704
v -4.61686 10.32579 4.27951 0.17923651179871425 0.24893959972043644 0.11949100786580948
v -5.93466 11.48974 4.32396 0.17923651179871425 0.24893959972043644 0.11949100786580948
v -6.267 11.86913 2.98064 0.17923651179871425 0.24893959972043644 0.11949100786580948
v -2.31948 9.56724 7.17 0.20110371301290836 0.2793107125179283 0.13406914200860556
v -3.7683 10.55587 8.69017 0.20110371301290836 0.2793107125179283 0.13406914200860556
v -3.63022 9.62077 7.31325 0.20110371301290836 0.2793107125179283 0.13406914200860556
v -2.31948 9.56724 7.17 0.1709381560609721 0.23741410564023901 0.11395877070731472
v -2.39961 10.46279 8.48611 0.1709381560609721 0.23741410564023901 0.11395877070731472
v -3.7683 10.55587 8.69017 0.1709381560609721 0.23741410564023901 0.11395877070731472
v -1.92876 10.70146 6.7688 0.13388219615506675 0.18594749465981494 0.08925479743671116
v -2.13886 11.2978 8.85827 0.13388219615506675 0.18594749465981494 0.08925479743671116
v -2.87534 11.34598 7.68671 0.13388219615506675 0.18594749465981494 0.08925479743671116
v -1.92876 10.70146 6.7688 0.11379986673180673 0.1580553704608427 0.07586657782120448
v -1.18387 10.62943 7.85679 0.11379986673180673 0.1580553704608427 0.07586657782120448
v -2.13886 11.2978 8.85827 0.11379986673180673 0.1580553704608427 0.07586657782120448
v -3.60209 9.54733 5.45467 0.1785525152824362 0.2479896045589392 0.11903501018829081
v -1.58052 10.25191 4.8861 0.1785525152824362 0.2479896045589392 0.11903501018829081
v -2.4016 10.25936 6.00001 0.1785525152824362 0.2479896045589392 0.11903501018829081
v -3.60209 9.54733 5.45467 0.15176963799007076 0.21079116387509833 0.10117975866004719
v -2.86187 9.5117 4.3635 0.15176963799007076 0.21079116387509833 0.10117975866004719
v -1.58052 10.25191 4.8861 0.15176963799007076 0.21079116387509833 0.10117975866004719
v -2.97046 10.57954 7.0462 0.1314416615127644 0.1825578632121728 0.08762777434184293
v -1.18581 9.77914 5.9394 0.1314416615127644 0.1825578632121728 0.08762777434184293
v -1.66584 10.1627 7.2373 0.1314416615127644 0.1825578632121728 0.08762777434184293
v -2.97046 10.57954 7.0462 0.11172541228584974 0.15517418373034686 0.07448360819056649
v -2.56182 10.22799 5.79258 0.11172541228584974 0.15517418373034686 0.07448360819056649
v -1.18581 9.77914 5.9394 0.11172541228584974 0.15517418373034686 0.07448360819056649
v -4.0709 8.81513 7.52719 0.14224716519996913 0.19756550722217936 0.09483144346664608
v -5.89325 10.29221 6.48363 0.14224716519996913 0.19756550722217936 0.09483144346664608
v -4.52323 9.19776 6.28866 0.14224716519996913 0.19756550722217936 0.09483144346664608
v -4.0709 8.81513 7.52719 0.12091009041997376 0.16793068113885246 0.08060672694664917
v -5.36802 9.8505 7.7639 0.12091009041997376 0.16793068113885246 0.08060672694664917
v -5.89325 10.29221 6.48363 0.12091009041997376 0.16793068113885246 0.08060672694664917
v -2.87598 10.00179 6.25762 0.2096797563748348 0.2912218838539372 0.13978650424988986
v -1.35334 8.50146 4.81139 0.2096797563748348 0.2912218838539372 0.13978650424988986
v -1.55974 8.94466 6.17974 0.2096797563748348 0.2912218838539372 0.13978650424988986
v -2.87598 10.00179 6.25762 0.17822779291860957 0.24753860127584662 0.11881852861240638
v -2.73049 9.61861 4.94712 0.17822779291860957 0.24753860127584662 0.11881852861240638
v -1.35334 8.50146 4.81139 0.17822779291860957 0.24753860127584662 0.11881852861240638
v -5.46995 9.20868 5.17919 0.2079577464209353 0.28883020336241017 0.13863849761395688
v -3.50778 9.57442 4.43094 0.2079577464209353 0.28883020336241017 0.13863849761395688
v -4.22525 9.65979 5.61425 0.2079577464209353 0.28883020336241017 0.13863849761395688
v -5.46995 9.20868 5.17919 0.176764084457795 0.24550567285804864 0.11784272297186335
v -4.83097 9.10868 4.02582 0.176764084457795 0.24550567285804864 0.11784272297186335
v -3.50778 9.57442 4.43094 0.176764084457795 0.24550567285804864 0.11784272297186335
v -5.0589 10.41992 6.1632 0.17450070458631203 0.24236208970321116 0.11633380305754135
v -3.20213 11.92207 7.14424 0.17450070458631203 0.24236208970321116 0.11633380305754135
v -4.56474 10.96683 7.38565 0.17450070458631203 0.24236208970321116 0.11633380305754135
v -5.0589 10.41992 6.1632 0.14832559889836522 0.20600777624772948 0.09888373259891015
v -3.77056 11.31507 5.88255 0.14832559889836522 0.20600777624772948 0.09888373259891015
v -3.20213 11.92207 7.14424 0.14832559889836522 0.20600777624772948 0.09888373259891015
v -4.3733 10.92385 5.26287 0.15056891046650694 0.2091234867590374 0.10037927364433795
v -3.37712 11.67833 7.11156 0.15056891046650694 0.2091234867590374 0.10037927364433795
v -4.64341 11.161 6.55345 0.15056891046650694 0.2091234867590374 0.10037927364433795
v -4.3733 10.92385 5.26287 0.1279835738965309 0.1777549637451818 0.08532238259768725
v -3.14686 11.411 5.74703 0.1279835738965309 0.1777549637451818 0.08532238259768725
v -3.37712 11.67833 7.11156 0.1279835738965309 0.1777549637451818 0.08532238259768725
v -3.44623 10.77001 4.592 0.14047062527380888 0.1950980906580679 0.09364708351587259
v -2.32345 12.34359 2.81736 0.14047062527380888 0.1950980906580679 0.09364708351587259
v -2.18899 11.12721 4.19463 0.14047062527380888 0.1950980906580679 0.09364708351587259
v -3.44623 10.77001 4.592 0.11940003148273755 0.16583337705935772 0.0796000209884917
v -3.6256 11.92345 3.28571 0.11940003148273755 0.16583337705935772 0.0796000209884917
v -2.32345 12.34359 2.81736 0.11940003148273755 0.16583337705935772 0.0796000209884917
v -5.41113 9.66014 7.01823 0.2201457287129049 0.30575795654570126 0.1467638191419366
v -7.3716 8.13698 7.77094 0.2201457287129049 0.30575795654570126 0.1467638191419366
v -6.65682 9.08743 6.58601 0.2201457287129049 0.30575795654570126 0.1467638191419366
v -5.41113 9.66014 7.01823 0.18712386940596915 0.25989426306384605 0.1247492462706461
v -6.04749 8.77062 8.17305 0.18712386940596915 0.25989426306384605 0.1247492462706461
v -7.3716 8.13698 7.77094 0.18712386940596915 0.25989426306384605 0.1247492462706461
v -3.64536 8.4195 4.26246 0.17229435259155723 0.23929771193271837 0.11486290172770482
v -1.54573 9.62334 4.22278 0.17229435259155723 0.23929771193271837 0.11486290172770482
v -2.62148 9.35948 5.09326 0.17229435259155723 0.23929771193271837 0.11486290172770482
v -3.64536 8.4195 4.26246 0.14645019970282364 0.20340305514281062 0.09763346646854909
v -2.6536 8.63521 3.39357 0.14645019970282364 0.20340305514281062 0.09763346646854909
v -1.54573 9.62334 4.22278 0.14645019970282364 0.20340305514281062 0.09763346646854909
v -6.29836 10.63543 4.88779 0.18524928714837413 0.2572906765949641 0.12349952476558275
v -8.37055 9.10943 5.22839 0.18524928714837413 0.2572906765949641 0.12349952476558275
v -7.43087 10.30163 4.21253 0.18524928714837413 0.2572906765949641 0.12349952476558275
v -6.29836 10.63543 4.88779 0.15746189407611802 0.21869707510571945 0.10497459605074533
v -7.15514 9.50427 5.89002 0.15746189407611802 0.21869707510571945 0.10497459605074533
v -8.37055 9.10943 5.22839 0.15746189407611802 0.21869707510571945 0.10497459605074533
v -4.31972 8.91662 6.44379 0.20328359485667608 0.2823383261898279 0.1355223965711174
v -5.60638 8.11313 4.78412 0.20328359485667608 0.2823383261898279 0.1355223965711174
v -4.26555 8.26977 5.12636 0.20328359485667608 0.2823383261898279 0.1355223965711174
v -4.31972 8.91662 6.44379 0.17279105562817465 0.23998757726135372 0.11519403708544979
v -5.60909 8.79212 6.16794 0.17279105562817465 0.23998757726135372 0.11519403708544979
v -5.60638 8.11313 4.78412 0.17279105562817465 0.23998757726135372 0.11519403708544979
v -5.64976 9.0154 6.59539 0.17428524304163034 0.24206283755781993 0.11619016202775356
v -4.64492 7.45456 8.43938 0.17428524304163034 0.24206283755781993 0.11619016202775356
v -5.91381 8.13341 7.88722 0.17428524304163034 0.24206283755781993 0.11619016202775356
v -5.64976 9.0154 6.59539 0.1481424565853858 0.20575341192414695 0.09876163772359052
v -4.42106 8.39899 7.07378 0.1481424565853858 0.20575341192414695 0.09876163772359052
v -4.64492 7.45456 8.43938 0.1481424565853858 0.20575341192414695 0.09876163772359052
v -3.92789 8.54111 6.71288 0.16919426708659102 0.2349920376202653 0.11279617805772733
v -5.96595 7.67937 6.20659 0.16919426708659102 0.2349920376202653 0.11279617805772733
v -4.70124 8.23605 5.64493 0.16919426708659102 0.2349920376202653 0.11279617805772733
v -3.92789 8.54111 6.71288 0.14381512702360236 0.1997432319772255 0.09587675134906823
v -5.11109 8.01889 7.29479 0.14381512702360236 0.1997432319772255 0.09587675134906823
v -5.96595 7.67937 6.20659 0.14381512702360236 0.1997432319772255 0.09587675134906823
v -6.71128 9.09257 5.32428 0.19320227667405615 0.26833649538063353 0.1288015177827041
v -8.81124 7.98662 5.31187 0.19320227667405615 0.26833649538063353 0.1288015177827041
v -7.71424 8.96261 4.46834 0.19320227667405615 0.26833649538063353 0.1288015177827041
v -6.71128 9.09257 5.32428 0.16422193517294773 0.2280860210735385 0.10948129011529849
v -7.72428 8.16081 6.16831 0.16422193517294773 0.2280860210735385 0.10948129011529849
v -8.81124 7.98662 5.31187 0.16422193517294773 0.2280860210735385 0.10948129011529849
v 0.54992 7.97255 0.0 0.1848 0.1722 0.1596
v 0.17806 8.17456 -2.50226 0.1848 0.1722 0.1596
v 0.42995 8.34718 -2.42967 0.1848 0.1722 0.1596
v 0.54992 7.97255 0.0 0.1848 0.1722 0.1596
v 0.19265 7.63473 -0.05687 0.1848 0.1722 0.1596
v 0.17806 8.17456 -2.50226 0.1848 0.1722 0.1596
v 0.19265 7.63473 -0.05687 0.21390412772719958 0.19931975538216323 0.18473538303712692
v -0.001 8.41106 -2.42967 0.21390412772719958 0.19931975538216323 0.18473538303712692
v 0.17806 8.17456 -2.50226 0.21390412772719958 0.19931975538216323 0.18473538303712692
v 0.19265 7.63473 -0.05687 0.21390412772719958 0.19931975538216323 0.18473538303712692
v -0.14135 7.98727 -0.0 0.21390412772719958 0.19931975538216323 0.18473538303712692
v -0.001 8.41106 -2.42967 0.21390412772719958 0.19931975538216323 0.18473538303712692
v -0.14135 7.98727 -0.0 0.2049608005950316 0.19098620055446125 0.17701160051389092
v 0.23897 8.58544 -2.35709 0.2049608005950316 0.19098620055446125 0.17701160051389092
v -0.001 8.41106 -2.42967 0.2049608005950316 0.19098620055446125 0.17701160051389092
v -0.14135 7.98727 -0.0 0.2049608005950316 0.19098620055446125 0.17701160051389092
v 0.20735 8.32527 0.05687 0.2049608005950316 0.19098620055446125 0.17701160051389092
v 0.23897 8.58544 -2.35709 0.2049608005950316 0.19098620055446125 0.17701160051389092
v 0.20735 8.32527 0.05687 0.18754817032630813 0.1747607950767871 0.16197341982726612
v 0.42995 8.34718 -2.42967 0.18754817032630813 0.1747607950767871 0.16197341982726612
v 0.23897 8.58544 -2.35709 0.18754817032630813 0.1747607950767871 0.16197341982726612
v 0.20735 8.32527 0.05687 0.18754817032630813 0.1747607950767871 0.16197341982726612
v 0.54992 7.97255 0.0 0.18754817032630813 0.1747607950767871 0.16197341982726612
v 0.42995 8.34718 -2.42967 0.18754817032630813 0.1747607950767871 0.16197341982726612
v 0.42995 8.34718 -2.42967 0.2097241843232297 0.19542480811937313 0.18112543191551655
v 0.48929 9.94014 -5.80456 0.2097241843232297 0.19542480811937313 0.18112543191551655
v 0.54219 9.97177 -5.78494 0.2097241843232297 0.19542480811937313 0.18112543191551655
v 0.42995 8.34718 -2.42967 0.2097241843232297 0.19542480811937313 0.18112543191551655
v 0.17806 8.17456 -2.50226 0.2097241843232297 0.19542480811937313 0.18112543191551655
v 0.48929 9.94014 -5.80456 0.2097241843232297 0.19542480811937313 0.18112543191551655
v 0.17806 8.17456 -2.50226 0.18550100295495356 0.172853207298934 0.16020541164291444
v 0.45413 9.98762 -5.78494 0.18550100295495356 0.172853207298934 0.16020541164291444
v 0.48929 9.94014 -5.80456 0.18550100295495356 0.172853207298934 0.16020541164291444
v 0.17806 8.17456 -2.50226 0.18550100295495356 0.172853207298934 0.16020541164291444
v -0.001 8.41106 -2.42967 0.18550100295495356 0.172853207298934 0.16020541164291444
v 0.45413 9.98762 -5.78494 0.18550100295495356 0.172853207298934 0.16020541164291444
v -0.001 8.41106 -2.42967 0.21716765891174555 0.2023607730768538 0.18755388724196206
v 0.50364 10.01986 -5.76531 0.21716765891174555 0.2023607730768538 0.18755388724196206
v 0.45413 9.98762 -5.78494 0.21716765891174555 0.2023607730768538 0.18755388724196206
v -0.001 8.41106 -2.42967 0.21716765891174555 0.2023607730768538 0.18755388724196206
v 0.23897 8.58544 -2.35709 0.21716765891174555 0.2023607730768538 0.18755388724196206
v 0.50364 10.01986 -5.76531 0.21716765891174555 0.2023607730768538 0.18755388724196206
v 0.23897 8.58544 -2.35709 0.19999342495954212 0.18635750962139153 0.17272159428324094
v 0.54219 9.97177 -5.78494 0.19999342495954212 0.18635750962139153 0.17272159428324094
v 0.50364 10.01986 -5.76531 0.19999342495954212 0.18635750962139153 0.17272159428324094
v 0.23897 8.58544 -2.35709 0.19999342495954212 0.18635750962139153 0.17272159428324094
v 0.42995 8.34718 -2.42967 0.19999342495954212 0.18635750962139153 0.17272159428324094
v 0.54219 9.97177 -5.78494 0.19999342495954212 0.18635750962139153 0.17272159428324094
v -1.4 9.26969 -4.54975 0.1986680067262964 0.2759277871198561 0.13244533781753093
v -3.49302 10.1802 -4.72087 0.1986680067262964 0.2759277871198561 0.13244533781753093
v -2.33539 10.04542 -5.47906 0.1986680067262964 0.2759277871198561 0.13244533781753093
v -1.4 9.26969 -4.54975 0.16886780571735194 0.23453861905187767 0.11257853714490129
v -2.47391 9.36804 -3.78472 0.16886780571735194 0.23453861905187767 0.11257853714490129
v -3.49302 10.1802 -4.72087 0.16886780571735194 0.23453861905187767 0.11257853714490129
v -1.75995 9.29671 -7.85886 0.14277362853026912 0.19829670629204044 0.0951824190201794
v 0.34005 9.05098 -7.85687 0.14277362853026912 0.19829670629204044 0.0951824190201794
v -0.75276 9.60376 -7.0079 0.14277362853026912 0.19829670629204044 0.0951824190201794
v -1.75995 9.29671 -7.85886 0.12135758425072875 0.16855220034823437 0.08090505616715249
v -0.75115 8.75376 -8.7079 0.12135758425072875 0.16855220034823437 0.08090505616715249
v 0.34005 9.05098 -7.85687 0.12135758425072875 0.16855220034823437 0.08090505616715249
v -2.7823 9.52101 -5.19094 0.14980627693595533 0.20806427352216017 0.09987085129063687
v -3.26763 10.71369 -3.14779 0.14980627693595533 0.20806427352216017 0.09987085129063687
v -3.84225 10.28123 -4.40667 0.14980627693595533 0.20806427352216017 0.09987085129063687
v -2.7823 9.52101 -5.19094 0.12733533539556202 0.17685463249383615 0.08489022359704133
v -2.18827 9.90576 -4.01378 0.12733533539556202 0.17685463249383615 0.08489022359704133
v -3.26763 10.71369 -3.14779 0.12733533539556202 0.17685463249383615 0.08489022359704133
v -2.39655 10.88378 -4.69896 0.16369885489767852 0.22735952069122017 0.10913256993178568
v -0.70267 11.75568 -3.45768 0.16369885489767852 0.22735952069122017 0.10913256993178568
v -2.08591 10.93969 -3.41752 0.16369885489767852 0.22735952069122017 0.10913256993178568
v -2.39655 10.88378 -4.69896 0.13914402666302675 0.19325559258753713 0.09276268444201782
v -1.08107 11.66489 -4.78876 0.13914402666302675 0.19325559258753713 0.09276268444201782
v -0.70267 11.75568 -3.45768 0.13914402666302675 0.19325559258753713 0.09276268444201782
v -2.40671 9.05318 -5.30068 0.2150086165952178 0.2986230786044692 0.1433390777301452
v -0.36804 9.68181 -5.80449 0.2150086165952178 0.2986230786044692 0.1433390777301452
v -1.22423 9.75193 -4.71733 0.2150086165952178 0.2986230786044692 0.1433390777301452
v -2.40671 9.05318 -5.30068 0.18275732410593512 0.2538296168137988 0.12183821607062342
v -1.63207 8.95792 -6.36769 0.18275732410593512 0.2538296168137988 0.12183821607062342
v -0.36804 9.68181 -5.80449 0.18275732410593512 0.2538296168137988 0.12183821607062342
v -0.32405 11.26831 -6.91822 0.1769934977347476 0.24582430240937167 0.1179956651564984
v 1.47551 10.80524 -5.83583 0.1769934977347476 0.24582430240937167 0.1179956651564984
v 0.10163 10.78904 -5.67028 0.1769934977347476 0.24582430240937167 0.1179956651564984
v -0.32405 11.26831 -6.91822 0.15044447307453546 0.20895065704796592 0.10029631538302364
v 0.97785 11.30303 -7.12707 0.15044447307453546 0.20895065704796592 0.10029631538302364
v 1.47551 10.80524 -5.83583 0.15044447307453546 0.20895065704796592 0.10029631538302364
v -0.61452 9.74176 -4.68646 0.17207424145164238 0.23899200201617 0.11471616096776159
v -1.2853 10.29929 -2.69648 0.17207424145164238 0.23899200201617 0.11471616096776159
v -1.74197 10.04365 -4.00278 0.17207424145164238 0.23899200201617 0.11471616096776159
v -0.61452 9.74176 -4.68646 0.14626310523389602 0.20314320171374448 0.09750873682259735
v -0.13102 9.9751 -3.45976 0.14626310523389602 0.20314320171374448 0.09750873682259735
v -1.2853 10.29929 -2.69648 0.14626310523389602 0.20314320171374448 0.09750873682259735
v -1.59478 9.81687 -5.98178 0.15524832799498944 0.21562267777081867 0.10349888532999296
v -1.82043 9.45118 -3.89394 0.15524832799498944 0.21562267777081867 0.10349888532999296
v -2.54817 9.99247 -5.07095 0.15524832799498944 0.21562267777081867 0.10349888532999296
v -1.59478 9.81687 -5.98178 0.131961078795741 0.18327927610519587 0.08797405253049402
v -0.85801 9.29021 -4.88828 0.131961078795741 0.18327927610519587 0.08797405253049402
v -1.82043 9.45118 -3.89394 0.131961078795741 0.18327927610519587 0.08797405253049402
v -1.13812 10.97698 -5.40914 0.14152813476244624 0.1965668538367309 0.09435208984163082
v 0.9547 9.44924 -5.23564 0.14152813476244624 0.1965668538367309 0.09435208984163082
v -0.2038 10.64446 -4.47877 0.14152813476244624 0.1965668538367309 0.09435208984163082
v -1.13812 10.97698 -5.40914 0.12029891454807931 0.16708182576122124 0.0801992763653862
v -0.06334 9.84287 -6.17295 0.12029891454807931 0.16708182576122124 0.0801992763653862
v 0.9547 9.44924 -5.23564 0.12029891454807931 0.16708182576122124 0.0801992763653862
v -2.65517 9.85494 -8.0245 0.1579847106034169 0.21942320917141236 0.10532314040227793
v -1.65301 9.45775 -6.17905 0.1579847106034169 0.21942320917141236 0.10532314040227793
v -2.9211 9.53391 -6.73305 0.1579847106034169 0.21942320917141236 0.10532314040227793
v -2.65517 9.85494 -8.0245 0.13428700401290436 0.1865097277957005 0.08952466934193623
v -1.42716 9.79467 -7.54431 0.13428700401290436 0.1865097277957005 0.08952466934193623
v -1.65301 9.45775 -6.17905 0.13428700401290436 0.1865097277957005 0.08952466934193623
v 0.04628 10.45139 -8.41801 0.1521991786749541 0.2113877481596585 0.10146611911663607
v -1.49053 9.01801 -6.98685 0.1521991786749541 0.2113877481596585 0.10146611911663607
v -1.27067 9.36893 -8.35309 0.1521991786749541 0.2113877481596585 0.10146611911663607
v 0.04628 10.45139 -8.41801 0.12936930187371098 0.1796795859357097 0.08624620124914066
v -0.11211 10.15781 -7.10901 0.12936930187371098 0.1796795859357097 0.08624620124914066
v -1.49053 9.01801 -6.98685 0.12936930187371098 0.1796795859357097 0.08624620124914066
v -0.8574 9.88157 -5.99147 0.21614784425105182 0.300205339237572 0.14409856283403455
v -1.72964 10.90772 -4.08118 0.21614784425105182 0.300205339237572 0.14409856283403455
v -2.04929 10.23142 -5.42758 0.21614784425105182 0.300205339237572 0.14409856283403455
v -0.8574 9.88157 -5.99147 0.18372566761339404 0.25517453835193615 0.12248377840892936
v -0.50286 10.51683 -4.72148 0.18372566761339404 0.25517453835193615 0.12248377840892936
v -1.72964 10.90772 -4.08118 0.18372566761339404 0.25517453835193615 0.12248377840892936
v -1.27316 9.31 -8.57274 0.13901493814868973 0.1930763029842913 0.09267662543245982
v -3.26292 7.75882 -9.2442 0.13901493814868973 0.1930763029842913 0.09267662543245982
v -1.95646 8.53243 -9.70042 0.13901493814868973 0.1930763029842913 0.09267662543245982
v -1.27316 9.31 -8.57274 0.11816269742638627 0.1641148575366476 0.07877513161759084
v -2.50002 8.59845 -8.08966 0.11816269742638627 0.1641148575366476 0.07877513161759084
v -3.26292 7.75882 -9.2442 0.11816269742638627 0.1641148575366476 0.07877513161759084
v -0.65959 9.07552 -6.46121 0.1957751956879261 0.27190999401100846 0.13051679712528405
v 0.83317 7.50611 -4.98416 0.1957751956879261 0.27190999401100846 0.13051679712528405
v -0.54092 7.89789 -5.14801 0.1957751956879261 0.27190999401100846 0.13051679712528405
v -0.65959 9.07552 -6.46121 0.16640891633473717 0.23112349490935719 0.11093927755649144
v 0.65479 8.74652 -6.35644 0.16640891633473717 0.23112349490935719 0.11093927755649144
v 0.83317 7.50611 -4.98416 0.16640891633473717 0.23112349490935719 0.11093927755649144
v -1.85969 10.75616 -7.67233 0.16129208285590144 0.22401678174430756 0.10752805523726762
v -3.91443 10.15668 -7.23866 0.16129208285590144 0.22401678174430756 0.10752805523726762
v -3.02149 10.83323 -8.29585 0.16129208285590144 0.22401678174430756 0.10752805523726762
v -1.85969 10.75616 -7.67233 0.1370982704275162 0.1904142644826614 0.09139884695167748
v -2.67043 10.10359 -6.63249 0.1370982704275162 0.1904142644826614 0.09139884695167748
v -3.91443 10.15668 -7.23866 0.1370982704275162 0.1904142644826614 0.09139884695167748
v 0.10593 9.36576 -9.10681 0.1678764122974826 0.23316168374650362 0.11191760819832174
v 1.27285 10.94052 -10.85275 0.1678764122974826 0.23316168374650362 0.11191760819832174
v 1.37274 9.71036 -9.47254 0.1678764122974826 0.23316168374650362 0.11191760819832174
v 0.10593 9.36576 -9.10681 0.1426949504528602 0.19818743118452806 0.09512996696857347
v -0.04064 10.53293 -10.41718 0.1426949504528602 0.19818743118452806 0.09512996696857347
v 1.27285 10.94052 -10.85275 0.1426949504528602 0.19818743118452806 0.09512996696857347
v -1.51814 10.56088 -6.82538 0.1558988502078691 0.21652618084426264 0.10393256680524607
v -0.37398 8.98695 -5.06444 0.1558988502078691 0.21652618084426264 0.10393256680524607
v -1.68171 9.55345 -5.51702 0.1558988502078691 0.21652618084426264 0.10393256680524607
v -1.51814 10.56088 -6.82538 0.13251402267668871 0.18404725371762323 0.08834268178445916
v -0.25619 10.05733 -6.44324 0.13251402267668871 0.18404725371762323 0.08834268178445916
v -0.37398 8.98695 -5.06444 0.13251402267668871 0.18404725371762323 0.08834268178445916
v -1.50271 9.43085 -7.87092 0.15171609075714063 0.21071679271825086 0.10114406050476041
v 0.13327 10.80398 -9.18758 0.15171609075714063 0.21071679271825086 0.10114406050476041
v -0.18451 9.85728 -7.84074 0.15171609075714063 0.21071679271825086 0.10114406050476041
v -1.50271 9.43085 -7.87092 0.12895867714356954 0.17910927381051323 0.08597245142904635
v -1.25037 10.32263 -9.1651 0.12895867714356954 0.17910927381051323 0.08597245142904635
v 0.13327 10.80398 -9.18758 0.12895867714356954 0.17910927381051323 0.08597245142904635
v -1.13242 9.34901 -7.64228 0.20560604036720892 0.28556394495445686 0.13707069357813928
v -2.41907 9.8584 -9.30196 0.20560604036720892 0.28556394495445686 0.13707069357813928
v -1.07824 9.33236 -8.95971 0.20560604036720892 0.28556394495445686 0.13707069357813928
v -1.13242 9.34901 -7.64228 0.1747651343121276 0.24272935321128833 0.11651008954141838
v -2.42179 9.85467 -7.91814 0.1747651343121276 0.24272935321128833 0.11651008954141838
v -2.41907 9.8584 -9.30196 0.1747651343121276 0.24272935321128833 0.11651008954141838
v -1.80434 9.91255 -6.44801 0.19175568577539 0.26632734135470837 0.12783712385026003
v -2.29272 8.76696 -4.40559 0.19175568577539 0.26632734135470837 0.12783712385026003
v -2.86546 9.54806 -5.66533 0.19175568577539 0.26632734135470837 0.12783712385026003
v -1.80434 9.91255 -6.44801 0.1629923329090815 0.2263782401515021 0.10866155527272102
v -1.21207 9.17728 -5.26997 0.1629923329090815 0.2263782401515021 0.10866155527272102
v -2.29272 8.76696 -4.40559 0.1629923329090815 0.2263782401515021 0.10866155527272102
v -0.42919 11.51274 -6.28368 0.173472048686858 0.24093340095396945 0.11564803245790534
v 1.44333 12.13925 -5.33307 0.173472048686858 0.24093340095396945 0.11564803245790534
v 0.08485 11.66565 -5.06946 0.173472048686858 0.24093340095396945 0.11564803245790534
v -0.42919 11.51274 -6.28368 0.1474512413838293 0.20479339081087403 0.09830082758921953
v 0.85439 11.96127 -6.58531 0.1474512413838293 0.20479339081087403 0.09830082758921953
v 1.44333 12.13925 -5.33307 0.1474512413838293 0.20479339081087403 0.09830082758921953
v 0.30664 8.13664 0.0 0.1848 0.1722 0.1596
v 1.59296 8.95766 1.7377 0.1848 0.1722 0.1596
v 1.5676 8.6793 1.88046 0.1848 0.1722 0.1596
v 0.30664 8.13664 0.0 0.1848 0.1722 0.1596
v 0.47334 8.55744 -0.20035 0.1848 0.1722 0.1596
v 1.59296 8.95766 1.7377 0.1848 0.1722 0.1596
v 0.47334 8.55744 -0.20035 0.21390412772719958 0.19931975538216323 0.18473538303712692
v 1.33944 9.05043 1.88046 0.21390412772719958 0.19931975538216323 0.18473538303712692
v 1.59296 8.95766 1.7377 0.21390412772719958 0.19931975538216323 0.18473538303712692
v 0.47334 8.55744 -0.20035 0.21390412772719958 0.19931975538216323 0.18473538303712692
v 0.09597 8.7952 -0.0 0.21390412772719958 0.19931975538216323 0.18473538303712692
v 1.33944 9.05043 1.88046 0.21390412772719958 0.19931975538216323 0.18473538303712692
v 0.09597 8.7952 -0.0 0.2049608005950316 0.19098620055446125 0.17701160051389092
v 1.30777 8.78234 2.02323 0.2049608005950316 0.19098620055446125 0.17701160051389092
v 1.33944 9.05043 1.88046 0.2049608005950316 0.19098620055446125 0.17701160051389092
v 0.09597 8.7952 -0.0 0.2049608005950316 0.19098620055446125 0.17701160051389092
v -0.07334 8.38256 0.20035 0.2049608005950316 0.19098620055446125 0.17701160051389092
v 1.30777 8.78234 2.02323 0.2049608005950316 0.19098620055446125 0.17701160051389092
v -0.07334 8.38256 0.20035 0.18754817032630813 0.1747607950767871 0.16197341982726612
v 1.5676 8.6793 1.88046 0.18754817032630813 0.1747607950767871 0.16197341982726612
v 1.30777 8.78234 2.02323 0.18754817032630813 0.1747607950767871 0.16197341982726612
v -0.07334 8.38256 0.20035 0.18754817032630813 0.1747607950767871 0.16197341982726612
v 0.30664 8.13664 0.0 0.18754817032630813 0.1747607950767871 0.16197341982726612
v 1.5676 8.6793 1.88046 0.18754817032630813 0.1747607950767871 0.16197341982726612
v 1.5676 8.6793 1.88046 0.2097241843232297 0.19542480811937313 0.18112543191551655
v 3.47827 10.48999 4.44568 0.2097241843232297 0.19542480811937313 0.18112543191551655
v 3.48224 10.43371 4.4773 0.2097241843232297 0.19542480811937313 0.18112543191551655
v 1.5676 8.6793 1.88046 0.2097241843232297 0.19542480811937313 0.18112543191551655
v 1.59296 8.95766 1.7377 0.2097241843232297 0.19542480811937313 0.18112543191551655
v 3.47827 10.48999 4.44568 0.2097241843232297 0.19542480811937313 0.18112543191551655
v 1.59296 8.95766 1.7377 0.18550100295495356 0.172853207298934 0.16020541164291444
v 3.4264 10.50361 4.4773 0.18550100295495356 0.172853207298934 0.16020541164291444
v 3.47827 10.48999 4.44568 0.18550100295495356 0.172853207298934 0.16020541164291444
v 1.59296 8.95766 1.7377 0.18550100295495356 0.172853207298934 0.16020541164291444
v 1.33944 9.05043 1.88046 0.18550100295495356 0.172853207298934 0.16020541164291444
v 3.4264 10.50361 4.4773 0.18550100295495356 0.172853207298934 0.16020541164291444
v 1.33944 9.05043 1.88046 0.21716765891174555 0.2023607730768538 0.18755388724196206
v 3.42823 10.45001 4.50891 0.21716765891174555 0.2023607730768538 0.18755388724196206
v 3.4264 10.50361 4.4773 0.21716765891174555 0.2023607730768538 0.18755388724196206
v 1.33944 9.05043 1.88046 0.21716765891174555 0.2023607730768538 0.18755388724196206
v 1.30777 8.78234 2.02323 0.21716765891174555 0.2023607730768538 0.18755388724196206
v 3.42823 10.45001 4.50891 0.21716765891174555 0.2023607730768538 0.18755388724196206
v 1.30777 8.78234 2.02323 0.19999342495954212 0.18635750962139153 0.17272159428324094
v 3.48224 10.43371 4.4773 0.19999342495954212 0.18635750962139153 0.17272159428324094
v 3.42823 10.45001 4.50891 0.19999342495954212 0.18635750962139153 0.17272159428324094
v 1.30777 8.78234 2.02323 0.19999342495954212 0.18635750962139153 0.17272159428324094
v 1.5676 8.6793 1.88046 0.19999342495954212 0.18635750962139153 0.17272159428324094
v 3.48224 10.43371 4.4773 0.19999342495954212 0.18635750962139153 0.17272159428324094
v 6.7419 10.41328 2.69932 0.13612113583155377 0.18905713309938024 0.09074742388770252
v 8.45541 10.69798 1.48528 0.13612113583155377 0.18905713309938024 0.09074742388770252
v 8.05578 10.41295 2.81015 0.13612113583155377 0.18905713309938024 0.09074742388770252
v 6.7419 10.41328 2.69932 0.11570296545682071 0.1606985631344732 0.07713531030454714
v 7.07299 10.68693 1.42302 0.11570296545682071 0.1606985631344732 0.07713531030454714
v 8.45541 10.69798 1.48528 0.11570296545682071 0.1606985631344732 0.07713531030454714
v 3.74208 11.55379 2.55924 0.1653758914338088 0.22968873810251222 0.11025059428920586
v 2.22423 10.06382 4.01048 0.1653758914338088 0.22968873810251222 0.11025059428920586
v 2.4261 10.43621 2.64146 0.1653758914338088 0.22968873810251222 0.11025059428920586
v 3.74208 11.55379 2.55924 0.14056950771873747 0.1952354273871354 0.09371300514582498
v 3.60092 11.241 3.8702 0.14056950771873747 0.1952354273871354 0.09371300514582498
v 2.22423 10.06382 4.01048 0.14056950771873747 0.1952354273871354 0.09371300514582498
v 6.19071 10.30901 4.59334 0.13521629290684464 0.18780040681506202 0.09014419527122977
v 5.19303 9.21805 2.74547 0.13521629290684464 0.18780040681506202 0.09014419527122977
v 6.45977 9.79056 3.30253 0.13521629290684464 0.18780040681506202 0.09014419527122977
v 6.19071 10.30901 4.59334 0.11493384897081795 0.15963034579280272 0.0766225659805453
v 4.96388 9.78014 4.11019 0.11493384897081795 0.15963034579280272 0.0766225659805453
v 5.19303 9.21805 2.74547 0.11493384897081795 0.15963034579280272 0.0766225659805453
v 5.11077 10.14435 3.4727 0.1330525510543972 0.1847952097977739 0.08870170070293146
v 3.06359 8.65968 3.9407 0.1330525510543972 0.1847952097977739 0.08870170070293146
v 3.93869 9.78071 2.86872 0.1330525510543972 0.1847952097977739 0.08870170070293146
v 5.11077 10.14435 3.4727 0.11309466839623762 0.1570759283281078 0.07539644559749174
v 4.31755 9.0827 4.52596 0.11309466839623762 0.1570759283281078 0.07539644559749174
v 3.06359 8.65968 3.9407 0.11309466839623762 0.1570759283281078 0.07539644559749174
v 4.81335 12.11784 2.82356 0.21083001297354284 0.29281946246325397 0.14055334198236188
v 3.82995 10.57768 4.67908 0.21083001297354284 0.29281946246325397 0.14055334198236188
v 3.59028 11.14408 3.31617 0.21083001297354284 0.29281946246325397 0.14055334198236188
v 4.81335 12.11784 2.82356 0.17920551102751142 0.24889654309376585 0.1194703406850076
v 5.09236 11.61304 4.11225 0.17920551102751142 0.24889654309376585 0.1194703406850076
v 3.82995 10.57768 4.67908 0.17920551102751142 0.24889654309376585 0.1194703406850076
v 5.35896 10.99251 2.76658 0.21586505019087487 0.29981256970954845 0.14391003346058326
v 7.429 9.72826 3.12002 0.21586505019087487 0.29981256970954845 0.14391003346058326
v 6.20951 10.71254 3.7741 0.21586505019087487 0.29981256970954845 0.14391003346058326
v 5.35896 10.99251 2.76658 0.18348529266224364 0.2548406842531162 0.12232352844149577
v 6.49564 10.0588 2.09836 0.18348529266224364 0.2548406842531162 0.12232352844149577
v 7.429 9.72826 3.12002 0.18348529266224364 0.2548406842531162 0.12232352844149577
v 4.41998 11.56383 3.58236 0.1677296879658402 0.23295789995255586 0.11181979197722682
v 3.83659 12.54331 1.56502 0.1677296879658402 0.23295789995255586 0.11181979197722682
v 4.95649 12.36366 2.3779 0.1677296879658402 0.23295789995255586 0.11181979197722682
v 4.41998 11.56383 3.58236 0.14257023477096417 0.19801421495967247 0.0950468231806428
v 3.32341 11.7043 2.85017 0.14257023477096417 0.19801421495967247 0.0950468231806428
v 3.83659 12.54331 1.56502 0.14257023477096417 0.19801421495967247 0.0950468231806428
v 4.84597 11.30623 4.2123 0.208481243851584 0.2895572831272 0.138987495901056
v 3.6431 10.15171 5.93367 0.208481243851584 0.2895572831272 0.138987495901056
v 3.57185 10.37585 4.55168 0.208481243851584 0.2895572831272 0.138987495901056
v 4.84597 11.30623 4.2123 0.1772090572738464 0.24612369065812 0.1181393715158976
v 4.96534 11.12827 5.52543 0.1772090572738464 0.24612369065812 0.1181393715158976
v 3.6431 10.15171 5.93367 0.1772090572738464 0.24612369065812 0.1181393715158976
v 6.72896 10.29577 5.31297 0.17032485297495645 0.23656229579855065 0.11354990198330431
v 7.61831 9.08891 3.41059 0.17032485297495645 0.23656229579855065 0.11354990198330431
v 7.92586 9.44484 4.7598 0.17032485297495645 0.23656229579855065 0.11354990198330431
v 6.72896 10.29577 5.31297 0.14477612502871298 0.20107795142876805 0.09651741668580865
v 6.38584 9.98811 4.03985 0.14477612502871298 0.20107795142876805 0.09651741668580865
v 7.61831 9.08891 3.41059 0.14477612502871298 0.20107795142876805 0.09651741668580865
v 6.97511 11.28246 2.9517 0.2210554130019701 0.3070214069471807 0.14737027533464675
v 8.6974 10.343 4.15325 0.2210554130019701 0.3070214069471807 0.14737027533464675
v 7.31547 10.49168 4.22556 0.2210554130019701 0.3070214069471807 0.14737027533464675
v 6.97511 11.28246 2.9517 0.18789710105167456 0.2609681959051036 0.12526473403444974
v 8.28815 11.17137 2.83133 0.18789710105167456 0.2609681959051036 0.12526473403444974
v 8.6974 10.343 4.15325 0.18789710105167456 0.2609681959051036 0.12526473403444974
v 5.3622 10.93181 5.29217 0.1599194065465169 0.22211028687016238 0.10661293769767793
v 6.18827 11.39456 3.36147 0.1599194065465169 0.22211028687016238 0.10661293769767793
v 6.54019 10.92888 4.6998 0.1599194065465169 0.22211028687016238 0.10661293769767793
v 5.3622 10.93181 5.29217 0.13593149556453937 0.188793743839638 0.09062099704302624
v 4.97724 11.37898 4.03107 0.13593149556453937 0.188793743839638 0.09062099704302624
v 6.18827 11.39456 3.36147 0.13593149556453937 0.188793743839638 0.09062099704302624
v 6.55944 10.35979 4.59303 0.1759771359138333 0.2444126887692129 0.11731809060922219
v 4.47754 11.83955 4.86815 0.1759771359138333 0.2444126887692129 0.11731809060922219
v 5.44877 11.48441 3.88241 0.1759771359138333 0.2444126887692129 0.11731809060922219
v 6.55944 10.35979 4.59303 0.1495805655267583 0.20775078545383097 0.09972037701783885
v 5.67149 10.65574 5.56776 0.1495805655267583 0.20775078545383097 0.09972037701783885
v 4.47754 11.83955 4.86815 0.1495805655267583 0.20775078545383097 0.09972037701783885
v 7.02412 10.50771 5.40299 0.21397274054245324 0.2971843618645184 0.14264849369496882
v 9.12412 12.07109 5.40097 0.21397274054245324 0.2971843618645184 0.14264849369496882
v 8.03294 11.60295 6.25202 0.21397274054245324 0.2971843618645184 0.14264849369496882
v 7.02412 10.50771 5.40299 0.18187682946108524 0.25260670758484066 0.1212512196407235
v 8.0313 10.91331 4.55202 0.18187682946108524 0.25260670758484066 0.1212512196407235
v 9.12412 12.07109 5.40097 0.18187682946108524 0.25260670758484066 0.1212512196407235
v 5.29083 12.17948 2.91079 0.1866573093096413 0.25924626293005737 0.12443820620642754
v 3.19604 13.67471 2.76299 0.1866573093096413 0.25924626293005737 0.12443820620642754
v 4.34515 13.24724 1.99195 0.1866573093096413 0.25924626293005737 0.12443820620642754
v 5.29083 12.17948 2.91079 0.1586587129131951 0.22035932349054876 0.1057724752754634
v 4.2255 12.54713 3.68774 0.1586587129131951 0.22035932349054876 0.1057724752754634
v 3.19604 13.67471 2.76299 0.1586587129131951 0.22035932349054876 0.1057724752754634
v 3.61794 11.41777 4.21436 0.1601347450235536 0.2224093680882689 0.10675649668236906
v 2.56355 10.40913 2.39825 0.1601347450235536 0.2224093680882689 0.10675649668236906
v 3.84693 10.88501 2.91585 0.1601347450235536 0.2224093680882689 0.10675649668236906
v 3.61794 11.41777 4.21436 0.13611453327002054 0.18904796287502856 0.09074302218001369
v 2.37674 10.98223 3.7694 0.13611453327002054 0.18904796287502856 0.09074302218001369
v 2.56355 10.40913 2.39825 0.13611453327002054 0.18904796287502856 0.09074302218001369
v 5.20119 9.57391 4.87865 0.15738776132023144 0.21859411294476588 0.10492517421348763
v 3.1618 8.10862 5.37953 0.15738776132023144 0.21859411294476588 0.10492517421348763
v 4.01954 9.20283 4.2936 0.15738776132023144 0.21859411294476588 0.10492517421348763
v 5.20119 9.57391 4.87865 0.13377959712219673 0.185804996003051 0.08918639808146447
v 4.42502 8.53831 5.94454 0.13377959712219673 0.185804996003051 0.08918639808146447
v 3.1618 8.10862 5.37953 0.13377959712219673 0.185804996003051 0.08918639808146447
v 5.63445 10.11948 5.75556 0.20371244800442997 0.2829339555617083 0.13580829866962
v 3.79742 8.63033 4.73806 0.20371244800442997 0.2829339555617083 0.13580829866962
v 5.16452 9.09476 4.5236 0.20371244800442997 0.2829339555617083 0.13580829866962
v 5.63445 10.11948 5.75556 0.17315558080376547 0.24049386222745206 0.11543705386917699
v 4.34083 9.71462 6.01072 0.17315558080376547 0.24049386222745206 0.11543705386917699
v 3.79742 8.63033 4.73806 0.17315558080376547 0.24049386222745206 0.11543705386917699
v 3.71773 10.759 5.92384 0.17615203980679908 0.2446556108427765 0.11743469320453272
v 5.58451 10.14315 6.88567 0.17615203980679908 0.2446556108427765 0.11743469320453272
v 4.22447 10.30582 7.14112 0.17615203980679908 0.2446556108427765 0.11743469320453272
v 3.71773 10.759 5.92384 0.1497292338357792 0.20795726921636004 0.09981948922385281
v 5.0031 10.62096 5.62991 0.1497292338357792 0.20795726921636004 0.09981948922385281
v 5.58451 10.14315 6.88567 0.1497292338357792 0.20795726921636004 0.09981948922385281
v 6.06105 11.13167 5.81794 0.2007218180781299 0.2787803028862915 0.13381454538541993
v 3.96567 12.70639 5.95727 0.2007218180781299 0.2787803028862915 0.13381454538541993
v 4.99887 12.31216 5.03669 0.2007218180781299 0.2787803028862915 0.13381454538541993
v 6.06105 11.13167 5.81794 0.1706135453664104 0.2369632574533478 0.11374236357760693
v 5.11166 11.46291 6.73294 0.1706135453664104 0.2369632574533478 0.11374236357760693
v 3.96567 12.70639 5.95727 0.1706135453664104 0.2369632574533478 0.11374236357760693
v 3.96894 9.65755 5.96555 0.1656557344896704 0.2300774090134311 0.11043715632644692
v 5.0898 11.23145 7.7414 0.1656557344896704 0.2300774090134311 0.11043715632644692
v 3.78815 10.17993 7.27164 0.1656557344896704 0.2300774090134311 0.11043715632644692
v 3.96894 9.65755 5.96555 0.1408073743162198 0.19556579766141644 0.09387158287747988
v 5.22575 10.64612 6.36427 0.1408073743162198 0.19556579766141644 0.09387158287747988
v 5.0898 11.23145 7.7414 0.1408073743162198 0.19556579766141644 0.09387158287747988
v 5.22246 10.31544 4.21703 0.16001017788092256 0.222236358167948 0.10667345192061504
v 6.83156 9.96671 2.86765 0.16001017788092256 0.222236358167948 0.10667345192061504
v 6.54101 9.8868 4.22063 0.16001017788092256 0.222236358167948 0.10667345192061504
v 5.22246 10.31544 4.21703 0.13600865119878416 0.1889009044427558 0.09067243413252278
v 5.44865 10.4093 2.91803 0.13600865119878416 0.1889009044427558 0.09067243413252278
v 6.83156 9.96671 2.86765 0.13600865119878416 0.1889009044427558 0.09067243413252278
v 0.25579 9.30552 0.0 0.1848 0.1722 0.1596
v -2.24504 9.34855 -0.6111 0.1848 0.1722 0.1596
v -2.20218 9.57091 -0.39376 0.1848 0.1722 0.1596
v 0.25579 9.30552 0.0 0.1848 0.1722 0.1596
v 0.25356 8.95135 -0.34577 0.1848 0.1722 0.1596
v -2.24504 9.34855 -0.6111 0.1848 0.1722 0.1596
v 0.25356 8.95135 -0.34577 0.21390412772719958 0.19931975538216323 0.18473538303712692
v -2.34821 9.16045 -0.39376 0.21390412772719958 0.19931975538216323 0.18473538303712692
v -2.24504 9.34855 -0.6111 0.21390412772719958 0.19931975538216323 0.18473538303712692
v 0.25356 8.95135 -0.34577 0.21390412772719958 0.19931975538216323 0.18473538303712692
v 0.14557 8.62293 -0.0 0.21390412772719958 0.19931975538216323 0.18473538303712692
v -2.34821 9.16045 -0.39376 0.21390412772719958 0.19931975538216323 0.18473538303712692
v 0.14557 8.62293 -0.0 0.2049608005950316 0.19098620055446125 0.17701160051389092
v -2.30939 9.37145 -0.17643 0.2049608005950316 0.19098620055446125 0.17701160051389092
v -2.34821 9.16045 -0.39376 0.2049608005950316 0.19098620055446125 0.17701160051389092
v 0.14557 8.62293 -0.0 0.2049608005950316 0.19098620055446125 0.17701160051389092
v 0.14644 8.96865 0.34577 0.2049608005950316 0.19098620055446125 0.17701160051389092
v -2.30939 9.37145 -0.17643 0.2049608005950316 0.19098620055446125 0.17701160051389092
v 0.14644 8.96865 0.34577 0.18754817032630813 0.1747607950767871 0.16197341982726612
v -2.20218 9.57091 -0.39376 0.18754817032630813 0.1747607950767871 0.16197341982726612
v -2.30939 9.37145 -0.17643 0.18754817032630813 0.1747607950767871 0.16197341982726612
v 0.14644 8.96865 0.34577 0.18754817032630813 0.1747607950767871 0.16197341982726612
v 0.25579 9.30552 0.0 0.18754817032630813 0.1747607950767871 0.16197341982726612
v -2.20218 9.57091 -0.39376 0.18754817032630813 0.1747607950767871 0.16197341982726612
v -2.20218 9.57091 -0.39376 0.2097241843232297 0.19542480811937313 0.18112543191551655
v -5.41583 10.95689 -0.98201 0.2097241843232297 0.19542480811937313 0.18112543191551655
v -5.40088 11.0014 -0.93754 0.2097241843232297 0.19542480811937313 0.18112543191551655
v -2.20218 9.57091 -0.39376 0.2097241843232297 0.19542480811937313 0.18112543191551655
v -2.24504 9.34855 -0.6111 0.2097241843232297 0.19542480811937313 0.18112543191551655
v -5.41583 10.95689 -0.98201 0.2097241843232297 0.19542480811937313 0.18112543191551655
v -2.24504 9.34855 -0.6111 0.18550100295495356 0.172853207298934 0.16020541164291444
v -5.44145 10.92166 -0.93754 0.18550100295495356 0.172853207298934 0.16020541164291444
v -5.41583 10.95689 -0.98201 0.18550100295495356 0.172853207298934 0.16020541164291444
v -2.24504 9.34855 -0.6111 0.18550100295495356 0.172853207298934 0.16020541164291444
v -2.34821 9.16045 -0.39376 0.18550100295495356 0.172853207298934 0.16020541164291444
v -5.44145 10.92166 -0.93754 0.18550100295495356 0.172853207298934 0.16020541164291444
v -2.34821 9.16045 -0.39376 0.21716765891174555 0.2023607730768538 0.18755388724196206
v -5.42805 10.96311 -0.89306 0.21716765891174555 0.2023607730768538 0.18755388724196206
v -5.44145 10.92166 -0.93754 0.21716765891174555 0.2023607730768538 0.18755388724196206
v -2.34821 9.16045 -0.39376 0.21716765891174555 0.2023607730768538 0.18755388724196206
v -2.30939 9.37145 -0.17643 0.21716765891174555 0.2023607730768538 0.18755388724196206
v -5.42805 10.96311 -0.89306 0.21716765891174555 0.2023607730768538 0.18755388724196206
v -2.30939 9.37145 -0.17643 0.19999342495954212 0.18635750962139153 0.17272159428324094
v -5.40088 11.0014 -0.93754 0.19999342495954212 0.18635750962139153 0.17272159428324094
v -5.42805 10.96311 -0.89306 0.19999342495954212 0.18635750962139153 0.17272159428324094
v -2.30939 9.37145 -0.17643 0.19999342495954212 0.18635750962139153 0.17272159428324094
v -2.20218 9.57091 -0.39376 0.19999342495954212 0.18635750962139153 0.17272159428324094
v -5.40088 11.0014 -0.93754 0.19999342495954212 0.18635750962139153 0.17272159428324094
v -4.33397 11.40693 0.08414 0.20272424665321484 0.2815614536850206 0.13514949776880988
v -5.79823 10.69254 1.58944 0.20272424665321484 0.2815614536850206 0.13514949776880988
v -5.6461 10.64581 0.214 0.20272424665321484 0.2815614536850206 0.13514949776880988
v -4.33397 11.40693 0.08414 0.1723156096552326 0.23932723563226752 0.1148770731034884
v -4.42753 11.48223 1.39936 0.1723156096552326 0.23932723563226752 0.1148770731034884
v -5.79823 10.69254 1.58944 0.1723156096552326 0.23932723563226752 0.1148770731034884
v -7.16309 12.01854 1.92012 0.14987663845816576 0.20816199785856357 0.09991775897211051
v -8.47672 10.52957 3.55853 0.14987663845816576 0.20816199785856357 0.09991775897211051
v -8.4568 10.88849 2.17485 0.14987663845816576 0.20816199785856357 0.09991775897211051
v -7.16309 12.01854 1.92012 0.12739514268944088 0.17693769817977903 0.08493009512629393
v -7.13047 11.71917 3.23827 0.12739514268944088 0.17693769817977903 0.08493009512629393
v -8.47672 10.52957 3.55853 0.12739514268944088 0.17693769817977903 0.08493009512629393
v -4.5548 11.94791 0.11567 0.20476626178697008 0.2843975858152362 0.13651084119131338
v -2.80223 12.41545 1.27261 0.20476626178697008 0.2843975858152362 0.13651084119131338
v -4.18185 11.86117 1.38037 0.20476626178697008 0.2843975858152362 0.13651084119131338
v -4.5548 11.94791 0.11567 0.17405132251892455 0.24173794794295078 0.11603421501261636
v -3.24528 12.48348 -0.03837 0.17405132251892455 0.24173794794295078 0.11603421501261636
v -2.80223 12.41545 1.27261 0.17405132251892455 0.24173794794295078 0.11603421501261636
v -4.98054 10.41384 1.25837 0.1679387731652845 0.23324829606289516 0.11195918211018967
v -7.00301 9.0993 0.69305 0.1679387731652845 0.23324829606289516 0.11195918211018967
v -5.7225 9.8418 0.1684 0.1679387731652845 0.23324829606289516 0.11195918211018967
v -4.98054 10.41384 1.25837 0.14274795719049183 0.1982610516534609 0.09516530479366121
v -6.18015 9.72393 1.80564 0.14274795719049183 0.1982610516534609 0.09516530479366121
v -7.00301 9.0993 0.69305 0.14274795719049183 0.1982610516534609 0.09516530479366121
v -7.0116 11.90942 2.18865 0.16978136444943398 0.23580745062421388 0.11318757629962266
v -8.9031 13.48079 3.1009 0.16978136444943398 0.23580745062421388 0.11318757629962266
v -8.28876 12.68174 1.86092 0.16978136444943398 0.23580745062421388 0.11318757629962266
v -7.0116 11.90942 2.18865 0.1443141597820189 0.20043633303058178 0.09620943985467925
v -7.55028 12.64562 3.39214 0.1443141597820189 0.20043633303058178 0.09620943985467925
v -8.9031 13.48079 3.1009 0.1443141597820189 0.20043633303058178 0.09620943985467925
v -6.27085 11.53624 -0.31882 0.16744644683727344 0.23256450949621313 0.11163096455818229
v -6.82666 11.92764 1.70629 0.16744644683727344 0.23256450949621313 0.11163096455818229
v -7.35733 11.85598 0.42826 0.16744644683727344 0.23256450949621313 0.11163096455818229
v -6.27085 11.53624 -0.31882 0.14232947981168242 0.19767983307178116 0.09488631987445495
v -5.71795 11.59224 0.8782 0.14232947981168242 0.19767983307178116 0.09488631987445495
v -6.82666 11.92764 1.70629 0.14232947981168242 0.19767983307178116 0.09488631987445495
v -5.28956 11.43941 0.85557 0.14005256950498718 0.19451745764581552 0.09336837966999144
v -4.58743 11.47684 -1.12358 0.14005256950498718 0.19451745764581552 0.09336837966999144
v -4.15146 11.33252 0.18977 0.14005256950498718 0.19451745764581552 0.09336837966999144
v -5.28956 11.43941 0.85557 0.1190446840792391 0.1653398389989432 0.07936312271949272
v -5.75362 11.58223 -0.37861 0.1190446840792391 0.1653398389989432 0.07936312271949272
v -4.58743 11.47684 -1.12358 0.1190446840792391 0.1653398389989432 0.07936312271949272
v -8.05848 12.26693 -0.30928 0.14654520612579358 0.20353500850804665 0.09769680408386239
v -7.13133 11.2145 -2.19353 0.14654520612579358 0.20353500850804665 0.09769680408386239
v -6.85077 11.46431 -0.83844 0.14654520612579358 0.20353500850804665 0.09769680408386239
v -8.05848 12.26693 -0.30928 0.12456342520692454 0.17300475723183964 0.08304228347128302
v -8.37612 12.05921 -1.58899 0.12456342520692454 0.17300475723183964 0.08304228347128302
v -7.13133 11.2145 -2.19353 0.12456342520692454 0.17300475723183964 0.08304228347128302
v -5.31697 11.20605 2.11664 0.19435790640349918 0.26994153667152665 0.1295719376023328
v -6.5073 12.26944 0.38658 0.19435790640349918 0.26994153667152665 0.1295719376023328
v -5.18807 11.53976 0.80441 0.19435790640349918 0.26994153667152665 0.1295719376023328
v -5.31697 11.20605 2.11664 0.16520422044297428 0.22945030617079765 0.11013614696198287
v -6.58859 11.89319 1.76802 0.16520422044297428 0.22945030617079765 0.11013614696198287
v -6.5073 12.26944 0.38658 0.16520422044297428 0.22945030617079765 0.11013614696198287
v -7.10578 11.234 1.97631 0.18611940825041917 0.2584991781255822 0.12407960550027945
v -7.72797 12.79292 3.98203 0.18611940825041917 0.2584991781255822 0.12407960550027945
v -8.21627 12.05856 2.68722 0.18611940825041917 0.2584991781255822 0.12407960550027945
v -7.10578 11.234 1.97631 0.1582014970128563 0.21972430140674487 0.10546766467523754
v -6.59259 11.906 3.19089 0.1582014970128563 0.21972430140674487 0.10546766467523754
v -7.72797 12.79292 3.98203 0.1582014970128563 0.21972430140674487 0.10546766467523754
v -8.33628 11.75529 -0.8474 0.17616218631803204 0.24466970321948897 0.1174414575453547
v -8.21953 13.09948 -2.94415 0.17616218631803204 0.24466970321948897 0.1174414575453547
v -7.43156 12.72575 -1.80658 0.17616218631803204 0.24466970321948897 0.1174414575453547
v -8.33628 11.75529 -0.8474 0.14973785837032724 0.2079692477365656 0.0998252389135515
v -9.12893 12.07525 -1.90109 0.14973785837032724 0.2079692477365656 0.0998252389135515
v -8.21953 13.09948 -2.94415 0.14973785837032724 0.2079692477365656 0.0998252389135515
v -5.19222 11.67314 0.01505 0.1863917311086453 0.2588774043175629 0.12426115407243019
v -3.44705 13.20568 1.18312 0.1863917311086453 0.2588774043175629 0.12426115407243019
v -4.82733 12.09016 1.2821 0.1863917311086453 0.2588774043175629 0.12426115407243019
v -5.19222 11.67314 0.01505 0.1584329714423485 0.22004579366992846 0.10562198096156565
v -3.88174 12.72736 -0.13065 0.1584329714423485 0.22004579366992846 0.10562198096156565
v -3.44705 13.20568 1.18312 0.1584329714423485 0.22004579366992846 0.10562198096156565
v -7.62729 12.67342 -1.08647 0.21975322243623144 0.3052128089392103 0.14650214829082095
v -5.66293 11.613 -1.82896 0.21975322243623144 0.3052128089392103 0.14650214829082095
v -6.38387 12.44384 -0.64777 0.21975322243623144 0.3052128089392103 0.14650214829082095
v -7.62729 12.67342 -1.08647 0.18679023907079673 0.2594308875983288 0.12452682604719781
v -6.98493 11.885 -2.23796 0.18679023907079673 0.2594308875983288 0.12452682604719781
v -5.66293 11.613 -1.82896 0.18679023907079673 0.2594308875983288 0.12452682604719781
v -7.04893 12.6728 0.15605 0.1713160980553056 0.23793902507681333 0.11421073203687039
v -6.13614 13.5344 2.0473 0.1713160980553056 0.23793902507681333 0.11421073203687039
v -7.37629 13.03728 1.43332 0.1713160980553056 0.23793902507681333 0.11421073203687039
v -7.04893 12.6728 0.15605 0.14561868334700975 0.20224817131529133 0.09707912223133983
v -5.84528 13.13545 0.69439 0.14561868334700975 0.20224817131529133 0.09707912223133983
v -6.13614 13.5344 2.0473 0.14561868334700975 0.20224817131529133 0.09707912223133983
v -6.95989 11.67648 -1.70059 0.18745609109553713 0.2603556820771349 0.12497072739702474
v -7.32442 12.25848 -3.76871 0.18745609109553713 0.2603556820771349 0.12497072739702474
v -6.29777 12.36824 -2.84084 0.18745609109553713 0.2603556820771349 0.12497072739702474
v -6.95989 11.67648 -1.70059 0.15933767743120655 0.22130232976556466 0.10622511828747103
v -7.97196 11.54344 -2.54574 0.15933767743120655 0.22130232976556466 0.10622511828747103
v -7.32442 12.25848 -3.76871 0.15933767743120655 0.22130232976556466 0.10622511828747103
v -6.72582 12.04036 -1.21092 0.15352192198934275 0.21322489165186495 0.10234794799289518
v -8.62202 13.07243 -2.11337 0.15352192198934275 0.21322489165186495 0.10234794799289518
v -7.27072 12.30835 -2.41161 0.15352192198934275 0.21322489165186495 0.10234794799289518
v -6.72582 12.04036 -1.21092 0.13049363369094133 0.1812411579040852 0.0869957557939609
v -8.00127 12.76316 -0.87658 0.13049363369094133 0.1812411579040852 0.0869957557939609
v -8.62202 13.07243 -2.11337 0.13049363369094133 0.1812411579040852 0.0869957557939609
v -8.0854 12.37821 -0.85708 0.12994487315215428 0.18047899048910315 0.08662991543476951
v -9.51935 12.78675 -2.39128 0.12994487315215428 0.18047899048910315 0.08662991543476951
v -8.15271 12.20786 -2.17391 0.12994487315215428 0.18047899048910315 0.08662991543476951
v -8.0854 12.37821 -0.85708 0.11045314217933114 0.15340714191573768 0.07363542811955409
v -9.39468 12.94076 -1.01308 0.11045314217933114 0.15340714191573768 0.07363542811955409
v -9.51935 12.78675 -2.39128 0.11045314217933114 0.15340714191573768 0.07363542811955409
v -7.29364 12.35037 0.5289 0.15774833747303482 0.2190949131569928 0.10516555831535654
v -9.26757 13.8385 1.24555 0.15774833747303482 0.2190949131569928 0.10516555831535654
v -8.5312 13.25224 0.07392 0.15774833747303482 0.2190949131569928 0.10516555831535654
v -7.29364 12.35037 0.5289 0.1340860868520796 0.18623067618344388 0.08939072456805305
v -7.95105 12.8771 1.67187 0.1340860868520796 0.18623067618344388 0.08939072456805305
v -9.26757 13.8385 1.24555 0.1340860868520796 0.18623067618344388 0.08939072456805305
v -8.56009 11.01767 0.66039 0.15965143414523028 0.2217381029794865 0.10643428943015353
v -7.70229 11.34078 2.5772 0.15965143414523028 0.2217381029794865 0.10643428943015353
v -8.9242 11.17389 1.92766 0.15965143414523028 0.2217381029794865 0.10643428943015353
v -8.56009 11.01767 0.66039 0.13570371902344575 0.18847738753256352 0.0904691460156305
v -7.3725 11.17163 1.23325 0.13570371902344575 0.18847738753256352 0.0904691460156305
v -7.70229 11.34078 2.5772 0.13570371902344575 0.18847738753256352 0.0904691460156305
v -6.39213 11.73248 -0.25208 0.17832473360427814 0.24767324111705297 0.11888315573618542
v -4.77504 12.50923 1.0877 0.17832473360427814 0.24767324111705297 0.11888315573618542
v -6.15822 11.69992 1.04555 0.17832473360427814 0.24767324111705297 0.11888315573618542
v -6.39213 11.73248 -0.25208 0.15157602356363642 0.21052225494949503 0.10105068237575761
v -5.07364 12.51072 -0.26352 0.15157602356363642 0.21052225494949503 0.10105068237575761
v -4.77504 12.50923 1.0877 0.15157602356363642 0.21052225494949503 0.10105068237575761
v -8.57656 12.08947 -1.38556 0.16957464723979201 0.23552034338860003 0.11304976482652801
v -10.60401 10.69187 -1.93281 0.16957464723979201 0.23552034338860003 0.11304976482652801
v -9.32823 11.49292 -2.46887 0.16957464723979201 0.23552034338860003 0.11304976482652801
v -8.57656 12.08947 -1.38556 0.1441384501538232 0.20019229188031 0.09609230010254881
v -9.77124 11.34432 -0.82761 0.1441384501538232 0.20019229188031 0.09609230010254881
v -10.60401 10.69187 -1.93281 0.1441384501538232 0.20019229188031 0.09609230010254881
v 0.2806 9.10941 0.0 0.1848 0.1722 0.1596
v 1.78637 9.80169 -1.40307 0.1848 0.1722 0.1596
v 1.98466 9.64702 -1.21526 0.1848 0.1722 0.1596
v 0.2806 9.10941 0.0 0.1848 0.1722 0.1596
v 0.00475 9.40379 -0.28678 0.1848 0.1722 0.1596
v 1.78637 9.80169 -1.40307 0.1848 0.1722 0.1596
v 0.00475 9.40379 -0.28678 0.21390412772719958 0.19931975538216323 0.18473538303712692
v 1.80095 10.04205 -1.21526 0.21390412772719958 0.19931975538216323 0.18473538303712692
v 1.78637 9.80169 -1.40307 0.21390412772719958 0.19931975538216323 0.18473538303712692
v 0.00475 9.40379 -0.28678 0.21390412772719958 0.19931975538216323 0.18473538303712692
v 0.12137 9.78225 -0.0 0.21390412772719958 0.19931975538216323 0.18473538303712692
v 1.80095 10.04205 -1.21526 0.21390412772719958 0.19931975538216323 0.18473538303712692
v 0.12137 9.78225 -0.0 0.2049608005950316 0.19098620055446125 0.17701160051389092
v 1.99415 9.89831 -1.02745 0.2049608005950316 0.19098620055446125 0.17701160051389092
v 1.80095 10.04205 -1.21526 0.2049608005950316 0.19098620055446125 0.17701160051389092
v 0.12137 9.78225 -0.0 0.2049608005950316 0.19098620055446125 0.17701160051389092
v 0.39525 9.49621 0.28678 0.2049608005950316 0.19098620055446125 0.17701160051389092
v 1.99415 9.89831 -1.02745 0.2049608005950316 0.19098620055446125 0.17701160051389092
v 0.39525 9.49621 0.28678 0.18754817032630813 0.1747607950767871 0.16197341982726612
v 1.98466 9.64702 -1.21526 0.18754817032630813 0.1747607950767871 0.16197341982726612
v 1.99415 9.89831 -1.02745 0.18754817032630813 0.1747607950767871 0.16197341982726612
v 0.39525 9.49621 0.28678 0.18754817032630813 0.1747607950767871 0.16197341982726612
v 0.2806 9.10941 0.0 0.18754817032630813 0.1747607950767871 0.16197341982726612
v 1.98466 9.64702 -1.21526 0.18754817032630813 0.1747607950767871 0.16197341982726612
v 1.98466 9.64702 -1.21526 0.2097241843232297 0.19542480811937313 0.18112543191551655
v 4.48219 11.4387 -2.93293 0.2097241843232297 0.19542480811937313 0.18112543191551655
v 4.52491 11.4104 -2.89347 0.2097241843232297 0.19542480811937313 0.18112543191551655
v 1.98466 9.64702 -1.21526 0.2097241843232297 0.19542480811937313 0.18112543191551655
v 1.78637 9.80169 -1.40307 0.2097241843232297 0.19542480811937313 0.18112543191551655
v 4.48219 11.4387 -2.93293 0.2097241843232297 0.19542480811937313 0.18112543191551655
v 1.78637 9.80169 -1.40307 0.18550100295495356 0.172853207298934 0.16020541164291444
v 4.47815 11.48667 -2.89347 0.18550100295495356 0.172853207298934 0.16020541164291444
v 4.48219 11.4387 -2.93293 0.18550100295495356 0.172853207298934 0.16020541164291444
v 1.78637 9.80169 -1.40307 0.18550100295495356 0.172853207298934 0.16020541164291444
v 1.80095 10.04205 -1.21526 0.18550100295495356 0.172853207298934 0.16020541164291444
v 4.47815 11.48667 -2.89347 0.18550100295495356 0.172853207298934 0.16020541164291444
v 1.80095 10.04205 -1.21526 0.21716765891174555 0.2023607730768538 0.18755388724196206
v 4.51907 11.4613 -2.85401 0.21716765891174555 0.2023607730768538 0.18755388724196206
v 4.47815 11.48667 -2.89347 0.21716765891174555 0.2023607730768538 0.18755388724196206
v 1.80095 10.04205 -1.21526 0.21716765891174555 0.2023607730768538 0.18755388724196206
v 1.99415 9.89831 -1.02745 0.21716765891174555 0.2023607730768538 0.18755388724196206
v 4.51907 11.4613 -2.85401 0.21716765891174555 0.2023607730768538 0.18755388724196206
v 1.99415 9.89831 -1.02745 0.19999342495954212 0.18635750962139153 0.17272159428324094
v 4.52491 11.4104 -2.89347 0.19999342495954212 0.18635750962139153 0.17272159428324094
v 4.51907 11.4613 -2.85401 0.19999342495954212 0.18635750962139153 0.17272159428324094
v 1.99415 9.89831 -1.02745 0.19999342495954212 0.18635750962139153 0.17272159428324094
v 1.98466 9.64702 -1.21526 0.19999342495954212 0.18635750962139153 0.17272159428324094
v 4.52491 11.4104 -2.89347 0.19999342495954212 0.18635750962139153 0.17272159428324094
v 5.03678 11.62634 -3.54022 0.14383025539087202 0.19976424359843337 0.09588683692724802
v 2.97397 10.23066 -3.14675 0.14383025539087202 0.19976424359843337 0.09588683692724802
v 3.88737 11.3375 -4.1863 0.14383025539087202 0.19976424359843337 0.09588683692724802
v 5.03678 11.62634 -3.54022 0.12225571708224121 0.16979960705866837 0.08150381138816082
v 4.2059 10.57533 -2.51641 0.12225571708224121 0.16979960705866837 0.08150381138816082
v 2.97397 10.23066 -3.14675 0.12225571708224121 0.16979960705866837 0.08150381138816082
v 4.35425 12.30713 -3.73482 0.1390174830678275 0.19307983759420486 0.09267832204521832
v 4.83798 10.73226 -1.6913 0.1390174830678275 0.19307983759420486 0.09267832204521832
v 3.7593 11.84854 -2.55813 0.1390174830678275 0.19307983759420486 0.09267832204521832
v 4.35425 12.30713 -3.73482 0.11816486060765337 0.16411786195507413 0.07877657373843558
v 5.41358 11.25385 -2.94973 0.11816486060765337 0.16411786195507413 0.07877657373843558
v 4.83798 10.73226 -1.6913 0.11816486060765337 0.16411786195507413 0.07877657373843558
v 4.7638 11.67003 -4.33155 0.20228583650038115 0.2809525506949738 0.13485722433358743
v 3.61314 12.85938 -6.08825 0.20228583650038115 0.2809525506949738 0.13485722433358743
v 4.92253 12.10099 -5.6405 0.20228583650038115 0.2809525506949738 0.13485722433358743
v 4.7638 11.67003 -4.33155 0.17194296102532397 0.23880966809072773 0.11462864068354932
v 3.50044 12.38085 -4.70902 0.17194296102532397 0.23880966809072773 0.11462864068354932
v 3.61314 12.85938 -6.08825 0.17194296102532397 0.23880966809072773 0.11462864068354932
v 4.87022 12.47657 -3.82516 0.1958161736065992 0.2719669077869433 0.13054411573773278
v 3.50541 12.62838 -5.42119 0.1958161736065992 0.2719669077869433 0.13054411573773278
v 4.86112 12.22775 -5.14368 0.1958161736065992 0.2719669077869433 0.13054411573773278
v 4.87022 12.47657 -3.82516 0.1664437475656093 0.23117187161890182 0.11096249837707287
v 3.5691 12.87112 -4.03883 0.1664437475656093 0.23117187161890182 0.11096249837707287
v 3.50541 12.62838 -5.42119 0.1664437475656093 0.23117187161890182 0.11096249837707287
v 4.97136 10.71688 -4.58807 0.1794517783081488 0.24923858098354001 0.11963451887209921
v 7.02566 11.0129 -5.0238 0.1794517783081488 0.24923858098354001 0.11963451887209921
v 6.13379 11.27291 -3.96572 0.1794517783081488 0.24923858098354001 0.11963451887209921
v 4.97136 10.71688 -4.58807 0.15253401156192647 0.211852793836009 0.10168934104128433
v 5.78105 10.44503 -5.62872 0.15253401156192647 0.211852793836009 0.10168934104128433
v 7.02566 11.0129 -5.0238 0.15253401156192647 0.211852793836009 0.10168934104128433
v 2.04765 12.78753 -5.8826 0.16404330579170015 0.22783792471069467 0.10936220386113343
v 0.01265 12.47669 -6.40103 0.16404330579170015 0.22783792471069467 0.10936220386113343
v 1.28069 12.73683 -6.95513 0.16404330579170015 0.22783792471069467 0.10936220386113343
v 2.04765 12.78753 -5.8826 0.13943680992294513 0.19366223600409047 0.09295787328196342
v 0.86101 12.53983 -5.30775 0.13943680992294513 0.19366223600409047 0.09295787328196342
v 0.01265 12.47669 -6.40103 0.13943680992294513 0.19366223600409047 0.09295787328196342
v 4.54953 11.1173 -5.37495 0.21721600580153153 0.3016888969465716 0.14481067053435434
v 2.96584 11.8372 -3.99584 0.21721600580153153 0.3016888969465716 0.14481067053435434
v 3.23115 11.09366 -5.35399 0.21721600580153153 0.3016888969465716 0.14481067053435434
v 4.54953 11.1173 -5.37495 0.1846336049313018 0.2564355624045858 0.12308906995420119
v 4.34757 11.83203 -4.07196 0.1846336049313018 0.2564355624045858 0.12308906995420119
v 2.96584 11.8372 -3.99584 0.1846336049313018 0.2564355624045858 0.12308906995420119
v 5.56424 11.94291 -4.99532 0.21070565281851794 0.2926467400257194 0.1404704352123453
v 4.98117 10.43619 -7.01275 0.21070565281851794 0.2926467400257194 0.1404704352123453
v 6.10095 11.54954 -6.19969 0.21070565281851794 0.2926467400257194 0.1404704352123453
v 5.56424 11.94291 -4.99532 0.17909980489574023 0.24874972902186146 0.11939986993049351
v 4.46779 10.88983 -5.72768 0.17909980489574023 0.24874972902186146 0.11939986993049351
v 4.98117 10.43619 -7.01275 0.17909980489574023 0.24874972902186146 0.11939986993049351
v 3.12247 12.25062 -5.60751 0.1473623146915327 0.20466988151601762 0.09824154312768846
v 2.33565 13.45022 -3.66048 0.1473623146915327 0.20466988151601762 0.09824154312768846
v 1.95671 12.75835 -4.99141 0.1473623146915327 0.20466988151601762 0.09824154312768846
v 3.12247 12.25062 -5.60751 0.12525796748780277 0.17396939928861496 0.08350531165853518
v 3.53288 12.89451 -4.35446 0.12525796748780277 0.17396939928861496 0.08350531165853518
v 2.33565 13.45022 -3.66048 0.12525796748780277 0.17396939928861496 0.08350531165853518
v 4.28523 12.88025 -5.03635 0.21275075062708246 0.29548715364872563 0.1418338337513883
v 2.21761 13.37326 -5.40369 0.21275075062708246 0.29548715364872563 0.1418338337513883
v 3.44146 13.33384 -6.04957 0.21275075062708246 0.29548715364872563 0.1418338337513883
v 4.28523 12.88025 -5.03635 0.1808381380330201 0.25116408060141676 0.12055875868868006
v 3.14408 12.89994 -4.37578 0.1808381380330201 0.25116408060141676 0.12055875868868006
v 2.21761 13.37326 -5.40369 0.1808381380330201 0.25116408060141676 0.12055875868868006
v 3.94938 12.43535 -5.47018 0.19337864176180683 0.2685814468913984 0.12891909450787123
v 3.31704 13.99815 -3.46765 0.19337864176180683 0.2685814468913984 0.12891909450787123
v 2.8353 13.25307 -4.76491 0.19337864176180683 0.2685814468913984 0.12891909450787123
v 3.94938 12.43535 -5.47018 0.1643718454975358 0.22829422985768863 0.10958123033169054
v 4.4564 13.11791 -4.25302 0.1643718454975358 0.22829422985768863 0.10958123033169054
v 3.31704 13.99815 -3.46765 0.1643718454975358 0.22829422985768863 0.10958123033169054
v 3.67481 12.70558 -5.11516 0.18414951004589344 0.2557632083970742 0.12276634003059562
v 2.84344 14.15413 -3.18673 0.18414951004589344 0.2557632083970742 0.12276634003059562
v 2.4952 13.29363 -4.52602 0.18414951004589344 0.2557632083970742 0.12276634003059562
v 3.67481 12.70558 -5.11516 0.15652708353900943 0.2173987271375131 0.10435138902600628
v 4.0563 13.50814 -3.85301 0.15652708353900943 0.2173987271375131 0.10435138902600628
v 2.84344 14.15413 -3.18673 0.15652708353900943 0.2173987271375131 0.10435138902600628
v 5.61335 12.21269 -5.48758 0.17673876801562738 0.24547051113281582 0.11782584534375158
v 7.70236 10.64856 -5.70215 0.17673876801562738 0.24547051113281582 0.11782584534375158
v 6.70293 11.87769 -4.74503 0.17673876801562738 0.24547051113281582 0.11782584534375158
v 5.61335 12.21269 -5.48758 0.15022795281328327 0.20864993446289343 0.10015196854218884
v 6.52923 11.04613 -6.43613 0.15022795281328327 0.20864993446289343 0.10015196854218884
v 7.70236 10.64856 -5.70215 0.15022795281328327 0.20864993446289343 0.10015196854218884
v 5.24866 11.91354 -5.16185 0.21600918220569357 0.3000127530634633 0.14400612147046238
v 3.70594 13.47666 -3.73707 0.21600918220569357 0.3000127530634633 0.14400612147046238
v 3.93146 12.27213 -5.10239 0.21600918220569357 0.3000127530634633 0.14400612147046238
v 5.24866 11.91354 -5.16185 0.18360780487483952 0.2550108401039438 0.12240520324989301
v 5.08485 13.05554 -3.85352 0.18360780487483952 0.2550108401039438 0.12240520324989301
v 3.70594 13.47666 -3.73707 0.18360780487483952 0.2550108401039438 0.12240520324989301
v 6.30546 12.99553 -5.48546 0.20297354012141197 0.2819076946130722 0.13531569341427466
v 4.49946 11.42568 -4.41384 0.20297354012141197 0.2819076946130722 0.13531569341427466
v 5.00483 12.11207 -5.70208 0.20297354012141197 0.2819076946130722 0.13531569341427466
v 6.30546 12.99553 -5.48546 0.17252750910320017 0.23962154042111136 0.11501833940213345
v 5.87233 12.37194 -4.24008 0.17252750910320017 0.23962154042111136 0.11501833940213345
v 4.49946 11.42568 -4.41384 0.17252750910320017 0.23962154042111136 0.11501833940213345
v 3.95142 12.63908 -4.09867 0.16252909562869194 0.22573485503984994 0.10835273041912796
v 5.92074 12.78631 -3.36943 0.16252909562869194 0.22573485503984994 0.10835273041912796
v 4.60153 12.75926 -2.95153 0.16252909562869194 0.22573485503984994 0.10835273041912796
v 3.95142 12.63908 -4.09867 0.13814973128438815 0.19187462678387243 0.09209982085625877
v 5.19186 12.66025 -4.54574 0.13814973128438815 0.19187462678387243 0.09209982085625877
v 5.92074 12.78631 -3.36943 0.13814973128438815 0.19187462678387243 0.09209982085625877
v 5.92795 11.33365 -3.96677 0.18592467134625526 0.2582287102031323 0.12394978089750351
v 6.46342 12.57179 -1.93618 0.18592467134625526 0.2582287102031323 0.12394978089750351
v 5.36307 12.19213 -2.77535 0.18592467134625526 0.2582287102031323 0.12394978089750351
v 5.92795 11.33365 -3.96677 0.15803597064431696 0.21949440367266246 0.10535731376287798
v 7.00688 11.66378 -3.20883 0.15803597064431696 0.21949440367266246 0.10535731376287798
v 6.46342 12.57179 -1.93618 0.15803597064431696 0.21949440367266246 0.10535731376287798
v 4.59012 11.48306 -6.32546 0.1591833815465029 0.2210880299256985 0.10612225436433528
v 2.96314 12.59002 -4.9977 0.1591833815465029 0.2210880299256985 0.10612225436433528
v 3.27174 11.6759 -6.34667 0.1591833815465029 0.2210880299256985 0.10612225436433528
v 4.59012 11.48306 -6.32546 0.13530587431452748 0.18792482543684372 0.09020391620968499
v 4.3466 12.35289 -5.0296 0.13530587431452748 0.18792482543684372 0.09020391620968499
v 2.96314 12.59002 -4.9977 0.13530587431452748 0.18792482543684372 0.09020391620968499
v 5.556 11.57345 -5.78746 0.20350897200927862 0.282651350012887 0.13567264800618575
v 4.95148 10.11548 -3.77635 0.20350897200927862 0.282651350012887 0.13567264800618575
v 4.45181 10.96492 -5.06681 0.20350897200927862 0.282651350012887 0.13567264800618575
v 5.556 11.57345 -5.78746 0.17298262620788682 0.24025364751095393 0.11532175080525789
v 6.07985 10.78232 -4.57744 0.17298262620788682 0.24025364751095393 0.11532175080525789
v 4.95148 10.11548 -3.77635 0.17298262620788682 0.24025364751095393 0.11532175080525789
v 4.51287 12.0634 -3.38444 0.17960177854257459 0.2494469146424647 0.11973451902838306
v 6.32552 11.76998 -4.44477 0.17960177854257459 0.2494469146424647 0.11973451902838306
v 5.81212 11.93489 -3.15971 0.17960177854257459 0.2494469146424647 0.11973451902838306
v 4.51287 12.0634 -3.38444 0.1526615117611884 0.212029877446095 0.1017743411741256
v 4.95376 11.91022 -4.62709 0.1526615117611884 0.212029877446095 0.1017743411741256
v 6.32552 11.76998 -4.44477 0.1526615117611884 0.212029877446095 0.1017743411741256
v 6.17811 13.37506 -3.8282 0.2128920776139179 0.29568344113044154 0.14192805174261194
v 5.33296 13.37418 -1.90577 0.2128920776139179 0.29568344113044154 0.14192805174261194
v 4.99432 13.25536 -3.24752 0.2128920776139179 0.29568344113044154 0.14192805174261194
v 6.17811 13.37506 -3.8282 0.1809582659718302 0.2513309249608753 0.12063884398122014
v 6.55057 13.49392 -2.56335 0.1809582659718302 0.2513309249608753 0.12063884398122014
v 5.33296 13.37418 -1.90577 0.1809582659718302 0.2513309249608753 0.12063884398122014
v 0.36392 10.24924 0.0 0.1848 0.1722 0.1596
v -0.67373 10.49666 2.01346 0.1848 0.1722 0.1596
v -0.37643 10.47548 2.11179 0.1848 0.1722 0.1596
v 0.36392 10.24924 0.0 0.1848 0.1722 0.1596
v -0.08668 10.09196 -0.13123 0.1848 0.1722 0.1596
v -0.67373 10.49666 2.01346 0.1848 0.1722 0.1596
v -0.08668 10.09196 -0.13123 0.21390412772719958 0.19931975538216323 0.18473538303712692
v -0.72324 10.21181 2.11179 0.21390412772719958 0.19931975538216323 0.18473538303712692
v -0.67373 10.49666 2.01346 0.21390412772719958 0.19931975538216323 0.18473538303712692
v -0.08668 10.09196 -0.13123 0.21390412772719958 0.19931975538216323 0.18473538303712692
v 0.04009 9.63833 -0.0 0.21390412772719958 0.19931975538216323 0.18473538303712692
v -0.72324 10.21181 2.11179 0.21390412772719958 0.19931975538216323 0.18473538303712692
v 0.04009 9.63833 -0.0 0.2049608005950316 0.19098620055446125 0.17701160051389092
v -0.43552 10.18334 2.21013 0.2049608005950316 0.19098620055446125 0.17701160051389092
v -0.72324 10.21181 2.11179 0.2049608005950316 0.19098620055446125 0.17701160051389092
v 0.04009 9.63833 -0.0 0.2049608005950316 0.19098620055446125 0.17701160051389092
v 0.48668 9.78804 0.13123 0.2049608005950316 0.19098620055446125 0.17701160051389092
v -0.43552 10.18334 2.21013 0.2049608005950316 0.19098620055446125 0.17701160051389092
v 0.48668 9.78804 0.13123 0.18754817032630813 0.1747607950767871 0.16197341982726612
v -0.37643 10.47548 2.11179 0.18754817032630813 0.1747607950767871 0.16197341982726612
v -0.43552 10.18334 2.21013 0.18754817032630813 0.1747607950767871 0.16197341982726612
v 0.48668 9.78804 0.13123 0.18754817032630813 0.1747607950767871 0.16197341982726612
v 0.36392 10.24924 0.0 0.18754817032630813 0.1747607950767871 0.16197341982726612
v -0.37643 10.47548 2.11179 0.18754817032630813 0.1747607950767871 0.16197341982726612
v -0.37643 10.47548 2.11179 0.2097241843232297 0.19542480811937313 0.18112543191551655
v -1.33714 11.97468 5.0047 0.2097241843232297 0.19542480811937313 0.18112543191551655
v -1.27864 11.96006 5.02808 0.2097241843232297 0.19542480811937313 0.18112543191551655
v -0.37643 10.47548 2.11179 0.2097241843232297 0.19542480811937313 0.18112543191551655
v -0.67373 10.49666 2.01346 0.2097241843232297 0.19542480811937313 0.18112543191551655
v -1.33714 11.97468 5.0047 0.2097241843232297 0.19542480811937313 0.18112543191551655
v -0.67373 10.49666 2.01346 0.18550100295495356 0.172853207298934 0.16020541164291444
v -1.35934 11.92143 5.02808 0.18550100295495356 0.172853207298934 0.16020541164291444
v -1.33714 11.97468 5.0047 0.18550100295495356 0.172853207298934 0.16020541164291444
v -0.67373 10.49666 2.01346 0.18550100295495356 0.172853207298934 0.16020541164291444
v -0.72324 10.21181 2.11179 0.18550100295495356 0.172853207298934 0.16020541164291444
v -1.35934 11.92143 5.02808 0.18550100295495356 0.172853207298934 0.16020541164291444
v -0.72324 10.21181 2.11179 0.21716765891174555 0.2023607730768538 0.18755388724196206
v -1.30394 11.90532 5.05147 0.21716765891174555 0.2023607730768538 0.18755388724196206
v -1.35934 11.92143 5.02808 0.21716765891174555 0.2023607730768538 0.18755388724196206
v -0.72324 10.21181 2.11179 0.21716765891174555 0.2023607730768538 0.18755388724196206
v -0.43552 10.18334 2.21013 0.21716765891174555 0.2023607730768538 0.18755388724196206
v -1.30394 11.90532 5.05147 0.21716765891174555 0.2023607730768538 0.18755388724196206
v -0.43552 10.18334 2.21013 0.19999342495954212 0.18635750962139153 0.17272159428324094
v -1.27864 11.96006 5.02808 0.19999342495954212 0.18635750962139153 0.17272159428324094
v -1.30394 11.90532 5.05147 0.19999342495954212 0.18635750962139153 0.17272159428324094
v -0.43552 10.18334 2.21013 0.19999342495954212 0.18635750962139153 0.17272159428324094
v -0.37643 10.47548 2.11179 0.19999342495954212 0.18635750962139153 0.17272159428324094
v -1.27864 11.96006 5.02808 0.19999342495954212 0.18635750962139153 0.17272159428324094
v 0.56503 11.16235 7.20289 0.17784814174393476 0.24701130797768717 0.11856542782928983
v 0.58429 9.69386 5.10298 0.17784814174393476 0.24701130797768717 0.11856542782928983
v 1.42424 10.82863 6.20273 0.17784814174393476 0.24701130797768717 0.11856542782928983
v 0.56503 11.16235 7.20289 0.15117092048234454 0.2099596117810341 0.10078061365489635
v -0.27569 10.08632 6.18714 0.15117092048234454 0.2099596117810341 0.10078061365489635
v 0.58429 9.69386 5.10298 0.15117092048234454 0.2099596117810341 0.10078061365489635
v -0.83323 12.42738 4.54038 0.17780768777221942 0.24695512190586033 0.11853845851481296
v -2.92576 11.86084 4.36334 0.17780768777221942 0.24695512190586033 0.11853845851481296
v -1.76599 12.49113 3.60843 0.17780768777221942 0.24695512190586033 0.11853845851481296
v -0.83323 12.42738 4.54038 0.1511365346063865 0.20991185361998127 0.10075768973759101
v -1.9093 11.81975 5.30238 0.1511365346063865 0.20991185361998127 0.10075768973759101
v -2.92576 11.86084 4.36334 0.1511365346063865 0.20991185361998127 0.10075768973759101
v -0.48403 12.32458 5.59531 0.18343613393609115 0.25477240824457104 0.1222907559573941
v -1.96858 11.15971 7.08061 0.18343613393609115 0.25477240824457104 0.1222907559573941
v -1.79781 11.35208 5.70736 0.18343613393609115 0.25477240824457104 0.1222907559573941
v -0.48403 12.32458 5.59531 0.15592071384567746 0.21655654700788537 0.10394714256378498
v -0.59542 12.1788 6.90914 0.15592071384567746 0.21655654700788537 0.10394714256378498
v -1.96858 11.15971 7.08061 0.15592071384567746 0.21655654700788537 0.10394714256378498
v 0.01275 10.94411 4.71723 0.20549575306529808 0.28541076814624733 0.1369971687101987
v 1.60977 10.50977 3.35359 0.20549575306529808 0.28541076814624733 0.1369971687101987
v 1.33127 10.46232 4.70909 0.20549575306529808 0.28541076814624733 0.1369971687101987
v 0.01275 10.94411 4.71723 0.17467139010550337 0.24259915292431022 0.11644759340366889
v 0.22737 11.00893 3.41627 0.17467139010550337 0.24259915292431022 0.11644759340366889
v 1.60977 10.50977 3.35359 0.17467139010550337 0.24259915292431022 0.11644759340366889
v 0.79946 11.19636 6.58509 0.19358216388488841 0.2688641165067895 0.12905477592325895
v -1.23549 12.67495 6.06644 0.19358216388488841 0.2688641165067895 0.12905477592325895
v 0.03261 12.0044 5.51247 0.19358216388488841 0.2688641165067895 0.12905477592325895
v 0.79946 11.19636 6.58509 0.16454483930215516 0.22853449903077105 0.1096965595347701
v -0.38724 11.80776 7.1598 0.16454483930215516 0.22853449903077105 0.1096965595347701
v -1.23549 12.67495 6.06644 0.16454483930215516 0.22853449903077105 0.1096965595347701
v 0.0422 12.02976 5.64674 0.13173746206715073 0.18296869731548712 0.08782497471143381
v 2.04074 12.18105 5.00188 0.13173746206715073 0.18296869731548712 0.08782497471143381
v 1.26251 12.44036 6.14614 0.13173746206715073 0.18296869731548712 0.08782497471143381
v 0.0422 12.02976 5.64674 0.11197684275707812 0.15552339271816404 0.07465122850471874
v 0.74048 11.7644 4.52827 0.11197684275707812 0.15552339271816404 0.07465122850471874
v 2.04074 12.18105 5.00188 0.11197684275707812 0.15552339271816404 0.07465122850471874
v 1.42213 11.84789 4.65716 0.16663936082106937 0.2314435566959297 0.11109290721404626
v 3.20301 12.23877 5.77003 0.16663936082106937 0.2314435566959297 0.11109290721404626
v 1.82651 11.75554 5.91217 0.16663936082106937 0.2314435566959297 0.11109290721404626
v 1.42213 11.84789 4.65716 0.14164345669790895 0.19672702319154023 0.09442897113193932
v 2.7274 12.31549 4.47051 0.14164345669790895 0.19672702319154023 0.09442897113193932
v 3.20301 12.23877 5.77003 0.14164345669790895 0.19672702319154023 0.09442897113193932
v -1.0353 12.80614 7.19026 0.14961298956054608 0.2077958188340918 0.09974199304036406
v -3.11383 14.3759 7.48979 0.14961298956054608 0.2077958188340918 0.09974199304036406
v -2.15423 13.96893 6.49273 0.14961298956054608 0.2077958188340918 0.09974199304036406
v -1.0353 12.80614 7.19026 0.12717104112646416 0.176626446008978 0.08478069408430945
v -1.91175 13.15033 8.17534 0.12717104112646416 0.176626446008978 0.08478069408430945
v -3.11383 14.3759 7.48979 0.12717104112646416 0.176626446008978 0.08478069408430945
v -0.41388 11.57499 7.0928 0.15256808286761392 0.21190011509390821 0.10171205524507594
v 1.63089 11.46029 6.61433 0.15256808286761392 0.21190011509390821 0.10171205524507594
v 0.76128 11.92414 7.69078 0.15256808286761392 0.21190011509390821 0.10171205524507594
v -0.41388 11.57499 7.0928 0.12968287043747181 0.180115097829822 0.08645524695831455
v 0.37394 11.11573 6.03549 0.12968287043747181 0.180115097829822 0.08645524695831455
v 1.63089 11.46029 6.61433 0.12968287043747181 0.180115097829822 0.08645524695831455
v 0.98146 11.82632 7.69549 0.15024878518795493 0.20867886831660407 0.10016585679196995
v 2.08461 12.3896 5.90858 0.15024878518795493 0.20867886831660407 0.10016585679196995
v 2.23425 11.7057 7.28429 0.15024878518795493 0.20867886831660407 0.10016585679196995
v 0.98146 11.82632 7.69549 0.1277114674097617 0.17737703806911345 0.08514097827317445
v 0.78769 12.48769 6.39126 0.1277114674097617 0.17737703806911345 0.08514097827317445
v 2.08461 12.3896 5.90858 0.1277114674097617 0.17737703806911345 0.08514097827317445
v -1.27377 13.06184 6.11756 0.22393462787848228 0.3110203164978921 0.1492897519189882
v -2.53243 14.63675 7.79857 0.22393462787848228 0.3110203164978921 0.1492897519189882
v -2.55833 13.41848 6.41499 0.22393462787848228 0.3110203164978921 0.1492897519189882
v -1.27377 13.06184 6.11756 0.19034443369670995 0.2643672690232083 0.12689628913113996
v -1.19752 14.21711 7.4339 0.19034443369670995 0.2643672690232083 0.12689628913113996
v -2.53243 14.63675 7.79857 0.19034443369670995 0.2643672690232083 0.12689628913113996
v 1.00976 11.59135 5.09805 0.13680097034625335 0.19000134770312968 0.09120064689750225
v -0.53368 10.22214 3.67404 0.13680097034625335 0.19000134770312968 0.09120064689750225
v 0.84529 10.52011 3.7898 0.13680097034625335 0.19000134770312968 0.09120064689750225
v 1.00976 11.59135 5.09805 0.11628082479431534 0.16150114554766024 0.07752054986287692
v -0.30748 11.34815 5.03925 0.11628082479431534 0.16150114554766024 0.07752054986287692
v -0.53368 10.22214 3.67404 0.11628082479431534 0.16150114554766024 0.07752054986287692
v 1.30786 12.45028 5.33737 0.2048628546358952 0.28453174254985447 0.13657523642393013
v 1.09866 13.90196 7.42693 0.2048628546358952 0.28453174254985447 0.13657523642393013
v 0.36167 13.50576 6.25568 0.2048628546358952 0.28453174254985447 0.13657523642393013
v 1.30786 12.45028 5.33737 0.1741334264405109 0.2418519811673763 0.11608895096034061
v 2.05321 12.78841 6.42504 0.1741334264405109 0.2418519811673763 0.11608895096034061
v 1.09866 13.90196 7.42693 0.1741334264405109 0.2418519811673763 0.11608895096034061
v 1.12148 12.13292 5.81078 0.17021274341446185 0.23640658807564147 0.1134751622763079
v 3.08548 10.57309 6.55422 0.17021274341446185 0.23640658807564147 0.1134751622763079
v 1.76329 11.42119 6.96258 0.17021274341446185 0.23640658807564147 0.1134751622763079
v 1.12148 12.13292 5.81078 0.14468083190229258 0.20094559986429525 0.0964538879348617
v 2.36512 11.34721 5.37268 0.14468083190229258 0.20094559986429525 0.0964538879348617
v 3.08548 10.57309 6.55422 0.14468083190229258 0.20094559986429525 0.0964538879348617
v -0.38633 12.00565 5.61426 0.19367374113592595 0.2689913071332305 0.12911582742395064
v -0.89518 13.19291 3.57684 0.19367374113592595 0.2689913071332305 0.12911582742395064
v 0.19409 12.94175 4.43034 0.19367374113592595 0.2689913071332305 0.12911582742395064
v -0.38633 12.00565 5.61426 0.16462267996553706 0.2286426110632459 0.10974845331035804
v -1.45525 12.20932 4.84226 0.16462267996553706 0.2286426110632459 0.10974845331035804
v -0.89518 13.19291 3.57684 0.16462267996553706 0.2286426110632459 0.10974845331035804
v 0.01109 11.70143 5.48782 0.1602371523783058 0.22255160052542472 0.10682476825220386
v 0.5385 10.3131 3.45513 0.1602371523783058 0.22255160052542472 0.10682476825220386
v 1.087 11.05998 4.7256 0.1602371523783058 0.22255160052542472 0.10682476825220386
v 0.01109 11.70143 5.48782 0.13620157952155992 0.18916886044661102 0.09080105301437327
v -0.55851 11.01009 4.29865 0.13620157952155992 0.18916886044661102 0.09080105301437327
v 0.5385 10.3131 3.45513 0.13620157952155992 0.18916886044661102 0.09080105301437327
v -0.96878 12.7409 7.69879 0.1341691863229478 0.18634609211520528 0.08944612421529853
v -1.18578 11.23757 9.78755 0.1341691863229478 0.18634609211520528 0.08944612421529853
v -1.91839 12.37445 8.61356 0.1341691863229478 0.18634609211520528 0.08944612421529853
v -0.96878 12.7409 7.69879 0.11404380837450563 0.1583941782979245 0.07602920558300374
v -0.22749 11.66416 8.78922 0.11404380837450563 0.1583941782979245 0.07602920558300374
v -1.18578 11.23757 9.78755 0.11404380837450563 0.1583941782979245 0.07602920558300374
v -1.60376 13.20389 5.66959 0.22139513379085876 0.3074932413761927 0.1475967558605725
v -3.59547 12.05978 5.00394 0.22139513379085876 0.3074932413761927 0.1475967558605725
v -2.29035 12.62679 4.54391 0.22139513379085876 0.3074932413761927 0.1475967558605725
v -1.60376 13.20389 5.66959 0.18818586372222995 0.2613692551697638 0.12545724248148662
v -2.82921 12.68265 6.15625 0.18818586372222995 0.2613692551697638 0.12545724248148662
v -3.59547 12.05978 5.00394 0.18818586372222995 0.2613692551697638 0.12545724248148662
v -2.30862 13.38418 7.76275 0.13572234092967467 0.1885032512912148 0.0904815606197831
v -3.32587 11.92354 9.59992 0.13572234092967467 0.1885032512912148 0.0904815606197831
v -3.54051 12.42264 8.23285 0.13572234092967467 0.1885032512912148 0.0904815606197831
v -2.30862 13.38418 7.76275 0.11536398979022347 0.16022776359753257 0.07690932652681563
v -2.05328 12.94351 9.05634 0.11536398979022347 0.16022776359753257 0.07690932652681563
v -3.32587 11.92354 9.59992 0.11536398979022347 0.16022776359753257 0.07690932652681563
v -2.20346 12.72298 8.05183 0.16189201052906932 0.22485001462370738 0.10792800701937953
v -1.26456 12.96926 6.1734 0.16189201052906932 0.22485001462370738 0.10792800701937953
v -0.99247 12.53607 7.53021 0.16189201052906932 0.22485001462370738 0.10792800701937953
v -2.20346 12.72298 8.05183 0.1376082089497089 0.19112251243015127 0.0917388059664726
v -2.5131 13.14632 6.77016 0.1376082089497089 0.19112251243015127 0.0917388059664726
v -1.26456 12.96926 6.1734 0.1376082089497089 0.19112251243015127 0.0917388059664726
v -2.3032 13.22824 8.64445 0.21857010023693244 0.30356958366240616 0.14571340015795495
v -0.25376 12.04843 9.10249 0.21857010023693244 0.30356958366240616 0.14571340015795495
v -1.50486 12.92561 9.69384 0.21857010023693244 0.30356958366240616 0.14571340015795495
v -2.3032 13.22824 8.64445 0.18578458520139257 0.2580341461130452 0.1238563901342617
v -1.13407 12.39825 8.03477 0.18578458520139257 0.2580341461130452 0.1238563901342617
v -0.25376 12.04843 9.10249 0.18578458520139257 0.2580341461130452 0.1238563901342617
v 0.31155 10.76175 0.0 0.1848 0.1722 0.1596
v -0.84948 10.72036 -2.00381 0.1848 0.1722 0.1596
v -0.85166 11.0063 -1.87442 0.1848 0.1722 0.1596
v 0.31155 10.76175 0.0 0.1848 0.1722 0.1596
v 0.47566 10.33731 -0.19473 0.1848 0.1722 0.1596
v -0.84948 10.72036 -2.00381 0.1848 0.1722 0.1596
v 0.47566 10.33731 -0.19473 0.21390412772719958 0.19931975538216323 0.18473538303712692
v -1.12012 10.66319 -1.87442 0.21390412772719958 0.19931975538216323 0.18473538303712692
v -0.84948 10.72036 -2.00381 0.21390412772719958 0.19931975538216323 0.18473538303712692
v 0.47566 10.33731 -0.19473 0.21390412772719958 0.19931975538216323 0.18473538303712692
v 0.09118 10.10637 -0.0 0.21390412772719958 0.19931975538216323 0.18473538303712692
v -1.12012 10.66319 -1.87442 0.21390412772719958 0.19931975538216323 0.18473538303712692
v 0.09118 10.10637 -0.0 0.2049608005950316 0.19098620055446125 0.17701160051389092
v -1.12974 10.93964 -1.74502 0.2049608005950316 0.19098620055446125 0.17701160051389092
v -1.12012 10.66319 -1.87442 0.2049608005950316 0.19098620055446125 0.17701160051389092
v 0.09118 10.10637 -0.0 0.2049608005950316 0.19098620055446125 0.17701160051389092
v -0.07566 10.52269 0.19473 0.2049608005950316 0.19098620055446125 0.17701160051389092
v -1.12974 10.93964 -1.74502 0.2049608005950316 0.19098620055446125 0.17701160051389092
v -0.07566 10.52269 0.19473 0.18754817032630813 0.1747607950767871 0.16197341982726612
v -0.85166 11.0063 -1.87442 0.18754817032630813 0.1747607950767871 0.16197341982726612
v -1.12974 10.93964 -1.74502 0.18754817032630813 0.1747607950767871 0.16197341982726612
v -0.07566 10.52269 0.19473 0.18754817032630813 0.1747607950767871 0.16197341982726612
v 0.31155 10.76175 0.0 0.18754817032630813 0.1747607950767871 0.16197341982726612
v -0.85166 11.0063 -1.87442 0.18754817032630813 0.1747607950767871 0.16197341982726612
v -0.85166 11.0063 -1.87442 0.2097241843232297 0.19542480811937313 0.18112543191551655
v -2.33353 12.40345 -4.49129 0.2097241843232297 0.19542480811937313 0.18112543191551655
v -2.32088 12.46017 -4.4629 0.2097241843232297 0.19542480811937313 0.18112543191551655
v -0.85166 11.0063 -1.87442 0.2097241843232297 0.19542480811937313 0.18112543191551655
v -0.84948 10.72036 -2.00381 0.2097241843232297 0.19542480811937313 0.18112543191551655
v -2.33353 12.40345 -4.49129 0.2097241843232297 0.19542480811937313 0.18112543191551655
v -0.84948 10.72036 -2.00381 0.18550100295495356 0.172853207298934 0.16020541164291444
v -2.38891 12.40206 -4.4629 0.18550100295495356 0.172853207298934 0.16020541164291444
v -2.33353 12.40345 -4.49129 0.18550100295495356 0.172853207298934 0.16020541164291444
v -0.84948 10.72036 -2.00381 0.18550100295495356 0.172853207298934 0.16020541164291444
v -1.12012 10.66319 -1.87442 0.18550100295495356 0.172853207298934 0.16020541164291444
v -2.38891 12.40206 -4.4629 0.18550100295495356 0.172853207298934 0.16020541164291444
v -1.12012 10.66319 -1.87442 0.21716765891174555 0.2023607730768538 0.18755388724196206
v -2.37888 12.45655 -4.43452 0.21716765891174555 0.2023607730768538 0.18755388724196206
v -2.38891 12.40206 -4.4629 0.21716765891174555 0.2023607730768538 0.18755388724196206
v -1.12012 10.66319 -1.87442 0.21716765891174555 0.2023607730768538 0.18755388724196206
v -1.12974 10.93964 -1.74502 0.21716765891174555 0.2023607730768538 0.18755388724196206
v -2.37888 12.45655 -4.43452 0.21716765891174555 0.2023607730768538 0.18755388724196206
v -1.12974 10.93964 -1.74502 0.19999342495954212 0.18635750962139153 0.17272159428324094
v -2.32088 12.46017 -4.4629 0.19999342495954212 0.18635750962139153 0.17272159428324094
v -2.37888 12.45655 -4.43452 0.19999342495954212 0.18635750962139153 0.17272159428324094
v -1.12974 10.93964 -1.74502 0.19999342495954212 0.18635750962139153 0.17272159428324094
v -0.85166 11.0063 -1.87442 0.19999342495954212 0.18635750962139153 0.17272159428324094
v -2.32088 12.46017 -4.4629 0.19999342495954212 0.18635750962139153 0.17272159428324094
v -5.19494 13.94557 -3.45054 0.16274108228303313 0.22602928094865715 0.10849405485535543
v -4.68337 14.78459 -5.48728 0.16274108228303313 0.22602928094865715 0.10849405485535543
v -4.12499 14.38676 -4.22111 0.16274108228303313 0.22602928094865715 0.10849405485535543
v -5.19494 13.94557 -3.45054 0.13832991994057817 0.19212488880635858 0.09221994662705212
v -5.77378 14.30984 -4.63524 0.13832991994057817 0.19212488880635858 0.09221994662705212
v -4.68337 14.78459 -5.48728 0.13832991994057817 0.19212488880635858 0.09221994662705212
v -3.54575 12.92749 -3.90015 0.18176768696671794 0.25245512078710824 0.12117845797781196
v -5.55779 13.56512 -4.50155 0.18176768696671794 0.25245512078710824 0.12117845797781196
v -4.26811 13.26149 -5.00322 0.18176768696671794 0.25245512078710824 0.12117845797781196
v -3.54575 12.92749 -3.90015 0.15450253392171023 0.214586852669042 0.10300168928114016
v -4.75495 13.2056 -3.37442 0.15450253392171023 0.214586852669042 0.10300168928114016
v -5.55779 13.56512 -4.50155 0.15450253392171023 0.214586852669042 0.10300168928114016
v -4.24211 12.24462 -5.17077 0.19540057839333974 0.2713896922129719 0.13026705226222648
v -6.07858 11.69511 -4.15225 0.19540057839333974 0.2713896922129719 0.13026705226222648
v -5.53588 11.9001 -5.42521 0.19540057839333974 0.2713896922129719 0.13026705226222648
v -4.24211 12.24462 -5.17077 0.16609049163433878 0.23068123838102608 0.11072699442289251
v -4.71136 12.06161 -3.93855 0.16609049163433878 0.23068123838102608 0.11072699442289251
v -6.07858 11.69511 -4.15225 0.16609049163433878 0.23068123838102608 0.11072699442289251
v -3.53551 13.35583 -2.91898 0.16694976214492852 0.23187466964573406 0.11129984142995235
v -3.3832 11.8603 -0.82451 0.16694976214492852 0.23187466964573406 0.11129984142995235
v -4.31016 13.05879 -1.85199 0.16694976214492852 0.23187466964573406 0.11129984142995235
v -3.53551 13.35583 -2.91898 0.14190729782318923 0.19709346919887394 0.0946048652154595
v -2.61464 12.21717 -1.97528 0.14190729782318923 0.19709346919887394 0.0946048652154595
v -3.3832 11.8603 -0.82451 0.14190729782318923 0.19709346919887394 0.0946048652154595
v -3.01747 14.21604 -3.06652 0.21547866051681563 0.2992759173844662 0.14365244034454377
v -1.4559 14.63268 -1.66242 0.21547866051681563 0.2992759173844662 0.14365244034454377
v -2.83624 13.99512 -1.76049 0.21547866051681563 0.2992759173844662 0.14365244034454377
v -3.01747 14.21604 -3.06652 0.18315686143929327 0.25438452977679626 0.1221045742928622
v -1.69959 14.83693 -3.02462 0.18315686143929327 0.25438452977679626 0.1221045742928622
v -1.4559 14.63268 -1.66242 0.18315686143929327 0.25438452977679626 0.1221045742928622
v -4.36238 12.42342 -4.46325 0.1580278135736483 0.21948307440784487 0.10535187571576553
v -6.45846 11.69579 -4.59159 0.1580278135736483 0.21948307440784487 0.10535187571576553
v -5.31655 12.43313 -5.37326 0.1580278135736483 0.21948307440784487 0.10535187571576553
v -4.36238 12.42342 -4.46325 0.13432364153760107 0.18656061324666814 0.0895490943584007
v -5.42045 11.71518 -3.67644 0.13432364153760107 0.18656061324666814 0.0895490943584007
v -6.45846 11.69579 -4.59159 0.13432364153760107 0.18656061324666814 0.0895490943584007
v -5.0979 13.70432 -3.37388 0.2098811593189816 0.2915016101652522 0.13992077287932106
v -3.37338 15.25437 -4.57222 0.2098811593189816 0.2915016101652522 0.13992077287932106
v -3.78508 14.32651 -3.25106 0.2098811593189816 0.2915016101652522 0.13992077287932106
v -5.0979 13.70432 -3.37388 0.17839898542113436 0.24777636864046437 0.1189326569474229
v -4.75517 14.57018 -4.6471 0.17839898542113436 0.24777636864046437 0.1189326569474229
v -3.37338 15.25437 -4.57222 0.17839898542113436 0.24777636864046437 0.1189326569474229
v -3.59345 13.17745 -3.42946 0.1903310998342095 0.26434874976973544 0.126887399889473
v -4.1019 14.74194 -5.46698 0.1903310998342095 0.26434874976973544 0.126887399889473
v -3.0128 14.29479 -4.61327 0.1903310998342095 0.26434874976973544 0.126887399889473
v -3.59345 13.17745 -3.42946 0.1617814348590781 0.2246964373042751 0.10785428990605206
v -4.66222 13.56201 -4.20167 0.1617814348590781 0.2246964373042751 0.10785428990605206
v -4.1019 14.74194 -5.46698 0.1617814348590781 0.2246964373042751 0.10785428990605206
v -4.15907 13.24601 -5.86937 0.20684725021433384 0.2872878475199081 0.13789816680955588
v -2.09551 14.11926 -5.47987 0.20684725021433384 0.2872878475199081 0.13789816680955588
v -3.32622 13.97179 -4.84716 0.20684725021433384 0.2872878475199081 0.13789816680955588
v -4.15907 13.24601 -5.86937 0.17582016268218376 0.2441946703919219 0.1172134417881225
v -3.01091 13.35855 -6.51766 0.17582016268218376 0.2441946703919219 0.1172134417881225
v -2.09551 14.11926 -5.47987 0.17582016268218376 0.2441946703919219 0.1172134417881225
v -4.84702 12.47072 -3.37076 0.15162844059383562 0.21059505638032727 0.10108562706255708
v -6.57398 11.12197 -2.17593 0.15162844059383562 0.21059505638032727 0.10108562706255708
v -6.15958 11.58456 -3.49625 0.15162844059383562 0.21059505638032727 0.10108562706255708
v -4.84702 12.47072 -3.37076 0.12888417450476028 0.17900579792327817 0.08592278300317352
v -5.19234 12.06209 -2.09824 0.12888417450476028 0.17900579792327817 0.08592278300317352
v -6.57398 11.12197 -2.17593 0.12888417450476028 0.17900579792327817 0.08592278300317352
v -3.79676 13.57868 -3.10817 0.17944223420828245 0.2492253252892812 0.11962815613885497
v -4.74089 14.77832 -1.23237 0.17944223420828245 0.2492253252892812 0.11962815613885497
v -5.00919 13.95146 -2.58993 0.17944223420828245 0.2492253252892812 0.11962815613885497
v -3.79676 13.57868 -3.10817 0.1525258990770401 0.21184152649588903 0.10168393271802673
v -3.49069 14.35755 -1.82564 0.1525258990770401 0.21184152649588903 0.10168393271802673
v -4.74089 14.77832 -1.23237 0.1525258990770401 0.21184152649588903 0.10168393271802673
v -4.27817 11.93036 -5.47438 0.19145038339436668 0.26590331026995373 0.1276335889295778
v -6.36837 12.73982 -5.27169 0.19145038339436668 0.26590331026995373 0.1276335889295778
v -5.36351 12.74246 -6.22312 0.19145038339436668 0.26590331026995373 0.1276335889295778
v -4.27817 11.93036 -5.47438 0.16273282588521168 0.22601781372946067 0.10848855059014112
v -5.19943 11.89533 -4.53105 0.16273282588521168 0.22601781372946067 0.10848855059014112
v -6.36837 12.73982 -5.27169 0.16273282588521168 0.22601781372946067 0.10848855059014112
v -5.49368 12.38291 -3.70956 0.2223203682121575 0.3087782891835521 0.148213578808105
v -3.45206 10.85944 -3.21786 0.2223203682121575 0.3087782891835521 0.148213578808105
v -4.71272 11.89226 -2.64717 0.2223203682121575 0.3087782891835521 0.148213578808105
v -5.49368 12.38291 -3.70956 0.18897231298033387 0.26246154580601927 0.12598154198688927
v -4.31468 11.41104 -4.29991 0.18897231298033387 0.26246154580601927 0.12598154198688927
v -3.45206 10.85944 -3.21786 0.18897231298033387 0.26246154580601927 0.12598154198688927
v -3.6809 12.29917 -3.46199 0.1578381389672093 0.21921963745445738 0.10522542597813954
v -2.15909 11.34029 -2.01489 0.1578381389672093 0.21921963745445738 0.10522542597813954
v -3.53617 11.41404 -2.15142 0.1578381389672093 0.21921963745445738 0.10522542597813954
v -3.6809 12.29917 -3.46199 0.1341624181221279 0.18633669183628876 0.08944161208141861
v -2.3647 12.26378 -3.38336 0.1341624181221279 0.18633669183628876 0.08944161208141861
v -2.15909 11.34029 -2.01489 0.1341624181221279 0.18633669183628876 0.08944161208141861
v -5.2173 12.52828 -6.54803 0.13685949708536133 0.1900826348407796 0.09123966472357421
v -3.70267 12.66739 -5.09342 0.13685949708536133 0.1900826348407796 0.09123966472357421
v -5.07905 12.17005 -5.23675 0.13685949708536133 0.1900826348407796 0.09123966472357421
v -5.2173 12.52828 -6.54803 0.11633057252255713 0.16157023961466266 0.07755371501503808
v -3.90151 13.02005 -6.46288 0.11633057252255713 0.16157023961466266 0.07755371501503808
v -3.70267 12.66739 -5.09342 0.11633057252255713 0.16157023961466266 0.07755371501503808
v -2.60323 13.667 -6.75667 0.16779668402013168 0.23305095002796067 0.11186445601342111
v -1.86623 12.12462 -4.79025 0.16779668402013168 0.23305095002796067 0.11186445601342111
v -3.04541 13.03496 -5.51448 0.16779668402013168 0.23305095002796067 0.11186445601342111
v -2.60323 13.667 -6.75667 0.14262718141711192 0.19809330752376655 0.09508478761140794
v -1.45354 12.81835 -6.1111 0.14262718141711192 0.19809330752376655 0.09508478761140794
v -1.86623 12.12462 -4.79025 0.14262718141711192 0.19809330752376655 0.09508478761140794
v -5.52295 13.92643 -6.18431 0.21127015113310108 0.2934307654626404 0.1408467674220674
v -3.42319 12.702 -6.21551 0.21127015113310108 0.2934307654626404 0.1408467674220674
v -4.50244 13.69711 -5.34938 0.21127015113310108 0.2934307654626404 0.1408467674220674
v -5.52295 13.92643 -6.18431 0.1795796284631359 0.24941615064324435 0.11971975230875728
v -4.52769 12.9803 -7.04919 0.1795796284631359 0.24941615064324435 0.11971975230875728
v -3.42319 12.702 -6.21551 0.1795796284631359 0.24941615064324435 0.11971975230875728
v -5.6373 14.35429 -7.22562 0.1979784845857109 0.27497011748015404 0.13198565639047394
v -7.41358 14.35643 -6.10542 0.1979784845857109 0.27497011748015404 0.13198565639047394
v -6.94333 14.18128 -7.40689 0.1979784845857109 0.27497011748015404 0.13198565639047394
v -5.6373 14.35429 -7.22562 0.16828171189785426 0.23372459985813093 0.11218780793190285
v -6.0365 14.52935 -5.96895 0.16828171189785426 0.23372459985813093 0.11218780793190285
v -7.41358 14.35643 -6.10542 0.16828171189785426 0.23372459985813093 0.11218780793190285
v -2.77958 14.16871 -6.41904 0.15810149180052308 0.2195854052785043 0.10540099453368205
v -0.71367 15.04329 -6.7959 0.15810149180052308 0.2195854052785043 0.10540099453368205
v -1.6354 15.01087 -5.76373 0.15810149180052308 0.2195854052785043 0.10540099453368205
v -2.77958 14.16871 -6.41904 0.13438626803044462 0.18664759448672863 0.08959084535362974
v -1.94048 14.16614 -7.43613 0.13438626803044462 0.18664759448672863 0.08959084535362974
v -0.71367 15.04329 -6.7959 0.13438626803044462 0.18664759448672863 0.08959084535362974
v -3.37516 14.0508 -5.07264 0.19709705695135157 0.27374591243243274 0.13139803796756772
v -1.98318 14.80399 -3.50025 0.19709705695135157 0.27374591243243274 0.13139803796756772
v -3.34345 14.00995 -3.75447 0.19709705695135157 0.27374591243243274 0.13139803796756772
v -3.37516 14.0508 -5.07264 0.16753249840864884 0.23268402556756781 0.11168833227243255
v -2.07057 14.8147 -4.88131 0.16753249840864884 0.23268402556756781 0.11168833227243255
v -1.98318 14.80399 -3.50025 0.16753249840864884 0.23268402556756781 0.11168833227243255
v -2.77262 13.69032 -6.38958 0.17652278367446672 0.2451705328812038 0.11768185578297782
v -4.37264 14.68225 -5.02946 0.17652278367446672 0.2451705328812038 0.11768185578297782
v -4.09116 13.80799 -6.38435 0.17652278367446672 0.2451705328812038 0.11768185578297782
v -2.77262 13.69032 -6.38958 0.15004436612329672 0.20839495294902322 0.10002957741553115
v -2.9901 14.5249 -5.0891 0.15004436612329672 0.20839495294902322 0.10002957741553115
v -4.37264 14.68225 -5.02946 0.15004436612329672 0.20839495294902322 0.10002957741553115
v 0.27857 10.57893 0.0 0.1848 0.1722 0.1596
v 2.00084 11.3492 0.48199 0.1848 0.1722 0.1596
v 2.0289 11.11613 0.69032 0.1848 0.1722 0.1596
v 0.27857 10.57893 0.0 0.1848 0.1722 0.1596
v 0.32321 10.94838 -0.32637 0.1848 0.1722 0.1596
v 2.00084 11.3492 0.48199 0.1848 0.1722 0.1596
v 0.32321 10.94838 -0.32637 0.21390412772719958 0.19931975538216323 0.18473538303712692
v 1.84898 11.5129 0.69032 0.21390412772719958 0.19931975538216323 0.18473538303712692
v 2.00084 11.3492 0.48199 0.21390412772719958 0.19931975538216323 0.18473538303712692
v 0.32321 10.94838 -0.32637 0.21390412772719958 0.19931975538216323 0.18473538303712692
v 0.12336 11.25272 -0.0 0.21390412772719958 0.19931975538216323 0.18473538303712692
v 1.84898 11.5129 0.69032 0.21390412772719958 0.19931975538216323 0.18473538303712692
v 0.12336 11.25272 -0.0 0.2049608005950316 0.19098620055446125 0.17701160051389092
v 1.87205 11.2908 0.89865 0.2049608005950316 0.19098620055446125 0.17701160051389092
v 1.84898 11.5129 0.69032 0.2049608005950316 0.19098620055446125 0.17701160051389092
v 0.12336 11.25272 -0.0 0.2049608005950316 0.19098620055446125 0.17701160051389092
v 0.07679 10.89162 0.32637 0.2049608005950316 0.19098620055446125 0.17701160051389092
v 1.87205 11.2908 0.89865 0.2049608005950316 0.19098620055446125 0.17701160051389092
v 0.07679 10.89162 0.32637 0.18754817032630813 0.1747607950767871 0.16197341982726612
v 2.0289 11.11613 0.69032 0.18754817032630813 0.1747607950767871 0.16197341982726612
v 1.87205 11.2908 0.89865 0.18754817032630813 0.1747607950767871 0.16197341982726612
v 0.07679 10.89162 0.32637 0.18754817032630813 0.1747607950767871 0.16197341982726612
v 0.27857 10.57893 0.0 0.18754817032630813 0.1747607950767871 0.16197341982726612
v 2.0289 11.11613 0.69032 0.18754817032630813 0.1747607950767871 0.16197341982726612
v 2.0289 11.11613 0.69032 0.2097241843232297 0.19542480811937313 0.18112543191551655
v 4.62189 12.92676 1.60059 0.2097241843232297 0.19542480811937313 0.18112543191551655
v 4.63444 12.88014 1.64363 0.2097241843232297 0.19542480811937313 0.18112543191551655
v 2.0289 11.11613 0.69032 0.2097241843232297 0.19542480811937313 0.18112543191551655
v 2.00084 11.3492 0.48199 0.2097241843232297 0.19542480811937313 0.18112543191551655
v 4.62189 12.92676 1.60059 0.2097241843232297 0.19542480811937313 0.18112543191551655
v 2.00084 11.3492 0.48199 0.18550100295495356 0.172853207298934 0.16020541164291444
v 4.58851 12.95691 1.64363 0.18550100295495356 0.172853207298934 0.16020541164291444
v 4.62189 12.92676 1.60059 0.18550100295495356 0.172853207298934 0.16020541164291444
v 2.00084 11.3492 0.48199 0.18550100295495356 0.172853207298934 0.16020541164291444
v 1.84898 11.5129 0.69032 0.18550100295495356 0.172853207298934 0.16020541164291444
v 4.58851 12.95691 1.64363 0.18550100295495356 0.172853207298934 0.16020541164291444
v 1.84898 11.5129 0.69032 0.21716765891174555 0.2023607730768538 0.18755388724196206
v 4.5993 12.91324 1.68666 0.21716765891174555 0.2023607730768538 0.18755388724196206
v 4.58851 12.95691 1.64363 0.21716765891174555 0.2023607730768538 0.18755388724196206
v 1.84898 11.5129 0.69032 0.21716765891174555 0.2023607730768538 0.18755388724196206
v 1.87205 11.2908 0.89865 0.21716765891174555 0.2023607730768538 0.18755388724196206
v 4.5993 12.91324 1.68666 0.21716765891174555 0.2023607730768538 0.18755388724196206
v 1.87205 11.2908 0.89865 0.19999342495954212 0.18635750962139153 0.17272159428324094
v 4.63444 12.88014 1.64363 0.19999342495954212 0.18635750962139153 0.17272159428324094
v 4.5993 12.91324 1.68666 0.19999342495954212 0.18635750962139153 0.17272159428324094
v 1.87205 11.2908 0.89865 0.19999342495954212 0.18635750962139153 0.17272159428324094
v 2.0289 11.11613 0.69032 0.19999342495954212 0.18635750962139153 0.17272159428324094
v 4.63444 12.88014 1.64363 0.19999342495954212 0.18635750962139153 0.17272159428324094
v 4.76601 13.55357 0.05637 0.22364758636952287 0.3106216477354484 0.14909839091301524
v 3.14171 12.006 -1.27468 0.22364758636952287 0.3106216477354484 0.14909839091301524
v 4.5251 12.38577 -1.23999 0.22364758636952287 0.3106216477354484 0.14909839091301524
v 4.76601 13.55357 0.05637 0.19010044841409443 0.26402840057513116 0.12673363227606296
v 3.44759 13.2357 0.07492 0.19010044841409443 0.26402840057513116 0.12673363227606296
v 3.14171 12.006 -1.27468 0.19010044841409443 0.26402840057513116 0.12673363227606296
v 6.53498 12.16478 1.54237 0.14393773645251537 0.1999135228507158 0.0959584909683436
v 4.86656 10.70927 2.81766 0.14393773645251537 0.1999135228507158 0.0959584909683436
v 5.21795 11.16398 1.4792 0.14393773645251537 0.1999135228507158 0.0959584909683436
v 6.53498 12.16478 1.54237 0.12234707598463807 0.16992649442310845 0.08156471732309205
v 6.25033 11.76829 2.82982 0.12234707598463807 0.16992649442310845 0.08156471732309205
v 4.86656 10.70927 2.81766 0.12234707598463807 0.16992649442310845 0.08156471732309205
v 6.84665 12.11285 -1.81943 0.19919161480067735 0.2766550205564963 0.13279440986711824
v 5.64708 10.74826 -3.5431 0.19919161480067735 0.2766550205564963 0.13279440986711824
v 6.96853 11.27269 -3.13234 0.19919161480067735 0.2766550205564963 0.13279440986711824
v 6.84665 12.11285 -1.81943 0.16931287258057573 0.23515676747302186 0.1128752483870505
v 5.57318 11.64299 -2.16125 0.16931287258057573 0.23515676747302186 0.1128752483870505
v 5.64708 10.74826 -3.5431 0.16931287258057573 0.23515676747302186 0.1128752483870505
v 4.85068 13.22918 0.00327 0.1608262648470165 0.22336981228752295 0.10721750989801102
v 4.50135 14.49783 2.07401 0.1608262648470165 0.22336981228752295 0.10721750989801102
v 3.84485 14.12108 0.85583 0.1608262648470165 0.22336981228752295 0.10721750989801102
v 4.85068 13.22918 0.00327 0.13670232511996402 0.1898643404443945 0.09113488341330936
v 5.52116 13.55519 1.13862 0.13670232511996402 0.1898643404443945 0.09113488341330936
v 4.50135 14.49783 2.07401 0.13670232511996402 0.1898643404443945 0.09113488341330936
v 4.10455 13.79208 0.87335 0.16662416541668398 0.23142245196761665 0.111082776944456
v 2.3686 13.82572 -0.30837 0.16662416541668398 0.23142245196761665 0.111082776944456
v 3.74961 13.41307 -0.39652 0.16662416541668398 0.23142245196761665 0.111082776944456
v 4.10455 13.79208 0.87335 0.14163054060418137 0.19670908417247415 0.09442036040278759
v 2.79298 14.20339 1.00878 0.14163054060418137 0.19670908417247415 0.09442036040278759
v 2.3686 13.82572 -0.30837 0.14163054060418137 0.19670908417247415 0.09442036040278759
v 6.36825 13.55378 -1.02203 0.19657541999574676 0.2730214166607594 0.1310502799971645
v 5.92371 12.11111 1.03038 0.19657541999574676 0.2730214166607594 0.1310502799971645
v 5.32413 13.07952 -0.2168 0.19657541999574676 0.2730214166607594 0.1310502799971645
v 6.36825 13.55378 -1.02203 0.16708910699638474 0.2320682041616455 0.11139273799758984
v 6.98561 12.64309 0.14306 0.16708910699638474 0.2320682041616455 0.11139273799758984
v 5.92371 12.11111 1.03038 0.16708910699638474 0.2320682041616455 0.11139273799758984
v 4.30212 12.47692 0.60842 0.1777184477652031 0.24683117745167096 0.11847896517680206
v 5.16339 13.93084 -1.30684 0.1777184477652031 0.24683117745167096 0.11847896517680206
v 5.49075 12.92336 0.0377 0.1777184477652031 0.24683117745167096 0.11847896517680206
v 4.30212 12.47692 0.60842 0.15106068060042263 0.2098065008339203 0.10070712040028175
v 3.94031 13.42625 -0.65952 0.15106068060042263 0.2098065008339203 0.10070712040028175
v 5.16339 13.93084 -1.30684 0.15106068060042263 0.2098065008339203 0.10070712040028175
v 5.72142 12.50664 0.94874 0.1420258660312136 0.19725814726557442 0.09468391068747571
v 6.99239 11.37197 2.62046 0.1420258660312136 0.19725814726557442 0.09468391068747571
v 5.65484 11.61946 2.26561 0.1420258660312136 0.19725814726557442 0.09468391068747571
v 5.72142 12.50664 0.94874 0.12072198612653155 0.16766942517573824 0.08048132408435435
v 7.00814 12.30453 1.23673 0.12072198612653155 0.16766942517573824 0.08048132408435435
v 6.99239 11.37197 2.62046 0.12072198612653155 0.16766942517573824 0.08048132408435435
v 5.00412 14.33497 0.70944 0.13769401781523344 0.19124169141004646 0.09179601187682229
v 5.33866 14.42177 2.78262 0.13769401781523344 0.19124169141004646 0.09179601187682229
v 4.32555 14.74984 1.83997 0.13769401781523344 0.19124169141004646 0.09179601187682229
v 5.00412 14.33497 0.70944 0.11703991514294843 0.16255543769853947 0.07802661009529895
v 6.00384 14.00343 1.56916 0.11703991514294843 0.16255543769853947 0.07802661009529895
v 5.33866 14.42177 2.78262 0.11703991514294843 0.16255543769853947 0.07802661009529895
v 4.56575 12.84279 0.67737 0.1479436538026278 0.2054772969480942 0.09862910253508521
v 3.22054 12.33093 -0.93521 0.1479436538026278 0.2054772969480942 0.09862910253508521
v 4.57276 12.28972 -0.64115 0.1479436538026278 0.2054772969480942 0.09862910253508521
v 4.56575 12.84279 0.67737 0.12575210573223364 0.17465570240588005 0.08383473715482243
v 3.26734 12.90447 0.44782 0.12575210573223364 0.17465570240588005 0.08383473715482243
v 3.22054 12.33093 -0.93521 0.12575210573223364 0.17465570240588005 0.08383473715482243
v 6.53003 14.63966 1.96121 0.16770059752929686 0.23291749656846789 0.11180039835286458
v 4.4331 14.48998 1.84783 0.16770059752929686 0.23291749656846789 0.11180039835286458
v 5.5694 14.93329 1.05802 0.16770059752929686 0.23291749656846789 0.11180039835286458
v 6.53003 14.63966 1.96121 0.14254550789990234 0.1979798720831977 0.09503033859993489
v 5.47761 14.20233 2.75554 0.14254550789990234 0.1979798720831977 0.09503033859993489
v 4.4331 14.48998 1.84783 0.14254550789990234 0.1979798720831977 0.09503033859993489
v 7.62745 12.45028 -0.85689 0.13350433938400366 0.185422693588894 0.08900289292266911
v 7.62764 11.57405 1.24311 0.13350433938400366 0.185422693588894 0.08900289292266911
v 6.77754 12.44949 0.15119 0.13350433938400366 0.185422693588894 0.08900289292266911
v 7.62745 12.45028 -0.85689 0.1134786884764031 0.1576092895505599 0.07565245898426874
v 8.47754 11.6099 0.15104 0.1134786884764031 0.1576092895505599 0.07565245898426874
v 7.62764 11.57405 1.24311 0.1134786884764031 0.1576092895505599 0.07565245898426874
v 5.47339 14.64468 1.90006 0.1716682805917329 0.23842816748851792 0.11444552039448859
v 3.45935 13.26034 2.49474 0.1716682805917329 0.23842816748851792 0.11444552039448859
v 4.26594 14.25652 1.3703 0.1716682805917329 0.23842816748851792 0.11444552039448859
v 5.47339 14.64468 1.90006 0.14591803850297294 0.2026639423652402 0.0972786923353153
v 4.74736 13.70388 3.00071 0.14591803850297294 0.2026639423652402 0.0972786923353153
v 3.45935 13.26034 2.49474 0.14591803850297294 0.2026639423652402 0.0972786923353153
v 7.47331 12.49872 1.27435 0.15114453821605048 0.20992296974451455 0.10076302547736699
v 5.46402 13.01386 0.66379 0.15114453821605048 0.20992296974451455 0.10076302547736699
v 6.75598 12.76601 0.168 0.15114453821605048 0.20992296974451455 0.10076302547736699
v 7.47331 12.49872 1.27435 0.1284728574836429 0.17843452428283735 0.08564857165576194
v 6.26172 12.72596 1.79456 0.1284728574836429 0.17843452428283735 0.08564857165576194
v 5.46402 13.01386 0.66379 0.1284728574836429 0.17843452428283735 0.08564857165576194
v 7.02319 14.01046 0.59932 0.20623996165975136 0.28644439119409915 0.1374933077731676
v 8.47253 15.43052 -0.92035 0.20623996165975136 0.28644439119409915 0.1374933077731676
v 8.33398 14.3099 0.45651 0.20623996165975136 0.28644439119409915 0.1374933077731676
v 7.02319 14.01046 0.59932 0.17530396741078866 0.24347773251498428 0.11686931160719245
v 7.10377 15.07428 -0.71676 0.17530396741078866 0.24347773251498428 0.11686931160719245
v 8.47253 15.43052 -0.92035 0.17530396741078866 0.24347773251498428 0.11686931160719245
v 8.05977 13.02443 2.3741 0.1617900407476097 0.22470838992723569 0.10786002716507312
v 6.182 13.86687 1.4339 0.1617900407476097 0.22470838992723569 0.10786002716507312
v 7.53899 13.17275 1.16276 0.1617900407476097 0.22470838992723569 0.10786002716507312
v 8.05977 13.02443 2.3741 0.13752153463546823 0.19100213143815034 0.09168102309031215
v 6.77788 13.68485 2.68286 0.13752153463546823 0.19100213143815034 0.09168102309031215
v 6.182 13.86687 1.4339 0.13752153463546823 0.19100213143815034 0.09168102309031215
v 7.92888 14.2362 1.96581 0.16924744039454753 0.23506588943687157 0.11283162692969835
v 9.13497 15.79859 3.68492 0.16924744039454753 0.23506588943687157 0.11283162692969835
v 7.81197 14.68711 3.27917 0.16924744039454753 0.23506588943687157 0.11283162692969835
v 7.92888 14.2362 1.96581 0.14386032433536539 0.19980600602134083 0.0959068828902436
v 9.20363 15.28518 2.3028 0.14386032433536539 0.19980600602134083 0.0959068828902436
v 9.13497 15.79859 3.68492 0.14386032433536539 0.19980600602134083 0.0959068828902436
v 7.6565 14.44758 -0.1212 0.21944361545575183 0.3047827992440998 0.14629574363716788
v 9.71771 15.98628 -0.52297 0.21944361545575183 0.3047827992440998 0.14629574363716788
v 8.80851 15.60566 0.52025 0.21944361545575183 0.3047827992440998 0.14629574363716788
v 7.6565 14.44758 -0.1212 0.18652707313738906 0.2590653793574848 0.12435138209159269
v 8.48326 14.76665 -1.14835 0.18652707313738906 0.2590653793574848 0.12435138209159269
v 9.71771 15.98628 -0.52297 0.18652707313738906 0.2590653793574848 0.12435138209159269
v 6.33879 13.28389 1.99177 0.15928229252327097 0.22122540628232082 0.10618819501551399
v 4.44996 12.61854 1.07398 0.15928229252327097 0.22122540628232082 0.10618819501551399
v 5.80363 12.72531 0.78671 0.15928229252327097 0.22122540628232082 0.10618819501551399
v 6.33879 13.28389 1.99177 0.13538994864478032 0.1880415953399727 0.09025996576318689
v 5.06066 13.20373 2.31576 0.13538994864478032 0.1880415953399727 0.09025996576318689
v 4.44996 12.61854 1.07398 0.13538994864478032 0.1880415953399727 0.09025996576318689
v 5.96697 12.59856 2.86091 0.1712401668334944 0.23783356504652 0.1141601112223296
v 5.96865 13.02844 4.96091 0.1712401668334944 0.23783356504652 0.1141601112223296
v 5.11778 13.22488 3.8696 0.1712401668334944 0.23783356504652 0.1141601112223296
v 5.96697 12.59856 2.86091 0.14555414180847023 0.202158530289542 0.09703609453898016
v 6.81778 12.38492 3.86823 0.14555414180847023 0.202158530289542 0.09703609453898016
v 5.96865 13.02844 4.96091 0.14555414180847023 0.202158530289542 0.09703609453898016
v 6.35832 13.80057 2.36428 0.20237015747131293 0.2810696631546013 0.13491343831420863
v 5.58443 12.31913 0.41208 0.20237015747131293 0.2810696631546013 0.13491343831420863
v 6.77703 13.29123 1.11398 0.20237015747131293 0.2810696631546013 0.13491343831420863
v 6.35832 13.80057 2.36428 0.172014633850616 0.2389092136814111 0.11467642256707733
v 5.19667 12.88772 1.74046 0.172014633850616 0.2389092136814111 0.11467642256707733
v 5.58443 12.31913 0.41208 0.172014633850616 0.2389092136814111 0.11467642256707733
v 0.26752 11.75343 0.0 0.1848 0.1722 0.1596
v -1.90467 11.84065 0.5697 0.1848 0.1722 0.1596
v -1.74488 12.01506 0.776 0.1848 0.1722 0.1596
v 0.26752 11.75343 0.0 0.1848 0.1722 0.1596
v 0.07963 11.43366 -0.3278 0.1848 0.1722 0.1596
v -1.90467 11.84065 0.5697 0.1848 0.1722 0.1596
v 0.07963 11.43366 -0.3278 0.21390412772719958 0.19931975538216323 0.18473538303712692
v -1.9196 11.61598 0.776 0.21390412772719958 0.19931975538216323 0.18473538303712692
v -1.90467 11.84065 0.5697 0.21390412772719958 0.19931975538216323 0.18473538303712692
v 0.07963 11.43366 -0.3278 0.21390412772719958 0.19931975538216323 0.18473538303712692
v 0.13414 11.07498 -0.0 0.21390412772719958 0.19931975538216323 0.18473538303712692
v -1.9196 11.61598 0.776 0.21390412772719958 0.19931975538216323 0.18473538303712692
v 0.13414 11.07498 -0.0 0.2049608005950316 0.19098620055446125 0.17701160051389092
v -1.76464 11.77935 0.9823 0.2049608005950316 0.19098620055446125 0.17701160051389092
v -1.9196 11.61598 0.776 0.2049608005950316 0.19098620055446125 0.17701160051389092
v 0.13414 11.07498 -0.0 0.2049608005950316 0.19098620055446125 0.17701160051389092
v 0.32037 11.38634 0.3278 0.2049608005950316 0.19098620055446125 0.17701160051389092
v -1.76464 11.77935 0.9823 0.2049608005950316 0.19098620055446125 0.17701160051389092
v 0.32037 11.38634 0.3278 0.18754817032630813 0.1747607950767871 0.16197341982726612
v -1.74488 12.01506 0.776 0.18754817032630813 0.1747607950767871 0.16197341982726612
v -1.76464 11.77935 0.9823 0.18754817032630813 0.1747607950767871 0.16197341982726612
v 0.32037 11.38634 0.3278 0.18754817032630813 0.1747607950767871 0.16197341982726612
v 0.26752 11.75343 0.0 0.18754817032630813 0.1747607950767871 0.16197341982726612
v -1.74488 12.01506 0.776 0.18754817032630813 0.1747607950767871 0.16197341982726612
v -1.74488 12.01506 0.776 0.2097241843232297 0.19542480811937313 0.18112543191551655
v -4.38104 13.41809 1.80525 0.2097241843232297 0.19542480811937313 0.18112543191551655
v -4.34342 13.44928 1.84762 0.2097241843232297 0.19542480811937313 0.18112543191551655
v -1.74488 12.01506 0.776 0.2097241843232297 0.19542480811937313 0.18112543191551655
v -1.90467 11.84065 0.5697 0.2097241843232297 0.19542480811937313 0.18112543191551655
v -4.38104 13.41809 1.80525 0.2097241843232297 0.19542480811937313 0.18112543191551655
v -1.90467 11.84065 0.5697 0.18550100295495356 0.172853207298934 0.16020541164291444
v -4.39119 13.37363 1.84762 0.18550100295495356 0.172853207298934 0.16020541164291444
v -4.38104 13.41809 1.80525 0.18550100295495356 0.172853207298934 0.16020541164291444
v -1.90467 11.84065 0.5697 0.18550100295495356 0.172853207298934 0.16020541164291444
v -1.9196 11.61598 0.776 0.18550100295495356 0.172853207298934 0.16020541164291444
v -4.39119 13.37363 1.84762 0.18550100295495356 0.172853207298934 0.16020541164291444
v -1.9196 11.61598 0.776 0.21716765891174555 0.2023607730768538 0.18755388724196206
v -4.35541 13.40191 1.88999 0.21716765891174555 0.2023607730768538 0.18755388724196206
v -4.39119 13.37363 1.84762 0.21716765891174555 0.2023607730768538 0.18755388724196206
v -1.9196 11.61598 0.776 0.21716765891174555 0.2023607730768538 0.18755388724196206
v -1.76464 11.77935 0.9823 0.21716765891174555 0.2023607730768538 0.18755388724196206
v -4.35541 13.40191 1.88999 0.21716765891174555 0.2023607730768538 0.18755388724196206
v -1.76464 11.77935 0.9823 0.19999342495954212 0.18635750962139153 0.17272159428324094
v -4.34342 13.44928 1.84762 0.19999342495954212 0.18635750962139153 0.17272159428324094
v -4.35541 13.40191 1.88999 0.19999342495954212 0.18635750962139153 0.17272159428324094
v -1.76464 11.77935 0.9823 0.19999342495954212 0.18635750962139153 0.17272159428324094
v -1.74488 12.01506 0.776 0.19999342495954212 0.18635750962139153 0.17272159428324094
v -4.34342 13.44928 1.84762 0.19999342495954212 0.18635750962139153 0.17272159428324094
v -5.2966 14.25921 2.14387 0.20269943983267028 0.2815269997675976 0.13513295988844684
v -6.30757 14.20686 0.30323 0.20269943983267028 0.2815269997675976 0.13513295988844684
v -5.03685 14.22675 0.85116 0.20269943983267028 0.2815269997675976 0.13513295988844684
v -5.2966 14.25921 2.14387 0.17229452385776972 0.23929794980245794 0.1148630159051798
v -6.52689 14.24142 1.66956 0.17229452385776972 0.23929794980245794 0.1148630159051798
v -6.30757 14.20686 0.30323 0.17229452385776972 0.23929794980245794 0.1148630159051798
v -4.72155 14.19652 3.35703 0.1393932635874244 0.1936017549825339 0.09292884239161626
v -4.77227 15.74667 1.25765 0.1393932635874244 0.1936017549825339 0.09292884239161626
v -3.89614 15.33649 2.3288 0.1393932635874244 0.1936017549825339 0.09292884239161626
v -4.72155 14.19652 3.35703 0.11848427404931074 0.1645614917351538 0.07898951603287382
v -5.59564 14.5447 2.36986 0.11848427404931074 0.1645614917351538 0.07898951603287382
v -4.77227 15.74667 1.25765 0.11848427404931074 0.1645614917351538 0.07898951603287382
v -4.27474 14.28156 4.64927 0.18649521997160384 0.2590211388494498 0.12433014664773588
v -4.12591 13.3342 6.74399 0.18649521997160384 0.2590211388494498 0.12433014664773588
v -5.05116 14.24803 5.71497 0.18649521997160384 0.2590211388494498 0.12433014664773588
v -4.27474 14.28156 4.64927 0.15852093697586325 0.2201679680220323 0.1056806246505755
v -3.35544 13.40562 5.59449 0.15852093697586325 0.2201679680220323 0.1056806246505755
v -4.12591 13.3342 6.74399 0.15852093697586325 0.2201679680220323 0.1056806246505755
v -3.23135 14.28609 4.98204 0.14187640601819293 0.19705056391415687 0.0945842706787953
v -1.48974 12.86584 6.15542 0.14187640601819293 0.19705056391415687 0.0945842706787953
v -2.87032 13.28229 6.2502 0.14187640601819293 0.19705056391415687 0.0945842706787953
v -3.23135 14.28609 4.98204 0.12059494511546398 0.16749297932703333 0.080396630076976
v -1.92044 13.92645 4.84033 0.12059494511546398 0.16749297932703333 0.080396630076976
v -1.48974 12.86584 6.15542 0.12059494511546398 0.16749297932703333 0.080396630076976
v -2.63335 13.87339 5.23961 0.1962568394419059 0.27257894366931373 0.13083789296127057
v -2.91576 15.40315 7.32054 0.1962568394419059 0.27257894366931373 0.13083789296127057
v -3.61119 14.92994 6.12415 0.1962568394419059 0.27257894366931373 0.13083789296127057
v -2.63335 13.87339 5.23961 0.16681831352562 0.23169210211891667 0.11121220901707998
v -1.92663 14.28541 6.35277 0.16681831352562 0.23169210211891667 0.11121220901707998
v -2.91576 15.40315 7.32054 0.16681831352562 0.23169210211891667 0.11121220901707998
v -2.97896 13.66836 3.61039 0.1304595663885627 0.1811938422063371 0.08697304425904182
v -5.05668 14.15513 3.30531 0.1304595663885627 0.1811938422063371 0.08697304425904182
v -3.85278 14.16222 2.62297 0.1304595663885627 0.1811938422063371 0.08697304425904182
v -2.97896 13.66836 3.61039 0.1108906314302783 0.15401476587538654 0.07392708762018554
v -4.09975 13.6418 4.30493 0.1108906314302783 0.15401476587538654 0.07392708762018554
v -5.05668 14.15513 3.30531 0.1108906314302783 0.15401476587538654 0.07392708762018554
v -5.48372 13.14386 3.48997 0.20897078519766882 0.2902372016634289 0.13931385679844588
v -7.24974 12.00893 2.35368 0.20897078519766882 0.2902372016634289 0.13931385679844588
v -5.87148 12.22278 2.22973 0.20897078519766882 0.2902372016634289 0.13931385679844588
v -5.48372 13.14386 3.48997 0.17762516741801848 0.24670162141391458 0.118416778278679
v -6.79134 12.97542 3.65937 0.17762516741801848 0.24670162141391458 0.118416778278679
v -7.24974 12.00893 2.35368 0.17762516741801848 0.24670162141391458 0.118416778278679
v -3.19289 15.05198 3.75741 0.20912708772650643 0.2904542885090367 0.1394180584843376
v -4.86819 14.29072 2.49118 0.20912708772650643 0.2904542885090367 0.1394180584843376
v -3.48451 14.26798 2.47152 0.20912708772650643 0.2904542885090367 0.1394180584843376
v -3.19289 15.05198 3.75741 0.17775802456753045 0.24688614523268118 0.11850534971168697
v -4.50956 15.10517 3.82772 0.17775802456753045 0.24688614523268118 0.11850534971168697
v -4.86819 14.29072 2.49118 0.17775802456753045 0.24688614523268118 0.11850534971168697
v -3.47467 13.77737 3.46497 0.18728324837991095 0.2601156227498763 0.12485549891994063
v -1.44397 14.97789 3.99999 0.18728324837991095 0.2601156227498763 0.12485549891994063
v -2.71649 14.56279 4.54373 0.18728324837991095 0.2601156227498763 0.12485549891994063
v -3.47467 13.77737 3.46497 0.1591907611229243 0.22109827933739487 0.10612717408194954
v -2.28338 14.14444 2.89982 0.1591907611229243 0.22109827933739487 0.10612717408194954
v -1.44397 14.97789 3.99999 0.1591907611229243 0.22109827933739487 0.10612717408194954
v -4.26578 14.58875 3.91105 0.18230127353150644 0.2531962132382034 0.12153418235433763
v -3.10305 14.58933 5.65978 0.18230127353150644 0.2531962132382034 0.12153418235433763
v -4.41549 14.32248 5.22107 0.18230127353150644 0.2531962132382034 0.12153418235433763
v -4.26578 14.58875 3.91105 0.15495608250178047 0.2152167812524729 0.10330405500118699
v -2.99985 14.85558 4.27981 0.15495608250178047 0.2152167812524729 0.10330405500118699
v -3.10305 14.58933 5.65978 0.15495608250178047 0.2152167812524729 0.10330405500118699
v -3.67912 13.85352 3.6458 0.14110618622723678 0.19598081420449553 0.09407079081815785
v -5.47031 15.21547 2.54962 0.14110618622723678 0.19598081420449553 0.09407079081815785
v -4.0952 14.15078 2.39463 0.14110618622723678 0.19598081420449553 0.09407079081815785
v -3.67912 13.85352 3.6458 0.11994025829315126 0.1665836920738212 0.07996017219543416
v -4.98259 14.86374 3.84464 0.11994025829315126 0.1665836920738212 0.07996017219543416
v -5.47031 15.21547 2.54962 0.11994025829315126 0.1665836920738212 0.07996017219543416
v -4.09687 13.84078 4.81513 0.17049516686020244 0.2367988428613923 0.1136634445734683
v -6.09378 15.35991 5.46501 0.17049516686020244 0.2367988428613923 0.1136634445734683
v -5.31843 14.80817 4.3188 0.17049516686020244 0.2367988428613923 0.1136634445734683
v -4.09687 13.84078 4.81513 0.14492089183117207 0.20127901643218346 0.09661392788744806
v -4.79234 14.33176 5.93534 0.14492089183117207 0.20127901643218346 0.09661392788744806
v -6.09378 15.35991 5.46501 0.14492089183117207 0.20127901643218346 0.09661392788744806
v -3.42811 13.8893 3.08117 0.14909294368255874 0.20707353289244268 0.09939529578837249
v -1.67365 12.31741 1.92711 0.14909294368255874 0.20707353289244268 0.09939529578837249
v -2.11885 13.05604 3.23736 0.14909294368255874 0.20707353289244268 0.09939529578837249
v -3.42811 13.8893 3.08117 0.12672900213017493 0.17601250295857626 0.08448600142011661
v -3.05309 13.21355 1.81708 0.12672900213017493 0.17601250295857626 0.08448600142011661
v -1.67365 12.31741 1.92711 0.12672900213017493 0.17601250295857626 0.08448600142011661
v -3.61469 13.9059 4.68995 0.20823225755790425 0.2892114688304226 0.13882150503860283
v -5.39207 15.08204 3.57151 0.20823225755790425 0.2892114688304226 0.13882150503860283
v -4.01513 14.10261 3.43368 0.20823225755790425 0.2892114688304226 0.13882150503860283
v -3.61469 13.9059 4.68995 0.1769974189242186 0.2458297485058592 0.1179982792828124
v -4.92054 14.83829 4.87251 0.1769974189242186 0.2458297485058592 0.1179982792828124
v -5.39207 15.08204 3.57151 0.1769974189242186 0.2458297485058592 0.1179982792828124
v -6.31014 13.17306 3.89473 0.16717099343577396 0.23218193532746384 0.11144732895718264
v -4.86447 14.74715 5.4179 0.16717099343577396 0.23218193532746384 0.11144732895718264
v -6.23274 13.51092 5.211 0.16717099343577396 0.23218193532746384 0.11144732895718264
v -6.31014 13.17306 3.89473 0.14209534442040786 0.19735464502834427 0.09473022961360524
v -4.9997 14.34633 4.0407 0.14209534442040786 0.19735464502834427 0.09473022961360524
v -4.86447 14.74715 5.4179 0.14209534442040786 0.19735464502834427 0.09473022961360524
v -6.8751 13.43735 3.15792 0.15250618836260188 0.2118141505036137 0.10167079224173457
v -8.97232 12.3968 3.05004 0.15250618836260188 0.2118141505036137 0.10167079224173457
v -7.8381 13.30567 2.25726 0.15250618836260188 0.2118141505036137 0.10167079224173457
v -6.8751 13.43735 3.15792 0.1296302601082116 0.18004202792807164 0.08642017340547438
v -7.92543 12.5701 3.95501 0.1296302601082116 0.18004202792807164 0.08642017340547438
v -8.97232 12.3968 3.05004 0.1296302601082116 0.18004202792807164 0.08642017340547438
v -5.04952 14.10921 3.95572 0.18061901746051331 0.2508597464729352 0.12041267830700889
v -4.25271 14.30447 5.89868 0.18061901746051331 0.2508597464729352 0.12041267830700889
v -5.45349 14.25896 5.21086 0.18061901746051331 0.2508597464729352 0.12041267830700889
v -5.04952 14.10921 3.95572 0.1535261648414363 0.2132307845019949 0.10235077656095755
v -3.88062 14.1469 4.56582 0.1535261648414363 0.2132307845019949 0.10235077656095755
v -4.25271 14.30447 5.89868 0.1535261648414363 0.2132307845019949 0.10235077656095755
v -7.05724 14.3796 2.194 0.19459325657960716 0.27026841191612105 0.1297288377197381
v -7.07264 13.81519 4.29394 0.19459325657960716 0.27026841191612105 0.1297288377197381
v -7.91461 14.52626 3.19574 0.19459325657960716 0.27026841191612105 0.1297288377197381
v -7.05724 14.3796 2.194 0.1654042680926661 0.2297281501287029 0.11026951206177737
v -6.21466 13.69111 3.20821 0.1654042680926661 0.2297281501287029 0.11026951206177737
v -7.07264 13.81519 4.29394 0.1654042680926661 0.2297281501287029 0.11026951206177737
v -5.85519 13.81459 1.74725 0.19823368625674764 0.27532456424548285 0.13215579083783177
v -6.67445 14.07844 -0.18635 0.19823368625674764 0.27532456424548285 0.13215579083783177
v -5.46579 14.10631 0.48751 0.19823368625674764 0.27532456424548285 0.13215579083783177
v -5.85519 13.81459 1.74725 0.1684986333182355 0.23402587960866042 0.112332422212157
v -7.03108 13.77617 1.15073 0.1684986333182355 0.23402587960866042 0.112332422212157
v -6.67445 14.07844 -0.18635 0.1684986333182355 0.23402587960866042 0.112332422212157
v -5.66186 12.69175 4.6227 0.21523693057872578 0.29894018135934136 0.14349128705248385
v -3.56833 12.10949 4.78752 0.21523693057872578 0.29894018135934136 0.14349128705248385
v -4.72368 12.8154 5.54919 0.21523693057872578 0.29894018135934136 0.14349128705248385
v -5.66186 12.69175 4.6227 0.1829513909919169 0.25409915415544015 0.12196759399461127
v -4.59025 12.00913 3.85444 0.1829513909919169 0.25409915415544015 0.12196759399461127
v -3.56833 12.10949 4.78752 0.1829513909919169 0.25409915415544015 0.12196759399461127
v -4.81522 12.61988 4.36785 0.21689812239986375 0.301247392222033 0.14459874826657584
v -5.64445 12.77618 6.29719 0.21689812239986375 0.301247392222033 0.14459874826657584
v -5.99417 12.58951 4.95829 0.21689812239986375 0.301247392222033 0.14459874826657584
v -4.81522 12.61988 4.36785 0.1843634040398842 0.25606028338872805 0.12290893602658946
v -4.43232 12.80029 5.62957 0.1843634040398842 0.25606028338872805 0.12290893602658946
v -5.64445 12.77618 6.29719 0.1843634040398842 0.25606028338872805 0.12290893602658946
v 0.39405 11.60872 0.0 0.1848 0.1722 0.1596
v 0.67958 12.15833 -1.87143 0.1848 0.1722 0.1596
v 0.97073 12.15474 -1.75425 0.1848 0.1722 0.1596
v 0.39405 11.60872 0.0 0.1848 0.1722 0.1596
v -0.06939 11.72053 -0.13312 0.1848 0.1722 0.1596
v 0.67958 12.15833 -1.87143 0.1848 0.1722 0.1596
v -0.06939 11.72053 -0.13312 0.21390412772719958 0.19931975538216323 0.18473538303712692
v 0.63925 12.43744 -1.75425 0.21390412772719958 0.19931975538216323 0.18473538303712692
v 0.67958 12.15833 -1.87143 0.21390412772719958 0.19931975538216323 0.18473538303712692
v -0.06939 11.72053 -0.13312 0.21390412772719958 0.19931975538216323 0.18473538303712692
v 0.0107 12.18415 -0.0 0.21390412772719958 0.19931975538216323 0.18473538303712692
v 0.63925 12.43744 -1.75425 0.21390412772719958 0.19931975538216323 0.18473538303712692
v 0.0107 12.18415 -0.0 0.2049608005950316 0.19098620055446125 0.17701160051389092
v 0.92123 12.44167 -1.63707 0.2049608005950316 0.19098620055446125 0.17701160051389092
v 0.63925 12.43744 -1.75425 0.2049608005950316 0.19098620055446125 0.17701160051389092
v 0.0107 12.18415 -0.0 0.2049608005950316 0.19098620055446125 0.17701160051389092
v 0.46939 12.07947 0.13312 0.2049608005950316 0.19098620055446125 0.17701160051389092
v 0.92123 12.44167 -1.63707 0.2049608005950316 0.19098620055446125 0.17701160051389092
v 0.46939 12.07947 0.13312 0.18754817032630813 0.1747607950767871 0.16197341982726612
v 0.97073 12.15474 -1.75425 0.18754817032630813 0.1747607950767871 0.16197341982726612
v 0.92123 12.44167 -1.63707 0.18754817032630813 0.1747607950767871 0.16197341982726612
v 0.46939 12.07947 0.13312 0.18754817032630813 0.1747607950767871 0.16197341982726612
v 0.39405 11.60872 0.0 0.18754817032630813 0.1747607950767871 0.16197341982726612
v 0.97073 12.15474 -1.75425 0.18754817032630813 0.1747607950767871 0.16197341982726612
v 0.97073 12.15474 -1.75425 0.2097241843232297 0.19542480811937313 0.18112543191551655
v 1.88579 13.87113 -4.20495 0.2097241843232297 0.19542480811937313 0.18112543191551655
v 1.94395 13.8736 -4.17678 0.2097241843232297 0.19542480811937313 0.18112543191551655
v 0.97073 12.15474 -1.75425 0.2097241843232297 0.19542480811937313 0.18112543191551655
v 0.67958 12.15833 -1.87143 0.2097241843232297 0.19542480811937313 0.18112543191551655
v 1.88579 13.87113 -4.20495 0.2097241843232297 0.19542480811937313 0.18112543191551655
v 0.67958 12.15833 -1.87143 0.18550100295495356 0.172853207298934 0.16020541164291444
v 1.87034 13.92445 -4.17678 0.18550100295495356 0.172853207298934 0.16020541164291444
v 1.88579 13.87113 -4.20495 0.18550100295495356 0.172853207298934 0.16020541164291444
v 0.67958 12.15833 -1.87143 0.18550100295495356 0.172853207298934 0.16020541164291444
v 0.63925 12.43744 -1.75425 0.18550100295495356 0.172853207298934 0.16020541164291444
v 1.87034 13.92445 -4.17678 0.18550100295495356 0.172853207298934 0.16020541164291444
v 0.63925 12.43744 -1.75425 0.21716765891174555 0.2023607730768538 0.18755388724196206
v 1.92568 13.92887 -4.14861 0.21716765891174555 0.2023607730768538 0.18755388724196206
v 1.87034 13.92445 -4.17678 0.21716765891174555 0.2023607730768538 0.18755388724196206
v 0.63925 12.43744 -1.75425 0.21716765891174555 0.2023607730768538 0.18755388724196206
v 0.92123 12.44167 -1.63707 0.21716765891174555 0.2023607730768538 0.18755388724196206
v 1.92568 13.92887 -4.14861 0.21716765891174555 0.2023607730768538 0.18755388724196206
v 0.92123 12.44167 -1.63707 0.19999342495954212 0.18635750962139153 0.17272159428324094
v 1.94395 13.8736 -4.17678 0.19999342495954212 0.18635750962139153 0.17272159428324094
v 1.92568 13.92887 -4.14861 0.19999342495954212 0.18635750962139153 0.17272159428324094
v 0.92123 12.44167 -1.63707 0.19999342495954212 0.18635750962139153 0.17272159428324094
v 0.97073 12.15474 -1.75425 0.19999342495954212 0.18635750962139153 0.17272159428324094
v 1.94395 13.8736 -4.17678 0.19999342495954212 0.18635750962139153 0.17272159428324094
v 0.96361 14.41267 -3.70201 0.13492394219477125 0.1873943641594045 0.08994929479651416
v 1.84913 13.54688 -1.79785 0.13492394219477125 0.1873943641594045 0.08994929479651416
v 0.61792 13.97295 -2.42959 0.13492394219477125 0.1873943641594045 0.08994929479651416
v 0.96361 14.41267 -3.70201 0.11468535086555555 0.15928520953549383 0.07645690057703704
v 2.15939 14.02123 -3.14644 0.11468535086555555 0.15928520953549383 0.07645690057703704
v 1.84913 13.54688 -1.79785 0.11468535086555555 0.15928520953549383 0.07645690057703704
v 0.93059 14.12082 -5.95187 0.2167848131996139 0.3010900183327971 0.1445232087997426
v 1.62028 15.5095 -7.93539 0.2167848131996139 0.3010900183327971 0.1445232087997426
v 2.0645 14.67303 -6.6248 0.2167848131996139 0.3010900183327971 0.1445232087997426
v 0.93059 14.12082 -5.95187 0.1842670912196718 0.2559265155828775 0.1228447274797812
v 0.45879 14.90175 -7.18312 0.1842670912196718 0.2559265155828775 0.1228447274797812
v 1.62028 15.5095 -7.93539 0.1842670912196718 0.2559265155828775 0.1228447274797812
v 1.37295 14.61175 -6.33915 0.14173953178939724 0.19686046081860728 0.09449302119293149
v 1.52638 14.46104 -8.43354 0.14173953178939724 0.19686046081860728 0.09449302119293149
v 2.29433 14.84421 -7.28235 0.14173953178939724 0.19686046081860728 0.09449302119293149
v 1.37295 14.61175 -6.33915 0.12047860202098766 0.16733139169581618 0.08031906801399176
v 0.59887 14.23461 -7.40656 0.12047860202098766 0.16733139169581618 0.08031906801399176
v 1.52638 14.46104 -8.43354 0.12047860202098766 0.16733139169581618 0.08031906801399176
v -0.11722 14.89681 -6.32002 0.18109507152435433 0.25152093267271436 0.1207300476829029
v 0.91818 16.41203 -4.49302 0.18109507152435433 0.25152093267271436 0.1207300476829029
v -0.35973 15.46409 -5.02397 0.18109507152435433 0.25152093267271436 0.1207300476829029
v -0.11722 14.89681 -6.32002 0.15393081079570117 0.2137927927718072 0.10262054053046746
v 1.11927 15.78414 -5.86215 0.15393081079570117 0.2137927927718072 0.10262054053046746
v 0.91818 16.41203 -4.49302 0.15393081079570117 0.2137927927718072 0.10262054053046746
v -1.25179 14.0161 -5.76542 0.1336005630403788 0.18555633755608167 0.0890670420269192
v -3.21897 12.44877 -6.50039 0.1336005630403788 0.18555633755608167 0.0890670420269192
v -1.89855 13.17546 -6.91445 0.1336005630403788 0.18555633755608167 0.0890670420269192
v -1.25179 14.0161 -5.76542 0.11356047858432197 0.15772288692266942 0.07570698572288131
v -2.49353 13.35211 -5.32196 0.11356047858432197 0.15772288692266942 0.07570698572288131
v -3.21897 12.44877 -6.50039 0.11356047858432197 0.15772288692266942 0.07570698572288131
v -0.63978 15.06621 -6.50141 0.20996705217522188 0.2916209057989193 0.13997803478348125
v -0.38859 14.78313 -4.41648 0.20996705217522188 0.2916209057989193 0.13997803478348125
v -1.36311 15.33178 -5.39897 0.20996705217522188 0.2916209057989193 0.13997803478348125
v -0.63978 15.06621 -6.50141 0.1784719943489386 0.2478777699290814 0.11898132956595907
v 0.32469 14.52889 -5.60231 0.1784719943489386 0.2478777699290814 0.11898132956595907
v -0.38859 14.78313 -4.41648 0.1784719943489386 0.2478777699290814 0.11898132956595907
v 0.05578 14.01358 -5.02679 0.21812175387544352 0.30294688038256046 0.145414502583629
v -0.29989 15.32744 -7.09646 0.21812175387544352 0.30294688038256046 0.145414502583629
v 0.72278 15.05838 -6.16419 0.21812175387544352 0.30294688038256046 0.145414502583629
v 0.05578 14.01358 -5.02679 0.185403490794127 0.2575048483251764 0.12360232719608465
v -0.95266 14.23009 -5.87627 0.185403490794127 0.2575048483251764 0.12360232719608465
v -0.29989 15.32744 -7.09646 0.185403490794127 0.2575048483251764 0.12360232719608465
v 2.41119 15.24785 -5.88785 0.13283024374291755 0.18448644964294106 0.0885534958286117
v 3.24804 13.91454 -7.8139 0.13283024374291755 0.18448644964294106 0.0885534958286117
v 3.59247 14.37461 -6.47362 0.13283024374291755 0.18448644964294106 0.0885534958286117
v 2.41119 15.24785 -5.88785 0.11290570718147991 0.1568134821964999 0.07527047145431995
v 2.03328 14.84111 -7.15108 0.11290570718147991 0.1568134821964999 0.07527047145431995
v 3.24804 13.91454 -7.8139 0.11290570718147991 0.1568134821964999 0.07527047145431995
v 0.21873 13.58463 -5.63652 0.18390333976617754 0.25542130523080214 0.12260222651078502
v 1.76795 13.00588 -7.05423 0.18390333976617754 0.25542130523080214 0.12260222651078502
v 1.53619 12.99053 -5.68995 0.18390333976617754 0.25542130523080214 0.12260222651078502
v 0.21873 13.58463 -5.63652 0.1563178388012509 0.2171081094461818 0.10421189253416727
v 0.38852 13.62314 -6.94408 0.1563178388012509 0.2171081094461818 0.10421189253416727
v 1.76795 13.00588 -7.05423 0.1563178388012509 0.2171081094461818 0.10421189253416727
v 1.98878 13.72719 -6.2649 0.19667276457409158 0.2731566174640161 0.1311151763827277
v 1.35608 12.21036 -8.26732 0.19667276457409158 0.2731566174640161 0.1311151763827277
v 2.49559 13.30019 -7.48216 0.19667276457409158 0.2731566174640161 0.1311151763827277
v 1.98878 13.72719 -6.2649 0.16717184988797784 0.23218312484441367 0.11144789992531855
v 0.87458 12.69803 -6.96997 0.16717184988797784 0.23218312484441367 0.11144789992531855
v 1.35608 12.21036 -8.26732 0.16717184988797784 0.23218312484441367 0.11144789992531855
v -0.0089 13.62857 -7.47388 0.14523101046187933 0.2017097367526102 0.0968206736412529
v 2.04983 14.80768 -7.88819 0.14523101046187933 0.2017097367526102 0.0968206736412529
v 1.14699 14.61222 -6.83945 0.14523101046187933 0.2017097367526102 0.0968206736412529
v -0.0089 13.62857 -7.47388 0.12344635889259743 0.17145327623971865 0.08229757259506496
v 0.81159 13.77686 -8.50604 0.12344635889259743 0.17145327623971865 0.08229757259506496
v 2.04983 14.80768 -7.88819 0.12344635889259743 0.17145327623971865 0.08229757259506496
v -0.25176 14.76794 -4.36508 0.16502615311571592 0.22920299043849435 0.11001743541047729
v -1.45583 13.1944 -6.08561 0.16502615311571592 0.22920299043849435 0.11001743541047729
v -0.13331 13.82341 -5.6783 0.16502615311571592 0.22920299043849435 0.11001743541047729
v -0.25176 14.76794 -4.36508 0.14027223014835852 0.1948225418727202 0.09351482009890569
v -1.52612 14.20187 -4.70358 0.14027223014835852 0.1948225418727202 0.09351482009890569
v -1.45583 13.1944 -6.08561 0.14027223014835852 0.1948225418727202 0.09351482009890569
v 2.24061 15.08437 -5.06332 0.15364886429302074 0.21340120040697325 0.10243257619534715
v 1.25858 14.47755 -6.91956 0.15364886429302074 0.21340120040697325 0.10243257619534715
v 2.52057 14.81304 -6.3518 0.15364886429302074 0.21340120040697325 0.10243257619534715
v 2.24061 15.08437 -5.06332 0.13060153464906762 0.18139102034592725 0.08706768976604508
v 1.0179 14.77315 -5.55683 0.13060153464906762 0.18139102034592725 0.08706768976604508
v 1.25858 14.47755 -6.91956 0.13060153464906762 0.18139102034592725 0.08706768976604508
v -0.76054 15.23557 -4.86008 0.14290653756715802 0.19848130217660837 0.09527102504477201
v 0.62617 16.60492 -6.43711 0.14290653756715802 0.19848130217660837 0.09527102504477201
v 0.5434 15.48522 -5.05576 0.14290653756715802 0.19848130217660837 0.09527102504477201
v -0.76054 15.23557 -4.86008 0.1214705569320843 0.1687091068501171 0.08098037128805621
v -0.73324 16.30049 -6.17834 0.1214705569320843 0.1687091068501171 0.08098037128805621
v 0.62617 16.60492 -6.43711 0.1214705569320843 0.1687091068501171 0.08098037128805621
v 1.23761 14.73161 -7.43213 0.14931754610463555 0.2073854807008827 0.09954503073642369
v -0.8427 16.15929 -7.71905 0.14931754610463555 0.2073854807008827 0.09954503073642369
v 0.35519 15.68896 -8.41188 0.14931754610463555 0.2073854807008827 0.09954503073642369
v 1.23761 14.73161 -7.43213 0.12691991418894022 0.1762776585957503 0.08461327612596013
v 0.12292 15.14483 -6.72782 0.12691991418894022 0.1762776585957503 0.08461327612596013
v -0.8427 16.15929 -7.71905 0.12691991418894022 0.1762776585957503 0.08461327612596013
v 2.13141 15.37023 -5.58459 0.1817925210589078 0.2524896125818164 0.12119501403927187
v 4.22798 14.28937 -5.70458 0.1817925210589078 0.2524896125818164 0.12119501403927187
v 3.18633 15.24387 -4.79358 0.1817925210589078 0.2524896125818164 0.12119501403927187
v 2.13141 15.37023 -5.58459 0.15452364290007164 0.21461617069454395 0.10301576193338108
v 3.0892 14.45897 -6.4908 0.15452364290007164 0.21461617069454395 0.10301576193338108
v 4.22798 14.28937 -5.70458 0.15452364290007164 0.21461617069454395 0.10301576193338108
v 1.51359 13.73631 -5.70098 0.19032117781532093 0.26433496918794575 0.12688078521021395
v 2.38365 14.33352 -7.61227 0.19032117781532093 0.26433496918794575 0.12688078521021395
v 2.70483 13.76512 -6.26623 0.19032117781532093 0.26433496918794575 0.12688078521021395
v 1.51359 13.73631 -5.70098 0.1617730011430228 0.22468472380975388 0.10784866742868186
v 1.1576 14.28082 -6.97057 0.1617730011430228 0.22468472380975388 0.10784866742868186
v 2.38365 14.33352 -7.61227 0.1617730011430228 0.22468472380975388 0.10784866742868186
v 3.37484 14.60342 -5.36233 0.15533988854953393 0.21574984520768603 0.10355992569968929
v 4.13222 16.01645 -3.40366 0.15533988854953393 0.21574984520768603 0.10355992569968929
v 2.94559 15.37239 -4.11561 0.15533988854953393 0.21574984520768603 0.10355992569968929
v 3.37484 14.60342 -5.36233 0.13203890526710382 0.1833873684265331 0.08802593684473589
v 4.53117 15.19097 -4.72873 0.13203890526710382 0.1833873684265331 0.08802593684473589
v 4.13222 16.01645 -3.40366 0.13203890526710382 0.1833873684265331 0.08802593684473589
v 2.8772 13.50182 -7.80462 0.19801174919579512 0.27501631832749324 0.13200783279719674
v 2.47304 12.2168 -5.74388 0.19801174919579512 0.27501631832749324 0.13200783279719674
v 1.84909 13.13185 -6.97905 0.19801174919579512 0.27501631832749324 0.13200783279719674
v 2.8772 13.50182 -7.80462 0.16830998681642584 0.23376387057836925 0.11220665787761723
v 3.51731 12.63818 -6.65188 0.16830998681642584 0.23376387057836925 0.11220665787761723
v 2.47304 12.2168 -5.74388 0.16830998681642584 0.23376387057836925 0.11220665787761723
v 3.00672 14.33056 -5.04177 0.16840204104575007 0.23389172367465288 0.11226802736383339
v 1.34812 15.88911 -6.32981 0.16840204104575007 0.23389172367465288 0.11226802736383339
v 2.73194 14.65673 -6.33137 0.16840204104575007 0.23389172367465288 0.11226802736383339
v 3.00672 14.33056 -5.04177 0.14314173488888757 0.19880796512345494 0.09542782325925837
v 1.68924 15.5006 -4.98869 0.14314173488888757 0.19880796512345494 0.09542782325925837
v 1.34812 15.88911 -6.32981 0.14314173488888757 0.19880796512345494 0.09542782325925837
v 1.74031 14.44399 -7.36175 0.2094164978645569 0.29085624703410684 0.13961099857637127
v 3.21812 13.63382 -8.85376 0.2094164978645569 0.29085624703410684 0.13961099857637127
v 3.05357 13.68845 -7.47975 0.2094164978645569 0.29085624703410684 0.13961099857637127
v 1.74031 14.44399 -7.36175 0.17800402318487338 0.2472278099789908 0.11866934878991557
v 1.84576 14.42176 -8.67608 0.17800402318487338 0.2472278099789908 0.11866934878991557
v 3.21812 13.63382 -8.85376 0.17800402318487338 0.2472278099789908 0.11866934878991557
v 0.45476 12.15001 0.0 0.1848 0.1722 0.1596
v 0.67438 12.95631 1.66703 0.1848 0.1722 0.1596
v 0.76989 12.67672 1.77295 0.1848 0.1722 0.1596
v 0.45476 12.15001 0.0 0.1848 0.1722 0.1596
v 0.42923 12.63334 -0.10362 0.1848 0.1722 0.1596
v 0.67438 12.95631 1.66703 0.1848 0.1722 0.1596
v 0.42923 12.63334 -0.10362 0.21390412772719958 0.19931975538216323 0.18473538303712692
v 0.39412 12.89718 1.77295 0.21390412772719958 0.19931975538216323 0.18473538303712692
v 0.67438 12.95631 1.66703 0.21390412772719958 0.19931975538216323 0.18473538303712692
v 0.42923 12.63334 -0.10362 0.21390412772719958 0.19931975538216323 0.18473538303712692
v -0.04853 12.62412 -0.0 0.21390412772719958 0.19931975538216323 0.18473538303712692
v 0.39412 12.89718 1.77295 0.21390412772719958 0.19931975538216323 0.18473538303712692
v -0.04853 12.62412 -0.0 0.2049608005950316 0.19098620055446125 0.17701160051389092
v 0.47924 12.62369 1.87887 0.2049608005950316 0.19098620055446125 0.17701160051389092
v 0.39412 12.89718 1.77295 0.2049608005950316 0.19098620055446125 0.17701160051389092
v -0.04853 12.62412 -0.0 0.2049608005950316 0.19098620055446125 0.17701160051389092
v -0.02923 12.14666 0.10362 0.2049608005950316 0.19098620055446125 0.17701160051389092
v 0.47924 12.62369 1.87887 0.2049608005950316 0.19098620055446125 0.17701160051389092
v -0.02923 12.14666 0.10362 0.18754817032630813 0.1747607950767871 0.16197341982726612
v 0.76989 12.67672 1.77295 0.18754817032630813 0.1747607950767871 0.16197341982726612
v 0.47924 12.62369 1.87887 0.18754817032630813 0.1747607950767871 0.16197341982726612
v -0.02923 12.14666 0.10362 0.18754817032630813 0.1747607950767871 0.16197341982726612
v 0.45476 12.15001 0.0 0.18754817032630813 0.1747607950767871 0.16197341982726612
v 0.76989 12.67672 1.77295 0.18754817032630813 0.1747607950767871 0.16197341982726612
v 0.76989 12.67672 1.77295 0.2097241843232297 0.19542480811937313 0.18112543191551655
v 1.38955 14.42254 4.19478 0.2097241843232297 0.19542480811937313 0.18112543191551655
v 1.41494 14.3693 4.22132 0.2097241843232297 0.19542480811937313 0.18112543191551655
v 0.76989 12.67672 1.77295 0.2097241843232297 0.19542480811937313 0.18112543191551655
v 0.67438 12.95631 1.66703 0.2097241843232297 0.19542480811937313 0.18112543191551655
v 1.38955 14.42254 4.19478 0.2097241843232297 0.19542480811937313 0.18112543191551655
v 0.67438 12.95631 1.66703 0.18550100295495356 0.172853207298934 0.16020541164291444
v 1.33485 14.40917 4.22132 0.18550100295495356 0.172853207298934 0.16020541164291444
v 1.38955 14.42254 4.19478 0.18550100295495356 0.172853207298934 0.16020541164291444
v 0.67438 12.95631 1.66703 0.18550100295495356 0.172853207298934 0.16020541164291444
v 0.39412 12.89718 1.77295 0.18550100295495356 0.172853207298934 0.16020541164291444
v 1.33485 14.40917 4.22132 0.18550100295495356 0.172853207298934 0.16020541164291444
v 0.39412 12.89718 1.77295 0.21716765891174555 0.2023607730768538 0.18755388724196206
v 1.35716 14.35746 4.24785 0.21716765891174555 0.2023607730768538 0.18755388724196206
v 1.33485 14.40917 4.22132 0.21716765891174555 0.2023607730768538 0.18755388724196206
v 0.39412 12.89718 1.77295 0.21716765891174555 0.2023607730768538 0.18755388724196206
v 0.47924 12.62369 1.87887 0.21716765891174555 0.2023607730768538 0.18755388724196206
v 1.35716 14.35746 4.24785 0.21716765891174555 0.2023607730768538 0.18755388724196206
v 0.47924 12.62369 1.87887 0.19999342495954212 0.18635750962139153 0.17272159428324094
v 1.41494 14.3693 4.22132 0.19999342495954212 0.18635750962139153 0.17272159428324094
v 1.35716 14.35746 4.24785 0.19999342495954212 0.18635750962139153 0.17272159428324094
v 0.47924 12.62369 1.87887 0.19999342495954212 0.18635750962139153 0.17272159428324094
v 0.76989 12.67672 1.77295 0.19999342495954212 0.18635750962139153 0.17272159428324094
v 1.41494 14.3693 4.22132 0.19999342495954212 0.18635750962139153 0.17272159428324094
v 3.82498 13.98497 5.09112 0.21522108353610772 0.2989181715779274 0.14348072235740514
v 4.13543 12.47713 7.16805 0.21522108353610772 0.2989181715779274 0.14348072235740514
v 3.13334 13.64366 6.21371 0.21522108353610772 0.2989181715779274 0.14348072235740514
v 3.82498 13.98497 5.09112 0.18293792100569156 0.2540804458412383 0.12195861400379436
v 4.81466 12.87876 5.96239 0.18293792100569156 0.2540804458412383 0.12195861400379436
v 4.13543 12.47713 7.16805 0.18293792100569156 0.2540804458412383 0.12195861400379436
v 2.21613 15.23245 3.55061 0.131731751261657 0.1829607656411903 0.08782116750777133
v 0.23303 13.8167 2.85975 0.131731751261657 0.1829607656411903 0.08782116750777133
v 1.54388 14.50295 2.41631 0.131731751261657 0.1829607656411903 0.08782116750777133
v 2.21613 15.23245 3.55061 0.11197198857240845 0.15551665079501176 0.07464799238160563
v 0.98461 14.60283 4.02168 0.11197198857240845 0.15551665079501176 0.07464799238160563
v 0.23303 13.8167 2.85975 0.11197198857240845 0.15551665079501176 0.07464799238160563
v 2.02042 15.9119 4.8374 0.18766263268601052 0.26064254539723686 0.1251084217906737
v 1.00378 15.73325 6.67492 0.18766263268601052 0.26064254539723686 0.1251084217906737
v 0.78868 15.56618 5.30792 0.18766263268601052 0.26064254539723686 0.1251084217906737
v 2.02042 15.9119 4.8374 0.15951323778310894 0.22154616358765133 0.10634215852207263
v 2.27619 16.08612 6.13091 0.15951323778310894 0.22154616358765133 0.10634215852207263
v 1.00378 15.73325 6.67492 0.15951323778310894 0.22154616358765133 0.10634215852207263
v 1.69151 15.75353 2.35607 0.2221817488726782 0.30858576232316415 0.14812116591511879
v 2.43315 14.65239 4.32075 0.2221817488726782 0.30858576232316415 0.14812116591511879
v 1.25227 15.32931 3.5993 0.2221817488726782 0.30858576232316415 0.14812116591511879
v 1.69151 15.75353 2.35607 0.18885448654177645 0.2622978979746895 0.12590299102785096
v 2.84273 15.12066 2.99893 0.18885448654177645 0.2622978979746895 0.12590299102785096
v 2.43315 14.65239 4.32075 0.18885448654177645 0.2622978979746895 0.12590299102785096
v 4.57211 14.24394 4.76062 0.14364476328303413 0.19950661567088077 0.09576317552202276
v 4.03316 14.63464 2.73096 0.14364476328303413 0.19950661567088077 0.09576317552202276
v 5.13495 14.78393 3.56824 0.14364476328303413 0.19950661567088077 0.09576317552202276
v 4.57211 14.24394 4.76062 0.122098048790579 0.16958062332024865 0.08139869919371935
v 3.49189 14.07901 4.00453 0.122098048790579 0.16958062332024865 0.08139869919371935
v 4.03316 14.63464 2.73096 0.122098048790579 0.16958062332024865 0.08139869919371935
v 4.63989 15.37717 3.80416 0.1822870523381917 0.2531764615808218 0.12152470155879445
v 6.67471 14.90562 4.3233 0.1822870523381917 0.2531764615808218 0.12152470155879445
v 5.40647 15.37174 4.87696 0.1822870523381917 0.2531764615808218 0.12152470155879445
v 4.63989 15.37717 3.80416 0.15494399448746293 0.21519999234369852 0.10329599632497528
v 5.82673 14.92991 3.22973 0.15494399448746293 0.21519999234369852 0.10329599632497528
v 6.67471 14.90562 4.3233 0.15494399448746293 0.21519999234369852 0.10329599632497528
v 2.53711 15.54586 4.50016 0.22110163319010118 0.3070856016529183 0.14740108879340078
v 0.44691 17.11882 4.70278 0.22110163319010118 0.3070856016529183 0.14740108879340078
v 1.4518 16.72445 3.75138 0.22110163319010118 0.3070856016529183 0.14740108879340078
v 2.53711 15.54586 4.50016 0.187936388211586 0.26102276140498054 0.12529092547439066
v 1.61583 15.87731 5.44345 0.187936388211586 0.26102276140498054 0.12529092547439066
v 0.44691 17.11882 4.70278 0.187936388211586 0.26102276140498054 0.12529092547439066
v 3.52817 15.83294 5.57329 0.18273815988524603 0.2538029998406195 0.12182543992349736
v 1.53265 17.39783 6.22743 0.18273815988524603 0.2538029998406195 0.12182543992349736
v 2.30555 16.81921 5.07957 0.18273815988524603 0.2538029998406195 0.12182543992349736
v 3.52817 15.83294 5.57329 0.15532743590245912 0.21573254986452656 0.10355162393497275
v 2.83509 16.34897 6.69499 0.15532743590245912 0.21573254986452656 0.10355162393497275
v 1.53265 17.39783 6.22743 0.15532743590245912 0.21573254986452656 0.10355162393497275
v 4.55767 15.7183 3.61795 0.13104812634788648 0.1820112865942868 0.08736541756525766
v 6.64055 16.77456 3.88554 0.13104812634788648 0.1820112865942868 0.08736541756525766
v 5.44914 16.59331 4.58947 0.13104812634788648 0.1820112865942868 0.08736541756525766
v 4.55767 15.7183 3.61795 0.11139090739570351 0.15470959360514377 0.07426060493046902
v 5.66576 15.8573 2.90333 0.11139090739570351 0.15470959360514377 0.07426060493046902
v 6.64055 16.77456 3.88554 0.11139090739570351 0.15470959360514377 0.07426060493046902
v 2.55947 14.23716 5.78123 0.1484078803286427 0.20612205601200373 0.09893858688576179
v 0.48537 13.63965 5.4524 0.1484078803286427 0.20612205601200373 0.09893858688576179
v 1.697 14.19451 4.78388 0.1484078803286427 0.20612205601200373 0.09893858688576179
v 2.55947 14.23716 5.78123 0.12614669827934627 0.17520374761020316 0.08409779885289752
v 1.4308 13.7062 6.46291 0.12614669827934627 0.17520374761020316 0.08409779885289752
v 0.48537 13.63965 5.4524 0.12614669827934627 0.17520374761020316 0.08409779885289752
v 4.63413 15.56366 5.5907 0.2085571274130491 0.2896626769625682 0.13903808494203274
v 5.9636 17.08356 7.21628 0.2085571274130491 0.2896626769625682 0.13903808494203274
v 4.61431 15.91782 6.9091 0.2085571274130491 0.2896626769625682 0.13903808494203274
v 4.63413 15.56366 5.5907 0.17727355830109173 0.24621327541818297 0.11818237220072782
v 5.93025 16.6686 5.83286 0.17727355830109173 0.24621327541818297 0.11818237220072782
v 5.9636 17.08356 7.21628 0.17727355830109173 0.24621327541818297 0.11818237220072782
v 2.9392 16.22732 6.38794 0.19925423381941743 0.27674199141585754 0.13283615587961162
v 1.2475 17.78149 5.14369 0.19925423381941743 0.27674199141585754 0.13283615587961162
v 2.63081 16.55926 5.10596 0.19925423381941743 0.27674199141585754 0.13283615587961162
v 2.9392 16.22732 6.38794 0.1693660987465048 0.2352306927034789 0.11291073249766988
v 1.62356 17.38738 6.47544 0.1693660987465048 0.2352306927034789 0.11291073249766988
v 1.2475 17.78149 5.14369 0.1693660987465048 0.2352306927034789 0.11291073249766988
v 4.28434 15.18676 5.94883 0.2177122245675099 0.3023780896770971 0.1451414830450066
v 6.13253 13.61519 6.94592 0.2177122245675099 0.3023780896770971 0.1451414830450066
v 4.76789 14.24462 7.17551 0.2177122245675099 0.3023780896770971 0.1451414830450066
v 4.28434 15.18676 5.94883 0.18505539088238343 0.25702137622553256 0.1233702605882556
v 5.57506 14.62019 5.67935 0.18505539088238343 0.25702137622553256 0.1233702605882556
v 6.13253 13.61519 6.94592 0.18505539088238343 0.25702137622553256 0.1233702605882556
v 1.72088 14.60637 6.43788 0.20269277940226207 0.28151774916980843 0.13512851960150804
v 3.40613 16.14453 7.69084 0.20269277940226207 0.28151774916980843 0.13512851960150804
v 2.02265 14.97595 7.72143 0.20269277940226207 0.28151774916980843 0.13512851960150804
v 1.72088 14.60637 6.43788 0.17228886249192277 0.23929008679433716 0.11485924166128184
v 3.03695 15.71343 6.35717 0.17228886249192277 0.23929008679433716 0.11485924166128184
v 3.40613 16.14453 7.69084 0.17228886249192277 0.23929008679433716 0.11485924166128184
v 1.92251 14.88544 6.10915 0.15140361616837794 0.21028280023385826 0.10093574411225197
v 3.99587 13.37824 5.77573 0.15140361616837794 0.21028280023385826 0.10093574411225197
v 3.05268 14.58685 6.78832 0.15140361616837794 0.21028280023385826 0.10093574411225197
v 1.92251 14.88544 6.10915 0.12869307374312125 0.17874038019877952 0.08579538249541417
v 2.78277 13.73712 5.10989 0.12869307374312125 0.17874038019877952 0.08579538249541417
v 3.99587 13.37824 5.77573 0.12869307374312125 0.17874038019877952 0.08579538249541417
v 3.92485 16.21545 5.24262 0.19363831375993273 0.268942102444351 0.12909220917328848
v 4.7077 16.6422 7.19125 0.19363831375993273 0.268942102444351 0.12909220917328848
v 3.51189 16.48868 6.49483 0.19363831375993273 0.268942102444351 0.12909220917328848
v 3.92485 16.21545 5.24262 0.16459256669594283 0.22860078707769835 0.1097283777972952
v 5.08935 16.3519 5.86109 0.16459256669594283 0.22860078707769835 0.1097283777972952
v 4.7077 16.6422 7.19125 0.16459256669594283 0.22860078707769835 0.1097283777972952
v 3.76378 16.39878 4.92612 0.1567959547474452 0.21777215937145167 0.1045306364982968
v 2.45911 15.1413 6.57167 0.1567959547474452 0.21777215937145167 0.1045306364982968
v 2.47148 15.38197 5.1879 0.1567959547474452 0.21777215937145167 0.1045306364982968
v 3.76378 16.39878 4.92612 0.1332765615353284 0.1851063354657339 0.08885104102355228
v 3.8036 16.20841 6.24406 0.1332765615353284 0.1851063354657339 0.08885104102355228
v 2.45911 15.1413 6.57167 0.1332765615353284 0.1851063354657339 0.08885104102355228
v 1.65772 15.10356 4.84531 0.21273318933817717 0.29546276296969054 0.14182212622545146
v 3.7475 14.48484 5.05218 0.21273318933817717 0.29546276296969054 0.14182212622545146
v 2.57708 15.19727 5.79048 0.21273318933817717 0.29546276296969054 0.14182212622545146
v 1.65772 15.10356 4.84531 0.1808232109374506 0.251143348524237 0.12054880729163374
v 2.74455 14.41588 4.09874 0.1808232109374506 0.251143348524237 0.12054880729163374
v 3.7475 14.48484 5.05218 0.1808232109374506 0.251143348524237 0.12054880729163374
v 4.44408 15.45888 6.62609 0.22218724138056625 0.308593390806342 0.14812482758704415
v 5.15593 14.25001 8.60176 0.22218724138056625 0.308593390806342 0.14812482758704415
v 3.98609 15.00826 7.86254 0.22218724138056625 0.308593390806342 0.14812482758704415
v 4.44408 15.45888 6.62609 0.1888591551734813 0.2623043821853907 0.12590610344898753
v 5.58545 14.74898 7.28628 0.1888591551734813 0.2623043821853907 0.12590610344898753
v 5.15593 14.25001 8.60176 0.1888591551734813 0.2623043821853907 0.12590610344898753
v 3.68089 14.34609 6.33608 0.19332785190132382 0.2685109054185053 0.12888523460088255
v 5.00836 14.69696 7.9633 0.19332785190132382 0.2685109054185053 0.12888523460088255
v 3.65944 14.14013 7.65445 0.19332785190132382 0.2685109054185053 0.12888523460088255
v 3.68089 14.34609 6.33608 0.16432867411612523 0.2282342696057295 0.10955244941075017
v 4.97671 14.88888 6.57984 0.16432867411612523 0.2282342696057295 0.10955244941075017
v 5.00836 14.69696 7.9633 0.16432867411612523 0.2282342696057295 0.10955244941075017
v 1.83109 14.76109 5.46587 0.22438536728034986 0.31164634344493036 0.14959024485356656
v 1.23998 13.30323 3.45078 0.22438536728034986 0.31164634344493036 0.14959024485356656
v 2.36299 14.38674 4.25937 0.22438536728034986 0.31164634344493036 0.14959024485356656
v 1.83109 14.76109 5.46587 0.19072756218829737 0.2648993919281908 0.1271517081255316
v 0.73173 13.73589 4.73789 0.19072756218829737 0.2648993919281908 0.1271517081255316
v 1.23998 13.30323 3.45078 0.19072756218829737 0.2648993919281908 0.1271517081255316
v 0.27722 13.22137 0.0 0.1848 0.1722 0.1596
v -1.48377 13.23705 -1.08332 0.1848 0.1722 0.1596
v -1.4668 13.47955 -0.88478 0.1848 0.1722 0.1596
v 0.27722 13.22137 0.0 0.1848 0.1722 0.1596
v 0.34972 12.84613 -0.31454 0.1848 0.1722 0.1596
v -1.48377 13.23705 -1.08332 0.1848 0.1722 0.1596
v 0.34972 12.84613 -0.31454 0.21390412772719958 0.19931975538216323 0.18473538303712692
v -1.66424 13.09119 -0.88478 0.21390412772719958 0.19931975538216323 0.18473538303712692
v -1.48377 13.23705 -1.08332 0.21390412772719958 0.19931975538216323 0.18473538303712692
v 0.34972 12.84613 -0.31454 0.21390412772719958 0.19931975538216323 0.18473538303712692
v 0.12467 12.54698 -0.0 0.21390412772719958 0.19931975538216323 0.18473538303712692
v -1.66424 13.09119 -0.88478 0.21390412772719958 0.19931975538216323 0.18473538303712692
v 0.12467 12.54698 -0.0 0.2049608005950316 0.19098620055446125 0.17701160051389092
v -1.65273 13.32295 -0.68624 0.2049608005950316 0.19098620055446125 0.17701160051389092
v -1.66424 13.09119 -0.88478 0.2049608005950316 0.19098620055446125 0.17701160051389092
v 0.12467 12.54698 -0.0 0.2049608005950316 0.19098620055446125 0.17701160051389092
v 0.05028 12.91387 0.31454 0.2049608005950316 0.19098620055446125 0.17701160051389092
v -1.65273 13.32295 -0.68624 0.2049608005950316 0.19098620055446125 0.17701160051389092
v 0.05028 12.91387 0.31454 0.18754817032630813 0.1747607950767871 0.16197341982726612
v -1.4668 13.47955 -0.88478 0.18754817032630813 0.1747607950767871 0.16197341982726612
v -1.65273 13.32295 -0.68624 0.18754817032630813 0.1747607950767871 0.16197341982726612
v 0.05028 12.91387 0.31454 0.18754817032630813 0.1747607950767871 0.16197341982726612
v 0.27722 13.22137 0.0 0.18754817032630813 0.1747607950767871 0.16197341982726612
v -1.4668 13.47955 -0.88478 0.18754817032630813 0.1747607950767871 0.16197341982726612
v -1.4668 13.47955 -0.88478 0.2097241843232297 0.19542480811937313 0.18112543191551655
v -3.71898 14.86895 -2.1476 0.2097241843232297 0.19542480811937313 0.18112543191551655
v -3.70633 14.91736 -2.10662 0.2097241843232297 0.19542480811937313 0.18112543191551655
v -1.4668 13.47955 -0.88478 0.2097241843232297 0.19542480811937313 0.18112543191551655
v -1.48377 13.23705 -1.08332 0.2097241843232297 0.19542480811937313 0.18112543191551655
v -3.71898 14.86895 -2.1476 0.2097241843232297 0.19542480811937313 0.18112543191551655
v -1.48377 13.23705 -1.08332 0.18550100295495356 0.172853207298934 0.16020541164291444
v -3.75949 14.8454 -2.10662 0.18550100295495356 0.172853207298934 0.16020541164291444
v -3.71898 14.86895 -2.1476 0.18550100295495356 0.172853207298934 0.16020541164291444
v -1.48377 13.23705 -1.08332 0.18550100295495356 0.172853207298934 0.16020541164291444
v -1.66424 13.09119 -0.88478 0.18550100295495356 0.172853207298934 0.16020541164291444
v -3.75949 14.8454 -2.10662 0.18550100295495356 0.172853207298934 0.16020541164291444
v -1.66424 13.09119 -0.88478 0.21716765891174555 0.2023607730768538 0.18755388724196206
v -3.74889 14.89105 -2.06564 0.21716765891174555 0.2023607730768538 0.18755388724196206
v -3.75949 14.8454 -2.10662 0.21716765891174555 0.2023607730768538 0.18755388724196206
v -1.66424 13.09119 -0.88478 0.21716765891174555 0.2023607730768538 0.18755388724196206
v -1.65273 13.32295 -0.68624 0.21716765891174555 0.2023607730768538 0.18755388724196206
v -3.74889 14.89105 -2.06564 0.21716765891174555 0.2023607730768538 0.18755388724196206
v -1.65273 13.32295 -0.68624 0.19999342495954212 0.18635750962139153 0.17272159428324094
v -3.70633 14.91736 -2.10662 0.19999342495954212 0.18635750962139153 0.17272159428324094
v -3.74889 14.89105 -2.06564 0.19999342495954212 0.18635750962139153 0.17272159428324094
v -1.65273 13.32295 -0.68624 0.19999342495954212 0.18635750962139153 0.17272159428324094
v -1.4668 13.47955 -0.88478 0.19999342495954212 0.18635750962139153 0.17272159428324094
v -3.70633 14.91736 -2.10662 0.19999342495954212 0.18635750962139153 0.17272159428324094
v -3.85735 16.26447 -0.80144 0.1432915494966324 0.199016040967545 0.0955276996644216
v -3.52963 14.89568 -2.87571 0.1432915494966324 0.199016040967545 0.0955276996644216
v -2.86046 15.79503 -1.66444 0.1432915494966324 0.199016040967545 0.0955276996644216
v -3.85735 16.26447 -0.80144 0.12179781707213753 0.16916363482241323 0.08119854471475835
v -4.53963 15.41987 -1.92974 0.12179781707213753 0.16916363482241323 0.08119854471475835
v -3.52963 14.89568 -2.87571 0.12179781707213753 0.16916363482241323 0.08119854471475835
v -6.53451 16.46684 0.30284 0.1936161381354513 0.2689113029659046 0.1290774254236342
v -6.49846 16.99446 2.40253 0.1936161381354513 0.2689113029659046 0.1290774254236342
v -7.36708 17.14351 1.32528 0.1936161381354513 0.2689113029659046 0.1290774254236342
v -6.53451 16.46684 0.30284 0.1645737174151336 0.2285746075210189 0.10971581161008907
v -5.66733 16.2967 1.2961 0.1645737174151336 0.2285746075210189 0.10971581161008907
v -6.49846 16.99446 2.40253 0.1645737174151336 0.2285746075210189 0.10971581161008907
v -5.08999 14.93164 -0.02754 0.13828855188149566 0.192067433168744 0.09219236792099712
v -6.4911 16.44805 -1.59179 0.13828855188149566 0.192067433168744 0.09219236792099712
v -5.12938 15.31313 -1.3455 0.13828855188149566 0.192067433168744 0.09219236792099712
v -5.08999 14.93164 -0.02754 0.11754526909927131 0.1632573181934324 0.07836351273284756
v -6.39567 16.0059 -0.21126 0.11754526909927131 0.1632573181934324 0.07836351273284756
v -6.4911 16.44805 -1.59179 0.11754526909927131 0.1632573181934324 0.07836351273284756
v -5.71206 14.63498 -1.81297 0.16340290644819205 0.22694848117804453 0.10893527096546136
v -6.21473 13.87148 0.22598 0.16340290644819205 0.22694848117804453 0.10893527096546136
v -6.77863 14.44285 -1.03773 0.16340290644819205 0.22694848117804453 0.10893527096546136
v -5.71206 14.63498 -1.81297 0.13889247048096323 0.19290620900133784 0.09259498032064216
v -5.12805 14.09416 -0.63081 0.13889247048096323 0.19290620900133784 0.09259498032064216
v -6.21473 13.87148 0.22598 0.13889247048096323 0.19290620900133784 0.09259498032064216
v -3.61155 16.38991 -1.85969 0.22313967713178723 0.3099162182385934 0.1487597847545248
v -2.10563 15.69602 -0.39607 0.22313967713178723 0.3099162182385934 0.1487597847545248
v -3.48113 15.63193 -0.54761 0.22313967713178723 0.3099162182385934 0.1487597847545248
v -3.61155 16.38991 -1.85969 0.18966872556201914 0.26342878550280435 0.12644581704134608
v -2.29629 16.48176 -1.76669 0.18966872556201914 0.26342878550280435 0.12644581704134608
v -2.10563 15.69602 -0.39607 0.18966872556201914 0.26342878550280435 0.12644581704134608
v -3.63813 15.13317 -0.47467 0.1404130653365237 0.19501814630072736 0.09360871022434913
v -4.6919 14.43188 -2.29114 0.1404130653365237 0.19501814630072736 0.09360871022434913
v -3.4087 14.74853 -1.7731 0.1404130653365237 0.19501814630072736 0.09360871022434913
v -3.63813 15.13317 -0.47467 0.11935110553604514 0.16576542435561825 0.07956740369069676
v -4.87917 14.84457 -0.92004 0.11935110553604514 0.16576542435561825 0.07956740369069676
v -4.6919 14.43188 -2.29114 0.11935110553604514 0.16576542435561825 0.07956740369069676
v -4.50275 15.46623 0.39652 0.1833448124838188 0.25464557289419276 0.12222987498921252
v -6.40614 15.25247 -0.49066 0.1833448124838188 0.25464557289419276 0.12222987498921252
v -5.05728 15.14817 -0.79975 0.1833448124838188 0.25464557289419276 0.12222987498921252
v -4.50275 15.46623 0.39652 0.15584309061124596 0.21644873696006384 0.10389539374083064
v -5.77548 15.57908 0.74109 0.15584309061124596 0.21644873696006384 0.10389539374083064
v -6.40614 15.25247 -0.49066 0.15584309061124596 0.21644873696006384 0.10389539374083064
v -4.9875 15.9966 -0.43473 0.18662340872287608 0.25919917878177234 0.12441560581525073
v -7.03099 15.00581 -0.91859 0.18662340872287608 0.25919917878177234 0.12441560581525073
v -5.77252 15.64799 -1.49411 0.18662340872287608 0.25919917878177234 0.12441560581525073
v -4.9875 15.9966 -0.43473 0.15862989741444466 0.2203193019645065 0.10575326494296311
v -6.16422 15.39405 0.16015 0.15862989741444466 0.2203193019645065 0.10575326494296311
v -7.03099 15.00581 -0.91859 0.15862989741444466 0.2203193019645065 0.10575326494296311
v -7.17497 16.08598 -1.16063 0.20764444946508526 0.28839506870150733 0.1384296329767235
v -8.89472 16.3493 0.04455 0.20764444946508526 0.28839506870150733 0.1384296329767235
v -8.48826 15.96503 -1.27824 0.20764444946508526 0.28839506870150733 0.1384296329767235
v -7.17497 16.08598 -1.16063 0.17649778204532246 0.2451358083962812 0.11766518803021497
v -7.51264 16.45973 0.11395 0.17649778204532246 0.2451358083962812 0.11766518803021497
v -8.89472 16.3493 0.04455 0.17649778204532246 0.2451358083962812 0.11766518803021497
v -5.17939 16.53681 -2.89488 0.16446742364202235 0.2284269772805866 0.10964494909468157
v -3.82051 16.06547 -4.49596 0.16446742364202235 0.2284269772805866 0.10964494909468157
v -3.87907 15.89536 -3.11338 0.16446742364202235 0.2284269772805866 0.10964494909468157
v -5.17939 16.53681 -2.89488 0.139797310095719 0.1941629306884986 0.09319820673047934
v -5.17518 16.72578 -4.21342 0.139797310095719 0.1941629306884986 0.09319820673047934
v -3.82051 16.06547 -4.49596 0.139797310095719 0.1941629306884986 0.09319820673047934
v -6.15304 16.6174 -2.20183 0.14070167814215953 0.19541899741966604 0.09380111876143969
v -4.43681 16.46726 -3.41203 0.14070167814215953 0.19541899741966604 0.09380111876143969
v -4.83941 16.41205 -2.08806 0.14070167814215953 0.19541899741966604 0.09380111876143969
v -6.15304 16.6174 -2.20183 0.1195964264208356 0.16610614780671612 0.07973095094722374
v -5.81909 16.67862 -3.47739 0.1195964264208356 0.16610614780671612 0.07973095094722374
v -4.43681 16.46726 -3.41203 0.1195964264208356 0.16610614780671612 0.07973095094722374
v -6.83838 16.48608 -0.31593 0.21369991172844707 0.2968054329561765 0.14246660781896472
v -6.66947 15.54309 1.77727 0.21369991172844707 0.2968054329561765 0.14246660781896472
v -7.60455 16.45209 0.75717 0.21369991172844707 0.2968054329561765 0.14246660781896472
v -6.83838 16.48608 -0.31593 0.18164492496918 0.25228461801275004 0.12109661664612001
v -5.91006 15.61479 0.62044 0.18164492496918 0.25228461801275004 0.12109661664612001
v -6.66947 15.54309 1.77727 0.18164492496918 0.25228461801275004 0.12109661664612001
v -6.09837 15.56518 -1.19532 0.20693909200735683 0.2874154055657734 0.13795939467157123
v -8.01639 15.14395 -0.34022 0.20693909200735683 0.2874154055657734 0.13795939467157123
v -7.36513 15.43302 -1.56122 0.20693909200735683 0.2874154055657734 0.13795939467157123
v -6.09837 15.56518 -1.19532 0.1758982282062533 0.24430309473090736 0.11726548547083554
v -6.67291 15.29297 -0.00853 0.1758982282062533 0.24430309473090736 0.11726548547083554
v -8.01639 15.14395 -0.34022 0.1758982282062533 0.24430309473090736 0.11726548547083554
v -4.32753 15.62722 -2.6372 0.16484545258767355 0.22895201748287994 0.10989696839178237
v -4.17899 14.79512 -0.54246 0.16484545258767355 0.22895201748287994 0.10989696839178237
v -5.1041 15.64905 -1.5716 0.16484545258767355 0.22895201748287994 0.10989696839178237
v -4.32753 15.62722 -2.6372 0.14011863469952252 0.19460921486044794 0.09341242313301501
v -3.40836 14.80657 -1.69185 0.14011863469952252 0.19460921486044794 0.09341242313301501
v -4.17899 14.79512 -0.54246 0.14011863469952252 0.19460921486044794 0.09341242313301501
v -4.53512 13.95194 -3.67717 0.2071379109077402 0.28769154292741694 0.13809194060516014
v -2.64603 12.92712 -4.59441 0.2071379109077402 0.28769154292741694 0.13809194060516014
v -3.25709 13.6041 -3.35281 0.2071379109077402 0.28769154292741694 0.13809194060516014
v -4.53512 13.95194 -3.67717 0.17606722427157917 0.2445378114883044 0.11737814951438612
v -3.99962 13.31596 -4.88208 0.17606722427157917 0.2445378114883044 0.11737814951438612
v -2.64603 12.92712 -4.59441 0.17606722427157917 0.2445378114883044 0.11737814951438612
v -6.16911 14.60798 -1.91855 0.2192538798460277 0.3045192775639274 0.14616925323068514
v -8.21715 16.15981 -2.3828 0.2192538798460277 0.3045192775639274 0.14616925323068514
v -6.96426 15.49567 -2.97036 0.2192538798460277 0.3045192775639274 0.14616925323068514
v -6.16911 14.60798 -1.91855 0.18636579786912355 0.25884138592933825 0.12424386524608236
v -7.34008 15.21005 -1.31242 0.18636579786912355 0.25884138592933825 0.12424386524608236
v -8.21715 16.15981 -2.3828 0.18636579786912355 0.25884138592933825 0.12424386524608236
v -4.08194 16.01877 -1.13843 0.1902791120203424 0.26427654447269777 0.12685274134689492
v -3.69836 15.79572 0.92624 0.1902791120203424 0.26427654447269777 0.12685274134689492
v -4.73352 16.26342 0.00787 0.1902791120203424 0.26427654447269777 0.12685274134689492
v -4.08194 16.01877 -1.13843 0.16173724521729102 0.2246350628017931 0.10782483014486068
v -3.06212 15.56 -0.30264 0.16173724521729102 0.2246350628017931 0.10782483014486068
v -3.69836 15.79572 0.92624 0.16173724521729102 0.2246350628017931 0.10782483014486068
v -6.44507 15.53843 -2.89721 0.17783474339430472 0.24699269915875657 0.11855649559620315
v -5.41468 15.56671 -1.06738 0.17783474339430472 0.24699269915875657 0.11855649559620315
v -6.69113 15.39641 -1.60183 0.17783474339430472 0.24699269915875657 0.11855649559620315
v -6.44507 15.53843 -2.89721 0.15115953188515902 0.20994379428494309 0.10077302125677268
v -5.20983 15.70759 -2.43595 0.15115953188515902 0.20994379428494309 0.10077302125677268
v -5.41468 15.56671 -1.06738 0.15115953188515902 0.20994379428494309 0.10077302125677268
v -4.12017 15.7001 -0.85104 0.15410723438124493 0.21403782552950687 0.1027381562541633
v -2.02046 14.81418 -0.81579 0.15410723438124493 0.21403782552950687 0.1027381562541633
v -3.12658 15.69885 0.01576 0.15410723438124493 0.21403782552950687 0.1027381562541633
v -4.12017 15.7001 -0.85104 0.1309911492240582 0.18193215170008084 0.0873274328160388
v -3.09804 14.85086 -1.684 0.1309911492240582 0.18193215170008084 0.0873274328160388
v -2.02046 14.81418 -0.81579 0.1309911492240582 0.18193215170008084 0.0873274328160388
v -5.3934 14.97497 -1.7075 0.2096275625415619 0.291149392418836 0.13975170836104125
v -7.46805 15.39849 -1.38224 0.2096275625415619 0.291149392418836 0.13975170836104125
v -6.52089 15.58122 -2.39112 0.2096275625415619 0.291149392418836 0.13975170836104125
v -5.3934 14.97497 -1.7075 0.17818342816032762 0.24747698355601058 0.11878895210688506
v -6.25758 14.7753 -0.71164 0.17818342816032762 0.24747698355601058 0.11878895210688506
v -7.46805 15.39849 -1.38224 0.17818342816032762 0.24747698355601058 0.11878895210688506
v -5.09284 15.08537 -2.17927 0.20100630057794677 0.2791754174693705 0.13400420038529784
v -3.16408 14.93631 -3.00988 0.20100630057794677 0.2791754174693705 0.13400420038529784
v -3.83084 15.22937 -1.79728 0.20100630057794677 0.2791754174693705 0.13400420038529784
v -5.09284 15.08537 -2.17927 0.17085535549125475 0.23729910484896494 0.11390357032750316
v -4.50323 14.79828 -3.35865 0.17085535549125475 0.23729910484896494 0.11390357032750316
v -3.16408 14.93631 -3.00988 0.17085535549125475 0.23729910484896494 0.11390357032750316
v 0.29066 13.03195 0.0 0.1848 0.1722 0.1596
v 1.65011 13.74836 -0.60912 0.1848 0.1722 0.1596
v 1.79519 13.5716 -0.39414 0.1848 0.1722 0.1596
v 0.29066 13.03195 0.0 0.1848 0.1722 0.1596
v 0.1164 13.34758 -0.33913 0.1848 0.1722 0.1596
v 1.65011 13.74836 -0.60912 0.1848 0.1722 0.1596
v 0.1164 13.34758 -0.33913 0.21390412772719958 0.19931975538216323 0.18473538303712692
v 1.59342 13.95772 -0.39414 0.21390412772719958 0.19931975538216323 0.18473538303712692
v 1.65011 13.74836 -0.60912 0.21390412772719958 0.19931975538216323 0.18473538303712692
v 0.1164 13.34758 -0.33913 0.21390412772719958 0.19931975538216323 0.18473538303712692
v 0.11156 13.69978 -0.0 0.21390412772719958 0.19931975538216323 0.18473538303712692
v 1.59342 13.95772 -0.39414 0.21390412772719958 0.19931975538216323 0.18473538303712692
v 0.11156 13.69978 -0.0 0.2049608005950316 0.19098620055446125 0.17701160051389092
v 1.73292 13.79164 -0.17916 0.2049608005950316 0.19098620055446125 0.17701160051389092
v 1.59342 13.95772 -0.39414 0.2049608005950316 0.19098620055446125 0.17701160051389092
v 0.11156 13.69978 -0.0 0.2049608005950316 0.19098620055446125 0.17701160051389092
v 0.2836 13.39242 0.33913 0.2049608005950316 0.19098620055446125 0.17701160051389092
v 1.73292 13.79164 -0.17916 0.2049608005950316 0.19098620055446125 0.17701160051389092
v 0.2836 13.39242 0.33913 0.18754817032630813 0.1747607950767871 0.16197341982726612
v 1.79519 13.5716 -0.39414 0.18754817032630813 0.1747607950767871 0.16197341982726612
v 1.73292 13.79164 -0.17916 0.18754817032630813 0.1747607950767871 0.16197341982726612
v 0.2836 13.39242 0.33913 0.18754817032630813 0.1747607950767871 0.16197341982726612
v 0.29066 13.03195 0.0 0.18754817032630813 0.1747607950767871 0.16197341982726612
v 1.79519 13.5716 -0.39414 0.18754817032630813 0.1747607950767871 0.16197341982726612
v 1.79519 13.5716 -0.39414 0.2097241843232297 0.19542480811937313 0.18112543191551655
v 4.0204 15.3652 -0.98262 0.2097241843232297 0.19542480811937313 0.18112543191551655
v 4.05366 15.33168 -0.93843 0.2097241843232297 0.19542480811937313 0.18112543191551655
v 1.79519 13.5716 -0.39414 0.2097241843232297 0.19542480811937313 0.18112543191551655
v 1.65011 13.74836 -0.60912 0.2097241843232297 0.19542480811937313 0.18112543191551655
v 4.0204 15.3652 -0.98262 0.2097241843232297 0.19542480811937313 0.18112543191551655
v 1.65011 13.74836 -0.60912 0.18550100295495356 0.172853207298934 0.16020541164291444
v 4.00311 15.40549 -0.93843 0.18550100295495356 0.172853207298934 0.16020541164291444
v 4.0204 15.3652 -0.98262 0.18550100295495356 0.172853207298934 0.16020541164291444
v 1.65011 13.74836 -0.60912 0.18550100295495356 0.172853207298934 0.16020541164291444
v 1.59342 13.95772 -0.39414 0.18550100295495356 0.172853207298934 0.16020541164291444
v 4.00311 15.40549 -0.93843 0.18550100295495356 0.172853207298934 0.16020541164291444
v 1.59342 13.95772 -0.39414 0.21716765891174555 0.2023607730768538 0.18755388724196206
v 4.03442 15.3748 -0.89424 0.21716765891174555 0.2023607730768538 0.18755388724196206
v 4.00311 15.40549 -0.93843 0.21716765891174555 0.2023607730768538 0.18755388724196206
v 1.59342 13.95772 -0.39414 0.21716765891174555 0.2023607730768538 0.18755388724196206
v 1.73292 13.79164 -0.17916 0.21716765891174555 0.2023607730768538 0.18755388724196206
v 4.03442 15.3748 -0.89424 0.21716765891174555 0.2023607730768538 0.18755388724196206
v 1.73292 13.79164 -0.17916 0.19999342495954212 0.18635750962139153 0.17272159428324094
v 4.05366 15.33168 -0.93843 0.19999342495954212 0.18635750962139153 0.17272159428324094
v 4.03442 15.3748 -0.89424 0.19999342495954212 0.18635750962139153 0.17272159428324094
v 1.73292 13.79164 -0.17916 0.19999342495954212 0.18635750962139153 0.17272159428324094
v 1.79519 13.5716 -0.39414 0.19999342495954212 0.18635750962139153 0.17272159428324094
v 4.05366 15.33168 -0.93843 0.19999342495954212 0.18635750962139153 0.17272159428324094
v 3.77186 15.78995 -2.36322 0.22463535540886795 0.31199354917898325 0.14975690360591196
v 5.79143 16.41404 -2.93883 0.22463535540886795 0.31199354917898325 0.14975690360591196
v 4.97424 16.46042 -1.82207 0.22463535540886795 0.31199354917898325 0.14975690360591196
v 3.77186 15.78995 -2.36322 0.19094005209753775 0.26519451680213574 0.12729336806502517
v 4.50827 15.71861 -3.45696 0.19094005209753775 0.26519451680213574 0.12729336806502517
v 5.79143 16.41404 -2.93883 0.19094005209753775 0.26519451680213574 0.12729336806502517
v 4.53349 16.3326 -3.20102 0.15477393724924665 0.2149638017350648 0.1031826248328311
v 3.13914 15.42592 -4.7713 0.15477393724924665 0.2149638017350648 0.1031826248328311
v 4.49979 15.55542 -4.51913 0.15477393724924665 0.2149638017350648 0.1031826248328311
v 4.53349 16.3326 -3.20102 0.13155784666185966 0.18271923147480507 0.08770523110790643
v 3.22861 16.23937 -3.39037 0.13155784666185966 0.18271923147480507 0.08770523110790643
v 3.13914 15.42592 -4.7713 0.13155784666185966 0.18271923147480507 0.08770523110790643
v 4.83002 14.69769 -3.04099 0.19082044329909773 0.26502839347096907 0.12721362886606516
v 5.7033 16.04119 -4.9508 0.19082044329909773 0.26502839347096907 0.12721362886606516
v 6.02222 15.08239 -3.60423 0.19082044329909773 0.26502839347096907 0.12721362886606516
v 4.83002 14.69769 -3.04099 0.16219737680423307 0.2252741344503237 0.10813158453615539
v 4.47618 15.60275 -4.31117 0.16219737680423307 0.2252741344503237 0.10813158453615539
v 5.7033 16.04119 -4.9508 0.16219737680423307 0.2252741344503237 0.10813158453615539
v 5.35286 14.59019 -1.55045 0.15995464902535275 0.2221592347574344 0.10663643268356851
v 5.34988 16.10949 0.54955 0.15995464902535275 0.2221592347574344 0.10663643268356851
v 4.50143 15.73883 -0.54366 0.15995464902535275 0.2221592347574344 0.10663643268356851
v 5.35286 14.59019 -1.55045 0.13596145167154983 0.18883534954381923 0.09064096778103323
v 6.20143 14.90008 -0.54125 0.13596145167154983 0.18883534954381923 0.09064096778103323
v 5.34988 16.10949 0.54955 0.13596145167154983 0.18883534954381923 0.09064096778103323
v 2.26958 16.23456 -1.6519 0.19317923896087477 0.2683044985567705 0.12878615930724985
v 0.31889 14.66066 -2.42959 0.19317923896087477 0.2683044985567705 0.12878615930724985
v 1.64803 15.354 -2.81476 0.19317923896087477 0.2683044985567705 0.12878615930724985
v 2.26958 16.23456 -1.6519 0.16420235311674355 0.22805882377325493 0.10946823541116237
v 1.01847 15.60418 -1.23562 0.16420235311674355 0.22805882377325493 0.10946823541116237
v 0.31889 14.66066 -2.42959 0.16420235311674355 0.22805882377325493 0.10946823541116237
v 4.65426 16.37508 -3.12324 0.13769360538690237 0.19124111859291998 0.09179573692460159
v 2.60216 17.85791 -3.56921 0.13769360538690237 0.19124111859291998 0.09179573692460159
v 3.84977 17.24419 -4.16792 0.13769360538690237 0.19124111859291998 0.09179573692460159
v 4.65426 16.37508 -3.12324 0.11703956457886701 0.16255495080398197 0.07802637638591135
v 3.48875 16.92949 -2.50669 0.11703956457886701 0.16255495080398197 0.07802637638591135
v 2.60216 17.85791 -3.56921 0.11703956457886701 0.16255495080398197 0.07802637638591135
v 5.10662 16.56043 -1.82291 0.15078729489631046 0.20942679846709789 0.10052486326420698
v 4.21497 14.98952 0.0784 0.15078729489631046 0.20942679846709789 0.10052486326420698
v 3.90905 15.6471 -1.27119 0.15078729489631046 0.20942679846709789 0.10052486326420698
v 5.10662 16.56043 -1.82291 0.12816920066186388 0.1780127786970332 0.08544613377457594
v 5.44821 15.96569 -0.54937 0.12816920066186388 0.1780127786970332 0.08544613377457594
v 4.21497 14.98952 0.0784 0.12816920066186388 0.1780127786970332 0.08544613377457594
v 5.02807 16.2224 -3.2258 0.13019474295677383 0.1808260318844081 0.08679649530451589
v 2.95521 14.98778 -2.88925 0.13019474295677383 0.1808260318844081 0.08679649530451589
v 3.89687 16.02963 -3.90327 0.13019474295677383 0.1808260318844081 0.08679649530451589
v 5.02807 16.2224 -3.2258 0.11066553151325775 0.15370212710174688 0.0737770210088385
v 4.16931 15.22993 -2.22524 0.11066553151325775 0.15370212710174688 0.0737770210088385
v 2.95521 14.98778 -2.88925 0.11066553151325775 0.15370212710174688 0.0737770210088385
v 3.16351 15.86207 -2.61249 0.20165942420569113 0.2800825336190155 0.13443961613712743
v 1.07078 16.41182 -2.43782 0.20165942420569113 0.2800825336190155 0.13443961613712743
v 2.0883 16.55079 -3.3757 0.20165942420569113 0.2800825336190155 0.13443961613712743
v 3.16351 15.86207 -2.61249 0.17141051057483747 0.23807015357616315 0.11427367371655832
v 2.2297 15.70111 -1.68159 0.17141051057483747 0.23807015357616315 0.11427367371655832
v 1.07078 16.41182 -2.43782 0.17141051057483747 0.23807015357616315 0.11427367371655832
v 5.17173 15.91956 -1.79031 0.177617487610082 0.2466909550140028 0.11841165840672134
v 7.24938 15.0097 -2.09583 0.177617487610082 0.2466909550140028 0.11841165840672134
v 6.29266 15.90764 -1.096 0.177617487610082 0.2466909550140028 0.11841165840672134
v 5.17173 15.91956 -1.79031 0.1509748644685697 0.20968731176190236 0.10064990964571313
v 6.04534 15.05802 -2.77791 0.1509748644685697 0.20968731176190236 0.10064990964571313
v 7.24938 15.0097 -2.09583 0.1509748644685697 0.20968731176190236 0.10064990964571313
v 6.29883 14.7154 -1.72803 0.2026678833034607 0.28148317125480654 0.13511192220230714
v 6.11539 13.44514 0.36394 0.2026678833034607 0.28148317125480654 0.13511192220230714
v 5.36402 14.47541 -0.79813 0.2026678833034607 0.28148317125480654 0.13511192220230714
v 6.29883 14.7154 -1.72803 0.1722677008079416 0.23926069556658555 0.11484513387196106
v 7.05753 13.73594 -0.64963 0.1722677008079416 0.23926069556658555 0.11484513387196106
v 6.11539 13.44514 0.36394 0.1722677008079416 0.23926069556658555 0.11484513387196106
v 3.72743 15.83505 -1.526 0.1732426952350697 0.24061485449315234 0.11549513015671312
v 4.44208 15.28588 -3.50066 0.1732426952350697 0.24061485449315234 0.11549513015671312
v 4.86972 15.43608 -2.18457 0.1732426952350697 0.24061485449315234 0.11549513015671312
v 3.72743 15.83505 -1.526 0.14725629094980924 0.20452262631917947 0.09817086063320615
v 3.27119 15.70681 -2.7631 0.14725629094980924 0.20452262631917947 0.09817086063320615
v 4.44208 15.28588 -3.50066 0.14725629094980924 0.20452262631917947 0.09817086063320615
v 4.05276 16.10036 -3.94724 0.1754936816907557 0.24374122457049402 0.11699578779383712
v 5.62157 15.06947 -5.34325 0.1754936816907557 0.24374122457049402 0.11699578779383712
v 5.37084 15.30594 -3.98233 0.1754936816907557 0.24374122457049402 0.11699578779383712
v 4.05276 16.10036 -3.94724 0.14916962943714232 0.20718004088491992 0.09944641962476156
v 4.24074 15.90513 -5.25232 0.14916962943714232 0.20718004088491992 0.09944641962476156
v 5.62157 15.06947 -5.34325 0.14916962943714232 0.20718004088491992 0.09944641962476156
v 4.73887 16.37516 -2.91836 0.1434550728258003 0.19924315670250045 0.09563671521720021
v 6.83118 15.87213 -3.09793 0.1434550728258003 0.19924315670250045 0.09563671521720021
v 5.81586 16.54247 -2.15767 0.1434550728258003 0.19924315670250045 0.09563671521720021
v 4.73887 16.37516 -2.91836 0.12193681190193026 0.16935668319712538 0.08129120793462018
v 5.67049 15.72494 -3.85144 0.12193681190193026 0.16935668319712538 0.08129120793462018
v 6.83118 15.87213 -3.09793 0.12193681190193026 0.16935668319712538 0.08129120793462018
v 5.01897 16.82627 -1.16741 0.19360377493462616 0.26889413185364747 0.12906918328975078
v 4.55433 17.19734 0.88054 0.19360377493462616 0.26889413185364747 0.12906918328975078
v 3.96701 17.20776 -0.37247 0.19360377493462616 0.26889413185364747 0.12906918328975078
v 5.01897 16.82627 -1.16741 0.16456320869443222 0.22856001207560034 0.10970880579628817
v 5.62488 16.80101 0.00367 0.16456320869443222 0.22856001207560034 0.10970880579628817
v 4.55433 17.19734 0.88054 0.16456320869443222 0.22856001207560034 0.10970880579628817
v 5.21916 16.16464 -0.77688 0.22412202815711416 0.31128059466265856 0.1494146854380761
v 4.32123 14.60586 1.12146 0.22412202815711416 0.31128059466265856 0.1494146854380761
v 4.01978 15.2518 -0.22913 0.22412202815711416 0.31128059466265856 0.1494146854380761
v 5.21916 16.16464 -0.77688 0.19050372393354703 0.2645885054632598 0.1270024826223647
v 5.55653 15.58106 0.49777 0.19050372393354703 0.2645885054632598 0.1270024826223647
v 4.32123 14.60586 1.12146 0.19050372393354703 0.2645885054632598 0.1270024826223647
v 5.5211 16.58349 -0.54913 0.19460232862807875 0.27028101198344273 0.1297348857520525
v 4.5384 17.06924 -2.40502 0.19460232862807875 0.27028101198344273 0.1297348857520525
v 5.80059 16.83596 -1.83772 0.19460232862807875 0.27028101198344273 0.1297348857520525
v 5.5211 16.58349 -0.54913 0.16541197933386692 0.22973886018592632 0.11027465288924462
v 4.29821 16.79734 -1.0422 0.16541197933386692 0.22973886018592632 0.11027465288924462
v 4.5384 17.06924 -2.40502 0.16541197933386692 0.22973886018592632 0.11027465288924462
v 5.4572 15.3624 -1.76183 0.1644811812420642 0.2284460850584225 0.1096541208280428
v 4.77484 13.84401 0.22422 0.1644811812420642 0.2284460850584225 0.1096541208280428
v 4.32579 14.65773 -1.08471 0.1644811812420642 0.2284460850584225 0.1096541208280428
v 5.4572 15.3624 -1.76183 0.13980900405575458 0.19417917229965914 0.09320600270383637
v 5.93355 14.60942 -0.53233 0.13980900405575458 0.19417917229965914 0.09320600270383637
v 4.77484 13.84401 0.22422 0.13980900405575458 0.19417917229965914 0.09320600270383637
v 6.1072 15.66514 -1.53486 0.14556805723568123 0.2021778572717795 0.09704537149045415
v 6.87661 16.19749 0.41911 0.14556805723568123 0.2021778572717795 0.09704537149045415
v 5.68562 16.00088 -0.28552 0.14556805723568123 0.2021778572717795 0.09704537149045415
v 6.1072 15.66514 -1.53486 0.12373284865032903 0.17185117868101257 0.08248856576688603
v 7.26741 15.84045 -0.90838 0.12373284865032903 0.17185117868101257 0.08248856576688603
v 6.87661 16.19749 0.41911 0.12373284865032903 0.17185117868101257 0.08248856576688603
v 6.17664 14.77395 -2.66675 0.20700101313237862 0.28750140712830363 0.13800067542158573
v 4.46387 15.53205 -3.88183 0.20700101313237862 0.28750140712830363 0.13800067542158573
v 5.84633 14.73153 -3.94325 0.20700101313237862 0.28750140712830363 0.13800067542158573
v 6.17664 14.77395 -2.66675 0.17595086116252182 0.24437619605905808 0.11730057410834786
v 4.86269 15.54416 -2.55673 0.17595086116252182 0.24437619605905808 0.11730057410834786
v 4.46387 15.53205 -3.88183 0.17595086116252182 0.24437619605905808 0.11730057410834786
v 5.52119 16.52407 -3.7419 0.22496031560788268 0.31244488278872595 0.14997354373858846
v 4.281 17.25992 -2.04723 0.22496031560788268 0.31244488278872595 0.14997354373858846
v 4.23996 16.48489 -3.43044 0.22496031560788268 0.31244488278872595 0.14997354373858846
v 5.52119 16.52407 -3.7419 0.19121626826670027 0.26557815037041704 0.12747751217780018
v 5.61184 17.26967 -2.42648 0.19121626826670027 0.26557815037041704 0.12747751217780018
v 4.281 17.25992 -2.04723 0.19121626826670027 0.26557815037041704 0.12747751217780018
v 0.31555 14.19038 0.0 0.1848 0.1722 0.1596
v -1.0665 14.3604 1.22907 0.1848 0.1722 0.1596
v -0.80199 14.43332 1.38149 0.1848 0.1722 0.1596
v 0.31555 14.19038 0.0 0.1848 0.1722 0.1596
v -0.04838 13.94687 -0.23078 0.1848 0.1722 0.1596
v -1.0665 14.3604 1.22907 0.1848 0.1722 0.1596
v -0.04838 13.94687 -0.23078 0.21390412772719958 0.19931975538216323 0.18473538303712692
v -1.07771 14.09601 1.38149 0.21390412772719958 0.19931975538216323 0.18473538303712692
v -1.0665 14.3604 1.22907 0.21390412772719958 0.19931975538216323 0.18473538303712692
v -0.04838 13.94687 -0.23078 0.21390412772719958 0.19931975538216323 0.18473538303712692
v 0.08728 13.53771 -0.0 0.21390412772719958 0.19931975538216323 0.18473538303712692
v -1.07771 14.09601 1.38149 0.21390412772719958 0.19931975538216323 0.18473538303712692
v 0.08728 13.53771 -0.0 0.2049608005950316 0.19098620055446125 0.17701160051389092
v -0.82083 14.1596 1.53391 0.2049608005950316 0.19098620055446125 0.17701160051389092
v -1.07771 14.09601 1.38149 0.2049608005950316 0.19098620055446125 0.17701160051389092
v 0.08728 13.53771 -0.0 0.2049608005950316 0.19098620055446125 0.17701160051389092
v 0.44838 13.77313 0.23078 0.2049608005950316 0.19098620055446125 0.17701160051389092
v -0.82083 14.1596 1.53391 0.2049608005950316 0.19098620055446125 0.17701160051389092
v 0.44838 13.77313 0.23078 0.18754817032630813 0.1747607950767871 0.16197341982726612
v -0.80199 14.43332 1.38149 0.18754817032630813 0.1747607950767871 0.16197341982726612
v -0.82083 14.1596 1.53391 0.18754817032630813 0.1747607950767871 0.16197341982726612
v 0.44838 13.77313 0.23078 0.18754817032630813 0.1747607950767871 0.16197341982726612
v 0.31555 14.19038 0.0 0.18754817032630813 0.1747607950767871 0.16197341982726612
v -0.80199 14.43332 1.38149 0.18754817032630813 0.1747607950767871 0.16197341982726612
v -0.80199 14.43332 1.38149 0.2097241843232297 0.19542480811937313 0.18112543191551655
v -2.26611 15.88369 3.25622 0.2097241843232297 0.19542480811937313 0.18112543191551655
v -2.2108 15.88934 3.28927 0.2097241843232297 0.19542480811937313 0.18112543191551655
v -0.80199 14.43332 1.38149 0.2097241843232297 0.19542480811937313 0.18112543191551655
v -1.0665 14.3604 1.22907 0.2097241843232297 0.19542480811937313 0.18112543191551655
v -2.26611 15.88369 3.25622 0.2097241843232297 0.19542480811937313 0.18112543191551655
v -1.0665 14.3604 1.22907 0.18550100295495356 0.172853207298934 0.16020541164291444
v -2.28017 15.83284 3.28927 0.18550100295495356 0.172853207298934 0.16020541164291444
v -2.26611 15.88369 3.25622 0.18550100295495356 0.172853207298934 0.16020541164291444
v -1.0665 14.3604 1.22907 0.18550100295495356 0.172853207298934 0.16020541164291444
v -1.07771 14.09601 1.38149 0.18550100295495356 0.172853207298934 0.16020541164291444
v -2.28017 15.83284 3.28927 0.18550100295495356 0.172853207298934 0.16020541164291444
v -1.07771 14.09601 1.38149 0.21716765891174555 0.2023607730768538 0.18755388724196206
v -2.22753 15.83631 3.32231 0.21716765891174555 0.2023607730768538 0.18755388724196206
v -2.28017 15.83284 3.28927 0.21716765891174555 0.2023607730768538 0.18755388724196206
v -1.07771 14.09601 1.38149 0.21716765891174555 0.2023607730768538 0.18755388724196206
v -0.82083 14.1596 1.53391 0.21716765891174555 0.2023607730768538 0.18755388724196206
v -2.22753 15.83631 3.32231 0.21716765891174555 0.2023607730768538 0.18755388724196206
v -0.82083 14.1596 1.53391 0.19999342495954212 0.18635750962139153 0.17272159428324094
v -2.2108 15.88934 3.28927 0.19999342495954212 0.18635750962139153 0.17272159428324094
v -2.22753 15.83631 3.32231 0.19999342495954212 0.18635750962139153 0.17272159428324094
v -0.82083 14.1596 1.53391 0.19999342495954212 0.18635750962139153 0.17272159428324094
v -0.80199 14.43332 1.38149 0.19999342495954212 0.18635750962139153 0.17272159428324094
v -2.2108 15.88934 3.28927 0.19999342495954212 0.18635750962139153 0.17272159428324094
v 0.52404 15.73031 3.6886 0.1907625044745767 0.26494792288135655 0.12717500298305115
v -0.78709 14.64033 2.04819 0.1907625044745767 0.26494792288135655 0.12717500298305115
v 0.55867 14.92605 2.37051 0.1907625044745767 0.26494792288135655 0.12717500298305115
v 0.52404 15.73031 3.6886 0.1621481288033902 0.22520573444915307 0.10809875253559348
v -0.76927 15.48818 3.4319 0.1621481288033902 0.22520573444915307 0.10809875253559348
v -0.78709 14.64033 2.04819 0.1621481288033902 0.22520573444915307 0.10809875253559348
v -0.87741 16.66264 5.52042 0.17280778034109054 0.24001080602929242 0.11520518689406035
v 0.30498 15.76583 7.25592 0.17280778034109054 0.24001080602929242 0.11520518689406035
v -1.01232 15.95059 6.83205 0.17280778034109054 0.24001080602929242 0.11520518689406035
v -0.87741 16.66264 5.52042 0.14688661328992694 0.20400918512489855 0.0979244088599513
v 0.3926 16.51375 5.87487 0.14688661328992694 0.20400918512489855 0.0979244088599513
v 0.30498 15.76583 7.25592 0.14688661328992694 0.20400918512489855 0.0979244088599513
v -0.48618 15.4878 3.55251 0.1803155273234721 0.25043823239371127 0.12021035154898141
v 1.33345 14.37147 2.50419 0.1803155273234721 0.25043823239371127 0.12021035154898141
v 0.81156 14.97582 3.78583 0.1803155273234721 0.25043823239371127 0.12021035154898141
v -0.48618 15.4878 3.55251 0.1532681982249513 0.21287249753465456 0.10217879881663419
v -0.03707 14.92811 2.3128 0.1532681982249513 0.21287249753465456 0.10217879881663419
v 1.33345 14.37147 2.50419 0.1532681982249513 0.21287249753465456 0.10217879881663419
v 0.06655 16.01082 3.19506 0.2015574094704313 0.27994084648671014 0.13437160631362086
v 1.52153 15.64488 4.70934 0.2015574094704313 0.27994084648671014 0.13437160631362086
v 0.15202 15.41562 4.51084 0.2015574094704313 0.27994084648671014 0.13437160631362086
v 0.06655 16.01082 3.19506 0.1713237980498666 0.2379497195137036 0.11421586536657773
v 1.37786 16.25471 3.333 0.1713237980498666 0.2379497195137036 0.11421586536657773
v 1.52153 15.64488 4.70934 0.1713237980498666 0.2379497195137036 0.11421586536657773
v -1.85582 15.11927 5.28954 0.1765050986482574 0.24514597034480196 0.11767006576550493
v -1.21969 16.15063 3.2882 0.1765050986482574 0.24514597034480196 0.11767006576550493
v -0.74042 15.54567 4.58638 0.1765050986482574 0.24514597034480196 0.11767006576550493
v -1.85582 15.11927 5.28954 0.15002933385101877 0.20837407479308165 0.10001955590067918
v -2.36055 15.68297 4.07142 0.15002933385101877 0.20837407479308165 0.10001955590067918
v -1.21969 16.15063 3.2882 0.15002933385101877 0.20837407479308165 0.10001955590067918
v 0.34633 15.97278 3.22331 0.215590929395344 0.2994318463824222 0.14372728626356265
v 1.4057 17.41435 5.03652 0.215590929395344 0.2994318463824222 0.14372728626356265
v 0.12091 16.48369 4.52244 0.215590929395344 0.2994318463824222 0.14372728626356265
v 0.34633 15.97278 3.22331 0.1832522899860424 0.25451706942505886 0.12216819332402826
v 1.58875 16.84577 3.66486 0.1832522899860424 0.25451706942505886 0.12216819332402826
v 1.4057 17.41435 5.03652 0.1832522899860424 0.25451706942505886 0.12216819332402826
v 0.44967 15.12787 4.94561 0.14077899581809675 0.19552638308068995 0.09385266387873117
v 2.14813 13.90876 6.18061 0.14077899581809675 0.19552638308068995 0.09385266387873117
v 0.76505 14.1835 6.22588 0.14077899581809675 0.19552638308068995 0.09385266387873117
v 0.44967 15.12787 4.94561 0.11966214644538223 0.16619742561858644 0.0797747642969215
v 1.76482 14.9019 4.85094 0.11966214644538223 0.16619742561858644 0.0797747642969215
v 2.14813 13.90876 6.18061 0.11966214644538223 0.16619742561858644 0.0797747642969215
v -0.22466 16.44253 3.79416 0.21805458583205303 0.302853591433407 0.14536972388803535
v -1.28645 15.13947 1.98236 0.21805458583205303 0.302853591433407 0.14536972388803535
v -0.00097 15.76139 2.49472 0.21805458583205303 0.302853591433407 0.14536972388803535
v -0.22466 16.44253 3.79416 0.18534639795724508 0.25742555271839596 0.12356426530483004
v -1.46766 15.87273 3.35427 0.18534639795724508 0.25742555271839596 0.12356426530483004
v -1.28645 15.13947 1.98236 0.18534639795724508 0.25742555271839596 0.12356426530483004
v -0.2307 15.81862 6.33075 0.21266134006462076 0.2953629723119733 0.14177422670974718
v 0.09411 14.56067 4.25602 0.21266134006462076 0.2953629723119733 0.14177422670974718
v 0.76498 15.40456 5.46636 0.21266134006462076 0.2953629723119733 0.14177422670974718
v -0.2307 15.81862 6.33075 0.18076213905492763 0.2510585264651773 0.1205080927032851
v -0.91456 15.02505 5.20341 0.18076213905492763 0.2510585264651773 0.1205080927032851
v 0.09411 14.56067 4.25602 0.18076213905492763 0.2510585264651773 0.1205080927032851
v -2.12801 15.87547 4.35515 0.22009714740070876 0.3056904825009844 0.1467314316004725
v -4.18741 17.20383 3.94419 0.22009714740070876 0.3056904825009844 0.1467314316004725
v -2.95018 16.69759 3.32433 0.22009714740070876 0.3056904825009844 0.1467314316004725
v -2.12801 15.87547 4.35515 0.18708257529060243 0.25983691012583676 0.12472171686040162
v -3.28287 16.32858 4.99146 0.18708257529060243 0.25983691012583676 0.12472171686040162
v -4.18741 17.20383 3.94419 0.18708257529060243 0.25983691012583676 0.12472171686040162
v -0.42606 16.5559 4.29382 0.1468222466113385 0.20391978696019236 0.09788149774089233
v 1.53273 17.99206 5.05088 0.1468222466113385 0.20391978696019236 0.09788149774089233
v 0.20773 17.27018 5.45005 0.1468222466113385 0.20391978696019236 0.09788149774089233
v -0.42606 16.5559 4.29382 0.12479890961963772 0.1733318189161635 0.08319927307975848
v 0.82059 17.22034 3.86437 0.12479890961963772 0.1733318189161635 0.08319927307975848
v 1.53273 17.99206 5.05088 0.12479890961963772 0.1733318189161635 0.08319927307975848
v -3.16743 16.55853 4.74211 0.15658638101762745 0.2174810847467048 0.1043909206784183
v -2.5292 16.88013 2.74145 0.15658638101762745 0.2174810847467048 0.1043909206784183
v -2.05129 16.64245 4.04013 0.15658638101762745 0.2174810847467048 0.1043909206784183
v -3.16743 16.55853 4.74211 0.13309842386498333 0.18485892203469909 0.08873228257665555
v -3.67087 16.78335 3.52346 0.13309842386498333 0.18485892203469909 0.08873228257665555
v -2.5292 16.88013 2.74145 0.13309842386498333 0.18485892203469909 0.08873228257665555
v -3.17394 16.27179 5.30288 0.20441033269485706 0.28390323985396815 0.13627355512990472
v -1.24065 15.25431 6.12288 0.20441033269485706 0.28390323985396815 0.13627355512990472
v -2.57786 15.75202 6.479 0.20441033269485706 0.28390323985396815 0.13627355512990472
v -3.17394 16.27179 5.30288 0.1737487827906285 0.24131775387587293 0.11583252186041901
v -1.91405 15.81478 4.91396 0.1737487827906285 0.24131775387587293 0.11583252186041901
v -1.24065 15.25431 6.12288 0.1737487827906285 0.24131775387587293 0.11583252186041901
v -1.687 16.44793 6.51439 0.18027557002473896 0.2503827361454708 0.12018371334982597
v -3.77745 17.77519 6.31432 0.18027557002473896 0.2503827361454708 0.12018371334982597
v -2.60943 17.4086 5.57223 0.18027557002473896 0.2503827361454708 0.12018371334982597
v -1.687 16.44793 6.51439 0.1532342345210281 0.21282532572365018 0.10215615634735208
v -2.7714 16.76143 7.26449 0.1532342345210281 0.21282532572365018 0.10215615634735208
v -3.77745 17.77519 6.31432 0.1532342345210281 0.21282532572365018 0.10215615634735208
v -1.74427 15.47135 6.28041 0.2186194758872613 0.3036381609545296 0.14574631725817422
v -3.84122 16.74427 6.39365 0.2186194758872613 0.3036381609545296 0.14574631725817422
v -2.79664 16.50552 5.486 0.2186194758872613 0.3036381609545296 0.14574631725817422
v -1.74427 15.47135 6.28041 0.1858265545041721 0.2580924368113502 0.12388436966944809
v -2.70497 15.65919 7.18353 0.1858265545041721 0.2580924368113502 0.12388436966944809
v -3.84122 16.74427 6.39365 0.1858265545041721 0.2580924368113502 0.12388436966944809
v -3.04189 15.94066 4.51169 0.2162264591251289 0.30031452656267904 0.14415097275008593
v -3.84194 17.51517 2.57006 0.2162264591251289 0.30031452656267904 0.14415097275008593
v -2.64001 16.87728 3.25588 0.2162264591251289 0.30031452656267904 0.14415097275008593
v -3.04189 15.94066 4.51169 0.18379249025635955 0.2552673475782772 0.12252832683757303
v -4.21181 16.51557 3.90354 0.18379249025635955 0.2552673475782772 0.12252832683757303
v -3.84194 17.51517 2.57006 0.18379249025635955 0.2552673475782772 0.12252832683757303
v -2.27889 15.54879 4.31987 0.1627660436017795 0.22606394944691596 0.10851069573451966
v -3.65161 16.26604 2.73065 0.1627660436017795 0.22606394944691596 0.10851069573451966
v -2.29454 15.56579 3.00142 0.1627660436017795 0.22606394944691596 0.10851069573451966
v -2.27889 15.54879 4.31987 0.13835113706151256 0.19215435702987857 0.0922340913743417
v -3.58105 16.22035 4.11267 0.13835113706151256 0.19215435702987857 0.0922340913743417
v -3.65161 16.26604 2.73065 0.13835113706151256 0.19215435702987857 0.0922340913743417
v -1.10594 15.752 3.93397 0.14232866866796456 0.19767870648328412 0.09488577911197638
v -2.06698 14.36843 2.06678 0.14232866866796456 0.19767870648328412 0.09488577911197638
v -0.81147 15.12742 2.64872 0.14232866866796456 0.19767870648328412 0.09488577911197638
v -1.10594 15.752 3.93397 0.12097936836776987 0.1680269005107915 0.08065291224517991
v -2.323 15.04836 3.42671 0.12097936836776987 0.1680269005107915 0.08065291224517991
v -2.06698 14.36843 2.06678 0.12097936836776987 0.1680269005107915 0.08065291224517991
v -1.17118 16.71558 5.58576 0.1602462778714778 0.22256427482149696 0.10683085191431854
v 0.72479 16.40313 4.68283 0.1602462778714778 0.22256427482149696 0.10683085191431854
v 0.10436 16.722 5.91977 0.1602462778714778 0.22256427482149696 0.10683085191431854
v -1.17118 16.71558 5.58576 0.13620933619075612 0.18917963359827242 0.09080622412717076
v -0.62659 16.40921 4.38494 0.13620933619075612 0.18917963359827242 0.09080622412717076
v 0.72479 16.40313 4.68283 0.13620933619075612 0.18917963359827242 0.09080622412717076
v -1.12576 15.51895 3.60971 0.17145029521079222 0.23812541001498921 0.11430019680719482
v -3.15162 16.16978 4.16279 0.17145029521079222 0.23812541001498921 0.11430019680719482
v -2.32203 16.13392 3.0552 0.17145029521079222 0.23812541001498921 0.11430019680719482
v -1.12576 15.51895 3.60971 0.14573275092917337 0.20240659851274082 0.09715516728611559
v -1.87431 15.52878 4.69518 0.14573275092917337 0.20240659851274082 0.09715516728611559
v -3.15162 16.16978 4.16279 0.14573275092917337 0.20240659851274082 0.09715516728611559
v -3.06745 16.51225 6.49627 0.22227044610964028 0.30870895293005596 0.14818029740642685
v -3.67745 17.77556 4.48681 0.22227044610964028 0.30870895293005596 0.14818029740642685
v -2.5469 17.43331 5.28483 0.22227044610964028 0.30870895293005596 0.14818029740642685
v -3.06745 16.51225 6.49627 0.18892987919319423 0.26240260999054754 0.12595325279546282
v -4.1736 16.80397 5.77863 0.18892987919319423 0.26240260999054754 0.12595325279546282
v -3.67745 17.77556 4.48681 0.18892987919319423 0.26240260999054754 0.12595325279546282
f 1 2 3
f 4 5 6
f 7 8 9
f 10 11 12
f 13 14 15
f 16 17 18
f 19 20 21
f 22 23 24
f 25 26 27
f 28 29 30
f 31 32 33
f 34 35 36
f 37 38 39
f 40 41 42
f 43 44 45
f 46 47 48
f 49 50 51
f 52 53 54
f 55 56 57
f 58 59 60
f 61 62 63
f 64 65 66
f 67 68 69
f 70 71 72
f 73 74 75
f 76 77 78
f 79 80 81
f 82 83 84
f 85 86 87
f 88 89 90
f 91 92 93
f 94 95 96
f 97 98 99
f 100 101 102
f 103 104 105
f 106 107 108
f 109 110 111
f 112 113 114
f 115 116 117
f 118 119 120
f 121 122 123
f 124 125 126
f 127 128 129
f 130 131 132
f 133 134 135
f 136 137 138
f 139 140 141
f 142 143 144
f 145 146 147
f 148 149 150
f 151 152 153
f 154 155 156
f 157 158 159
f 160 161 162
f 163 164 165
f 166 167 168
f 169 170 171
f 172 173 174
f 175 176 177
f 178 179 180
f 181 182 183
f 184 185 186
f 187 188 189
f 190 191 192
f 193 194 195
f 196 197 198
f 199 200 201
f 202 203 204
f 205 206 207
f 208 209 210
f 211 212 213
f 214 215 216
f 217 218 219
f 220 221 222
f 223 224 225
f 226 227 228
f 229 230 231
f 232 233 234
f 235 236 237
f 238 239 240
f 241 242 243
f 244 245 246
f 247 248 249
f 250 251 252
f 253 254 255
f 256 257 258
f 259 260 261
f 262 263 264
f 265 266 267
f 268 269 270
f 271 272 273
f 274 275 276
f 277 278 279
f 280 281 282
f 283 284 285
f 286 287 288
f 289 290 291
f 292 293 294
f 295 296 297
f 298 299 300
f 301 302 303
f 304 305 306
f 307 308 309
f 310 311 312
f 313 314 315
f 316 317 318
f 319 320 321
f 322 323 324
f 325 326 327
f 328 329 330
f 331 332 333
f 334 335 336
f 337 338 339
f 340 341 342
f 343 344 345
f 346 347 348
f 349 350 351
f 352 353 354
f 355 356 357
f 358 359 360
f 361 362 363
f 364 365 366
f 367 368 369
f 370 371 372
f 373 374 375
f 376 377 378
f 379 380 381
f 382 383 384
f 385 386 387
f 388 389 390
f 391 392 393
f 394 395 396
f 397 398 399
f 400 401 402
f 403 404 405
f 406 407 408
f 409 410 411
f 412 413 414
f 415 416 417
f 418 419 420
f 421 422 423
f 424 425 426
f 427 428 429
f 430 431 432
f 433 434 435
f 436 437 438
f 439 440 441
f 442 443 444
f 445 446 447
f 448 449 450
f 451 452 453
f 454 455 456
f 457 458 459
f 460 461 462
f 463 464 465
f 466 467 468
f 469 470 471
f 472 473 474
f 475 476 477
f 478 479 480
f 481 482 483
f 484 485 486
f 487 488 489
f 490 491 492
f 493 494 495
f 496 497 498
f 499 500 501
f 502 503 504
f 505 506 507
f 508 509 510
f 511 512 513
f 514 515 516
f 517 518 519
f 520 521 522
f 523 524 525
f 526 527 528
f 529 530 531
f 532 533 534
f 535 536 537
f 538 539 540
f 541 542 543
f 544 545 546
f 547 548 549
f 550 551 552
f 553 554 555
f 556 557 558
f 559 560 561
f 562 563 564
f 565 566 567
f 568 569 570
f 571 572 573
f 574 575 576
f 577 578 579
f 580 581 582
f 583 584 585
f 586 587 588
f 589 590 591
f 592 593 594
f 595 596 597
f 598 599 600
f 601 602 603
f 604 605 606
f 607 608 609
f 610 611 612
f 613 614 615
f 616 617 618
f 619 620 621
f 622 623 624
f 625 626 627
f 628 629 630
f 631 632 633
f 634 635 636
f 637 638 639
f 640 641 642
f 643 644 645
f 646 647 648
f 649 650 651
f 652 653 654
f 655 656 657
f 658 659 660
f 661 662 663
f 664 665 666
f 667 668 669
f 670 671 672
f 673 674 675
f 676 677 678
f 679 680 681
f 682 683 684
f 685 686 687
f 688 689 690
f 691 692 693
f 694 695 696
f 697 698 699
f 700 701 702
f 703 704 705
f 706 707 708
f 709 710 711
f 712 713 714
f 715 716 717
f 718 719 720
f 721 722 723
f 724 725 726
f 727 728 729
f 730 731 732
f 733 734 735
f 736 737 738
f 739 740 741
f 742 743 744
f 745 746 747
f 748 749 750
f 751 752 753
f 754 755 756
f 757 758 759
f 760 761 762
f 763 764 765
f 766 767 768
f 769 770 771
f 772 773 774
f 775 776 777
f 778 779 780
f 781 782 783
f 784 785 786
f 787 788 789
f 790 791 792
f 793 794 795
f 796 797 798
f 799 800 801
f 802 803 804
f 805 806 807
f 808 809 810
f 811 812 813
f 814 815 816
f 817 818 819
f 820 821 822
f 823 824 825
f 826 827 828
f 829 830 831
f 832 833 834
f 835 836 837
f 838 839 840
f 841 842 843
f 844 845 846
f 847 848 849
f 850 851 852
f 853 854 855
f 856 857 858
f 859 860 861
f 862 863 864
f 865 866 867
f 868 869 870
f 871 872 873
f 874 875 876
f 877 878 879
f 880 881 882
f 883 884 885
f 886 887 888
f 889 890 891
f 892 893 894
f 895 896 897
f 898 899 900
f 901 902 903
f 904 905 906
f 907 908 909
f 910 911 912
f 913 914 915
f 916 917 918
f 919 920 921
f 922 923 924
f 925 926 927
f 928 929 930
f 931 932 933
f 934 935 936
f 937 938 939
f 940 941 942
f 943 944 945
f 946 947 948
f 949 950 951
f 952 953 954
f 955 956 957
f 958 959 960
f 961 962 963
f 964 965 966
f 967 968 969
f 970 971 972
f 973 974 975
f 976 977 978
f 979 980 981
f 982 983 984
f 985 986 987
f 988 989 990
f 991 992 993
f 994 995 996
f 997 998 999
f 1000 1001 1002
f 1003 1004 1005
f 1006 1007 1008
f 1009 1010 1011
f 1012 1013 1014
f 1015 1016 1017
f 1018 1019 1020
f 1021 1022 1023
f 1024 1025 1026
f 1027 1028 1029
f 1030 1031 1032
f 1033 1034 1035
f 1036 1037 1038
f 1039 1040 1041
f 1042 1043 1044
f 1045 1046 1047
f 1048 1049 1050
f 1051 1052 1053
f 1054 1055 1056
f 1057 1058 1059
f 1060 1061 1062
f 1063 1064 1065
f 1066 1067 1068
f 1069 1070 1071
f 1072 1073 1074
f 1075 1076 1077
f 1078 1079 1080
f 1081 1082 1083
f 1084 1085 1086
f 1087 1088 1089
f 1090 1091 1092
f 1093 1094 1095
f 1096 1097 1098
f 1099 1100 1101
f 1102 1103 1104
f 1105 1106 1107
f 1108 1109 1110
f 1111 1112 1113
f 1114 1115 1116
f 1117 1118 1119
f 1120 1121 1122
f 1123 1124 1125
f 1126 1127 1128
f 1129 1130 1131
f 1132 1133 1134
f 1135 1136 1137
f 1138 1139 1140
f 1141 1142 1143
f 1144 1145 1146
f 1147 1148 1149
f 1150 1151 1152
f 1153 1154 1155
f 1156 1157 1158
f 1159 1160 1161
f 1162 1163 1164
f 1165 1166 1167
f 1168 1169 1170
f 1171 1172 1173
f 1174 1175 1176
f 1177 1178 1179
f 1180 1181 1182
f 1183 1184 1185
f 1186 1187 1188
f 1189 1190 1191
f 1192 1193 1194
f 1195 1196 1197
f 1198 1199 1200
f 1201 1202 1203
f 1204 1205 1206
f 1207 1208 1209
f 1210 1211 1212
f 1213 1214 1215
f 1216 1217 1218
f 1219 1220 1221
f 1222 1223 1224
f 1225 1226 1227
f 1228 1229 1230
f 1231 1232 1233
f 1234 1235 1236
f 1237 1238 1239
f 1240 1241 1242
f 1243 1244 1245
f 1246 1247 1248
f 1249 1250 1251
f 1252 1253 1254
f 1255 1256 1257
f 1258 1259 1260
f 1261 1262 1263
f 1264 1265 1266
f 1267 1268 1269
f 1270 1271 1272
f 1273 1274 1275
f 1276 1277 1278
f 1279 1280 1281
f 1282 1283 1284
f 1285 1286 1287
f 1288 1289 1290
f 1291 1292 1293
f 1294 1295 1296
f 1297 1298 1299
f 1300 1301 1302
f 1303 1304 1305
f 1306 1307 1308
f 1309 1310 1311
f 1312 1313 1314
f 1315 1316 1317
f 1318 1319 1320
f 1321 1322 1323
f 1324 1325 1326
f 1327 1328 1329
f 1330 1331 1332
f 1333 1334 1335
f 1336 1337 1338
f 1339 1340 1341
f 1342 1343 1344
f 1345 1346 1347
f 1348 1349 1350
f 1351 1352 1353
f 1354 1355 1356
f 1357 1358 1359
f 1360 1361 1362
f 1363 1364 1365
f 1366 1367 1368
f 1369 1370 1371
f 1372 1373 1374
f 1375 1376 1377
f 1378 1379 1380
f 1381 1382 1383
f 1384 1385 1386
f 1387 1388 1389
f 1390 1391 1392
f 1393 1394 1395
f 1396 1397 1398
f 1399 1400 1401
f 1402 1403 1404
f 1405 1406 1407
f 1408 1409 1410
f 1411 1412 1413
f 1414 1415 1416
f 1417 1418 1419
f 1420 1421 1422
f 1423 1424 1425
f 1426 1427 1428
f 1429 1430 1431
f 1432 1433 1434
f 1435 1436 1437
f 1438 1439 1440
f 1441 1442 1443
f 1444 1445 1446
f 1447 1448 1449
f 1450 1451 1452
f 1453 1454 1455
f 1456 1457 1458
f 1459 1460 1461
f 1462 1463 1464
f 1465 1466 1467
f 1468 1469 1470
f 1471 1472 1473
f 1474 1475 1476
f 1477 1478 1479
f 1480 1481 1482
f 1483 1484 1485
f 1486 1487 1488
f 1489 1490 1491
f 1492 1493 1494
f 1495 1496 1497
f 1498 1499 1500
f 1501 1502 1503
f 1504 1505 1506
f 1507 1508 1509
f 1510 1511 1512
f 1513 1514 1515
f 1516 1517 1518
f 1519 1520 1521
f 1522 1523 1524
f 1525 1526 1527
f 1528 1529 1530
f 1531 1532 1533
f 1534 1535 1536
f 1537 1538 1539
f 1540 1541 1542
f 1543 1544 1545
f 1546 1547 1548
f 1549 1550 1551
f 1552 1553 1554
f 1555 1556 1557
f 1558 1559 1560
f 1561 1562 1563
f 1564 1565 1566
f 1567 1568 1569
f 1570 1571 1572
f 1573 1574 1575
f 1576 1577 1578
f 1579 1580 1581
f 1582 1583 1584
f 1585 1586 1587
f 1588 1589 1590
f 1591 1592 1593
f 1594 1595 1596
f 1597 1598 1599
f 1600 1601 1602
f 1603 1604 1605
f 1606 1607 1608
f 1609 1610 1611
f 1612 1613 1614
f 1615 1616 1617
f 1618 1619 1620
f 1621 1622 1623
f 1624 1625 1626
f 1627 1628 1629
f 1630 1631 1632
f 1633 1634 1635
f 1636 1637 1638
f 1639 1640 1641
f 1642 1643 1644
f 1645 1646 1647
f 1648 1649 1650
f 1651 1652 1653
f 1654 1655 1656
f 1657 1658 1659
f 1660 1661 1662
f 1663 1664 1665
f 1666 1667 1668
f 1669 1670 1671
f 1672 1673 1674
f 1675 1676 1677
f 1678 1679 1680
f 1681 1682 1683
f 1684 1685 1686
f 1687 1688 1689
f 1690 1691 1692
f 1693 1694 1695
f 1696 1697 1698
f 1699 1700 1701
f 1702 1703 1704
f 1705 1706 1707
f 1708 1709 1710
f 1711 1712 1713
f 1714 1715 1716
f 1717 1718 1719
f 1720 1721 1722
f 1723 1724 1725
f 1726 1727 1728
f 1729 1730 1731
f 1732 1733 1734
f 1735 1736 1737
f 1738 1739 1740
f 1741 1742 1743
f 1744 1745 1746
f 1747 1748 1749
f 1750 1751 1752
f 1753 1754 1755
f 1756 1757 1758
f 1759 1760 1761
f 1762 1763 1764
f 1765 1766 1767
f 1768 1769 1770
f 1771 1772 1773
f 1774 1775 1776
f 1777 1778 1779
f 1780 1781 1782
f 1783 1784 1785
f 1786 1787 1788
f 1789 1790 1791
f 1792 1793 1794
f 1795 1796 1797
f 1798 1799 1800
f 1801 1802 1803
f 1804 1805 1806
f 1807 1808 1809
f 1810 1811 1812
f 1813 1814 1815
f 1816 1817 1818
f 1819 1820 1821
f 1822 1823 1824
f 1825 1826 1827
f 1828 1829 1830
f 1831 1832 1833
f 1834 1835 1836
f 1837 1838 1839
f 1840 1841 1842
f 1843 1844 1845
f 1846 1847 1848
f 1849 1850 1851
f 1852 1853 1854
f 1855 1856 1857
f 1858 1859 1860
f 1861 1862 1863
f 1864 1865 1866
f 1867 1868 1869
f 1870 1871 1872
f 1873 1874 1875
f 1876 1877 1878
f 1879 1880 1881
f 1882 1883 1884
f 1885 1886 1887
f 1888 1889 1890
f 1891 1892 1893
f 1894 1895 1896
f 1897 1898 1899
f 1900 1901 1902
f 1903 1904 1905
f 1906 1907 1908
f 1909 1910 1911
f 1912 1913 1914
f 1915 1916 1917
f 1918 1919 1920
f 1921 1922 1923
f 1924 1925 1926
f 1927 1928 1929
f 1930 1931 1932
f 1933 1934 1935
f 1936 1937 1938
f 1939 1940 1941
f 1942 1943 1944
f 1945 1946 1947
f 1948 1949 1950
f 1951 1952 1953
f 1954 1955 1956
f 1957 1958 1959
f 1960 1961 1962
f 1963 1964 1965
f 1966 1967 1968
f 1969 1970 1971
f 1972 1973 1974
f 1975 1976 1977
f 1978 1979 1980
f 1981 1982 1983
f 1984 1985 1986
f 1987 1988 1989
f 1990 1991 1992
f 1993 1994 1995
f 1996 1997 1998
f 1999 2000 2001
f 2002 2003 2004
f 2005 2006 2007
f 2008 2009 2010
f 2011 2012 2013
f 2014 2015 2016
f 2017 2018 2019
f 2020 2021 2022
f 2023 2024 2025
f 2026 2027 2028
f 2029 2030 2031
f 2032 2033 2034
f 2035 2036 2037
f 2038 2039 2040
f 2041 2042 2043
f 2044 2045 2046
f 2047 2048 2049
f 2050 2051 2052
f 2053 2054 2055
f 2056 2057 2058
f 2059 2060 2061
f 2062 2063 2064
f 2065 2066 2067
f 2068 2069 2070
f 2071 2072 2073
f 2074 2075 2076
f 2077 2078 2079
f 2080 2081 2082
f 2083 2084 2085
f 2086 2087 2088
f 2089 2090 2091
f 2092 2093 2094
f 2095 2096 2097
f 2098 2099 2100
f 2101 2102 2103
f 2104 2105 2106
f 2107 2108 2109
f 2110 2111 2112
f 2113 2114 2115
f 2116 2117 2118
f 2119 2120 2121
f 2122 2123 2124
f 2125 2126 2127
f 2128 2129 2130
f 2131 2132 2133
f 2134 2135 2136
f 2137 2138 2139
f 2140 2141 2142
f 2143 2144 2145
f 2146 2147 2148
f 2149 2150 2151
f 2152 2153 2154
f 2155 2156 2157
f 2158 2159 2160
f 2161 2162 2163
f 2164 2165 2166
f 2167 2168 2169
f 2170 2171 2172
f 2173 2174 2175
f 2176 2177 2178
f 2179 2180 2181
f 2182 2183 2184
f 2185 2186 2187
f 2188 2189 2190
f 2191 2192 2193
f 2194 2195 2196
f 2197 2198 2199
f 2200 2201 2202
f 2203 2204 2205
f 2206 2207 2208
f 2209 2210 2211
f 2212 2213 2214
f 2215 2216 2217
f 2218 2219 2220
f 2221 2222 2223
f 2224 2225 2226
f 2227 2228 2229
f 2230 2231 2232
f 2233 2234 2235
f 2236 2237 2238
f 2239 2240 2241
f 2242 2243 2244
f 2245 2246 2247
f 2248 2249 2250
f 2251 2252 2253
f 2254 2255 2256
f 2257 2258 2259
f 2260 2261 2262
f 2263 2264 2265
f 2266 2267 2268
f 2269 2270 2271
f 2272 2273 2274
f 2275 2276 2277
f 2278 2279 2280
f 2281 2282 2283
f 2284 2285 2286
f 2287 2288 2289
f 2290 2291 2292
f 2293 2294 2295
f 2296 2297 2298
f 2299 2300 2301
f 2302 2303 2304
f 2305 2306 2307
f 2308 2309 2310
f 2311 2312 2313
f 2314 2315 2316
f 2317 2318 2319
f 2320 2321 2322
f 2323 2324 2325
f 2326 2327 2328
f 2329 2330 2331
f 2332 2333 2334
f 2335 2336 2337
f 2338 2339 2340
f 2341 2342 2343
f 2344 2345 2346
f 2347 2348 2349
f 2350 2351 2352
f 2353 2354 2355
f 2356 2357 2358
f 2359 2360 2361
f 2362 2363 2364
f 2365 2366 2367
f 2368 2369 2370
f 2371 2372 2373
f 2374 2375 2376
f 2377 2378 2379
f 2380 2381 2382
f 2383 2384 2385
f 2386 2387 2388
f 2389 2390 2391
f 2392 2393 2394
f 2395 2396 2397
f 2398 2399 2400
f 2401 2402 2403
f 2404 2405 2406
f 2407 2408 2409
f 2410 2411 2412
f 2413 2414 2415
f 2416 2417 2418
f 2419 2420 2421
f 2422 2423 2424
f 2425 2426 2427
f 2428 2429 2430
f 2431 2432 2433
f 2434 2435 2436
f 2437 2438 2439
f 2440 2441 2442
f 2443 2444 2445
f 2446 2447 2448
f 2449 2450 2451
f 2452 2453 2454
f 2455 2456 2457
f 2458 2459 2460
f 2461 2462 2463
f 2464 2465 2466
f 2467 2468 2469
f 2470 2471 2472
f 2473 2474 2475
f 2476 2477 2478
f 2479 2480 2481
f 2482 2483 2484
f 2485 2486 2487
f 2488 2489 2490
f 2491 2492 2493
f 2494 2495 2496
f 2497 2498 2499
f 2500 2501 2502
f 2503 2504 2505
f 2506 2507 2508
f 2509 2510 2511
f 2512 2513 2514
f 2515 2516 2517
f 2518 2519 2520
f 2521 2522 2523
f 2524 2525 2526
f 2527 2528 2529
f 2530 2531 2532
f 2533 2534 2535
f 2536 2537 2538
f 2539 2540 2541
f 2542 2543 2544
f 2545 2546 2547
f 2548 2549 2550
f 2551 2552 2553
f 2554 2555 2556
f 2557 2558 2559
f 2560 2561 2562
f 2563 2564 2565
f 2566 2567 2568
f 2569 2570 2571
f 2572 2573 2574
f 2575 2576 2577
f 2578 2579 2580
f 2581 2582 2583
f 2584 2585 2586
f 2587 2588 2589
f 2590 2591 2592
f 2593 2594 2595
f 2596 2597 2598
f 2599 2600 2601
f 2602 2603 2604
f 2605 2606 2607
f 2608 2609 2610
f 2611 2612 2613
f 2614 2615 2616
f 2617 2618 2619
f 2620 2621 2622
f 2623 2624 2625
f 2626 2627 2628
f 2629 2630 2631
f 2632 2633 2634
f 2635 2636 2637
f 2638 2639 2640
f 2641 2642 2643
f 2644 2645 2646
f 2647 2648 2649
f 2650 2651 2652
f 2653 2654 2655
f 2656 2657 2658
f 2659 2660 2661
f 2662 2663 2664
f 2665 2666 2667
f 2668 2669 2670
f 2671 2672 2673
f 2674 2675 2676
f 2677 2678 2679
f 2680 2681 2682
f 2683 2684 2685
f 2686 2687 2688
f 2689 2690 2691
f 2692 2693 2694
f 2695 2696 2697
f 2698 2699 2700
f 2701 2702 2703
f 2704 2705 2706
f 2707 2708 2709
f 2710 2711 2712
f 2713 2714 2715
f 2716 2717 2718
f 2719 2720 2721
f 2722 2723 2724
f 2725 2726 2727
f 2728 2729 2730
f 2731 2732 2733
f 2734 2735 2736
f 2737 2738 2739
f 2740 2741 2742
f 2743 2744 2745
f 2746 2747 2748
f 2749 2750 2751
f 2752 2753 2754
f 2755 2756 2757
f 2758 2759 2760
f 2761 2762 2763
f 2764 2765 2766
f 2767 2768 2769
f 2770 2771 2772
f 2773 2774 2775
f 2776 2777 2778
f 2779 2780 2781
f 2782 2783 2784
f 2785 2786 2787
f 2788 2789 2790
f 2791 2792 2793
f 2794 2795 2796
f 2797 2798 2799
f 2800 2801 2802
f 2803 2804 2805
f 2806 2807 2808
f 2809 2810 2811
f 2812 2813 2814
f 2815 2816 2817
f 2818 2819 2820
f 2821 2822 2823
f 2824 2825 2826
f 2827 2828 2829
f 2830 2831 2832
f 2833 2834 2835
f 2836 2837 2838
f 2839 2840 2841
f 2842 2843 2844
f 2845 2846 2847
f 2848 2849 2850
f 2851 2852 2853
f 2854 2855 2856
f 2857 2858 2859
f 2860 2861 2862
f 2863 2864 2865
f 2866 2867 2868
f 2869 2870 2871
f 2872 2873 2874
f 2875 2876 2877
f 2878 2879 2880
f 2881 2882 2883
f 2884 2885 2886
f 2887 2888 2889
f 2890 2891 2892
f 2893 2894 2895
f 2896 2897 2898
f 2899 2900 2901
f 2902 2903 2904
f 2905 2906 2907
f 2908 2909 2910
f 2911 2912 2913
f 2914 2915 2916
f 2917 2918 2919
f 2920 2921 2922
f 2923 2924 2925
f 2926 2927 2928
f 2929 2930 2931
f 2932 2933 2934
f 2935 2936 2937
f 2938 2939 2940
f 2941 2942 2943
f 2944 2945 2946
f 2947 2948 2949
f 2950 2951 2952
f 2953 2954 2955
f 2956 2957 2958
f 2959 2960 2961
f 2962 2963 2964
f 2965 2966 2967
f 2968 2969 2970
f 2971 2972 2973
f 2974 2975 2976
f 2977 2978 2979
f 2980 2981 2982
f 2983 2984 2985
f 2986 2987 2988
f 2989 2990 2991
f 2992 2993 2994
f 2995 2996 2997
f 2998 2999 3000
f 3001 3002 3003
f 3004 3005 3006
f 3007 3008 3009
f 3010 3011 3012
f 3013 3014 3015
f 3016 3017 3018
f 3019 3020 3021
f 3022 3023 3024
f 3025 3026 3027
f 3028 3029 3030
f 3031 3032 3033
f 3034 3035 3036
f 3037 3038 3039
f 3040 3041 3042
f 3043 3044 3045
f 3046 3047 3048
f 3049 3050 3051
f 3052 3053 3054
f 3055 3056 3057
f 3058 3059 3060
f 3061 3062 3063
f 3064 3065 3066
f 3067 3068 3069
f 3070 3071 3072
f 3073 3074 3075
f 3076 3077 3078
f 3079 3080 3081
f 3082 3083 3084
f 3085 3086 3087
f 3088 3089 3090
f 3091 3092 3093
f 3094 3095 3096
f 3097 3098 3099
f 3100 3101 3102
f 3103 3104 3105
f 3106 3107 3108
f 3109 3110 3111
f 3112 3113 3114
f 3115 3116 3117
f 3118 3119 3120
f 3121 3122 3123
f 3124 3125 3126
f 3127 3128 3129
f 3130 3131 3132
f 3133 3134 3135
f 3136 3137 3138
f 3139 3140 3141
f 3142 3143 3144
f 3145 3146 3147
f 3148 3149 3150
f 3151 3152 3153
f 3154 3155 3156
f 3157 3158 3159
f 3160 3161 3162
f 3163 3164 3165
f 3166 3167 3168
f 3169 3170 3171
f 3172 3173 3174
f 3175 3176 3177
f 3178 3179 3180
f 3181 3182 3183
f 3184 3185 3186
f 3187 3188 3189
f 3190 3191 3192
f 3193 3194 3195
f 3196 3197 3198
f 3199 3200 3201
f 3202 3203 3204
f 3205 3206 3207
f 3208 3209 3210
f 3211 3212 3213
f 3214 3215 3216
f 3217 3218 3219
f 3220 3221 3222
f 3223 3224 3225
f 3226 3227 3228
f 3229 3230 3231
f 3232 3233 3234
f 3235 3236 3237
f 3238 3239 3240
f 3241 3242 3243
f 3244 3245 3246
f 3247 3248 3249
f 3250 3251 3252
f 3253 3254 3255
f 3256 3257 3258
f 3259 3260 3261
f 3262 3263 3264
f 3265 3266 3267
f 3268 3269 3270
f 3271 3272 3273
f 3274 3275 3276
f 3277 3278 3279
f 3280 3281 3282
f 3283 3284 3285
f 3286 3287 3288
f 3289 3290 3291
f 3292 3293 3294
f 3295 3296 3297
f 3298 3299 3300
f 3301 3302 3303
f 3304 3305 3306
f 3307 3308 3309
f 3310 3311 3312
f 3313 3314 3315
f 3316 3317 3318
f 3319 3320 3321
f 3322 3323 3324
f 3325 3326 3327
f 3328 3329 3330
f 3331 3332 3333
f 3334 3335 3336
f 3337 3338 3339
f 3340 3341 3342
f 3343 3344 3345
f 3346 3347 3348
f 3349 3350 3351
f 3352 3353 3354
f 3355 3356 3357
f 3358 3359 3360
f 3361 3362 3363
f 3364 3365 3366
f 3367 3368 3369
f 3370 3371 3372
f 3373 3374 3375
f 3376 3377 3378
f 3379 3380 3381
f 3382 3383 3384
f 3385 3386 3387
f 3388 3389 3390
f 3391 3392 3393
f 3394 3395 3396
f 3397 3398 3399
f 3400 3401 3402
f 3403 3404 3405
f 3406 3407 3408
f 3409 3410 3411
f 3412 3413 3414
f 3415 3416 3417
f 3418 3419 3420
f 3421 3422 3423
f 3424 3425 3426
f 3427 3428 3429
f 3430 3431 3432
f 3433 3434 3435
f 3436 3437 3438
f 3439 3440 3441
f 3442 3443 3444
f 3445 3446 3447
f 3448 3449 3450
f 3451 3452 3453
f 3454 3455 3456
f 3457 3458 3459
f 3460 3461 3462
f 3463 3464 3465
f 3466 3467 3468
f 3469 3470 3471
f 3472 3473 3474
f 3475 3476 3477
f 3478 3479 3480
f 3481 3482 3483
f 3484 3485 3486
f 3487 3488 3489
f 3490 3491 3492
f 3493 3494 3495
f 3496 3497 3498
f 3499 3500 3501
f 3502 3503 3504
f 3505 3506 3507
f 3508 3509 3510
f 3511 3512 3513
f 3514 3515 3516
f 3517 3518 3519
f 3520 3521 3522
f 3523 3524 3525
f 3526 3527 3528
f 3529 3530 3531
f 3532 3533 3534
f 3535 3536 3537
f 3538 3539 3540
f 3541 3542 3543
f 3544 3545 3546
f 3547 3548 3549
f 3550 3551 3552
f 3553 3554 3555
f 3556 3557 3558
f 3559 3560 3561
f 3562 3563 3564
f 3565 3566 3567
f 3568 3569 3570
f 3571 3572 3573
f 3574 3575 3576
f 3577 3578 3579
f 3580 3581 3582
f 3583 3584 3585
f 3586 3587 3588
f 3589 3590 3591
f 3592 3593 3594
f 3595 3596 3597
f 3598 3599 3600
f 3601 3602 3603
f 3604 3605 3606
f 3607 3608 3609
f 3610 3611 3612
f 3613 3614 3615
f 3616 3617 3618
f 3619 3620 3621
f 3622 3623 3624
f 3625 3626 3627
f 3628 3629 3630
f 3631 3632 3633
f 3634 3635 3636
f 3637 3638 3639
f 3640 3641 3642
f 3643 3644 3645
f 3646 3647 3648
f 3649 3650 3651
f 3652 3653 3654
f 3655 3656 3657
f 3658 3659 3660
f 3661 3662 3663
f 3664 3665 3666
f 3667 3668 3669
f 3670 3671 3672
f 3673 3674 3675
f 3676 3677 3678
f 3679 3680 3681
f 3682 3683 3684
f 3685 3686 3687
f 3688 3689 3690
f 3691 3692 3693
f 3694 3695 3696
f 3697 3698 3699
f 3700 3701 3702
f 3703 3704 3705
f 3706 3707 3708
f 3709 3710 3711
f 3712 3713 3714
f 3715 3716 3717
f 3718 3719 3720
f 3721 3722 3723
f 3724 3725 3726
f 3727 3728 3729
f 3730 3731 3732
f 3733 3734 3735
f 3736 3737 3738
f 3739 3740 3741
f 3742 3743 3744
f 3745 3746 3747
f 3748 3749 3750
f 3751 3752 3753
f 3754 3755 3756
f 3757 3758 3759
f 3760 3761 3762
